row,A,B,C,D,E,F,G,H,I,J,K,L,M,N,O,P,Q,R,S,T,U,V,W,X,Y,Z
2,,,GLOSSY WHITE,,SLICED OAK SHAKER,,BLACK WALNUT,,WEATHERED OAK SHAKER,,GLOSSY GREY,,NATURAL OAK,,WHITE OAK,,MATTE WHITE,,MATTE GREY,,MATTE BLUE,,GLOSSY BLACK,,,
3,Description,Cabinet Name,List Price,Inventory Code,List Price,Inventory Code,List Price,Inventory Code,List Price,Inventory Code,List Price,Inventory Code,List Price,Inventory Code,List Price,Inventory Code,List Price,Inventory Code,List Price,Inventory Code,List Price,Inventory Code,List Price,Inventory Code,Handles,
4,"Base Cabinets with Drawer, 24"" Depth",,,,,,,,,,,,,,,,,,,,,,,,,
5,"12"" Base Cabinet: 1 Door & 1 Drawer",B12,"IF('Summary Sheet'!$M$4=""Plywood"",VLOOKUP($B5,'Pwood & PB List'!$B$4:$V$158,9,FALSE),IF('Summary Sheet'!$M$4=""PB w/ Wood Drawers"",VLOOKUP($B5,'Pwood & PB List'!$B$4:$V$158,13,FALSE),IF('Summary Sheet'!$M$4=""PB w/ PB Drawers"",VLOOKUP($B5,'Pwood & PB List'!$B$4:$V$158,17,FALSE))))","CONCATENATE(""GLW-"",B5)","IF('Summary Sheet'!$M$4=""Plywood"",VLOOKUP($B5,'Pwood & PB List'!$B$4:$V$158,10,FALSE),IF('Summary Sheet'!$M$4=""PB w/ Wood Drawers"",VLOOKUP($B5,'Pwood & PB List'!$B$4:$V$158,14,FALSE),IF('Summary Sheet'!$M$4=""PB w/ PB Drawers"",VLOOKUP($B5,'Pwood & PB List'!$B$4:$V$158,18,FALSE))))","CONCATENATE(""SLO-"",B5)","IF('Summary Sheet'!$M$4=""Plywood"",VLOOKUP($B5,'Pwood & PB List'!$B$4:$V$158,11,FALSE),IF('Summary Sheet'!$M$4=""PB w/ Wood Drawers"",VLOOKUP($B5,'Pwood & PB List'!$B$4:$V$158,15,FALSE),IF('Summary Sheet'!$M$4=""PB w/ PB Drawers"",VLOOKUP($B5,'Pwood & PB List'!$B$4:$V$158,19,FALSE))))","CONCATENATE(""BLW-"",B5)","IF('Summary Sheet'!$M$4=""Plywood"",VLOOKUP($B5,'Pwood & PB List'!$B$4:$V$158,10,FALSE),IF('Summary Sheet'!$M$4=""PB w/ Wood Drawers"",VLOOKUP($B5,'Pwood & PB List'!$B$4:$V$158,14,FALSE),IF('Summary Sheet'!$M$4=""PB w/ PB Drawers"",VLOOKUP($B5,'Pwood & PB List'!$B$4:$V$158,18,FALSE))))","CONCATENATE(""WEO-"",B5)","IF('Summary Sheet'!$M$4=""Plywood"",VLOOKUP($B5,'Pwood & PB List'!$B$4:$V$158,9,FALSE),IF('Summary Sheet'!$M$4=""PB w/ Wood Drawers"",VLOOKUP($B5,'Pwood & PB List'!$B$4:$V$158,13,FALSE),IF('Summary Sheet'!$M$4=""PB w/ PB Drawers"",VLOOKUP($B5,'Pwood & PB List'!$B$4:$V$158,17,FALSE))))","CONCATENATE(""GLG-"",B5)","IF('Summary Sheet'!$M$4=""Plywood"",VLOOKUP($B5,'Pwood & PB List'!$B$4:$V$158,12,FALSE),IF('Summary Sheet'!$M$4=""PB w/ Wood Drawers"",VLOOKUP($B5,'Pwood & PB List'!$B$4:$V$158,16,FALSE),IF('Summary Sheet'!$M$4=""PB w/ PB Drawers"",VLOOKUP($B5,'Pwood & PB List'!$B$4:$V$158,20,FALSE))))","CONCATENATE(""NAO-"",B5)","IF('Summary Sheet'!$M$4=""Plywood"",VLOOKUP($B5,'Pwood & PB List'!$B$4:$V$158,12,FALSE),IF('Summary Sheet'!$M$4=""PB w/ Wood Drawers"",VLOOKUP($B5,'Pwood & PB List'!$B$4:$V$158,16,FALSE),IF('Summary Sheet'!$M$4=""PB w/ PB Drawers"",VLOOKUP($B5,'Pwood & PB List'!$B$4:$V$158,20,FALSE))))","CONCATENATE(""WHO-"",B5)","IF('Summary Sheet'!$M$4=""Plywood"",VLOOKUP($B5,'Pwood & PB List'!$B$4:$V$158,9,FALSE),IF('Summary Sheet'!$M$4=""PB w/ Wood Drawers"",VLOOKUP($B5,'Pwood & PB List'!$B$4:$V$158,13,FALSE),IF('Summary Sheet'!$M$4=""PB w/ PB Drawers"",VLOOKUP($B5,'Pwood & PB List'!$B$4:$V$158,17,FALSE))))","CONCATENATE(""MAW-"",B5)","IF('Summary Sheet'!$M$4=""Plywood"",VLOOKUP($B5,'Pwood & PB List'!$B$4:$V$158,9,FALSE),IF('Summary Sheet'!$M$4=""PB w/ Wood Drawers"",VLOOKUP($B5,'Pwood & PB List'!$B$4:$V$158,13,FALSE),IF('Summary Sheet'!$M$4=""PB w/ PB Drawers"",VLOOKUP($B5,'Pwood & PB List'!$B$4:$V$158,17,FALSE))))","CONCATENATE(""MAG-"",B5)","IF('Summary Sheet'!$M$4=""Plywood"",VLOOKUP($B5,'Pwood & PB List'!$B$4:$V$158,9,FALSE),IF('Summary Sheet'!$M$4=""PB w/ Wood Drawers"",VLOOKUP($B5,'Pwood & PB List'!$B$4:$V$158,13,FALSE),IF('Summary Sheet'!$M$4=""PB w/ PB Drawers"",VLOOKUP($B5,'Pwood & PB List'!$B$4:$V$158,17,FALSE))))","CONCATENATE(""MAB-"",B5)","IF('Summary Sheet'!$M$4=""Plywood"",VLOOKUP($B5,'Pwood & PB List'!$B$4:$V$158,9,FALSE),IF('Summary Sheet'!$M$4=""PB w/ Wood Drawers"",VLOOKUP($B5,'Pwood & PB List'!$B$4:$V$158,13,FALSE),IF('Summary Sheet'!$M$4=""PB w/ PB Drawers"",VLOOKUP($B5,'Pwood & PB List'!$B$4:$V$158,17,FALSE))))","CONCATENATE(""GLB-"",B5)",2,
6,"15"" Base Cabinet: 1 Door & 1 Drawer",B15,"IF('Summary Sheet'!$M$4=""Plywood"",VLOOKUP($B6,'Pwood & PB List'!$B$4:$V$158,9,FALSE),IF('Summary Sheet'!$M$4=""PB w/ Wood Drawers"",VLOOKUP($B6,'Pwood & PB List'!$B$4:$V$158,13,FALSE),IF('Summary Sheet'!$M$4=""PB w/ PB Drawers"",VLOOKUP($B6,'Pwood & PB List'!$B$4:$V$158,17,FALSE))))",GLW-B15,"IF('Summary Sheet'!$M$4=""Plywood"",VLOOKUP($B6,'Pwood & PB List'!$B$4:$V$158,10,FALSE),IF('Summary Sheet'!$M$4=""PB w/ Wood Drawers"",VLOOKUP($B6,'Pwood & PB List'!$B$4:$V$158,14,FALSE),IF('Summary Sheet'!$M$4=""PB w/ PB Drawers"",VLOOKUP($B6,'Pwood & PB List'!$B$4:$V$158,18,FALSE))))",SLO-B15,"IF('Summary Sheet'!$M$4=""Plywood"",VLOOKUP($B6,'Pwood & PB List'!$B$4:$V$158,11,FALSE),IF('Summary Sheet'!$M$4=""PB w/ Wood Drawers"",VLOOKUP($B6,'Pwood & PB List'!$B$4:$V$158,15,FALSE),IF('Summary Sheet'!$M$4=""PB w/ PB Drawers"",VLOOKUP($B6,'Pwood & PB List'!$B$4:$V$158,19,FALSE))))",BLW-B15,"IF('Summary Sheet'!$M$4=""Plywood"",VLOOKUP($B6,'Pwood & PB List'!$B$4:$V$158,10,FALSE),IF('Summary Sheet'!$M$4=""PB w/ Wood Drawers"",VLOOKUP($B6,'Pwood & PB List'!$B$4:$V$158,14,FALSE),IF('Summary Sheet'!$M$4=""PB w/ PB Drawers"",VLOOKUP($B6,'Pwood & PB List'!$B$4:$V$158,18,FALSE))))",WEO-B15,"IF('Summary Sheet'!$M$4=""Plywood"",VLOOKUP($B6,'Pwood & PB List'!$B$4:$V$158,9,FALSE),IF('Summary Sheet'!$M$4=""PB w/ Wood Drawers"",VLOOKUP($B6,'Pwood & PB List'!$B$4:$V$158,13,FALSE),IF('Summary Sheet'!$M$4=""PB w/ PB Drawers"",VLOOKUP($B6,'Pwood & PB List'!$B$4:$V$158,17,FALSE))))",GLG-B15,"IF('Summary Sheet'!$M$4=""Plywood"",VLOOKUP($B6,'Pwood & PB List'!$B$4:$V$158,12,FALSE),IF('Summary Sheet'!$M$4=""PB w/ Wood Drawers"",VLOOKUP($B6,'Pwood & PB List'!$B$4:$V$158,16,FALSE),IF('Summary Sheet'!$M$4=""PB w/ PB Drawers"",VLOOKUP($B6,'Pwood & PB List'!$B$4:$V$158,20,FALSE))))",NAO-B15,"IF('Summary Sheet'!$M$4=""Plywood"",VLOOKUP($B6,'Pwood & PB List'!$B$4:$V$158,12,FALSE),IF('Summary Sheet'!$M$4=""PB w/ Wood Drawers"",VLOOKUP($B6,'Pwood & PB List'!$B$4:$V$158,16,FALSE),IF('Summary Sheet'!$M$4=""PB w/ PB Drawers"",VLOOKUP($B6,'Pwood & PB List'!$B$4:$V$158,20,FALSE))))",WHO-B15,"IF('Summary Sheet'!$M$4=""Plywood"",VLOOKUP($B6,'Pwood & PB List'!$B$4:$V$158,9,FALSE),IF('Summary Sheet'!$M$4=""PB w/ Wood Drawers"",VLOOKUP($B6,'Pwood & PB List'!$B$4:$V$158,13,FALSE),IF('Summary Sheet'!$M$4=""PB w/ PB Drawers"",VLOOKUP($B6,'Pwood & PB List'!$B$4:$V$158,17,FALSE))))",MAW-B15,"IF('Summary Sheet'!$M$4=""Plywood"",VLOOKUP($B6,'Pwood & PB List'!$B$4:$V$158,9,FALSE),IF('Summary Sheet'!$M$4=""PB w/ Wood Drawers"",VLOOKUP($B6,'Pwood & PB List'!$B$4:$V$158,13,FALSE),IF('Summary Sheet'!$M$4=""PB w/ PB Drawers"",VLOOKUP($B6,'Pwood & PB List'!$B$4:$V$158,17,FALSE))))",MAG-B15,"IF('Summary Sheet'!$M$4=""Plywood"",VLOOKUP($B6,'Pwood & PB List'!$B$4:$V$158,9,FALSE),IF('Summary Sheet'!$M$4=""PB w/ Wood Drawers"",VLOOKUP($B6,'Pwood & PB List'!$B$4:$V$158,13,FALSE),IF('Summary Sheet'!$M$4=""PB w/ PB Drawers"",VLOOKUP($B6,'Pwood & PB List'!$B$4:$V$158,17,FALSE))))",MAB-B15,"IF('Summary Sheet'!$M$4=""Plywood"",VLOOKUP($B6,'Pwood & PB List'!$B$4:$V$158,9,FALSE),IF('Summary Sheet'!$M$4=""PB w/ Wood Drawers"",VLOOKUP($B6,'Pwood & PB List'!$B$4:$V$158,13,FALSE),IF('Summary Sheet'!$M$4=""PB w/ PB Drawers"",VLOOKUP($B6,'Pwood & PB List'!$B$4:$V$158,17,FALSE))))",GLB-B15,2,
7,"18"" Base Cabinet: 1 Door & 1 Drawer",B18,"IF('Summary Sheet'!$M$4=""Plywood"",VLOOKUP($B7,'Pwood & PB List'!$B$4:$V$158,9,FALSE),IF('Summary Sheet'!$M$4=""PB w/ Wood Drawers"",VLOOKUP($B7,'Pwood & PB List'!$B$4:$V$158,13,FALSE),IF('Summary Sheet'!$M$4=""PB w/ PB Drawers"",VLOOKUP($B7,'Pwood & PB List'!$B$4:$V$158,17,FALSE))))",GLW-B18,"IF('Summary Sheet'!$M$4=""Plywood"",VLOOKUP($B7,'Pwood & PB List'!$B$4:$V$158,10,FALSE),IF('Summary Sheet'!$M$4=""PB w/ Wood Drawers"",VLOOKUP($B7,'Pwood & PB List'!$B$4:$V$158,14,FALSE),IF('Summary Sheet'!$M$4=""PB w/ PB Drawers"",VLOOKUP($B7,'Pwood & PB List'!$B$4:$V$158,18,FALSE))))",SLO-B18,"IF('Summary Sheet'!$M$4=""Plywood"",VLOOKUP($B7,'Pwood & PB List'!$B$4:$V$158,11,FALSE),IF('Summary Sheet'!$M$4=""PB w/ Wood Drawers"",VLOOKUP($B7,'Pwood & PB List'!$B$4:$V$158,15,FALSE),IF('Summary Sheet'!$M$4=""PB w/ PB Drawers"",VLOOKUP($B7,'Pwood & PB List'!$B$4:$V$158,19,FALSE))))",BLW-B18,"IF('Summary Sheet'!$M$4=""Plywood"",VLOOKUP($B7,'Pwood & PB List'!$B$4:$V$158,10,FALSE),IF('Summary Sheet'!$M$4=""PB w/ Wood Drawers"",VLOOKUP($B7,'Pwood & PB List'!$B$4:$V$158,14,FALSE),IF('Summary Sheet'!$M$4=""PB w/ PB Drawers"",VLOOKUP($B7,'Pwood & PB List'!$B$4:$V$158,18,FALSE))))",WEO-B18,"IF('Summary Sheet'!$M$4=""Plywood"",VLOOKUP($B7,'Pwood & PB List'!$B$4:$V$158,9,FALSE),IF('Summary Sheet'!$M$4=""PB w/ Wood Drawers"",VLOOKUP($B7,'Pwood & PB List'!$B$4:$V$158,13,FALSE),IF('Summary Sheet'!$M$4=""PB w/ PB Drawers"",VLOOKUP($B7,'Pwood & PB List'!$B$4:$V$158,17,FALSE))))",GLG-B18,"IF('Summary Sheet'!$M$4=""Plywood"",VLOOKUP($B7,'Pwood & PB List'!$B$4:$V$158,12,FALSE),IF('Summary Sheet'!$M$4=""PB w/ Wood Drawers"",VLOOKUP($B7,'Pwood & PB List'!$B$4:$V$158,16,FALSE),IF('Summary Sheet'!$M$4=""PB w/ PB Drawers"",VLOOKUP($B7,'Pwood & PB List'!$B$4:$V$158,20,FALSE))))",NAO-B18,"IF('Summary Sheet'!$M$4=""Plywood"",VLOOKUP($B7,'Pwood & PB List'!$B$4:$V$158,12,FALSE),IF('Summary Sheet'!$M$4=""PB w/ Wood Drawers"",VLOOKUP($B7,'Pwood & PB List'!$B$4:$V$158,16,FALSE),IF('Summary Sheet'!$M$4=""PB w/ PB Drawers"",VLOOKUP($B7,'Pwood & PB List'!$B$4:$V$158,20,FALSE))))",WHO-B18,"IF('Summary Sheet'!$M$4=""Plywood"",VLOOKUP($B7,'Pwood & PB List'!$B$4:$V$158,9,FALSE),IF('Summary Sheet'!$M$4=""PB w/ Wood Drawers"",VLOOKUP($B7,'Pwood & PB List'!$B$4:$V$158,13,FALSE),IF('Summary Sheet'!$M$4=""PB w/ PB Drawers"",VLOOKUP($B7,'Pwood & PB List'!$B$4:$V$158,17,FALSE))))",MAW-B18,"IF('Summary Sheet'!$M$4=""Plywood"",VLOOKUP($B7,'Pwood & PB List'!$B$4:$V$158,9,FALSE),IF('Summary Sheet'!$M$4=""PB w/ Wood Drawers"",VLOOKUP($B7,'Pwood & PB List'!$B$4:$V$158,13,FALSE),IF('Summary Sheet'!$M$4=""PB w/ PB Drawers"",VLOOKUP($B7,'Pwood & PB List'!$B$4:$V$158,17,FALSE))))",MAG-B18,"IF('Summary Sheet'!$M$4=""Plywood"",VLOOKUP($B7,'Pwood & PB List'!$B$4:$V$158,9,FALSE),IF('Summary Sheet'!$M$4=""PB w/ Wood Drawers"",VLOOKUP($B7,'Pwood & PB List'!$B$4:$V$158,13,FALSE),IF('Summary Sheet'!$M$4=""PB w/ PB Drawers"",VLOOKUP($B7,'Pwood & PB List'!$B$4:$V$158,17,FALSE))))",MAB-B18,"IF('Summary Sheet'!$M$4=""Plywood"",VLOOKUP($B7,'Pwood & PB List'!$B$4:$V$158,9,FALSE),IF('Summary Sheet'!$M$4=""PB w/ Wood Drawers"",VLOOKUP($B7,'Pwood & PB List'!$B$4:$V$158,13,FALSE),IF('Summary Sheet'!$M$4=""PB w/ PB Drawers"",VLOOKUP($B7,'Pwood & PB List'!$B$4:$V$158,17,FALSE))))",GLB-B18,2,
8,"18"" Base Trash Cabinet: 1 Door & 1 Drawer With Trash Can Pullout",BTC18,"IF('Summary Sheet'!$M$4=""Plywood"",VLOOKUP($B8,'Pwood & PB List'!$B$4:$V$158,9,FALSE),IF('Summary Sheet'!$M$4=""PB w/ Wood Drawers"",VLOOKUP($B8,'Pwood & PB List'!$B$4:$V$158,13,FALSE),IF('Summary Sheet'!$M$4=""PB w/ PB Drawers"",VLOOKUP($B8,'Pwood & PB List'!$B$4:$V$158,17,FALSE))))",GLW-BTC18,"IF('Summary Sheet'!$M$4=""Plywood"",VLOOKUP($B8,'Pwood & PB List'!$B$4:$V$158,10,FALSE),IF('Summary Sheet'!$M$4=""PB w/ Wood Drawers"",VLOOKUP($B8,'Pwood & PB List'!$B$4:$V$158,14,FALSE),IF('Summary Sheet'!$M$4=""PB w/ PB Drawers"",VLOOKUP($B8,'Pwood & PB List'!$B$4:$V$158,18,FALSE))))",SLO-BTC18,"IF('Summary Sheet'!$M$4=""Plywood"",VLOOKUP($B8,'Pwood & PB List'!$B$4:$V$158,11,FALSE),IF('Summary Sheet'!$M$4=""PB w/ Wood Drawers"",VLOOKUP($B8,'Pwood & PB List'!$B$4:$V$158,15,FALSE),IF('Summary Sheet'!$M$4=""PB w/ PB Drawers"",VLOOKUP($B8,'Pwood & PB List'!$B$4:$V$158,19,FALSE))))",BLW-BTC18,"IF('Summary Sheet'!$M$4=""Plywood"",VLOOKUP($B8,'Pwood & PB List'!$B$4:$V$158,10,FALSE),IF('Summary Sheet'!$M$4=""PB w/ Wood Drawers"",VLOOKUP($B8,'Pwood & PB List'!$B$4:$V$158,14,FALSE),IF('Summary Sheet'!$M$4=""PB w/ PB Drawers"",VLOOKUP($B8,'Pwood & PB List'!$B$4:$V$158,18,FALSE))))",WEO-BTC18,"IF('Summary Sheet'!$M$4=""Plywood"",VLOOKUP($B8,'Pwood & PB List'!$B$4:$V$158,9,FALSE),IF('Summary Sheet'!$M$4=""PB w/ Wood Drawers"",VLOOKUP($B8,'Pwood & PB List'!$B$4:$V$158,13,FALSE),IF('Summary Sheet'!$M$4=""PB w/ PB Drawers"",VLOOKUP($B8,'Pwood & PB List'!$B$4:$V$158,17,FALSE))))",GLG-BTC18,"IF('Summary Sheet'!$M$4=""Plywood"",VLOOKUP($B8,'Pwood & PB List'!$B$4:$V$158,12,FALSE),IF('Summary Sheet'!$M$4=""PB w/ Wood Drawers"",VLOOKUP($B8,'Pwood & PB List'!$B$4:$V$158,16,FALSE),IF('Summary Sheet'!$M$4=""PB w/ PB Drawers"",VLOOKUP($B8,'Pwood & PB List'!$B$4:$V$158,20,FALSE))))",NAO-BTC18,"IF('Summary Sheet'!$M$4=""Plywood"",VLOOKUP($B8,'Pwood & PB List'!$B$4:$V$158,12,FALSE),IF('Summary Sheet'!$M$4=""PB w/ Wood Drawers"",VLOOKUP($B8,'Pwood & PB List'!$B$4:$V$158,16,FALSE),IF('Summary Sheet'!$M$4=""PB w/ PB Drawers"",VLOOKUP($B8,'Pwood & PB List'!$B$4:$V$158,20,FALSE))))",WHO-BTC18,"IF('Summary Sheet'!$M$4=""Plywood"",VLOOKUP($B8,'Pwood & PB List'!$B$4:$V$158,9,FALSE),IF('Summary Sheet'!$M$4=""PB w/ Wood Drawers"",VLOOKUP($B8,'Pwood & PB List'!$B$4:$V$158,13,FALSE),IF('Summary Sheet'!$M$4=""PB w/ PB Drawers"",VLOOKUP($B8,'Pwood & PB List'!$B$4:$V$158,17,FALSE))))",MAW-BTC18,"IF('Summary Sheet'!$M$4=""Plywood"",VLOOKUP($B8,'Pwood & PB List'!$B$4:$V$158,9,FALSE),IF('Summary Sheet'!$M$4=""PB w/ Wood Drawers"",VLOOKUP($B8,'Pwood & PB List'!$B$4:$V$158,13,FALSE),IF('Summary Sheet'!$M$4=""PB w/ PB Drawers"",VLOOKUP($B8,'Pwood & PB List'!$B$4:$V$158,17,FALSE))))",MAG-BTC18,"IF('Summary Sheet'!$M$4=""Plywood"",VLOOKUP($B8,'Pwood & PB List'!$B$4:$V$158,9,FALSE),IF('Summary Sheet'!$M$4=""PB w/ Wood Drawers"",VLOOKUP($B8,'Pwood & PB List'!$B$4:$V$158,13,FALSE),IF('Summary Sheet'!$M$4=""PB w/ PB Drawers"",VLOOKUP($B8,'Pwood & PB List'!$B$4:$V$158,17,FALSE))))",MAB-BTC18,"IF('Summary Sheet'!$M$4=""Plywood"",VLOOKUP($B8,'Pwood & PB List'!$B$4:$V$158,9,FALSE),IF('Summary Sheet'!$M$4=""PB w/ Wood Drawers"",VLOOKUP($B8,'Pwood & PB List'!$B$4:$V$158,13,FALSE),IF('Summary Sheet'!$M$4=""PB w/ PB Drawers"",VLOOKUP($B8,'Pwood & PB List'!$B$4:$V$158,17,FALSE))))",GLB-BTC18,2,
9,"21"" Base Cabinet: 1 Door & 1 Drawer",B21,"IF('Summary Sheet'!$M$4=""Plywood"",VLOOKUP($B9,'Pwood & PB List'!$B$4:$V$158,9,FALSE),IF('Summary Sheet'!$M$4=""PB w/ Wood Drawers"",VLOOKUP($B9,'Pwood & PB List'!$B$4:$V$158,13,FALSE),IF('Summary Sheet'!$M$4=""PB w/ PB Drawers"",VLOOKUP($B9,'Pwood & PB List'!$B$4:$V$158,17,FALSE))))",GLW-B21,"IF('Summary Sheet'!$M$4=""Plywood"",VLOOKUP($B9,'Pwood & PB List'!$B$4:$V$158,10,FALSE),IF('Summary Sheet'!$M$4=""PB w/ Wood Drawers"",VLOOKUP($B9,'Pwood & PB List'!$B$4:$V$158,14,FALSE),IF('Summary Sheet'!$M$4=""PB w/ PB Drawers"",VLOOKUP($B9,'Pwood & PB List'!$B$4:$V$158,18,FALSE))))",SLO-B21,"IF('Summary Sheet'!$M$4=""Plywood"",VLOOKUP($B9,'Pwood & PB List'!$B$4:$V$158,11,FALSE),IF('Summary Sheet'!$M$4=""PB w/ Wood Drawers"",VLOOKUP($B9,'Pwood & PB List'!$B$4:$V$158,15,FALSE),IF('Summary Sheet'!$M$4=""PB w/ PB Drawers"",VLOOKUP($B9,'Pwood & PB List'!$B$4:$V$158,19,FALSE))))",BLW-B21,"IF('Summary Sheet'!$M$4=""Plywood"",VLOOKUP($B9,'Pwood & PB List'!$B$4:$V$158,10,FALSE),IF('Summary Sheet'!$M$4=""PB w/ Wood Drawers"",VLOOKUP($B9,'Pwood & PB List'!$B$4:$V$158,14,FALSE),IF('Summary Sheet'!$M$4=""PB w/ PB Drawers"",VLOOKUP($B9,'Pwood & PB List'!$B$4:$V$158,18,FALSE))))",WEO-B21,"IF('Summary Sheet'!$M$4=""Plywood"",VLOOKUP($B9,'Pwood & PB List'!$B$4:$V$158,9,FALSE),IF('Summary Sheet'!$M$4=""PB w/ Wood Drawers"",VLOOKUP($B9,'Pwood & PB List'!$B$4:$V$158,13,FALSE),IF('Summary Sheet'!$M$4=""PB w/ PB Drawers"",VLOOKUP($B9,'Pwood & PB List'!$B$4:$V$158,17,FALSE))))",GLG-B21,"IF('Summary Sheet'!$M$4=""Plywood"",VLOOKUP($B9,'Pwood & PB List'!$B$4:$V$158,12,FALSE),IF('Summary Sheet'!$M$4=""PB w/ Wood Drawers"",VLOOKUP($B9,'Pwood & PB List'!$B$4:$V$158,16,FALSE),IF('Summary Sheet'!$M$4=""PB w/ PB Drawers"",VLOOKUP($B9,'Pwood & PB List'!$B$4:$V$158,20,FALSE))))",NAO-B21,"IF('Summary Sheet'!$M$4=""Plywood"",VLOOKUP($B9,'Pwood & PB List'!$B$4:$V$158,12,FALSE),IF('Summary Sheet'!$M$4=""PB w/ Wood Drawers"",VLOOKUP($B9,'Pwood & PB List'!$B$4:$V$158,16,FALSE),IF('Summary Sheet'!$M$4=""PB w/ PB Drawers"",VLOOKUP($B9,'Pwood & PB List'!$B$4:$V$158,20,FALSE))))",WHO-B21,"IF('Summary Sheet'!$M$4=""Plywood"",VLOOKUP($B9,'Pwood & PB List'!$B$4:$V$158,9,FALSE),IF('Summary Sheet'!$M$4=""PB w/ Wood Drawers"",VLOOKUP($B9,'Pwood & PB List'!$B$4:$V$158,13,FALSE),IF('Summary Sheet'!$M$4=""PB w/ PB Drawers"",VLOOKUP($B9,'Pwood & PB List'!$B$4:$V$158,17,FALSE))))",MAW-B21,"IF('Summary Sheet'!$M$4=""Plywood"",VLOOKUP($B9,'Pwood & PB List'!$B$4:$V$158,9,FALSE),IF('Summary Sheet'!$M$4=""PB w/ Wood Drawers"",VLOOKUP($B9,'Pwood & PB List'!$B$4:$V$158,13,FALSE),IF('Summary Sheet'!$M$4=""PB w/ PB Drawers"",VLOOKUP($B9,'Pwood & PB List'!$B$4:$V$158,17,FALSE))))",MAG-B21,"IF('Summary Sheet'!$M$4=""Plywood"",VLOOKUP($B9,'Pwood & PB List'!$B$4:$V$158,9,FALSE),IF('Summary Sheet'!$M$4=""PB w/ Wood Drawers"",VLOOKUP($B9,'Pwood & PB List'!$B$4:$V$158,13,FALSE),IF('Summary Sheet'!$M$4=""PB w/ PB Drawers"",VLOOKUP($B9,'Pwood & PB List'!$B$4:$V$158,17,FALSE))))",MAB-B21,"IF('Summary Sheet'!$M$4=""Plywood"",VLOOKUP($B9,'Pwood & PB List'!$B$4:$V$158,9,FALSE),IF('Summary Sheet'!$M$4=""PB w/ Wood Drawers"",VLOOKUP($B9,'Pwood & PB List'!$B$4:$V$158,13,FALSE),IF('Summary Sheet'!$M$4=""PB w/ PB Drawers"",VLOOKUP($B9,'Pwood & PB List'!$B$4:$V$158,17,FALSE))))",GLB-B21,2,
10,"24"" Base Cabinet: 2 Doors & 1 Drawer",B24,"IF('Summary Sheet'!$M$4=""Plywood"",VLOOKUP($B10,'Pwood & PB List'!$B$4:$V$158,9,FALSE),IF('Summary Sheet'!$M$4=""PB w/ Wood Drawers"",VLOOKUP($B10,'Pwood & PB List'!$B$4:$V$158,13,FALSE),IF('Summary Sheet'!$M$4=""PB w/ PB Drawers"",VLOOKUP($B10,'Pwood & PB List'!$B$4:$V$158,17,FALSE))))",GLW-B24,"IF('Summary Sheet'!$M$4=""Plywood"",VLOOKUP($B10,'Pwood & PB List'!$B$4:$V$158,10,FALSE),IF('Summary Sheet'!$M$4=""PB w/ Wood Drawers"",VLOOKUP($B10,'Pwood & PB List'!$B$4:$V$158,14,FALSE),IF('Summary Sheet'!$M$4=""PB w/ PB Drawers"",VLOOKUP($B10,'Pwood & PB List'!$B$4:$V$158,18,FALSE))))",SLO-B24,"IF('Summary Sheet'!$M$4=""Plywood"",VLOOKUP($B10,'Pwood & PB List'!$B$4:$V$158,11,FALSE),IF('Summary Sheet'!$M$4=""PB w/ Wood Drawers"",VLOOKUP($B10,'Pwood & PB List'!$B$4:$V$158,15,FALSE),IF('Summary Sheet'!$M$4=""PB w/ PB Drawers"",VLOOKUP($B10,'Pwood & PB List'!$B$4:$V$158,19,FALSE))))",BLW-B24,"IF('Summary Sheet'!$M$4=""Plywood"",VLOOKUP($B10,'Pwood & PB List'!$B$4:$V$158,10,FALSE),IF('Summary Sheet'!$M$4=""PB w/ Wood Drawers"",VLOOKUP($B10,'Pwood & PB List'!$B$4:$V$158,14,FALSE),IF('Summary Sheet'!$M$4=""PB w/ PB Drawers"",VLOOKUP($B10,'Pwood & PB List'!$B$4:$V$158,18,FALSE))))",WEO-B24,"IF('Summary Sheet'!$M$4=""Plywood"",VLOOKUP($B10,'Pwood & PB List'!$B$4:$V$158,9,FALSE),IF('Summary Sheet'!$M$4=""PB w/ Wood Drawers"",VLOOKUP($B10,'Pwood & PB List'!$B$4:$V$158,13,FALSE),IF('Summary Sheet'!$M$4=""PB w/ PB Drawers"",VLOOKUP($B10,'Pwood & PB List'!$B$4:$V$158,17,FALSE))))",GLG-B24,"IF('Summary Sheet'!$M$4=""Plywood"",VLOOKUP($B10,'Pwood & PB List'!$B$4:$V$158,12,FALSE),IF('Summary Sheet'!$M$4=""PB w/ Wood Drawers"",VLOOKUP($B10,'Pwood & PB List'!$B$4:$V$158,16,FALSE),IF('Summary Sheet'!$M$4=""PB w/ PB Drawers"",VLOOKUP($B10,'Pwood & PB List'!$B$4:$V$158,20,FALSE))))",NAO-B24,"IF('Summary Sheet'!$M$4=""Plywood"",VLOOKUP($B10,'Pwood & PB List'!$B$4:$V$158,12,FALSE),IF('Summary Sheet'!$M$4=""PB w/ Wood Drawers"",VLOOKUP($B10,'Pwood & PB List'!$B$4:$V$158,16,FALSE),IF('Summary Sheet'!$M$4=""PB w/ PB Drawers"",VLOOKUP($B10,'Pwood & PB List'!$B$4:$V$158,20,FALSE))))",WHO-B24,"IF('Summary Sheet'!$M$4=""Plywood"",VLOOKUP($B10,'Pwood & PB List'!$B$4:$V$158,9,FALSE),IF('Summary Sheet'!$M$4=""PB w/ Wood Drawers"",VLOOKUP($B10,'Pwood & PB List'!$B$4:$V$158,13,FALSE),IF('Summary Sheet'!$M$4=""PB w/ PB Drawers"",VLOOKUP($B10,'Pwood & PB List'!$B$4:$V$158,17,FALSE))))",MAW-B24,"IF('Summary Sheet'!$M$4=""Plywood"",VLOOKUP($B10,'Pwood & PB List'!$B$4:$V$158,9,FALSE),IF('Summary Sheet'!$M$4=""PB w/ Wood Drawers"",VLOOKUP($B10,'Pwood & PB List'!$B$4:$V$158,13,FALSE),IF('Summary Sheet'!$M$4=""PB w/ PB Drawers"",VLOOKUP($B10,'Pwood & PB List'!$B$4:$V$158,17,FALSE))))",MAG-B24,"IF('Summary Sheet'!$M$4=""Plywood"",VLOOKUP($B10,'Pwood & PB List'!$B$4:$V$158,9,FALSE),IF('Summary Sheet'!$M$4=""PB w/ Wood Drawers"",VLOOKUP($B10,'Pwood & PB List'!$B$4:$V$158,13,FALSE),IF('Summary Sheet'!$M$4=""PB w/ PB Drawers"",VLOOKUP($B10,'Pwood & PB List'!$B$4:$V$158,17,FALSE))))",MAB-B24,"IF('Summary Sheet'!$M$4=""Plywood"",VLOOKUP($B10,'Pwood & PB List'!$B$4:$V$158,9,FALSE),IF('Summary Sheet'!$M$4=""PB w/ Wood Drawers"",VLOOKUP($B10,'Pwood & PB List'!$B$4:$V$158,13,FALSE),IF('Summary Sheet'!$M$4=""PB w/ PB Drawers"",VLOOKUP($B10,'Pwood & PB List'!$B$4:$V$158,17,FALSE))))",GLB-B24,3,
11,"27"" Base Cabinet: 2 Doors & 1 Drawer",B27,"IF('Summary Sheet'!$M$4=""Plywood"",VLOOKUP($B11,'Pwood & PB List'!$B$4:$V$158,9,FALSE),IF('Summary Sheet'!$M$4=""PB w/ Wood Drawers"",VLOOKUP($B11,'Pwood & PB List'!$B$4:$V$158,13,FALSE),IF('Summary Sheet'!$M$4=""PB w/ PB Drawers"",VLOOKUP($B11,'Pwood & PB List'!$B$4:$V$158,17,FALSE))))",GLW-B27,"IF('Summary Sheet'!$M$4=""Plywood"",VLOOKUP($B11,'Pwood & PB List'!$B$4:$V$158,10,FALSE),IF('Summary Sheet'!$M$4=""PB w/ Wood Drawers"",VLOOKUP($B11,'Pwood & PB List'!$B$4:$V$158,14,FALSE),IF('Summary Sheet'!$M$4=""PB w/ PB Drawers"",VLOOKUP($B11,'Pwood & PB List'!$B$4:$V$158,18,FALSE))))",SLO-B27,"IF('Summary Sheet'!$M$4=""Plywood"",VLOOKUP($B11,'Pwood & PB List'!$B$4:$V$158,11,FALSE),IF('Summary Sheet'!$M$4=""PB w/ Wood Drawers"",VLOOKUP($B11,'Pwood & PB List'!$B$4:$V$158,15,FALSE),IF('Summary Sheet'!$M$4=""PB w/ PB Drawers"",VLOOKUP($B11,'Pwood & PB List'!$B$4:$V$158,19,FALSE))))",BLW-B27,"IF('Summary Sheet'!$M$4=""Plywood"",VLOOKUP($B11,'Pwood & PB List'!$B$4:$V$158,10,FALSE),IF('Summary Sheet'!$M$4=""PB w/ Wood Drawers"",VLOOKUP($B11,'Pwood & PB List'!$B$4:$V$158,14,FALSE),IF('Summary Sheet'!$M$4=""PB w/ PB Drawers"",VLOOKUP($B11,'Pwood & PB List'!$B$4:$V$158,18,FALSE))))",WEO-B27,"IF('Summary Sheet'!$M$4=""Plywood"",VLOOKUP($B11,'Pwood & PB List'!$B$4:$V$158,9,FALSE),IF('Summary Sheet'!$M$4=""PB w/ Wood Drawers"",VLOOKUP($B11,'Pwood & PB List'!$B$4:$V$158,13,FALSE),IF('Summary Sheet'!$M$4=""PB w/ PB Drawers"",VLOOKUP($B11,'Pwood & PB List'!$B$4:$V$158,17,FALSE))))",GLG-B27,"IF('Summary Sheet'!$M$4=""Plywood"",VLOOKUP($B11,'Pwood & PB List'!$B$4:$V$158,12,FALSE),IF('Summary Sheet'!$M$4=""PB w/ Wood Drawers"",VLOOKUP($B11,'Pwood & PB List'!$B$4:$V$158,16,FALSE),IF('Summary Sheet'!$M$4=""PB w/ PB Drawers"",VLOOKUP($B11,'Pwood & PB List'!$B$4:$V$158,20,FALSE))))",NAO-B27,"IF('Summary Sheet'!$M$4=""Plywood"",VLOOKUP($B11,'Pwood & PB List'!$B$4:$V$158,12,FALSE),IF('Summary Sheet'!$M$4=""PB w/ Wood Drawers"",VLOOKUP($B11,'Pwood & PB List'!$B$4:$V$158,16,FALSE),IF('Summary Sheet'!$M$4=""PB w/ PB Drawers"",VLOOKUP($B11,'Pwood & PB List'!$B$4:$V$158,20,FALSE))))",WHO-B27,"IF('Summary Sheet'!$M$4=""Plywood"",VLOOKUP($B11,'Pwood & PB List'!$B$4:$V$158,9,FALSE),IF('Summary Sheet'!$M$4=""PB w/ Wood Drawers"",VLOOKUP($B11,'Pwood & PB List'!$B$4:$V$158,13,FALSE),IF('Summary Sheet'!$M$4=""PB w/ PB Drawers"",VLOOKUP($B11,'Pwood & PB List'!$B$4:$V$158,17,FALSE))))",MAW-B27,"IF('Summary Sheet'!$M$4=""Plywood"",VLOOKUP($B11,'Pwood & PB List'!$B$4:$V$158,9,FALSE),IF('Summary Sheet'!$M$4=""PB w/ Wood Drawers"",VLOOKUP($B11,'Pwood & PB List'!$B$4:$V$158,13,FALSE),IF('Summary Sheet'!$M$4=""PB w/ PB Drawers"",VLOOKUP($B11,'Pwood & PB List'!$B$4:$V$158,17,FALSE))))",MAG-B27,"IF('Summary Sheet'!$M$4=""Plywood"",VLOOKUP($B11,'Pwood & PB List'!$B$4:$V$158,9,FALSE),IF('Summary Sheet'!$M$4=""PB w/ Wood Drawers"",VLOOKUP($B11,'Pwood & PB List'!$B$4:$V$158,13,FALSE),IF('Summary Sheet'!$M$4=""PB w/ PB Drawers"",VLOOKUP($B11,'Pwood & PB List'!$B$4:$V$158,17,FALSE))))",MAB-B27,"IF('Summary Sheet'!$M$4=""Plywood"",VLOOKUP($B11,'Pwood & PB List'!$B$4:$V$158,9,FALSE),IF('Summary Sheet'!$M$4=""PB w/ Wood Drawers"",VLOOKUP($B11,'Pwood & PB List'!$B$4:$V$158,13,FALSE),IF('Summary Sheet'!$M$4=""PB w/ PB Drawers"",VLOOKUP($B11,'Pwood & PB List'!$B$4:$V$158,17,FALSE))))",GLB-B27,3,
12,"30"" Base Cabinet: 2 Doors & 1 Drawer",B30,"IF('Summary Sheet'!$M$4=""Plywood"",VLOOKUP($B12,'Pwood & PB List'!$B$4:$V$158,9,FALSE),IF('Summary Sheet'!$M$4=""PB w/ Wood Drawers"",VLOOKUP($B12,'Pwood & PB List'!$B$4:$V$158,13,FALSE),IF('Summary Sheet'!$M$4=""PB w/ PB Drawers"",VLOOKUP($B12,'Pwood & PB List'!$B$4:$V$158,17,FALSE))))",GLW-B30,"IF('Summary Sheet'!$M$4=""Plywood"",VLOOKUP($B12,'Pwood & PB List'!$B$4:$V$158,10,FALSE),IF('Summary Sheet'!$M$4=""PB w/ Wood Drawers"",VLOOKUP($B12,'Pwood & PB List'!$B$4:$V$158,14,FALSE),IF('Summary Sheet'!$M$4=""PB w/ PB Drawers"",VLOOKUP($B12,'Pwood & PB List'!$B$4:$V$158,18,FALSE))))",SLO-B30,"IF('Summary Sheet'!$M$4=""Plywood"",VLOOKUP($B12,'Pwood & PB List'!$B$4:$V$158,11,FALSE),IF('Summary Sheet'!$M$4=""PB w/ Wood Drawers"",VLOOKUP($B12,'Pwood & PB List'!$B$4:$V$158,15,FALSE),IF('Summary Sheet'!$M$4=""PB w/ PB Drawers"",VLOOKUP($B12,'Pwood & PB List'!$B$4:$V$158,19,FALSE))))",BLW-B30,"IF('Summary Sheet'!$M$4=""Plywood"",VLOOKUP($B12,'Pwood & PB List'!$B$4:$V$158,10,FALSE),IF('Summary Sheet'!$M$4=""PB w/ Wood Drawers"",VLOOKUP($B12,'Pwood & PB List'!$B$4:$V$158,14,FALSE),IF('Summary Sheet'!$M$4=""PB w/ PB Drawers"",VLOOKUP($B12,'Pwood & PB List'!$B$4:$V$158,18,FALSE))))",WEO-B30,"IF('Summary Sheet'!$M$4=""Plywood"",VLOOKUP($B12,'Pwood & PB List'!$B$4:$V$158,9,FALSE),IF('Summary Sheet'!$M$4=""PB w/ Wood Drawers"",VLOOKUP($B12,'Pwood & PB List'!$B$4:$V$158,13,FALSE),IF('Summary Sheet'!$M$4=""PB w/ PB Drawers"",VLOOKUP($B12,'Pwood & PB List'!$B$4:$V$158,17,FALSE))))",GLG-B30,"IF('Summary Sheet'!$M$4=""Plywood"",VLOOKUP($B12,'Pwood & PB List'!$B$4:$V$158,12,FALSE),IF('Summary Sheet'!$M$4=""PB w/ Wood Drawers"",VLOOKUP($B12,'Pwood & PB List'!$B$4:$V$158,16,FALSE),IF('Summary Sheet'!$M$4=""PB w/ PB Drawers"",VLOOKUP($B12,'Pwood & PB List'!$B$4:$V$158,20,FALSE))))",NAO-B30,"IF('Summary Sheet'!$M$4=""Plywood"",VLOOKUP($B12,'Pwood & PB List'!$B$4:$V$158,12,FALSE),IF('Summary Sheet'!$M$4=""PB w/ Wood Drawers"",VLOOKUP($B12,'Pwood & PB List'!$B$4:$V$158,16,FALSE),IF('Summary Sheet'!$M$4=""PB w/ PB Drawers"",VLOOKUP($B12,'Pwood & PB List'!$B$4:$V$158,20,FALSE))))",WHO-B30,"IF('Summary Sheet'!$M$4=""Plywood"",VLOOKUP($B12,'Pwood & PB List'!$B$4:$V$158,9,FALSE),IF('Summary Sheet'!$M$4=""PB w/ Wood Drawers"",VLOOKUP($B12,'Pwood & PB List'!$B$4:$V$158,13,FALSE),IF('Summary Sheet'!$M$4=""PB w/ PB Drawers"",VLOOKUP($B12,'Pwood & PB List'!$B$4:$V$158,17,FALSE))))",MAW-B30,"IF('Summary Sheet'!$M$4=""Plywood"",VLOOKUP($B12,'Pwood & PB List'!$B$4:$V$158,9,FALSE),IF('Summary Sheet'!$M$4=""PB w/ Wood Drawers"",VLOOKUP($B12,'Pwood & PB List'!$B$4:$V$158,13,FALSE),IF('Summary Sheet'!$M$4=""PB w/ PB Drawers"",VLOOKUP($B12,'Pwood & PB List'!$B$4:$V$158,17,FALSE))))",MAG-B30,"IF('Summary Sheet'!$M$4=""Plywood"",VLOOKUP($B12,'Pwood & PB List'!$B$4:$V$158,9,FALSE),IF('Summary Sheet'!$M$4=""PB w/ Wood Drawers"",VLOOKUP($B12,'Pwood & PB List'!$B$4:$V$158,13,FALSE),IF('Summary Sheet'!$M$4=""PB w/ PB Drawers"",VLOOKUP($B12,'Pwood & PB List'!$B$4:$V$158,17,FALSE))))",MAB-B30,"IF('Summary Sheet'!$M$4=""Plywood"",VLOOKUP($B12,'Pwood & PB List'!$B$4:$V$158,9,FALSE),IF('Summary Sheet'!$M$4=""PB w/ Wood Drawers"",VLOOKUP($B12,'Pwood & PB List'!$B$4:$V$158,13,FALSE),IF('Summary Sheet'!$M$4=""PB w/ PB Drawers"",VLOOKUP($B12,'Pwood & PB List'!$B$4:$V$158,17,FALSE))))",GLB-B30,3,
13,"33"" Base Cabinet: 2 Doors & 1 Drawer",B33,"IF('Summary Sheet'!$M$4=""Plywood"",VLOOKUP($B13,'Pwood & PB List'!$B$4:$V$158,9,FALSE),IF('Summary Sheet'!$M$4=""PB w/ Wood Drawers"",VLOOKUP($B13,'Pwood & PB List'!$B$4:$V$158,13,FALSE),IF('Summary Sheet'!$M$4=""PB w/ PB Drawers"",VLOOKUP($B13,'Pwood & PB List'!$B$4:$V$158,17,FALSE))))",GLW-B33,"IF('Summary Sheet'!$M$4=""Plywood"",VLOOKUP($B13,'Pwood & PB List'!$B$4:$V$158,10,FALSE),IF('Summary Sheet'!$M$4=""PB w/ Wood Drawers"",VLOOKUP($B13,'Pwood & PB List'!$B$4:$V$158,14,FALSE),IF('Summary Sheet'!$M$4=""PB w/ PB Drawers"",VLOOKUP($B13,'Pwood & PB List'!$B$4:$V$158,18,FALSE))))",SLO-B33,"IF('Summary Sheet'!$M$4=""Plywood"",VLOOKUP($B13,'Pwood & PB List'!$B$4:$V$158,11,FALSE),IF('Summary Sheet'!$M$4=""PB w/ Wood Drawers"",VLOOKUP($B13,'Pwood & PB List'!$B$4:$V$158,15,FALSE),IF('Summary Sheet'!$M$4=""PB w/ PB Drawers"",VLOOKUP($B13,'Pwood & PB List'!$B$4:$V$158,19,FALSE))))",BLW-B33,"IF('Summary Sheet'!$M$4=""Plywood"",VLOOKUP($B13,'Pwood & PB List'!$B$4:$V$158,10,FALSE),IF('Summary Sheet'!$M$4=""PB w/ Wood Drawers"",VLOOKUP($B13,'Pwood & PB List'!$B$4:$V$158,14,FALSE),IF('Summary Sheet'!$M$4=""PB w/ PB Drawers"",VLOOKUP($B13,'Pwood & PB List'!$B$4:$V$158,18,FALSE))))",WEO-B33,"IF('Summary Sheet'!$M$4=""Plywood"",VLOOKUP($B13,'Pwood & PB List'!$B$4:$V$158,9,FALSE),IF('Summary Sheet'!$M$4=""PB w/ Wood Drawers"",VLOOKUP($B13,'Pwood & PB List'!$B$4:$V$158,13,FALSE),IF('Summary Sheet'!$M$4=""PB w/ PB Drawers"",VLOOKUP($B13,'Pwood & PB List'!$B$4:$V$158,17,FALSE))))",GLG-B33,"IF('Summary Sheet'!$M$4=""Plywood"",VLOOKUP($B13,'Pwood & PB List'!$B$4:$V$158,12,FALSE),IF('Summary Sheet'!$M$4=""PB w/ Wood Drawers"",VLOOKUP($B13,'Pwood & PB List'!$B$4:$V$158,16,FALSE),IF('Summary Sheet'!$M$4=""PB w/ PB Drawers"",VLOOKUP($B13,'Pwood & PB List'!$B$4:$V$158,20,FALSE))))",NAO-B33,"IF('Summary Sheet'!$M$4=""Plywood"",VLOOKUP($B13,'Pwood & PB List'!$B$4:$V$158,12,FALSE),IF('Summary Sheet'!$M$4=""PB w/ Wood Drawers"",VLOOKUP($B13,'Pwood & PB List'!$B$4:$V$158,16,FALSE),IF('Summary Sheet'!$M$4=""PB w/ PB Drawers"",VLOOKUP($B13,'Pwood & PB List'!$B$4:$V$158,20,FALSE))))",WHO-B33,"IF('Summary Sheet'!$M$4=""Plywood"",VLOOKUP($B13,'Pwood & PB List'!$B$4:$V$158,9,FALSE),IF('Summary Sheet'!$M$4=""PB w/ Wood Drawers"",VLOOKUP($B13,'Pwood & PB List'!$B$4:$V$158,13,FALSE),IF('Summary Sheet'!$M$4=""PB w/ PB Drawers"",VLOOKUP($B13,'Pwood & PB List'!$B$4:$V$158,17,FALSE))))",MAW-B33,"IF('Summary Sheet'!$M$4=""Plywood"",VLOOKUP($B13,'Pwood & PB List'!$B$4:$V$158,9,FALSE),IF('Summary Sheet'!$M$4=""PB w/ Wood Drawers"",VLOOKUP($B13,'Pwood & PB List'!$B$4:$V$158,13,FALSE),IF('Summary Sheet'!$M$4=""PB w/ PB Drawers"",VLOOKUP($B13,'Pwood & PB List'!$B$4:$V$158,17,FALSE))))",MAG-B33,"IF('Summary Sheet'!$M$4=""Plywood"",VLOOKUP($B13,'Pwood & PB List'!$B$4:$V$158,9,FALSE),IF('Summary Sheet'!$M$4=""PB w/ Wood Drawers"",VLOOKUP($B13,'Pwood & PB List'!$B$4:$V$158,13,FALSE),IF('Summary Sheet'!$M$4=""PB w/ PB Drawers"",VLOOKUP($B13,'Pwood & PB List'!$B$4:$V$158,17,FALSE))))",MAB-B33,"IF('Summary Sheet'!$M$4=""Plywood"",VLOOKUP($B13,'Pwood & PB List'!$B$4:$V$158,9,FALSE),IF('Summary Sheet'!$M$4=""PB w/ Wood Drawers"",VLOOKUP($B13,'Pwood & PB List'!$B$4:$V$158,13,FALSE),IF('Summary Sheet'!$M$4=""PB w/ PB Drawers"",VLOOKUP($B13,'Pwood & PB List'!$B$4:$V$158,17,FALSE))))",GLB-B33,3,
14,"36"" Base Cabinet: 2 Doors & 1 Drawer",B36,"IF('Summary Sheet'!$M$4=""Plywood"",VLOOKUP($B14,'Pwood & PB List'!$B$4:$V$158,9,FALSE),IF('Summary Sheet'!$M$4=""PB w/ Wood Drawers"",VLOOKUP($B14,'Pwood & PB List'!$B$4:$V$158,13,FALSE),IF('Summary Sheet'!$M$4=""PB w/ PB Drawers"",VLOOKUP($B14,'Pwood & PB List'!$B$4:$V$158,17,FALSE))))",GLW-B36,"IF('Summary Sheet'!$M$4=""Plywood"",VLOOKUP($B14,'Pwood & PB List'!$B$4:$V$158,10,FALSE),IF('Summary Sheet'!$M$4=""PB w/ Wood Drawers"",VLOOKUP($B14,'Pwood & PB List'!$B$4:$V$158,14,FALSE),IF('Summary Sheet'!$M$4=""PB w/ PB Drawers"",VLOOKUP($B14,'Pwood & PB List'!$B$4:$V$158,18,FALSE))))",SLO-B36,"IF('Summary Sheet'!$M$4=""Plywood"",VLOOKUP($B14,'Pwood & PB List'!$B$4:$V$158,11,FALSE),IF('Summary Sheet'!$M$4=""PB w/ Wood Drawers"",VLOOKUP($B14,'Pwood & PB List'!$B$4:$V$158,15,FALSE),IF('Summary Sheet'!$M$4=""PB w/ PB Drawers"",VLOOKUP($B14,'Pwood & PB List'!$B$4:$V$158,19,FALSE))))",BLW-B36,"IF('Summary Sheet'!$M$4=""Plywood"",VLOOKUP($B14,'Pwood & PB List'!$B$4:$V$158,10,FALSE),IF('Summary Sheet'!$M$4=""PB w/ Wood Drawers"",VLOOKUP($B14,'Pwood & PB List'!$B$4:$V$158,14,FALSE),IF('Summary Sheet'!$M$4=""PB w/ PB Drawers"",VLOOKUP($B14,'Pwood & PB List'!$B$4:$V$158,18,FALSE))))",WEO-B36,"IF('Summary Sheet'!$M$4=""Plywood"",VLOOKUP($B14,'Pwood & PB List'!$B$4:$V$158,9,FALSE),IF('Summary Sheet'!$M$4=""PB w/ Wood Drawers"",VLOOKUP($B14,'Pwood & PB List'!$B$4:$V$158,13,FALSE),IF('Summary Sheet'!$M$4=""PB w/ PB Drawers"",VLOOKUP($B14,'Pwood & PB List'!$B$4:$V$158,17,FALSE))))",GLG-B36,"IF('Summary Sheet'!$M$4=""Plywood"",VLOOKUP($B14,'Pwood & PB List'!$B$4:$V$158,12,FALSE),IF('Summary Sheet'!$M$4=""PB w/ Wood Drawers"",VLOOKUP($B14,'Pwood & PB List'!$B$4:$V$158,16,FALSE),IF('Summary Sheet'!$M$4=""PB w/ PB Drawers"",VLOOKUP($B14,'Pwood & PB List'!$B$4:$V$158,20,FALSE))))",NAO-B36,"IF('Summary Sheet'!$M$4=""Plywood"",VLOOKUP($B14,'Pwood & PB List'!$B$4:$V$158,12,FALSE),IF('Summary Sheet'!$M$4=""PB w/ Wood Drawers"",VLOOKUP($B14,'Pwood & PB List'!$B$4:$V$158,16,FALSE),IF('Summary Sheet'!$M$4=""PB w/ PB Drawers"",VLOOKUP($B14,'Pwood & PB List'!$B$4:$V$158,20,FALSE))))",WHO-B36,"IF('Summary Sheet'!$M$4=""Plywood"",VLOOKUP($B14,'Pwood & PB List'!$B$4:$V$158,9,FALSE),IF('Summary Sheet'!$M$4=""PB w/ Wood Drawers"",VLOOKUP($B14,'Pwood & PB List'!$B$4:$V$158,13,FALSE),IF('Summary Sheet'!$M$4=""PB w/ PB Drawers"",VLOOKUP($B14,'Pwood & PB List'!$B$4:$V$158,17,FALSE))))",MAW-B36,"IF('Summary Sheet'!$M$4=""Plywood"",VLOOKUP($B14,'Pwood & PB List'!$B$4:$V$158,9,FALSE),IF('Summary Sheet'!$M$4=""PB w/ Wood Drawers"",VLOOKUP($B14,'Pwood & PB List'!$B$4:$V$158,13,FALSE),IF('Summary Sheet'!$M$4=""PB w/ PB Drawers"",VLOOKUP($B14,'Pwood & PB List'!$B$4:$V$158,17,FALSE))))",MAG-B36,"IF('Summary Sheet'!$M$4=""Plywood"",VLOOKUP($B14,'Pwood & PB List'!$B$4:$V$158,9,FALSE),IF('Summary Sheet'!$M$4=""PB w/ Wood Drawers"",VLOOKUP($B14,'Pwood & PB List'!$B$4:$V$158,13,FALSE),IF('Summary Sheet'!$M$4=""PB w/ PB Drawers"",VLOOKUP($B14,'Pwood & PB List'!$B$4:$V$158,17,FALSE))))",MAB-B36,"IF('Summary Sheet'!$M$4=""Plywood"",VLOOKUP($B14,'Pwood & PB List'!$B$4:$V$158,9,FALSE),IF('Summary Sheet'!$M$4=""PB w/ Wood Drawers"",VLOOKUP($B14,'Pwood & PB List'!$B$4:$V$158,13,FALSE),IF('Summary Sheet'!$M$4=""PB w/ PB Drawers"",VLOOKUP($B14,'Pwood & PB List'!$B$4:$V$158,17,FALSE))))",GLB-B36,3,
15,"Base Cabinets with Full-Height Door, 24"" Depth",,,,,,,,,,,,,,,,,,,,,,,,,
16,"12"" Base Cabinet: 1 Full-Height Door",B09FD,"IF('Summary Sheet'!$M$4=""Plywood"",VLOOKUP($B16,'Pwood & PB List'!$B$4:$V$158,9,FALSE),IF('Summary Sheet'!$M$4=""PB w/ Wood Drawers"",VLOOKUP($B16,'Pwood & PB List'!$B$4:$V$158,13,FALSE),IF('Summary Sheet'!$M$4=""PB w/ PB Drawers"",VLOOKUP($B16,'Pwood & PB List'!$B$4:$V$158,17,FALSE))))","CONCATENATE(""GLW-"",B16)","IF('Summary Sheet'!$M$4=""Plywood"",VLOOKUP($B16,'Pwood & PB List'!$B$4:$V$158,10,FALSE),IF('Summary Sheet'!$M$4=""PB w/ Wood Drawers"",VLOOKUP($B16,'Pwood & PB List'!$B$4:$V$158,14,FALSE),IF('Summary Sheet'!$M$4=""PB w/ PB Drawers"",VLOOKUP($B16,'Pwood & PB List'!$B$4:$V$158,18,FALSE))))","CONCATENATE(""SLO-"",B16)","IF('Summary Sheet'!$M$4=""Plywood"",VLOOKUP($B16,'Pwood & PB List'!$B$4:$V$158,11,FALSE),IF('Summary Sheet'!$M$4=""PB w/ Wood Drawers"",VLOOKUP($B16,'Pwood & PB List'!$B$4:$V$158,15,FALSE),IF('Summary Sheet'!$M$4=""PB w/ PB Drawers"",VLOOKUP($B16,'Pwood & PB List'!$B$4:$V$158,19,FALSE))))","CONCATENATE(""BLW-"",B16)","IF('Summary Sheet'!$M$4=""Plywood"",VLOOKUP($B16,'Pwood & PB List'!$B$4:$V$158,10,FALSE),IF('Summary Sheet'!$M$4=""PB w/ Wood Drawers"",VLOOKUP($B16,'Pwood & PB List'!$B$4:$V$158,14,FALSE),IF('Summary Sheet'!$M$4=""PB w/ PB Drawers"",VLOOKUP($B16,'Pwood & PB List'!$B$4:$V$158,18,FALSE))))","CONCATENATE(""WEO-"",B16)","IF('Summary Sheet'!$M$4=""Plywood"",VLOOKUP($B16,'Pwood & PB List'!$B$4:$V$158,9,FALSE),IF('Summary Sheet'!$M$4=""PB w/ Wood Drawers"",VLOOKUP($B16,'Pwood & PB List'!$B$4:$V$158,13,FALSE),IF('Summary Sheet'!$M$4=""PB w/ PB Drawers"",VLOOKUP($B16,'Pwood & PB List'!$B$4:$V$158,17,FALSE))))","CONCATENATE(""GLG-"",B16)","IF('Summary Sheet'!$M$4=""Plywood"",VLOOKUP($B16,'Pwood & PB List'!$B$4:$V$158,12,FALSE),IF('Summary Sheet'!$M$4=""PB w/ Wood Drawers"",VLOOKUP($B16,'Pwood & PB List'!$B$4:$V$158,16,FALSE),IF('Summary Sheet'!$M$4=""PB w/ PB Drawers"",VLOOKUP($B16,'Pwood & PB List'!$B$4:$V$158,20,FALSE))))","CONCATENATE(""NAO-"",B16)","IF('Summary Sheet'!$M$4=""Plywood"",VLOOKUP($B16,'Pwood & PB List'!$B$4:$V$158,12,FALSE),IF('Summary Sheet'!$M$4=""PB w/ Wood Drawers"",VLOOKUP($B16,'Pwood & PB List'!$B$4:$V$158,16,FALSE),IF('Summary Sheet'!$M$4=""PB w/ PB Drawers"",VLOOKUP($B16,'Pwood & PB List'!$B$4:$V$158,20,FALSE))))","CONCATENATE(""WHO-"",B16)","IF('Summary Sheet'!$M$4=""Plywood"",VLOOKUP($B16,'Pwood & PB List'!$B$4:$V$158,9,FALSE),IF('Summary Sheet'!$M$4=""PB w/ Wood Drawers"",VLOOKUP($B16,'Pwood & PB List'!$B$4:$V$158,13,FALSE),IF('Summary Sheet'!$M$4=""PB w/ PB Drawers"",VLOOKUP($B16,'Pwood & PB List'!$B$4:$V$158,17,FALSE))))","CONCATENATE(""MAW-"",B16)","IF('Summary Sheet'!$M$4=""Plywood"",VLOOKUP($B16,'Pwood & PB List'!$B$4:$V$158,9,FALSE),IF('Summary Sheet'!$M$4=""PB w/ Wood Drawers"",VLOOKUP($B16,'Pwood & PB List'!$B$4:$V$158,13,FALSE),IF('Summary Sheet'!$M$4=""PB w/ PB Drawers"",VLOOKUP($B16,'Pwood & PB List'!$B$4:$V$158,17,FALSE))))","CONCATENATE(""MAG-"",B16)","IF('Summary Sheet'!$M$4=""Plywood"",VLOOKUP($B16,'Pwood & PB List'!$B$4:$V$158,9,FALSE),IF('Summary Sheet'!$M$4=""PB w/ Wood Drawers"",VLOOKUP($B16,'Pwood & PB List'!$B$4:$V$158,13,FALSE),IF('Summary Sheet'!$M$4=""PB w/ PB Drawers"",VLOOKUP($B16,'Pwood & PB List'!$B$4:$V$158,17,FALSE))))","CONCATENATE(""MAB-"",B16)","IF('Summary Sheet'!$M$4=""Plywood"",VLOOKUP($B16,'Pwood & PB List'!$B$4:$V$158,9,FALSE),IF('Summary Sheet'!$M$4=""PB w/ Wood Drawers"",VLOOKUP($B16,'Pwood & PB List'!$B$4:$V$158,13,FALSE),IF('Summary Sheet'!$M$4=""PB w/ PB Drawers"",VLOOKUP($B16,'Pwood & PB List'!$B$4:$V$158,17,FALSE))))","CONCATENATE(""GLB-"",B16)",1,
17,"15"" Base Cabinet: 1 Full-Height Door",B12FD,"IF('Summary Sheet'!$M$4=""Plywood"",VLOOKUP($B17,'Pwood & PB List'!$B$4:$V$158,9,FALSE),IF('Summary Sheet'!$M$4=""PB w/ Wood Drawers"",VLOOKUP($B17,'Pwood & PB List'!$B$4:$V$158,13,FALSE),IF('Summary Sheet'!$M$4=""PB w/ PB Drawers"",VLOOKUP($B17,'Pwood & PB List'!$B$4:$V$158,17,FALSE))))",GLW-B12FD,"IF('Summary Sheet'!$M$4=""Plywood"",VLOOKUP($B17,'Pwood & PB List'!$B$4:$V$158,10,FALSE),IF('Summary Sheet'!$M$4=""PB w/ Wood Drawers"",VLOOKUP($B17,'Pwood & PB List'!$B$4:$V$158,14,FALSE),IF('Summary Sheet'!$M$4=""PB w/ PB Drawers"",VLOOKUP($B17,'Pwood & PB List'!$B$4:$V$158,18,FALSE))))",SLO-B12FD,"IF('Summary Sheet'!$M$4=""Plywood"",VLOOKUP($B17,'Pwood & PB List'!$B$4:$V$158,11,FALSE),IF('Summary Sheet'!$M$4=""PB w/ Wood Drawers"",VLOOKUP($B17,'Pwood & PB List'!$B$4:$V$158,15,FALSE),IF('Summary Sheet'!$M$4=""PB w/ PB Drawers"",VLOOKUP($B17,'Pwood & PB List'!$B$4:$V$158,19,FALSE))))",BLW-B12FD,"IF('Summary Sheet'!$M$4=""Plywood"",VLOOKUP($B17,'Pwood & PB List'!$B$4:$V$158,10,FALSE),IF('Summary Sheet'!$M$4=""PB w/ Wood Drawers"",VLOOKUP($B17,'Pwood & PB List'!$B$4:$V$158,14,FALSE),IF('Summary Sheet'!$M$4=""PB w/ PB Drawers"",VLOOKUP($B17,'Pwood & PB List'!$B$4:$V$158,18,FALSE))))",WEO-B12FD,"IF('Summary Sheet'!$M$4=""Plywood"",VLOOKUP($B17,'Pwood & PB List'!$B$4:$V$158,9,FALSE),IF('Summary Sheet'!$M$4=""PB w/ Wood Drawers"",VLOOKUP($B17,'Pwood & PB List'!$B$4:$V$158,13,FALSE),IF('Summary Sheet'!$M$4=""PB w/ PB Drawers"",VLOOKUP($B17,'Pwood & PB List'!$B$4:$V$158,17,FALSE))))",GLG-B12FD,"IF('Summary Sheet'!$M$4=""Plywood"",VLOOKUP($B17,'Pwood & PB List'!$B$4:$V$158,12,FALSE),IF('Summary Sheet'!$M$4=""PB w/ Wood Drawers"",VLOOKUP($B17,'Pwood & PB List'!$B$4:$V$158,16,FALSE),IF('Summary Sheet'!$M$4=""PB w/ PB Drawers"",VLOOKUP($B17,'Pwood & PB List'!$B$4:$V$158,20,FALSE))))",NAO-B12FD,"IF('Summary Sheet'!$M$4=""Plywood"",VLOOKUP($B17,'Pwood & PB List'!$B$4:$V$158,12,FALSE),IF('Summary Sheet'!$M$4=""PB w/ Wood Drawers"",VLOOKUP($B17,'Pwood & PB List'!$B$4:$V$158,16,FALSE),IF('Summary Sheet'!$M$4=""PB w/ PB Drawers"",VLOOKUP($B17,'Pwood & PB List'!$B$4:$V$158,20,FALSE))))",WHO-B12FD,"IF('Summary Sheet'!$M$4=""Plywood"",VLOOKUP($B17,'Pwood & PB List'!$B$4:$V$158,9,FALSE),IF('Summary Sheet'!$M$4=""PB w/ Wood Drawers"",VLOOKUP($B17,'Pwood & PB List'!$B$4:$V$158,13,FALSE),IF('Summary Sheet'!$M$4=""PB w/ PB Drawers"",VLOOKUP($B17,'Pwood & PB List'!$B$4:$V$158,17,FALSE))))",MAW-B12FD,"IF('Summary Sheet'!$M$4=""Plywood"",VLOOKUP($B17,'Pwood & PB List'!$B$4:$V$158,9,FALSE),IF('Summary Sheet'!$M$4=""PB w/ Wood Drawers"",VLOOKUP($B17,'Pwood & PB List'!$B$4:$V$158,13,FALSE),IF('Summary Sheet'!$M$4=""PB w/ PB Drawers"",VLOOKUP($B17,'Pwood & PB List'!$B$4:$V$158,17,FALSE))))",MAG-B12FD,"IF('Summary Sheet'!$M$4=""Plywood"",VLOOKUP($B17,'Pwood & PB List'!$B$4:$V$158,9,FALSE),IF('Summary Sheet'!$M$4=""PB w/ Wood Drawers"",VLOOKUP($B17,'Pwood & PB List'!$B$4:$V$158,13,FALSE),IF('Summary Sheet'!$M$4=""PB w/ PB Drawers"",VLOOKUP($B17,'Pwood & PB List'!$B$4:$V$158,17,FALSE))))",MAB-B12FD,"IF('Summary Sheet'!$M$4=""Plywood"",VLOOKUP($B17,'Pwood & PB List'!$B$4:$V$158,9,FALSE),IF('Summary Sheet'!$M$4=""PB w/ Wood Drawers"",VLOOKUP($B17,'Pwood & PB List'!$B$4:$V$158,13,FALSE),IF('Summary Sheet'!$M$4=""PB w/ PB Drawers"",VLOOKUP($B17,'Pwood & PB List'!$B$4:$V$158,17,FALSE))))",GLB-B12FD,1,
18,"15"" Base Cabinet: 1 Full-Height Door",B15FD,"IF('Summary Sheet'!$M$4=""Plywood"",VLOOKUP($B18,'Pwood & PB List'!$B$4:$V$158,9,FALSE),IF('Summary Sheet'!$M$4=""PB w/ Wood Drawers"",VLOOKUP($B18,'Pwood & PB List'!$B$4:$V$158,13,FALSE),IF('Summary Sheet'!$M$4=""PB w/ PB Drawers"",VLOOKUP($B18,'Pwood & PB List'!$B$4:$V$158,17,FALSE))))",GLW-B15FD,"IF('Summary Sheet'!$M$4=""Plywood"",VLOOKUP($B18,'Pwood & PB List'!$B$4:$V$158,10,FALSE),IF('Summary Sheet'!$M$4=""PB w/ Wood Drawers"",VLOOKUP($B18,'Pwood & PB List'!$B$4:$V$158,14,FALSE),IF('Summary Sheet'!$M$4=""PB w/ PB Drawers"",VLOOKUP($B18,'Pwood & PB List'!$B$4:$V$158,18,FALSE))))",SLO-B15FD,"IF('Summary Sheet'!$M$4=""Plywood"",VLOOKUP($B18,'Pwood & PB List'!$B$4:$V$158,11,FALSE),IF('Summary Sheet'!$M$4=""PB w/ Wood Drawers"",VLOOKUP($B18,'Pwood & PB List'!$B$4:$V$158,15,FALSE),IF('Summary Sheet'!$M$4=""PB w/ PB Drawers"",VLOOKUP($B18,'Pwood & PB List'!$B$4:$V$158,19,FALSE))))",BLW-B15FD,"IF('Summary Sheet'!$M$4=""Plywood"",VLOOKUP($B18,'Pwood & PB List'!$B$4:$V$158,10,FALSE),IF('Summary Sheet'!$M$4=""PB w/ Wood Drawers"",VLOOKUP($B18,'Pwood & PB List'!$B$4:$V$158,14,FALSE),IF('Summary Sheet'!$M$4=""PB w/ PB Drawers"",VLOOKUP($B18,'Pwood & PB List'!$B$4:$V$158,18,FALSE))))",WEO-B15FD,"IF('Summary Sheet'!$M$4=""Plywood"",VLOOKUP($B18,'Pwood & PB List'!$B$4:$V$158,9,FALSE),IF('Summary Sheet'!$M$4=""PB w/ Wood Drawers"",VLOOKUP($B18,'Pwood & PB List'!$B$4:$V$158,13,FALSE),IF('Summary Sheet'!$M$4=""PB w/ PB Drawers"",VLOOKUP($B18,'Pwood & PB List'!$B$4:$V$158,17,FALSE))))",GLG-B15FD,"IF('Summary Sheet'!$M$4=""Plywood"",VLOOKUP($B18,'Pwood & PB List'!$B$4:$V$158,12,FALSE),IF('Summary Sheet'!$M$4=""PB w/ Wood Drawers"",VLOOKUP($B18,'Pwood & PB List'!$B$4:$V$158,16,FALSE),IF('Summary Sheet'!$M$4=""PB w/ PB Drawers"",VLOOKUP($B18,'Pwood & PB List'!$B$4:$V$158,20,FALSE))))",NAO-B15FD,"IF('Summary Sheet'!$M$4=""Plywood"",VLOOKUP($B18,'Pwood & PB List'!$B$4:$V$158,12,FALSE),IF('Summary Sheet'!$M$4=""PB w/ Wood Drawers"",VLOOKUP($B18,'Pwood & PB List'!$B$4:$V$158,16,FALSE),IF('Summary Sheet'!$M$4=""PB w/ PB Drawers"",VLOOKUP($B18,'Pwood & PB List'!$B$4:$V$158,20,FALSE))))",WHO-B15FD,"IF('Summary Sheet'!$M$4=""Plywood"",VLOOKUP($B18,'Pwood & PB List'!$B$4:$V$158,9,FALSE),IF('Summary Sheet'!$M$4=""PB w/ Wood Drawers"",VLOOKUP($B18,'Pwood & PB List'!$B$4:$V$158,13,FALSE),IF('Summary Sheet'!$M$4=""PB w/ PB Drawers"",VLOOKUP($B18,'Pwood & PB List'!$B$4:$V$158,17,FALSE))))",MAW-B15FD,"IF('Summary Sheet'!$M$4=""Plywood"",VLOOKUP($B18,'Pwood & PB List'!$B$4:$V$158,9,FALSE),IF('Summary Sheet'!$M$4=""PB w/ Wood Drawers"",VLOOKUP($B18,'Pwood & PB List'!$B$4:$V$158,13,FALSE),IF('Summary Sheet'!$M$4=""PB w/ PB Drawers"",VLOOKUP($B18,'Pwood & PB List'!$B$4:$V$158,17,FALSE))))",MAG-B15FD,"IF('Summary Sheet'!$M$4=""Plywood"",VLOOKUP($B18,'Pwood & PB List'!$B$4:$V$158,9,FALSE),IF('Summary Sheet'!$M$4=""PB w/ Wood Drawers"",VLOOKUP($B18,'Pwood & PB List'!$B$4:$V$158,13,FALSE),IF('Summary Sheet'!$M$4=""PB w/ PB Drawers"",VLOOKUP($B18,'Pwood & PB List'!$B$4:$V$158,17,FALSE))))",MAB-B15FD,"IF('Summary Sheet'!$M$4=""Plywood"",VLOOKUP($B18,'Pwood & PB List'!$B$4:$V$158,9,FALSE),IF('Summary Sheet'!$M$4=""PB w/ Wood Drawers"",VLOOKUP($B18,'Pwood & PB List'!$B$4:$V$158,13,FALSE),IF('Summary Sheet'!$M$4=""PB w/ PB Drawers"",VLOOKUP($B18,'Pwood & PB List'!$B$4:$V$158,17,FALSE))))",GLB-B15FD,1,
19,"18"" Base Cabinet: 1 Full-Height Door",B18FD,"IF('Summary Sheet'!$M$4=""Plywood"",VLOOKUP($B19,'Pwood & PB List'!$B$4:$V$158,9,FALSE),IF('Summary Sheet'!$M$4=""PB w/ Wood Drawers"",VLOOKUP($B19,'Pwood & PB List'!$B$4:$V$158,13,FALSE),IF('Summary Sheet'!$M$4=""PB w/ PB Drawers"",VLOOKUP($B19,'Pwood & PB List'!$B$4:$V$158,17,FALSE))))",GLW-B18FD,"IF('Summary Sheet'!$M$4=""Plywood"",VLOOKUP($B19,'Pwood & PB List'!$B$4:$V$158,10,FALSE),IF('Summary Sheet'!$M$4=""PB w/ Wood Drawers"",VLOOKUP($B19,'Pwood & PB List'!$B$4:$V$158,14,FALSE),IF('Summary Sheet'!$M$4=""PB w/ PB Drawers"",VLOOKUP($B19,'Pwood & PB List'!$B$4:$V$158,18,FALSE))))",SLO-B18FD,"IF('Summary Sheet'!$M$4=""Plywood"",VLOOKUP($B19,'Pwood & PB List'!$B$4:$V$158,11,FALSE),IF('Summary Sheet'!$M$4=""PB w/ Wood Drawers"",VLOOKUP($B19,'Pwood & PB List'!$B$4:$V$158,15,FALSE),IF('Summary Sheet'!$M$4=""PB w/ PB Drawers"",VLOOKUP($B19,'Pwood & PB List'!$B$4:$V$158,19,FALSE))))",BLW-B18FD,"IF('Summary Sheet'!$M$4=""Plywood"",VLOOKUP($B19,'Pwood & PB List'!$B$4:$V$158,10,FALSE),IF('Summary Sheet'!$M$4=""PB w/ Wood Drawers"",VLOOKUP($B19,'Pwood & PB List'!$B$4:$V$158,14,FALSE),IF('Summary Sheet'!$M$4=""PB w/ PB Drawers"",VLOOKUP($B19,'Pwood & PB List'!$B$4:$V$158,18,FALSE))))",WEO-B18FD,"IF('Summary Sheet'!$M$4=""Plywood"",VLOOKUP($B19,'Pwood & PB List'!$B$4:$V$158,9,FALSE),IF('Summary Sheet'!$M$4=""PB w/ Wood Drawers"",VLOOKUP($B19,'Pwood & PB List'!$B$4:$V$158,13,FALSE),IF('Summary Sheet'!$M$4=""PB w/ PB Drawers"",VLOOKUP($B19,'Pwood & PB List'!$B$4:$V$158,17,FALSE))))",GLG-B18FD,"IF('Summary Sheet'!$M$4=""Plywood"",VLOOKUP($B19,'Pwood & PB List'!$B$4:$V$158,12,FALSE),IF('Summary Sheet'!$M$4=""PB w/ Wood Drawers"",VLOOKUP($B19,'Pwood & PB List'!$B$4:$V$158,16,FALSE),IF('Summary Sheet'!$M$4=""PB w/ PB Drawers"",VLOOKUP($B19,'Pwood & PB List'!$B$4:$V$158,20,FALSE))))",NAO-B18FD,"IF('Summary Sheet'!$M$4=""Plywood"",VLOOKUP($B19,'Pwood & PB List'!$B$4:$V$158,12,FALSE),IF('Summary Sheet'!$M$4=""PB w/ Wood Drawers"",VLOOKUP($B19,'Pwood & PB List'!$B$4:$V$158,16,FALSE),IF('Summary Sheet'!$M$4=""PB w/ PB Drawers"",VLOOKUP($B19,'Pwood & PB List'!$B$4:$V$158,20,FALSE))))",WHO-B18FD,"IF('Summary Sheet'!$M$4=""Plywood"",VLOOKUP($B19,'Pwood & PB List'!$B$4:$V$158,9,FALSE),IF('Summary Sheet'!$M$4=""PB w/ Wood Drawers"",VLOOKUP($B19,'Pwood & PB List'!$B$4:$V$158,13,FALSE),IF('Summary Sheet'!$M$4=""PB w/ PB Drawers"",VLOOKUP($B19,'Pwood & PB List'!$B$4:$V$158,17,FALSE))))",MAW-B18FD,"IF('Summary Sheet'!$M$4=""Plywood"",VLOOKUP($B19,'Pwood & PB List'!$B$4:$V$158,9,FALSE),IF('Summary Sheet'!$M$4=""PB w/ Wood Drawers"",VLOOKUP($B19,'Pwood & PB List'!$B$4:$V$158,13,FALSE),IF('Summary Sheet'!$M$4=""PB w/ PB Drawers"",VLOOKUP($B19,'Pwood & PB List'!$B$4:$V$158,17,FALSE))))",MAG-B18FD,"IF('Summary Sheet'!$M$4=""Plywood"",VLOOKUP($B19,'Pwood & PB List'!$B$4:$V$158,9,FALSE),IF('Summary Sheet'!$M$4=""PB w/ Wood Drawers"",VLOOKUP($B19,'Pwood & PB List'!$B$4:$V$158,13,FALSE),IF('Summary Sheet'!$M$4=""PB w/ PB Drawers"",VLOOKUP($B19,'Pwood & PB List'!$B$4:$V$158,17,FALSE))))",MAB-B18FD,"IF('Summary Sheet'!$M$4=""Plywood"",VLOOKUP($B19,'Pwood & PB List'!$B$4:$V$158,9,FALSE),IF('Summary Sheet'!$M$4=""PB w/ Wood Drawers"",VLOOKUP($B19,'Pwood & PB List'!$B$4:$V$158,13,FALSE),IF('Summary Sheet'!$M$4=""PB w/ PB Drawers"",VLOOKUP($B19,'Pwood & PB List'!$B$4:$V$158,17,FALSE))))",GLB-B18FD,1,
20,"21"" Base Cabinet: 1 Full-Height Door",B21FD,"IF('Summary Sheet'!$M$4=""Plywood"",VLOOKUP($B20,'Pwood & PB List'!$B$4:$V$158,9,FALSE),IF('Summary Sheet'!$M$4=""PB w/ Wood Drawers"",VLOOKUP($B20,'Pwood & PB List'!$B$4:$V$158,13,FALSE),IF('Summary Sheet'!$M$4=""PB w/ PB Drawers"",VLOOKUP($B20,'Pwood & PB List'!$B$4:$V$158,17,FALSE))))",GLW-B21FD,"IF('Summary Sheet'!$M$4=""Plywood"",VLOOKUP($B20,'Pwood & PB List'!$B$4:$V$158,10,FALSE),IF('Summary Sheet'!$M$4=""PB w/ Wood Drawers"",VLOOKUP($B20,'Pwood & PB List'!$B$4:$V$158,14,FALSE),IF('Summary Sheet'!$M$4=""PB w/ PB Drawers"",VLOOKUP($B20,'Pwood & PB List'!$B$4:$V$158,18,FALSE))))",SLO-B21FD,"IF('Summary Sheet'!$M$4=""Plywood"",VLOOKUP($B20,'Pwood & PB List'!$B$4:$V$158,11,FALSE),IF('Summary Sheet'!$M$4=""PB w/ Wood Drawers"",VLOOKUP($B20,'Pwood & PB List'!$B$4:$V$158,15,FALSE),IF('Summary Sheet'!$M$4=""PB w/ PB Drawers"",VLOOKUP($B20,'Pwood & PB List'!$B$4:$V$158,19,FALSE))))",BLW-B21FD,"IF('Summary Sheet'!$M$4=""Plywood"",VLOOKUP($B20,'Pwood & PB List'!$B$4:$V$158,10,FALSE),IF('Summary Sheet'!$M$4=""PB w/ Wood Drawers"",VLOOKUP($B20,'Pwood & PB List'!$B$4:$V$158,14,FALSE),IF('Summary Sheet'!$M$4=""PB w/ PB Drawers"",VLOOKUP($B20,'Pwood & PB List'!$B$4:$V$158,18,FALSE))))",WEO-B21FD,"IF('Summary Sheet'!$M$4=""Plywood"",VLOOKUP($B20,'Pwood & PB List'!$B$4:$V$158,9,FALSE),IF('Summary Sheet'!$M$4=""PB w/ Wood Drawers"",VLOOKUP($B20,'Pwood & PB List'!$B$4:$V$158,13,FALSE),IF('Summary Sheet'!$M$4=""PB w/ PB Drawers"",VLOOKUP($B20,'Pwood & PB List'!$B$4:$V$158,17,FALSE))))",GLG-B21FD,"IF('Summary Sheet'!$M$4=""Plywood"",VLOOKUP($B20,'Pwood & PB List'!$B$4:$V$158,12,FALSE),IF('Summary Sheet'!$M$4=""PB w/ Wood Drawers"",VLOOKUP($B20,'Pwood & PB List'!$B$4:$V$158,16,FALSE),IF('Summary Sheet'!$M$4=""PB w/ PB Drawers"",VLOOKUP($B20,'Pwood & PB List'!$B$4:$V$158,20,FALSE))))",NAO-B21FD,"IF('Summary Sheet'!$M$4=""Plywood"",VLOOKUP($B20,'Pwood & PB List'!$B$4:$V$158,12,FALSE),IF('Summary Sheet'!$M$4=""PB w/ Wood Drawers"",VLOOKUP($B20,'Pwood & PB List'!$B$4:$V$158,16,FALSE),IF('Summary Sheet'!$M$4=""PB w/ PB Drawers"",VLOOKUP($B20,'Pwood & PB List'!$B$4:$V$158,20,FALSE))))",WHO-B21FD,"IF('Summary Sheet'!$M$4=""Plywood"",VLOOKUP($B20,'Pwood & PB List'!$B$4:$V$158,9,FALSE),IF('Summary Sheet'!$M$4=""PB w/ Wood Drawers"",VLOOKUP($B20,'Pwood & PB List'!$B$4:$V$158,13,FALSE),IF('Summary Sheet'!$M$4=""PB w/ PB Drawers"",VLOOKUP($B20,'Pwood & PB List'!$B$4:$V$158,17,FALSE))))",MAW-B21FD,"IF('Summary Sheet'!$M$4=""Plywood"",VLOOKUP($B20,'Pwood & PB List'!$B$4:$V$158,9,FALSE),IF('Summary Sheet'!$M$4=""PB w/ Wood Drawers"",VLOOKUP($B20,'Pwood & PB List'!$B$4:$V$158,13,FALSE),IF('Summary Sheet'!$M$4=""PB w/ PB Drawers"",VLOOKUP($B20,'Pwood & PB List'!$B$4:$V$158,17,FALSE))))",MAG-B21FD,"IF('Summary Sheet'!$M$4=""Plywood"",VLOOKUP($B20,'Pwood & PB List'!$B$4:$V$158,9,FALSE),IF('Summary Sheet'!$M$4=""PB w/ Wood Drawers"",VLOOKUP($B20,'Pwood & PB List'!$B$4:$V$158,13,FALSE),IF('Summary Sheet'!$M$4=""PB w/ PB Drawers"",VLOOKUP($B20,'Pwood & PB List'!$B$4:$V$158,17,FALSE))))",MAB-B21FD,"IF('Summary Sheet'!$M$4=""Plywood"",VLOOKUP($B20,'Pwood & PB List'!$B$4:$V$158,9,FALSE),IF('Summary Sheet'!$M$4=""PB w/ Wood Drawers"",VLOOKUP($B20,'Pwood & PB List'!$B$4:$V$158,13,FALSE),IF('Summary Sheet'!$M$4=""PB w/ PB Drawers"",VLOOKUP($B20,'Pwood & PB List'!$B$4:$V$158,17,FALSE))))",GLB-B21FD,1,
21,"24"" Base Cabinet: 1 Full-Height Door",B24FD,"IF('Summary Sheet'!$M$4=""Plywood"",VLOOKUP($B21,'Pwood & PB List'!$B$4:$V$158,9,FALSE),IF('Summary Sheet'!$M$4=""PB w/ Wood Drawers"",VLOOKUP($B21,'Pwood & PB List'!$B$4:$V$158,13,FALSE),IF('Summary Sheet'!$M$4=""PB w/ PB Drawers"",VLOOKUP($B21,'Pwood & PB List'!$B$4:$V$158,17,FALSE))))",GLW-B24FD,"IF('Summary Sheet'!$M$4=""Plywood"",VLOOKUP($B21,'Pwood & PB List'!$B$4:$V$158,10,FALSE),IF('Summary Sheet'!$M$4=""PB w/ Wood Drawers"",VLOOKUP($B21,'Pwood & PB List'!$B$4:$V$158,14,FALSE),IF('Summary Sheet'!$M$4=""PB w/ PB Drawers"",VLOOKUP($B21,'Pwood & PB List'!$B$4:$V$158,18,FALSE))))",SLO-B24FD,"IF('Summary Sheet'!$M$4=""Plywood"",VLOOKUP($B21,'Pwood & PB List'!$B$4:$V$158,11,FALSE),IF('Summary Sheet'!$M$4=""PB w/ Wood Drawers"",VLOOKUP($B21,'Pwood & PB List'!$B$4:$V$158,15,FALSE),IF('Summary Sheet'!$M$4=""PB w/ PB Drawers"",VLOOKUP($B21,'Pwood & PB List'!$B$4:$V$158,19,FALSE))))",BLW-B24FD,"IF('Summary Sheet'!$M$4=""Plywood"",VLOOKUP($B21,'Pwood & PB List'!$B$4:$V$158,10,FALSE),IF('Summary Sheet'!$M$4=""PB w/ Wood Drawers"",VLOOKUP($B21,'Pwood & PB List'!$B$4:$V$158,14,FALSE),IF('Summary Sheet'!$M$4=""PB w/ PB Drawers"",VLOOKUP($B21,'Pwood & PB List'!$B$4:$V$158,18,FALSE))))",WEO-B24FD,"IF('Summary Sheet'!$M$4=""Plywood"",VLOOKUP($B21,'Pwood & PB List'!$B$4:$V$158,9,FALSE),IF('Summary Sheet'!$M$4=""PB w/ Wood Drawers"",VLOOKUP($B21,'Pwood & PB List'!$B$4:$V$158,13,FALSE),IF('Summary Sheet'!$M$4=""PB w/ PB Drawers"",VLOOKUP($B21,'Pwood & PB List'!$B$4:$V$158,17,FALSE))))",GLG-B24FD,"IF('Summary Sheet'!$M$4=""Plywood"",VLOOKUP($B21,'Pwood & PB List'!$B$4:$V$158,12,FALSE),IF('Summary Sheet'!$M$4=""PB w/ Wood Drawers"",VLOOKUP($B21,'Pwood & PB List'!$B$4:$V$158,16,FALSE),IF('Summary Sheet'!$M$4=""PB w/ PB Drawers"",VLOOKUP($B21,'Pwood & PB List'!$B$4:$V$158,20,FALSE))))",NAO-B24FD,"IF('Summary Sheet'!$M$4=""Plywood"",VLOOKUP($B21,'Pwood & PB List'!$B$4:$V$158,12,FALSE),IF('Summary Sheet'!$M$4=""PB w/ Wood Drawers"",VLOOKUP($B21,'Pwood & PB List'!$B$4:$V$158,16,FALSE),IF('Summary Sheet'!$M$4=""PB w/ PB Drawers"",VLOOKUP($B21,'Pwood & PB List'!$B$4:$V$158,20,FALSE))))",WHO-B24FD,"IF('Summary Sheet'!$M$4=""Plywood"",VLOOKUP($B21,'Pwood & PB List'!$B$4:$V$158,9,FALSE),IF('Summary Sheet'!$M$4=""PB w/ Wood Drawers"",VLOOKUP($B21,'Pwood & PB List'!$B$4:$V$158,13,FALSE),IF('Summary Sheet'!$M$4=""PB w/ PB Drawers"",VLOOKUP($B21,'Pwood & PB List'!$B$4:$V$158,17,FALSE))))",MAW-B24FD,"IF('Summary Sheet'!$M$4=""Plywood"",VLOOKUP($B21,'Pwood & PB List'!$B$4:$V$158,9,FALSE),IF('Summary Sheet'!$M$4=""PB w/ Wood Drawers"",VLOOKUP($B21,'Pwood & PB List'!$B$4:$V$158,13,FALSE),IF('Summary Sheet'!$M$4=""PB w/ PB Drawers"",VLOOKUP($B21,'Pwood & PB List'!$B$4:$V$158,17,FALSE))))",MAG-B24FD,"IF('Summary Sheet'!$M$4=""Plywood"",VLOOKUP($B21,'Pwood & PB List'!$B$4:$V$158,9,FALSE),IF('Summary Sheet'!$M$4=""PB w/ Wood Drawers"",VLOOKUP($B21,'Pwood & PB List'!$B$4:$V$158,13,FALSE),IF('Summary Sheet'!$M$4=""PB w/ PB Drawers"",VLOOKUP($B21,'Pwood & PB List'!$B$4:$V$158,17,FALSE))))",MAB-B24FD,"IF('Summary Sheet'!$M$4=""Plywood"",VLOOKUP($B21,'Pwood & PB List'!$B$4:$V$158,9,FALSE),IF('Summary Sheet'!$M$4=""PB w/ Wood Drawers"",VLOOKUP($B21,'Pwood & PB List'!$B$4:$V$158,13,FALSE),IF('Summary Sheet'!$M$4=""PB w/ PB Drawers"",VLOOKUP($B21,'Pwood & PB List'!$B$4:$V$158,17,FALSE))))",GLB-B24FD,2,
22,"27"" Base Cabinet: 1 Full-Height Door",B27FD,"IF('Summary Sheet'!$M$4=""Plywood"",VLOOKUP($B22,'Pwood & PB List'!$B$4:$V$158,9,FALSE),IF('Summary Sheet'!$M$4=""PB w/ Wood Drawers"",VLOOKUP($B22,'Pwood & PB List'!$B$4:$V$158,13,FALSE),IF('Summary Sheet'!$M$4=""PB w/ PB Drawers"",VLOOKUP($B22,'Pwood & PB List'!$B$4:$V$158,17,FALSE))))",GLW-B27FD,"IF('Summary Sheet'!$M$4=""Plywood"",VLOOKUP($B22,'Pwood & PB List'!$B$4:$V$158,10,FALSE),IF('Summary Sheet'!$M$4=""PB w/ Wood Drawers"",VLOOKUP($B22,'Pwood & PB List'!$B$4:$V$158,14,FALSE),IF('Summary Sheet'!$M$4=""PB w/ PB Drawers"",VLOOKUP($B22,'Pwood & PB List'!$B$4:$V$158,18,FALSE))))",SLO-B27FD,"IF('Summary Sheet'!$M$4=""Plywood"",VLOOKUP($B22,'Pwood & PB List'!$B$4:$V$158,11,FALSE),IF('Summary Sheet'!$M$4=""PB w/ Wood Drawers"",VLOOKUP($B22,'Pwood & PB List'!$B$4:$V$158,15,FALSE),IF('Summary Sheet'!$M$4=""PB w/ PB Drawers"",VLOOKUP($B22,'Pwood & PB List'!$B$4:$V$158,19,FALSE))))",BLW-B27FD,"IF('Summary Sheet'!$M$4=""Plywood"",VLOOKUP($B22,'Pwood & PB List'!$B$4:$V$158,10,FALSE),IF('Summary Sheet'!$M$4=""PB w/ Wood Drawers"",VLOOKUP($B22,'Pwood & PB List'!$B$4:$V$158,14,FALSE),IF('Summary Sheet'!$M$4=""PB w/ PB Drawers"",VLOOKUP($B22,'Pwood & PB List'!$B$4:$V$158,18,FALSE))))",WEO-B27FD,"IF('Summary Sheet'!$M$4=""Plywood"",VLOOKUP($B22,'Pwood & PB List'!$B$4:$V$158,9,FALSE),IF('Summary Sheet'!$M$4=""PB w/ Wood Drawers"",VLOOKUP($B22,'Pwood & PB List'!$B$4:$V$158,13,FALSE),IF('Summary Sheet'!$M$4=""PB w/ PB Drawers"",VLOOKUP($B22,'Pwood & PB List'!$B$4:$V$158,17,FALSE))))",GLG-B27FD,"IF('Summary Sheet'!$M$4=""Plywood"",VLOOKUP($B22,'Pwood & PB List'!$B$4:$V$158,12,FALSE),IF('Summary Sheet'!$M$4=""PB w/ Wood Drawers"",VLOOKUP($B22,'Pwood & PB List'!$B$4:$V$158,16,FALSE),IF('Summary Sheet'!$M$4=""PB w/ PB Drawers"",VLOOKUP($B22,'Pwood & PB List'!$B$4:$V$158,20,FALSE))))",NAO-B27FD,"IF('Summary Sheet'!$M$4=""Plywood"",VLOOKUP($B22,'Pwood & PB List'!$B$4:$V$158,12,FALSE),IF('Summary Sheet'!$M$4=""PB w/ Wood Drawers"",VLOOKUP($B22,'Pwood & PB List'!$B$4:$V$158,16,FALSE),IF('Summary Sheet'!$M$4=""PB w/ PB Drawers"",VLOOKUP($B22,'Pwood & PB List'!$B$4:$V$158,20,FALSE))))",WHO-B27FD,"IF('Summary Sheet'!$M$4=""Plywood"",VLOOKUP($B22,'Pwood & PB List'!$B$4:$V$158,9,FALSE),IF('Summary Sheet'!$M$4=""PB w/ Wood Drawers"",VLOOKUP($B22,'Pwood & PB List'!$B$4:$V$158,13,FALSE),IF('Summary Sheet'!$M$4=""PB w/ PB Drawers"",VLOOKUP($B22,'Pwood & PB List'!$B$4:$V$158,17,FALSE))))",MAW-B27FD,"IF('Summary Sheet'!$M$4=""Plywood"",VLOOKUP($B22,'Pwood & PB List'!$B$4:$V$158,9,FALSE),IF('Summary Sheet'!$M$4=""PB w/ Wood Drawers"",VLOOKUP($B22,'Pwood & PB List'!$B$4:$V$158,13,FALSE),IF('Summary Sheet'!$M$4=""PB w/ PB Drawers"",VLOOKUP($B22,'Pwood & PB List'!$B$4:$V$158,17,FALSE))))",MAG-B27FD,"IF('Summary Sheet'!$M$4=""Plywood"",VLOOKUP($B22,'Pwood & PB List'!$B$4:$V$158,9,FALSE),IF('Summary Sheet'!$M$4=""PB w/ Wood Drawers"",VLOOKUP($B22,'Pwood & PB List'!$B$4:$V$158,13,FALSE),IF('Summary Sheet'!$M$4=""PB w/ PB Drawers"",VLOOKUP($B22,'Pwood & PB List'!$B$4:$V$158,17,FALSE))))",MAB-B27FD,"IF('Summary Sheet'!$M$4=""Plywood"",VLOOKUP($B22,'Pwood & PB List'!$B$4:$V$158,9,FALSE),IF('Summary Sheet'!$M$4=""PB w/ Wood Drawers"",VLOOKUP($B22,'Pwood & PB List'!$B$4:$V$158,13,FALSE),IF('Summary Sheet'!$M$4=""PB w/ PB Drawers"",VLOOKUP($B22,'Pwood & PB List'!$B$4:$V$158,17,FALSE))))",GLB-B27FD,2,
23,"30"" Base Cabinet: 1 Full-Height Door",B30FD,"IF('Summary Sheet'!$M$4=""Plywood"",VLOOKUP($B23,'Pwood & PB List'!$B$4:$V$158,9,FALSE),IF('Summary Sheet'!$M$4=""PB w/ Wood Drawers"",VLOOKUP($B23,'Pwood & PB List'!$B$4:$V$158,13,FALSE),IF('Summary Sheet'!$M$4=""PB w/ PB Drawers"",VLOOKUP($B23,'Pwood & PB List'!$B$4:$V$158,17,FALSE))))",GLW-B30FD,"IF('Summary Sheet'!$M$4=""Plywood"",VLOOKUP($B23,'Pwood & PB List'!$B$4:$V$158,10,FALSE),IF('Summary Sheet'!$M$4=""PB w/ Wood Drawers"",VLOOKUP($B23,'Pwood & PB List'!$B$4:$V$158,14,FALSE),IF('Summary Sheet'!$M$4=""PB w/ PB Drawers"",VLOOKUP($B23,'Pwood & PB List'!$B$4:$V$158,18,FALSE))))",SLO-B30FD,"IF('Summary Sheet'!$M$4=""Plywood"",VLOOKUP($B23,'Pwood & PB List'!$B$4:$V$158,11,FALSE),IF('Summary Sheet'!$M$4=""PB w/ Wood Drawers"",VLOOKUP($B23,'Pwood & PB List'!$B$4:$V$158,15,FALSE),IF('Summary Sheet'!$M$4=""PB w/ PB Drawers"",VLOOKUP($B23,'Pwood & PB List'!$B$4:$V$158,19,FALSE))))",BLW-B30FD,"IF('Summary Sheet'!$M$4=""Plywood"",VLOOKUP($B23,'Pwood & PB List'!$B$4:$V$158,10,FALSE),IF('Summary Sheet'!$M$4=""PB w/ Wood Drawers"",VLOOKUP($B23,'Pwood & PB List'!$B$4:$V$158,14,FALSE),IF('Summary Sheet'!$M$4=""PB w/ PB Drawers"",VLOOKUP($B23,'Pwood & PB List'!$B$4:$V$158,18,FALSE))))",WEO-B30FD,"IF('Summary Sheet'!$M$4=""Plywood"",VLOOKUP($B23,'Pwood & PB List'!$B$4:$V$158,9,FALSE),IF('Summary Sheet'!$M$4=""PB w/ Wood Drawers"",VLOOKUP($B23,'Pwood & PB List'!$B$4:$V$158,13,FALSE),IF('Summary Sheet'!$M$4=""PB w/ PB Drawers"",VLOOKUP($B23,'Pwood & PB List'!$B$4:$V$158,17,FALSE))))",GLG-B30FD,"IF('Summary Sheet'!$M$4=""Plywood"",VLOOKUP($B23,'Pwood & PB List'!$B$4:$V$158,12,FALSE),IF('Summary Sheet'!$M$4=""PB w/ Wood Drawers"",VLOOKUP($B23,'Pwood & PB List'!$B$4:$V$158,16,FALSE),IF('Summary Sheet'!$M$4=""PB w/ PB Drawers"",VLOOKUP($B23,'Pwood & PB List'!$B$4:$V$158,20,FALSE))))",NAO-B30FD,"IF('Summary Sheet'!$M$4=""Plywood"",VLOOKUP($B23,'Pwood & PB List'!$B$4:$V$158,12,FALSE),IF('Summary Sheet'!$M$4=""PB w/ Wood Drawers"",VLOOKUP($B23,'Pwood & PB List'!$B$4:$V$158,16,FALSE),IF('Summary Sheet'!$M$4=""PB w/ PB Drawers"",VLOOKUP($B23,'Pwood & PB List'!$B$4:$V$158,20,FALSE))))",WHO-B30FD,"IF('Summary Sheet'!$M$4=""Plywood"",VLOOKUP($B23,'Pwood & PB List'!$B$4:$V$158,9,FALSE),IF('Summary Sheet'!$M$4=""PB w/ Wood Drawers"",VLOOKUP($B23,'Pwood & PB List'!$B$4:$V$158,13,FALSE),IF('Summary Sheet'!$M$4=""PB w/ PB Drawers"",VLOOKUP($B23,'Pwood & PB List'!$B$4:$V$158,17,FALSE))))",MAW-B30FD,"IF('Summary Sheet'!$M$4=""Plywood"",VLOOKUP($B23,'Pwood & PB List'!$B$4:$V$158,9,FALSE),IF('Summary Sheet'!$M$4=""PB w/ Wood Drawers"",VLOOKUP($B23,'Pwood & PB List'!$B$4:$V$158,13,FALSE),IF('Summary Sheet'!$M$4=""PB w/ PB Drawers"",VLOOKUP($B23,'Pwood & PB List'!$B$4:$V$158,17,FALSE))))",MAG-B30FD,"IF('Summary Sheet'!$M$4=""Plywood"",VLOOKUP($B23,'Pwood & PB List'!$B$4:$V$158,9,FALSE),IF('Summary Sheet'!$M$4=""PB w/ Wood Drawers"",VLOOKUP($B23,'Pwood & PB List'!$B$4:$V$158,13,FALSE),IF('Summary Sheet'!$M$4=""PB w/ PB Drawers"",VLOOKUP($B23,'Pwood & PB List'!$B$4:$V$158,17,FALSE))))",MAB-B30FD,"IF('Summary Sheet'!$M$4=""Plywood"",VLOOKUP($B23,'Pwood & PB List'!$B$4:$V$158,9,FALSE),IF('Summary Sheet'!$M$4=""PB w/ Wood Drawers"",VLOOKUP($B23,'Pwood & PB List'!$B$4:$V$158,13,FALSE),IF('Summary Sheet'!$M$4=""PB w/ PB Drawers"",VLOOKUP($B23,'Pwood & PB List'!$B$4:$V$158,17,FALSE))))",GLB-B30FD,2,
24,"33"" Base Cabinet: 1 Full-Height Door",B33FD,"IF('Summary Sheet'!$M$4=""Plywood"",VLOOKUP($B24,'Pwood & PB List'!$B$4:$V$158,9,FALSE),IF('Summary Sheet'!$M$4=""PB w/ Wood Drawers"",VLOOKUP($B24,'Pwood & PB List'!$B$4:$V$158,13,FALSE),IF('Summary Sheet'!$M$4=""PB w/ PB Drawers"",VLOOKUP($B24,'Pwood & PB List'!$B$4:$V$158,17,FALSE))))",GLW-B33FD,"IF('Summary Sheet'!$M$4=""Plywood"",VLOOKUP($B24,'Pwood & PB List'!$B$4:$V$158,10,FALSE),IF('Summary Sheet'!$M$4=""PB w/ Wood Drawers"",VLOOKUP($B24,'Pwood & PB List'!$B$4:$V$158,14,FALSE),IF('Summary Sheet'!$M$4=""PB w/ PB Drawers"",VLOOKUP($B24,'Pwood & PB List'!$B$4:$V$158,18,FALSE))))",SLO-B33FD,"IF('Summary Sheet'!$M$4=""Plywood"",VLOOKUP($B24,'Pwood & PB List'!$B$4:$V$158,11,FALSE),IF('Summary Sheet'!$M$4=""PB w/ Wood Drawers"",VLOOKUP($B24,'Pwood & PB List'!$B$4:$V$158,15,FALSE),IF('Summary Sheet'!$M$4=""PB w/ PB Drawers"",VLOOKUP($B24,'Pwood & PB List'!$B$4:$V$158,19,FALSE))))",BLW-B33FD,"IF('Summary Sheet'!$M$4=""Plywood"",VLOOKUP($B24,'Pwood & PB List'!$B$4:$V$158,10,FALSE),IF('Summary Sheet'!$M$4=""PB w/ Wood Drawers"",VLOOKUP($B24,'Pwood & PB List'!$B$4:$V$158,14,FALSE),IF('Summary Sheet'!$M$4=""PB w/ PB Drawers"",VLOOKUP($B24,'Pwood & PB List'!$B$4:$V$158,18,FALSE))))",WEO-B33FD,"IF('Summary Sheet'!$M$4=""Plywood"",VLOOKUP($B24,'Pwood & PB List'!$B$4:$V$158,9,FALSE),IF('Summary Sheet'!$M$4=""PB w/ Wood Drawers"",VLOOKUP($B24,'Pwood & PB List'!$B$4:$V$158,13,FALSE),IF('Summary Sheet'!$M$4=""PB w/ PB Drawers"",VLOOKUP($B24,'Pwood & PB List'!$B$4:$V$158,17,FALSE))))",GLG-B33FD,"IF('Summary Sheet'!$M$4=""Plywood"",VLOOKUP($B24,'Pwood & PB List'!$B$4:$V$158,12,FALSE),IF('Summary Sheet'!$M$4=""PB w/ Wood Drawers"",VLOOKUP($B24,'Pwood & PB List'!$B$4:$V$158,16,FALSE),IF('Summary Sheet'!$M$4=""PB w/ PB Drawers"",VLOOKUP($B24,'Pwood & PB List'!$B$4:$V$158,20,FALSE))))",NAO-B33FD,"IF('Summary Sheet'!$M$4=""Plywood"",VLOOKUP($B24,'Pwood & PB List'!$B$4:$V$158,12,FALSE),IF('Summary Sheet'!$M$4=""PB w/ Wood Drawers"",VLOOKUP($B24,'Pwood & PB List'!$B$4:$V$158,16,FALSE),IF('Summary Sheet'!$M$4=""PB w/ PB Drawers"",VLOOKUP($B24,'Pwood & PB List'!$B$4:$V$158,20,FALSE))))",WHO-B33FD,"IF('Summary Sheet'!$M$4=""Plywood"",VLOOKUP($B24,'Pwood & PB List'!$B$4:$V$158,9,FALSE),IF('Summary Sheet'!$M$4=""PB w/ Wood Drawers"",VLOOKUP($B24,'Pwood & PB List'!$B$4:$V$158,13,FALSE),IF('Summary Sheet'!$M$4=""PB w/ PB Drawers"",VLOOKUP($B24,'Pwood & PB List'!$B$4:$V$158,17,FALSE))))",MAW-B33FD,"IF('Summary Sheet'!$M$4=""Plywood"",VLOOKUP($B24,'Pwood & PB List'!$B$4:$V$158,9,FALSE),IF('Summary Sheet'!$M$4=""PB w/ Wood Drawers"",VLOOKUP($B24,'Pwood & PB List'!$B$4:$V$158,13,FALSE),IF('Summary Sheet'!$M$4=""PB w/ PB Drawers"",VLOOKUP($B24,'Pwood & PB List'!$B$4:$V$158,17,FALSE))))",MAG-B33FD,"IF('Summary Sheet'!$M$4=""Plywood"",VLOOKUP($B24,'Pwood & PB List'!$B$4:$V$158,9,FALSE),IF('Summary Sheet'!$M$4=""PB w/ Wood Drawers"",VLOOKUP($B24,'Pwood & PB List'!$B$4:$V$158,13,FALSE),IF('Summary Sheet'!$M$4=""PB w/ PB Drawers"",VLOOKUP($B24,'Pwood & PB List'!$B$4:$V$158,17,FALSE))))",MAB-B33FD,"IF('Summary Sheet'!$M$4=""Plywood"",VLOOKUP($B24,'Pwood & PB List'!$B$4:$V$158,9,FALSE),IF('Summary Sheet'!$M$4=""PB w/ Wood Drawers"",VLOOKUP($B24,'Pwood & PB List'!$B$4:$V$158,13,FALSE),IF('Summary Sheet'!$M$4=""PB w/ PB Drawers"",VLOOKUP($B24,'Pwood & PB List'!$B$4:$V$158,17,FALSE))))",GLB-B33FD,2,
25,"36"" Base Cabinet: 1 Full-Height Door",B36FD,"IF('Summary Sheet'!$M$4=""Plywood"",VLOOKUP($B25,'Pwood & PB List'!$B$4:$V$158,9,FALSE),IF('Summary Sheet'!$M$4=""PB w/ Wood Drawers"",VLOOKUP($B25,'Pwood & PB List'!$B$4:$V$158,13,FALSE),IF('Summary Sheet'!$M$4=""PB w/ PB Drawers"",VLOOKUP($B25,'Pwood & PB List'!$B$4:$V$158,17,FALSE))))",GLW-B36FD,"IF('Summary Sheet'!$M$4=""Plywood"",VLOOKUP($B25,'Pwood & PB List'!$B$4:$V$158,10,FALSE),IF('Summary Sheet'!$M$4=""PB w/ Wood Drawers"",VLOOKUP($B25,'Pwood & PB List'!$B$4:$V$158,14,FALSE),IF('Summary Sheet'!$M$4=""PB w/ PB Drawers"",VLOOKUP($B25,'Pwood & PB List'!$B$4:$V$158,18,FALSE))))",SLO-B36FD,"IF('Summary Sheet'!$M$4=""Plywood"",VLOOKUP($B25,'Pwood & PB List'!$B$4:$V$158,11,FALSE),IF('Summary Sheet'!$M$4=""PB w/ Wood Drawers"",VLOOKUP($B25,'Pwood & PB List'!$B$4:$V$158,15,FALSE),IF('Summary Sheet'!$M$4=""PB w/ PB Drawers"",VLOOKUP($B25,'Pwood & PB List'!$B$4:$V$158,19,FALSE))))",BLW-B36FD,"IF('Summary Sheet'!$M$4=""Plywood"",VLOOKUP($B25,'Pwood & PB List'!$B$4:$V$158,10,FALSE),IF('Summary Sheet'!$M$4=""PB w/ Wood Drawers"",VLOOKUP($B25,'Pwood & PB List'!$B$4:$V$158,14,FALSE),IF('Summary Sheet'!$M$4=""PB w/ PB Drawers"",VLOOKUP($B25,'Pwood & PB List'!$B$4:$V$158,18,FALSE))))",WEO-B36FD,"IF('Summary Sheet'!$M$4=""Plywood"",VLOOKUP($B25,'Pwood & PB List'!$B$4:$V$158,9,FALSE),IF('Summary Sheet'!$M$4=""PB w/ Wood Drawers"",VLOOKUP($B25,'Pwood & PB List'!$B$4:$V$158,13,FALSE),IF('Summary Sheet'!$M$4=""PB w/ PB Drawers"",VLOOKUP($B25,'Pwood & PB List'!$B$4:$V$158,17,FALSE))))",GLG-B36FD,"IF('Summary Sheet'!$M$4=""Plywood"",VLOOKUP($B25,'Pwood & PB List'!$B$4:$V$158,12,FALSE),IF('Summary Sheet'!$M$4=""PB w/ Wood Drawers"",VLOOKUP($B25,'Pwood & PB List'!$B$4:$V$158,16,FALSE),IF('Summary Sheet'!$M$4=""PB w/ PB Drawers"",VLOOKUP($B25,'Pwood & PB List'!$B$4:$V$158,20,FALSE))))",NAO-B36FD,"IF('Summary Sheet'!$M$4=""Plywood"",VLOOKUP($B25,'Pwood & PB List'!$B$4:$V$158,12,FALSE),IF('Summary Sheet'!$M$4=""PB w/ Wood Drawers"",VLOOKUP($B25,'Pwood & PB List'!$B$4:$V$158,16,FALSE),IF('Summary Sheet'!$M$4=""PB w/ PB Drawers"",VLOOKUP($B25,'Pwood & PB List'!$B$4:$V$158,20,FALSE))))",WHO-B36FD,"IF('Summary Sheet'!$M$4=""Plywood"",VLOOKUP($B25,'Pwood & PB List'!$B$4:$V$158,9,FALSE),IF('Summary Sheet'!$M$4=""PB w/ Wood Drawers"",VLOOKUP($B25,'Pwood & PB List'!$B$4:$V$158,13,FALSE),IF('Summary Sheet'!$M$4=""PB w/ PB Drawers"",VLOOKUP($B25,'Pwood & PB List'!$B$4:$V$158,17,FALSE))))",MAW-B36FD,"IF('Summary Sheet'!$M$4=""Plywood"",VLOOKUP($B25,'Pwood & PB List'!$B$4:$V$158,9,FALSE),IF('Summary Sheet'!$M$4=""PB w/ Wood Drawers"",VLOOKUP($B25,'Pwood & PB List'!$B$4:$V$158,13,FALSE),IF('Summary Sheet'!$M$4=""PB w/ PB Drawers"",VLOOKUP($B25,'Pwood & PB List'!$B$4:$V$158,17,FALSE))))",MAG-B36FD,"IF('Summary Sheet'!$M$4=""Plywood"",VLOOKUP($B25,'Pwood & PB List'!$B$4:$V$158,9,FALSE),IF('Summary Sheet'!$M$4=""PB w/ Wood Drawers"",VLOOKUP($B25,'Pwood & PB List'!$B$4:$V$158,13,FALSE),IF('Summary Sheet'!$M$4=""PB w/ PB Drawers"",VLOOKUP($B25,'Pwood & PB List'!$B$4:$V$158,17,FALSE))))",MAB-B36FD,"IF('Summary Sheet'!$M$4=""Plywood"",VLOOKUP($B25,'Pwood & PB List'!$B$4:$V$158,9,FALSE),IF('Summary Sheet'!$M$4=""PB w/ Wood Drawers"",VLOOKUP($B25,'Pwood & PB List'!$B$4:$V$158,13,FALSE),IF('Summary Sheet'!$M$4=""PB w/ PB Drawers"",VLOOKUP($B25,'Pwood & PB List'!$B$4:$V$158,17,FALSE))))",GLB-B36FD,2,
26,"Drawer Base Cabinets with 3 Drawers, 24"" Depth",,,,,,,,,,,,,,,,,,,,,,,,,
27,"12"" Drawer Base Cabinet: 3 Drawers",3DB12,"IF('Summary Sheet'!$M$4=""Plywood"",VLOOKUP($B27,'Pwood & PB List'!$B$4:$V$158,9,FALSE),IF('Summary Sheet'!$M$4=""PB w/ Wood Drawers"",VLOOKUP($B27,'Pwood & PB List'!$B$4:$V$158,13,FALSE),IF('Summary Sheet'!$M$4=""PB w/ PB Drawers"",VLOOKUP($B27,'Pwood & PB List'!$B$4:$V$158,17,FALSE))))","CONCATENATE(""GLW-"",B27)","IF('Summary Sheet'!$M$4=""Plywood"",VLOOKUP($B27,'Pwood & PB List'!$B$4:$V$158,10,FALSE),IF('Summary Sheet'!$M$4=""PB w/ Wood Drawers"",VLOOKUP($B27,'Pwood & PB List'!$B$4:$V$158,14,FALSE),IF('Summary Sheet'!$M$4=""PB w/ PB Drawers"",VLOOKUP($B27,'Pwood & PB List'!$B$4:$V$158,18,FALSE))))","CONCATENATE(""SLO-"",B27)","IF('Summary Sheet'!$M$4=""Plywood"",VLOOKUP($B27,'Pwood & PB List'!$B$4:$V$158,11,FALSE),IF('Summary Sheet'!$M$4=""PB w/ Wood Drawers"",VLOOKUP($B27,'Pwood & PB List'!$B$4:$V$158,15,FALSE),IF('Summary Sheet'!$M$4=""PB w/ PB Drawers"",VLOOKUP($B27,'Pwood & PB List'!$B$4:$V$158,19,FALSE))))","CONCATENATE(""BLW-"",B27)","IF('Summary Sheet'!$M$4=""Plywood"",VLOOKUP($B27,'Pwood & PB List'!$B$4:$V$158,10,FALSE),IF('Summary Sheet'!$M$4=""PB w/ Wood Drawers"",VLOOKUP($B27,'Pwood & PB List'!$B$4:$V$158,14,FALSE),IF('Summary Sheet'!$M$4=""PB w/ PB Drawers"",VLOOKUP($B27,'Pwood & PB List'!$B$4:$V$158,18,FALSE))))","CONCATENATE(""WEO-"",B27)","IF('Summary Sheet'!$M$4=""Plywood"",VLOOKUP($B27,'Pwood & PB List'!$B$4:$V$158,9,FALSE),IF('Summary Sheet'!$M$4=""PB w/ Wood Drawers"",VLOOKUP($B27,'Pwood & PB List'!$B$4:$V$158,13,FALSE),IF('Summary Sheet'!$M$4=""PB w/ PB Drawers"",VLOOKUP($B27,'Pwood & PB List'!$B$4:$V$158,17,FALSE))))","CONCATENATE(""GLG-"",B27)","IF('Summary Sheet'!$M$4=""Plywood"",VLOOKUP($B27,'Pwood & PB List'!$B$4:$V$158,12,FALSE),IF('Summary Sheet'!$M$4=""PB w/ Wood Drawers"",VLOOKUP($B27,'Pwood & PB List'!$B$4:$V$158,16,FALSE),IF('Summary Sheet'!$M$4=""PB w/ PB Drawers"",VLOOKUP($B27,'Pwood & PB List'!$B$4:$V$158,20,FALSE))))","CONCATENATE(""NAO-"",B27)","IF('Summary Sheet'!$M$4=""Plywood"",VLOOKUP($B27,'Pwood & PB List'!$B$4:$V$158,12,FALSE),IF('Summary Sheet'!$M$4=""PB w/ Wood Drawers"",VLOOKUP($B27,'Pwood & PB List'!$B$4:$V$158,16,FALSE),IF('Summary Sheet'!$M$4=""PB w/ PB Drawers"",VLOOKUP($B27,'Pwood & PB List'!$B$4:$V$158,20,FALSE))))","CONCATENATE(""WHO-"",B27)","IF('Summary Sheet'!$M$4=""Plywood"",VLOOKUP($B27,'Pwood & PB List'!$B$4:$V$158,9,FALSE),IF('Summary Sheet'!$M$4=""PB w/ Wood Drawers"",VLOOKUP($B27,'Pwood & PB List'!$B$4:$V$158,13,FALSE),IF('Summary Sheet'!$M$4=""PB w/ PB Drawers"",VLOOKUP($B27,'Pwood & PB List'!$B$4:$V$158,17,FALSE))))","CONCATENATE(""MAW-"",B27)","IF('Summary Sheet'!$M$4=""Plywood"",VLOOKUP($B27,'Pwood & PB List'!$B$4:$V$158,9,FALSE),IF('Summary Sheet'!$M$4=""PB w/ Wood Drawers"",VLOOKUP($B27,'Pwood & PB List'!$B$4:$V$158,13,FALSE),IF('Summary Sheet'!$M$4=""PB w/ PB Drawers"",VLOOKUP($B27,'Pwood & PB List'!$B$4:$V$158,17,FALSE))))","CONCATENATE(""MAG-"",B27)","IF('Summary Sheet'!$M$4=""Plywood"",VLOOKUP($B27,'Pwood & PB List'!$B$4:$V$158,9,FALSE),IF('Summary Sheet'!$M$4=""PB w/ Wood Drawers"",VLOOKUP($B27,'Pwood & PB List'!$B$4:$V$158,13,FALSE),IF('Summary Sheet'!$M$4=""PB w/ PB Drawers"",VLOOKUP($B27,'Pwood & PB List'!$B$4:$V$158,17,FALSE))))","CONCATENATE(""MAB-"",B27)","IF('Summary Sheet'!$M$4=""Plywood"",VLOOKUP($B27,'Pwood & PB List'!$B$4:$V$158,9,FALSE),IF('Summary Sheet'!$M$4=""PB w/ Wood Drawers"",VLOOKUP($B27,'Pwood & PB List'!$B$4:$V$158,13,FALSE),IF('Summary Sheet'!$M$4=""PB w/ PB Drawers"",VLOOKUP($B27,'Pwood & PB List'!$B$4:$V$158,17,FALSE))))","CONCATENATE(""GLB-"",B27)",3,
28,"15"" Drawer Base Cabinet: 3 Drawers",3DB15,"IF('Summary Sheet'!$M$4=""Plywood"",VLOOKUP($B28,'Pwood & PB List'!$B$4:$V$158,9,FALSE),IF('Summary Sheet'!$M$4=""PB w/ Wood Drawers"",VLOOKUP($B28,'Pwood & PB List'!$B$4:$V$158,13,FALSE),IF('Summary Sheet'!$M$4=""PB w/ PB Drawers"",VLOOKUP($B28,'Pwood & PB List'!$B$4:$V$158,17,FALSE))))",GLW-3DB15,"IF('Summary Sheet'!$M$4=""Plywood"",VLOOKUP($B28,'Pwood & PB List'!$B$4:$V$158,10,FALSE),IF('Summary Sheet'!$M$4=""PB w/ Wood Drawers"",VLOOKUP($B28,'Pwood & PB List'!$B$4:$V$158,14,FALSE),IF('Summary Sheet'!$M$4=""PB w/ PB Drawers"",VLOOKUP($B28,'Pwood & PB List'!$B$4:$V$158,18,FALSE))))",SLO-3DB15,"IF('Summary Sheet'!$M$4=""Plywood"",VLOOKUP($B28,'Pwood & PB List'!$B$4:$V$158,11,FALSE),IF('Summary Sheet'!$M$4=""PB w/ Wood Drawers"",VLOOKUP($B28,'Pwood & PB List'!$B$4:$V$158,15,FALSE),IF('Summary Sheet'!$M$4=""PB w/ PB Drawers"",VLOOKUP($B28,'Pwood & PB List'!$B$4:$V$158,19,FALSE))))",BLW-3DB15,"IF('Summary Sheet'!$M$4=""Plywood"",VLOOKUP($B28,'Pwood & PB List'!$B$4:$V$158,10,FALSE),IF('Summary Sheet'!$M$4=""PB w/ Wood Drawers"",VLOOKUP($B28,'Pwood & PB List'!$B$4:$V$158,14,FALSE),IF('Summary Sheet'!$M$4=""PB w/ PB Drawers"",VLOOKUP($B28,'Pwood & PB List'!$B$4:$V$158,18,FALSE))))",WEO-3DB15,"IF('Summary Sheet'!$M$4=""Plywood"",VLOOKUP($B28,'Pwood & PB List'!$B$4:$V$158,9,FALSE),IF('Summary Sheet'!$M$4=""PB w/ Wood Drawers"",VLOOKUP($B28,'Pwood & PB List'!$B$4:$V$158,13,FALSE),IF('Summary Sheet'!$M$4=""PB w/ PB Drawers"",VLOOKUP($B28,'Pwood & PB List'!$B$4:$V$158,17,FALSE))))",GLG-3DB15,"IF('Summary Sheet'!$M$4=""Plywood"",VLOOKUP($B28,'Pwood & PB List'!$B$4:$V$158,12,FALSE),IF('Summary Sheet'!$M$4=""PB w/ Wood Drawers"",VLOOKUP($B28,'Pwood & PB List'!$B$4:$V$158,16,FALSE),IF('Summary Sheet'!$M$4=""PB w/ PB Drawers"",VLOOKUP($B28,'Pwood & PB List'!$B$4:$V$158,20,FALSE))))",NAO-3DB15,"IF('Summary Sheet'!$M$4=""Plywood"",VLOOKUP($B28,'Pwood & PB List'!$B$4:$V$158,12,FALSE),IF('Summary Sheet'!$M$4=""PB w/ Wood Drawers"",VLOOKUP($B28,'Pwood & PB List'!$B$4:$V$158,16,FALSE),IF('Summary Sheet'!$M$4=""PB w/ PB Drawers"",VLOOKUP($B28,'Pwood & PB List'!$B$4:$V$158,20,FALSE))))",WHO-3DB15,"IF('Summary Sheet'!$M$4=""Plywood"",VLOOKUP($B28,'Pwood & PB List'!$B$4:$V$158,9,FALSE),IF('Summary Sheet'!$M$4=""PB w/ Wood Drawers"",VLOOKUP($B28,'Pwood & PB List'!$B$4:$V$158,13,FALSE),IF('Summary Sheet'!$M$4=""PB w/ PB Drawers"",VLOOKUP($B28,'Pwood & PB List'!$B$4:$V$158,17,FALSE))))",MAW-3DB15,"IF('Summary Sheet'!$M$4=""Plywood"",VLOOKUP($B28,'Pwood & PB List'!$B$4:$V$158,9,FALSE),IF('Summary Sheet'!$M$4=""PB w/ Wood Drawers"",VLOOKUP($B28,'Pwood & PB List'!$B$4:$V$158,13,FALSE),IF('Summary Sheet'!$M$4=""PB w/ PB Drawers"",VLOOKUP($B28,'Pwood & PB List'!$B$4:$V$158,17,FALSE))))",MAG-3DB15,"IF('Summary Sheet'!$M$4=""Plywood"",VLOOKUP($B28,'Pwood & PB List'!$B$4:$V$158,9,FALSE),IF('Summary Sheet'!$M$4=""PB w/ Wood Drawers"",VLOOKUP($B28,'Pwood & PB List'!$B$4:$V$158,13,FALSE),IF('Summary Sheet'!$M$4=""PB w/ PB Drawers"",VLOOKUP($B28,'Pwood & PB List'!$B$4:$V$158,17,FALSE))))",MAB-3DB15,"IF('Summary Sheet'!$M$4=""Plywood"",VLOOKUP($B28,'Pwood & PB List'!$B$4:$V$158,9,FALSE),IF('Summary Sheet'!$M$4=""PB w/ Wood Drawers"",VLOOKUP($B28,'Pwood & PB List'!$B$4:$V$158,13,FALSE),IF('Summary Sheet'!$M$4=""PB w/ PB Drawers"",VLOOKUP($B28,'Pwood & PB List'!$B$4:$V$158,17,FALSE))))",GLB-3DB15,3,
29,"18"" Drawer Base Cabinet: 3 Drawers",3DB18,"IF('Summary Sheet'!$M$4=""Plywood"",VLOOKUP($B29,'Pwood & PB List'!$B$4:$V$158,9,FALSE),IF('Summary Sheet'!$M$4=""PB w/ Wood Drawers"",VLOOKUP($B29,'Pwood & PB List'!$B$4:$V$158,13,FALSE),IF('Summary Sheet'!$M$4=""PB w/ PB Drawers"",VLOOKUP($B29,'Pwood & PB List'!$B$4:$V$158,17,FALSE))))",GLW-3DB18,"IF('Summary Sheet'!$M$4=""Plywood"",VLOOKUP($B29,'Pwood & PB List'!$B$4:$V$158,10,FALSE),IF('Summary Sheet'!$M$4=""PB w/ Wood Drawers"",VLOOKUP($B29,'Pwood & PB List'!$B$4:$V$158,14,FALSE),IF('Summary Sheet'!$M$4=""PB w/ PB Drawers"",VLOOKUP($B29,'Pwood & PB List'!$B$4:$V$158,18,FALSE))))",SLO-3DB18,"IF('Summary Sheet'!$M$4=""Plywood"",VLOOKUP($B29,'Pwood & PB List'!$B$4:$V$158,11,FALSE),IF('Summary Sheet'!$M$4=""PB w/ Wood Drawers"",VLOOKUP($B29,'Pwood & PB List'!$B$4:$V$158,15,FALSE),IF('Summary Sheet'!$M$4=""PB w/ PB Drawers"",VLOOKUP($B29,'Pwood & PB List'!$B$4:$V$158,19,FALSE))))",BLW-3DB18,"IF('Summary Sheet'!$M$4=""Plywood"",VLOOKUP($B29,'Pwood & PB List'!$B$4:$V$158,10,FALSE),IF('Summary Sheet'!$M$4=""PB w/ Wood Drawers"",VLOOKUP($B29,'Pwood & PB List'!$B$4:$V$158,14,FALSE),IF('Summary Sheet'!$M$4=""PB w/ PB Drawers"",VLOOKUP($B29,'Pwood & PB List'!$B$4:$V$158,18,FALSE))))",WEO-3DB18,"IF('Summary Sheet'!$M$4=""Plywood"",VLOOKUP($B29,'Pwood & PB List'!$B$4:$V$158,9,FALSE),IF('Summary Sheet'!$M$4=""PB w/ Wood Drawers"",VLOOKUP($B29,'Pwood & PB List'!$B$4:$V$158,13,FALSE),IF('Summary Sheet'!$M$4=""PB w/ PB Drawers"",VLOOKUP($B29,'Pwood & PB List'!$B$4:$V$158,17,FALSE))))",GLG-3DB18,"IF('Summary Sheet'!$M$4=""Plywood"",VLOOKUP($B29,'Pwood & PB List'!$B$4:$V$158,12,FALSE),IF('Summary Sheet'!$M$4=""PB w/ Wood Drawers"",VLOOKUP($B29,'Pwood & PB List'!$B$4:$V$158,16,FALSE),IF('Summary Sheet'!$M$4=""PB w/ PB Drawers"",VLOOKUP($B29,'Pwood & PB List'!$B$4:$V$158,20,FALSE))))",NAO-3DB18,"IF('Summary Sheet'!$M$4=""Plywood"",VLOOKUP($B29,'Pwood & PB List'!$B$4:$V$158,12,FALSE),IF('Summary Sheet'!$M$4=""PB w/ Wood Drawers"",VLOOKUP($B29,'Pwood & PB List'!$B$4:$V$158,16,FALSE),IF('Summary Sheet'!$M$4=""PB w/ PB Drawers"",VLOOKUP($B29,'Pwood & PB List'!$B$4:$V$158,20,FALSE))))",WHO-3DB18,"IF('Summary Sheet'!$M$4=""Plywood"",VLOOKUP($B29,'Pwood & PB List'!$B$4:$V$158,9,FALSE),IF('Summary Sheet'!$M$4=""PB w/ Wood Drawers"",VLOOKUP($B29,'Pwood & PB List'!$B$4:$V$158,13,FALSE),IF('Summary Sheet'!$M$4=""PB w/ PB Drawers"",VLOOKUP($B29,'Pwood & PB List'!$B$4:$V$158,17,FALSE))))",MAW-3DB18,"IF('Summary Sheet'!$M$4=""Plywood"",VLOOKUP($B29,'Pwood & PB List'!$B$4:$V$158,9,FALSE),IF('Summary Sheet'!$M$4=""PB w/ Wood Drawers"",VLOOKUP($B29,'Pwood & PB List'!$B$4:$V$158,13,FALSE),IF('Summary Sheet'!$M$4=""PB w/ PB Drawers"",VLOOKUP($B29,'Pwood & PB List'!$B$4:$V$158,17,FALSE))))",MAG-3DB18,"IF('Summary Sheet'!$M$4=""Plywood"",VLOOKUP($B29,'Pwood & PB List'!$B$4:$V$158,9,FALSE),IF('Summary Sheet'!$M$4=""PB w/ Wood Drawers"",VLOOKUP($B29,'Pwood & PB List'!$B$4:$V$158,13,FALSE),IF('Summary Sheet'!$M$4=""PB w/ PB Drawers"",VLOOKUP($B29,'Pwood & PB List'!$B$4:$V$158,17,FALSE))))",MAB-3DB18,"IF('Summary Sheet'!$M$4=""Plywood"",VLOOKUP($B29,'Pwood & PB List'!$B$4:$V$158,9,FALSE),IF('Summary Sheet'!$M$4=""PB w/ Wood Drawers"",VLOOKUP($B29,'Pwood & PB List'!$B$4:$V$158,13,FALSE),IF('Summary Sheet'!$M$4=""PB w/ PB Drawers"",VLOOKUP($B29,'Pwood & PB List'!$B$4:$V$158,17,FALSE))))",GLB-3DB18,3,
30,"21"" Drawer Base Cabinet: 3 Drawers",3DB21,"IF('Summary Sheet'!$M$4=""Plywood"",VLOOKUP($B30,'Pwood & PB List'!$B$4:$V$158,9,FALSE),IF('Summary Sheet'!$M$4=""PB w/ Wood Drawers"",VLOOKUP($B30,'Pwood & PB List'!$B$4:$V$158,13,FALSE),IF('Summary Sheet'!$M$4=""PB w/ PB Drawers"",VLOOKUP($B30,'Pwood & PB List'!$B$4:$V$158,17,FALSE))))",GLW-3DB21,"IF('Summary Sheet'!$M$4=""Plywood"",VLOOKUP($B30,'Pwood & PB List'!$B$4:$V$158,10,FALSE),IF('Summary Sheet'!$M$4=""PB w/ Wood Drawers"",VLOOKUP($B30,'Pwood & PB List'!$B$4:$V$158,14,FALSE),IF('Summary Sheet'!$M$4=""PB w/ PB Drawers"",VLOOKUP($B30,'Pwood & PB List'!$B$4:$V$158,18,FALSE))))",SLO-3DB21,"IF('Summary Sheet'!$M$4=""Plywood"",VLOOKUP($B30,'Pwood & PB List'!$B$4:$V$158,11,FALSE),IF('Summary Sheet'!$M$4=""PB w/ Wood Drawers"",VLOOKUP($B30,'Pwood & PB List'!$B$4:$V$158,15,FALSE),IF('Summary Sheet'!$M$4=""PB w/ PB Drawers"",VLOOKUP($B30,'Pwood & PB List'!$B$4:$V$158,19,FALSE))))",BLW-3DB21,"IF('Summary Sheet'!$M$4=""Plywood"",VLOOKUP($B30,'Pwood & PB List'!$B$4:$V$158,10,FALSE),IF('Summary Sheet'!$M$4=""PB w/ Wood Drawers"",VLOOKUP($B30,'Pwood & PB List'!$B$4:$V$158,14,FALSE),IF('Summary Sheet'!$M$4=""PB w/ PB Drawers"",VLOOKUP($B30,'Pwood & PB List'!$B$4:$V$158,18,FALSE))))",WEO-3DB21,"IF('Summary Sheet'!$M$4=""Plywood"",VLOOKUP($B30,'Pwood & PB List'!$B$4:$V$158,9,FALSE),IF('Summary Sheet'!$M$4=""PB w/ Wood Drawers"",VLOOKUP($B30,'Pwood & PB List'!$B$4:$V$158,13,FALSE),IF('Summary Sheet'!$M$4=""PB w/ PB Drawers"",VLOOKUP($B30,'Pwood & PB List'!$B$4:$V$158,17,FALSE))))",GLG-3DB21,"IF('Summary Sheet'!$M$4=""Plywood"",VLOOKUP($B30,'Pwood & PB List'!$B$4:$V$158,12,FALSE),IF('Summary Sheet'!$M$4=""PB w/ Wood Drawers"",VLOOKUP($B30,'Pwood & PB List'!$B$4:$V$158,16,FALSE),IF('Summary Sheet'!$M$4=""PB w/ PB Drawers"",VLOOKUP($B30,'Pwood & PB List'!$B$4:$V$158,20,FALSE))))",NAO-3DB21,"IF('Summary Sheet'!$M$4=""Plywood"",VLOOKUP($B30,'Pwood & PB List'!$B$4:$V$158,12,FALSE),IF('Summary Sheet'!$M$4=""PB w/ Wood Drawers"",VLOOKUP($B30,'Pwood & PB List'!$B$4:$V$158,16,FALSE),IF('Summary Sheet'!$M$4=""PB w/ PB Drawers"",VLOOKUP($B30,'Pwood & PB List'!$B$4:$V$158,20,FALSE))))",WHO-3DB21,"IF('Summary Sheet'!$M$4=""Plywood"",VLOOKUP($B30,'Pwood & PB List'!$B$4:$V$158,9,FALSE),IF('Summary Sheet'!$M$4=""PB w/ Wood Drawers"",VLOOKUP($B30,'Pwood & PB List'!$B$4:$V$158,13,FALSE),IF('Summary Sheet'!$M$4=""PB w/ PB Drawers"",VLOOKUP($B30,'Pwood & PB List'!$B$4:$V$158,17,FALSE))))",MAW-3DB21,"IF('Summary Sheet'!$M$4=""Plywood"",VLOOKUP($B30,'Pwood & PB List'!$B$4:$V$158,9,FALSE),IF('Summary Sheet'!$M$4=""PB w/ Wood Drawers"",VLOOKUP($B30,'Pwood & PB List'!$B$4:$V$158,13,FALSE),IF('Summary Sheet'!$M$4=""PB w/ PB Drawers"",VLOOKUP($B30,'Pwood & PB List'!$B$4:$V$158,17,FALSE))))",MAG-3DB21,"IF('Summary Sheet'!$M$4=""Plywood"",VLOOKUP($B30,'Pwood & PB List'!$B$4:$V$158,9,FALSE),IF('Summary Sheet'!$M$4=""PB w/ Wood Drawers"",VLOOKUP($B30,'Pwood & PB List'!$B$4:$V$158,13,FALSE),IF('Summary Sheet'!$M$4=""PB w/ PB Drawers"",VLOOKUP($B30,'Pwood & PB List'!$B$4:$V$158,17,FALSE))))",MAB-3DB21,"IF('Summary Sheet'!$M$4=""Plywood"",VLOOKUP($B30,'Pwood & PB List'!$B$4:$V$158,9,FALSE),IF('Summary Sheet'!$M$4=""PB w/ Wood Drawers"",VLOOKUP($B30,'Pwood & PB List'!$B$4:$V$158,13,FALSE),IF('Summary Sheet'!$M$4=""PB w/ PB Drawers"",VLOOKUP($B30,'Pwood & PB List'!$B$4:$V$158,17,FALSE))))",GLB-3DB21,3,
31,"24"" Drawer Base Cabinet: 3 Drawers",3DB24,"IF('Summary Sheet'!$M$4=""Plywood"",VLOOKUP($B31,'Pwood & PB List'!$B$4:$V$158,9,FALSE),IF('Summary Sheet'!$M$4=""PB w/ Wood Drawers"",VLOOKUP($B31,'Pwood & PB List'!$B$4:$V$158,13,FALSE),IF('Summary Sheet'!$M$4=""PB w/ PB Drawers"",VLOOKUP($B31,'Pwood & PB List'!$B$4:$V$158,17,FALSE))))",GLW-3DB24,"IF('Summary Sheet'!$M$4=""Plywood"",VLOOKUP($B31,'Pwood & PB List'!$B$4:$V$158,10,FALSE),IF('Summary Sheet'!$M$4=""PB w/ Wood Drawers"",VLOOKUP($B31,'Pwood & PB List'!$B$4:$V$158,14,FALSE),IF('Summary Sheet'!$M$4=""PB w/ PB Drawers"",VLOOKUP($B31,'Pwood & PB List'!$B$4:$V$158,18,FALSE))))",SLO-3DB24,"IF('Summary Sheet'!$M$4=""Plywood"",VLOOKUP($B31,'Pwood & PB List'!$B$4:$V$158,11,FALSE),IF('Summary Sheet'!$M$4=""PB w/ Wood Drawers"",VLOOKUP($B31,'Pwood & PB List'!$B$4:$V$158,15,FALSE),IF('Summary Sheet'!$M$4=""PB w/ PB Drawers"",VLOOKUP($B31,'Pwood & PB List'!$B$4:$V$158,19,FALSE))))",BLW-3DB24,"IF('Summary Sheet'!$M$4=""Plywood"",VLOOKUP($B31,'Pwood & PB List'!$B$4:$V$158,10,FALSE),IF('Summary Sheet'!$M$4=""PB w/ Wood Drawers"",VLOOKUP($B31,'Pwood & PB List'!$B$4:$V$158,14,FALSE),IF('Summary Sheet'!$M$4=""PB w/ PB Drawers"",VLOOKUP($B31,'Pwood & PB List'!$B$4:$V$158,18,FALSE))))",WEO-3DB24,"IF('Summary Sheet'!$M$4=""Plywood"",VLOOKUP($B31,'Pwood & PB List'!$B$4:$V$158,9,FALSE),IF('Summary Sheet'!$M$4=""PB w/ Wood Drawers"",VLOOKUP($B31,'Pwood & PB List'!$B$4:$V$158,13,FALSE),IF('Summary Sheet'!$M$4=""PB w/ PB Drawers"",VLOOKUP($B31,'Pwood & PB List'!$B$4:$V$158,17,FALSE))))",GLG-3DB24,"IF('Summary Sheet'!$M$4=""Plywood"",VLOOKUP($B31,'Pwood & PB List'!$B$4:$V$158,12,FALSE),IF('Summary Sheet'!$M$4=""PB w/ Wood Drawers"",VLOOKUP($B31,'Pwood & PB List'!$B$4:$V$158,16,FALSE),IF('Summary Sheet'!$M$4=""PB w/ PB Drawers"",VLOOKUP($B31,'Pwood & PB List'!$B$4:$V$158,20,FALSE))))",NAO-3DB24,"IF('Summary Sheet'!$M$4=""Plywood"",VLOOKUP($B31,'Pwood & PB List'!$B$4:$V$158,12,FALSE),IF('Summary Sheet'!$M$4=""PB w/ Wood Drawers"",VLOOKUP($B31,'Pwood & PB List'!$B$4:$V$158,16,FALSE),IF('Summary Sheet'!$M$4=""PB w/ PB Drawers"",VLOOKUP($B31,'Pwood & PB List'!$B$4:$V$158,20,FALSE))))",WHO-3DB24,"IF('Summary Sheet'!$M$4=""Plywood"",VLOOKUP($B31,'Pwood & PB List'!$B$4:$V$158,9,FALSE),IF('Summary Sheet'!$M$4=""PB w/ Wood Drawers"",VLOOKUP($B31,'Pwood & PB List'!$B$4:$V$158,13,FALSE),IF('Summary Sheet'!$M$4=""PB w/ PB Drawers"",VLOOKUP($B31,'Pwood & PB List'!$B$4:$V$158,17,FALSE))))",MAW-3DB24,"IF('Summary Sheet'!$M$4=""Plywood"",VLOOKUP($B31,'Pwood & PB List'!$B$4:$V$158,9,FALSE),IF('Summary Sheet'!$M$4=""PB w/ Wood Drawers"",VLOOKUP($B31,'Pwood & PB List'!$B$4:$V$158,13,FALSE),IF('Summary Sheet'!$M$4=""PB w/ PB Drawers"",VLOOKUP($B31,'Pwood & PB List'!$B$4:$V$158,17,FALSE))))",MAG-3DB24,"IF('Summary Sheet'!$M$4=""Plywood"",VLOOKUP($B31,'Pwood & PB List'!$B$4:$V$158,9,FALSE),IF('Summary Sheet'!$M$4=""PB w/ Wood Drawers"",VLOOKUP($B31,'Pwood & PB List'!$B$4:$V$158,13,FALSE),IF('Summary Sheet'!$M$4=""PB w/ PB Drawers"",VLOOKUP($B31,'Pwood & PB List'!$B$4:$V$158,17,FALSE))))",MAB-3DB24,"IF('Summary Sheet'!$M$4=""Plywood"",VLOOKUP($B31,'Pwood & PB List'!$B$4:$V$158,9,FALSE),IF('Summary Sheet'!$M$4=""PB w/ Wood Drawers"",VLOOKUP($B31,'Pwood & PB List'!$B$4:$V$158,13,FALSE),IF('Summary Sheet'!$M$4=""PB w/ PB Drawers"",VLOOKUP($B31,'Pwood & PB List'!$B$4:$V$158,17,FALSE))))",GLB-3DB24,3,
32,"27"" Drawer Base Cabinet: 3 Drawers",3DB27,"IF('Summary Sheet'!$M$4=""Plywood"",VLOOKUP($B32,'Pwood & PB List'!$B$4:$V$158,9,FALSE),IF('Summary Sheet'!$M$4=""PB w/ Wood Drawers"",VLOOKUP($B32,'Pwood & PB List'!$B$4:$V$158,13,FALSE),IF('Summary Sheet'!$M$4=""PB w/ PB Drawers"",VLOOKUP($B32,'Pwood & PB List'!$B$4:$V$158,17,FALSE))))",GLW-3DB27,"IF('Summary Sheet'!$M$4=""Plywood"",VLOOKUP($B32,'Pwood & PB List'!$B$4:$V$158,10,FALSE),IF('Summary Sheet'!$M$4=""PB w/ Wood Drawers"",VLOOKUP($B32,'Pwood & PB List'!$B$4:$V$158,14,FALSE),IF('Summary Sheet'!$M$4=""PB w/ PB Drawers"",VLOOKUP($B32,'Pwood & PB List'!$B$4:$V$158,18,FALSE))))",SLO-3DB27,"IF('Summary Sheet'!$M$4=""Plywood"",VLOOKUP($B32,'Pwood & PB List'!$B$4:$V$158,11,FALSE),IF('Summary Sheet'!$M$4=""PB w/ Wood Drawers"",VLOOKUP($B32,'Pwood & PB List'!$B$4:$V$158,15,FALSE),IF('Summary Sheet'!$M$4=""PB w/ PB Drawers"",VLOOKUP($B32,'Pwood & PB List'!$B$4:$V$158,19,FALSE))))",BLW-3DB27,"IF('Summary Sheet'!$M$4=""Plywood"",VLOOKUP($B32,'Pwood & PB List'!$B$4:$V$158,10,FALSE),IF('Summary Sheet'!$M$4=""PB w/ Wood Drawers"",VLOOKUP($B32,'Pwood & PB List'!$B$4:$V$158,14,FALSE),IF('Summary Sheet'!$M$4=""PB w/ PB Drawers"",VLOOKUP($B32,'Pwood & PB List'!$B$4:$V$158,18,FALSE))))",WEO-3DB27,"IF('Summary Sheet'!$M$4=""Plywood"",VLOOKUP($B32,'Pwood & PB List'!$B$4:$V$158,9,FALSE),IF('Summary Sheet'!$M$4=""PB w/ Wood Drawers"",VLOOKUP($B32,'Pwood & PB List'!$B$4:$V$158,13,FALSE),IF('Summary Sheet'!$M$4=""PB w/ PB Drawers"",VLOOKUP($B32,'Pwood & PB List'!$B$4:$V$158,17,FALSE))))",GLG-3DB27,"IF('Summary Sheet'!$M$4=""Plywood"",VLOOKUP($B32,'Pwood & PB List'!$B$4:$V$158,12,FALSE),IF('Summary Sheet'!$M$4=""PB w/ Wood Drawers"",VLOOKUP($B32,'Pwood & PB List'!$B$4:$V$158,16,FALSE),IF('Summary Sheet'!$M$4=""PB w/ PB Drawers"",VLOOKUP($B32,'Pwood & PB List'!$B$4:$V$158,20,FALSE))))",NAO-3DB27,"IF('Summary Sheet'!$M$4=""Plywood"",VLOOKUP($B32,'Pwood & PB List'!$B$4:$V$158,12,FALSE),IF('Summary Sheet'!$M$4=""PB w/ Wood Drawers"",VLOOKUP($B32,'Pwood & PB List'!$B$4:$V$158,16,FALSE),IF('Summary Sheet'!$M$4=""PB w/ PB Drawers"",VLOOKUP($B32,'Pwood & PB List'!$B$4:$V$158,20,FALSE))))",WHO-3DB27,"IF('Summary Sheet'!$M$4=""Plywood"",VLOOKUP($B32,'Pwood & PB List'!$B$4:$V$158,9,FALSE),IF('Summary Sheet'!$M$4=""PB w/ Wood Drawers"",VLOOKUP($B32,'Pwood & PB List'!$B$4:$V$158,13,FALSE),IF('Summary Sheet'!$M$4=""PB w/ PB Drawers"",VLOOKUP($B32,'Pwood & PB List'!$B$4:$V$158,17,FALSE))))",MAW-3DB27,"IF('Summary Sheet'!$M$4=""Plywood"",VLOOKUP($B32,'Pwood & PB List'!$B$4:$V$158,9,FALSE),IF('Summary Sheet'!$M$4=""PB w/ Wood Drawers"",VLOOKUP($B32,'Pwood & PB List'!$B$4:$V$158,13,FALSE),IF('Summary Sheet'!$M$4=""PB w/ PB Drawers"",VLOOKUP($B32,'Pwood & PB List'!$B$4:$V$158,17,FALSE))))",MAG-3DB27,"IF('Summary Sheet'!$M$4=""Plywood"",VLOOKUP($B32,'Pwood & PB List'!$B$4:$V$158,9,FALSE),IF('Summary Sheet'!$M$4=""PB w/ Wood Drawers"",VLOOKUP($B32,'Pwood & PB List'!$B$4:$V$158,13,FALSE),IF('Summary Sheet'!$M$4=""PB w/ PB Drawers"",VLOOKUP($B32,'Pwood & PB List'!$B$4:$V$158,17,FALSE))))",MAB-3DB27,"IF('Summary Sheet'!$M$4=""Plywood"",VLOOKUP($B32,'Pwood & PB List'!$B$4:$V$158,9,FALSE),IF('Summary Sheet'!$M$4=""PB w/ Wood Drawers"",VLOOKUP($B32,'Pwood & PB List'!$B$4:$V$158,13,FALSE),IF('Summary Sheet'!$M$4=""PB w/ PB Drawers"",VLOOKUP($B32,'Pwood & PB List'!$B$4:$V$158,17,FALSE))))",GLB-3DB27,3,
33,"30"" Drawer Base Cabinet: 3 Drawers",3DB30,"IF('Summary Sheet'!$M$4=""Plywood"",VLOOKUP($B33,'Pwood & PB List'!$B$4:$V$158,9,FALSE),IF('Summary Sheet'!$M$4=""PB w/ Wood Drawers"",VLOOKUP($B33,'Pwood & PB List'!$B$4:$V$158,13,FALSE),IF('Summary Sheet'!$M$4=""PB w/ PB Drawers"",VLOOKUP($B33,'Pwood & PB List'!$B$4:$V$158,17,FALSE))))",GLW-3DB30,"IF('Summary Sheet'!$M$4=""Plywood"",VLOOKUP($B33,'Pwood & PB List'!$B$4:$V$158,10,FALSE),IF('Summary Sheet'!$M$4=""PB w/ Wood Drawers"",VLOOKUP($B33,'Pwood & PB List'!$B$4:$V$158,14,FALSE),IF('Summary Sheet'!$M$4=""PB w/ PB Drawers"",VLOOKUP($B33,'Pwood & PB List'!$B$4:$V$158,18,FALSE))))",SLO-3DB30,"IF('Summary Sheet'!$M$4=""Plywood"",VLOOKUP($B33,'Pwood & PB List'!$B$4:$V$158,11,FALSE),IF('Summary Sheet'!$M$4=""PB w/ Wood Drawers"",VLOOKUP($B33,'Pwood & PB List'!$B$4:$V$158,15,FALSE),IF('Summary Sheet'!$M$4=""PB w/ PB Drawers"",VLOOKUP($B33,'Pwood & PB List'!$B$4:$V$158,19,FALSE))))",BLW-3DB30,"IF('Summary Sheet'!$M$4=""Plywood"",VLOOKUP($B33,'Pwood & PB List'!$B$4:$V$158,10,FALSE),IF('Summary Sheet'!$M$4=""PB w/ Wood Drawers"",VLOOKUP($B33,'Pwood & PB List'!$B$4:$V$158,14,FALSE),IF('Summary Sheet'!$M$4=""PB w/ PB Drawers"",VLOOKUP($B33,'Pwood & PB List'!$B$4:$V$158,18,FALSE))))",WEO-3DB30,"IF('Summary Sheet'!$M$4=""Plywood"",VLOOKUP($B33,'Pwood & PB List'!$B$4:$V$158,9,FALSE),IF('Summary Sheet'!$M$4=""PB w/ Wood Drawers"",VLOOKUP($B33,'Pwood & PB List'!$B$4:$V$158,13,FALSE),IF('Summary Sheet'!$M$4=""PB w/ PB Drawers"",VLOOKUP($B33,'Pwood & PB List'!$B$4:$V$158,17,FALSE))))",GLG-3DB30,"IF('Summary Sheet'!$M$4=""Plywood"",VLOOKUP($B33,'Pwood & PB List'!$B$4:$V$158,12,FALSE),IF('Summary Sheet'!$M$4=""PB w/ Wood Drawers"",VLOOKUP($B33,'Pwood & PB List'!$B$4:$V$158,16,FALSE),IF('Summary Sheet'!$M$4=""PB w/ PB Drawers"",VLOOKUP($B33,'Pwood & PB List'!$B$4:$V$158,20,FALSE))))",NAO-3DB30,"IF('Summary Sheet'!$M$4=""Plywood"",VLOOKUP($B33,'Pwood & PB List'!$B$4:$V$158,12,FALSE),IF('Summary Sheet'!$M$4=""PB w/ Wood Drawers"",VLOOKUP($B33,'Pwood & PB List'!$B$4:$V$158,16,FALSE),IF('Summary Sheet'!$M$4=""PB w/ PB Drawers"",VLOOKUP($B33,'Pwood & PB List'!$B$4:$V$158,20,FALSE))))",WHO-3DB30,"IF('Summary Sheet'!$M$4=""Plywood"",VLOOKUP($B33,'Pwood & PB List'!$B$4:$V$158,9,FALSE),IF('Summary Sheet'!$M$4=""PB w/ Wood Drawers"",VLOOKUP($B33,'Pwood & PB List'!$B$4:$V$158,13,FALSE),IF('Summary Sheet'!$M$4=""PB w/ PB Drawers"",VLOOKUP($B33,'Pwood & PB List'!$B$4:$V$158,17,FALSE))))",MAW-3DB30,"IF('Summary Sheet'!$M$4=""Plywood"",VLOOKUP($B33,'Pwood & PB List'!$B$4:$V$158,9,FALSE),IF('Summary Sheet'!$M$4=""PB w/ Wood Drawers"",VLOOKUP($B33,'Pwood & PB List'!$B$4:$V$158,13,FALSE),IF('Summary Sheet'!$M$4=""PB w/ PB Drawers"",VLOOKUP($B33,'Pwood & PB List'!$B$4:$V$158,17,FALSE))))",MAG-3DB30,"IF('Summary Sheet'!$M$4=""Plywood"",VLOOKUP($B33,'Pwood & PB List'!$B$4:$V$158,9,FALSE),IF('Summary Sheet'!$M$4=""PB w/ Wood Drawers"",VLOOKUP($B33,'Pwood & PB List'!$B$4:$V$158,13,FALSE),IF('Summary Sheet'!$M$4=""PB w/ PB Drawers"",VLOOKUP($B33,'Pwood & PB List'!$B$4:$V$158,17,FALSE))))",MAB-3DB30,"IF('Summary Sheet'!$M$4=""Plywood"",VLOOKUP($B33,'Pwood & PB List'!$B$4:$V$158,9,FALSE),IF('Summary Sheet'!$M$4=""PB w/ Wood Drawers"",VLOOKUP($B33,'Pwood & PB List'!$B$4:$V$158,13,FALSE),IF('Summary Sheet'!$M$4=""PB w/ PB Drawers"",VLOOKUP($B33,'Pwood & PB List'!$B$4:$V$158,17,FALSE))))",GLB-3DB30,3,
34,"36"" Drawer Base Cabinet: 3 Drawers",3DB36,"IF('Summary Sheet'!$M$4=""Plywood"",VLOOKUP($B34,'Pwood & PB List'!$B$4:$V$158,9,FALSE),IF('Summary Sheet'!$M$4=""PB w/ Wood Drawers"",VLOOKUP($B34,'Pwood & PB List'!$B$4:$V$158,13,FALSE),IF('Summary Sheet'!$M$4=""PB w/ PB Drawers"",VLOOKUP($B34,'Pwood & PB List'!$B$4:$V$158,17,FALSE))))",GLW-3DB36,"IF('Summary Sheet'!$M$4=""Plywood"",VLOOKUP($B34,'Pwood & PB List'!$B$4:$V$158,10,FALSE),IF('Summary Sheet'!$M$4=""PB w/ Wood Drawers"",VLOOKUP($B34,'Pwood & PB List'!$B$4:$V$158,14,FALSE),IF('Summary Sheet'!$M$4=""PB w/ PB Drawers"",VLOOKUP($B34,'Pwood & PB List'!$B$4:$V$158,18,FALSE))))",SLO-3DB36,"IF('Summary Sheet'!$M$4=""Plywood"",VLOOKUP($B34,'Pwood & PB List'!$B$4:$V$158,11,FALSE),IF('Summary Sheet'!$M$4=""PB w/ Wood Drawers"",VLOOKUP($B34,'Pwood & PB List'!$B$4:$V$158,15,FALSE),IF('Summary Sheet'!$M$4=""PB w/ PB Drawers"",VLOOKUP($B34,'Pwood & PB List'!$B$4:$V$158,19,FALSE))))",BLW-3DB36,"IF('Summary Sheet'!$M$4=""Plywood"",VLOOKUP($B34,'Pwood & PB List'!$B$4:$V$158,10,FALSE),IF('Summary Sheet'!$M$4=""PB w/ Wood Drawers"",VLOOKUP($B34,'Pwood & PB List'!$B$4:$V$158,14,FALSE),IF('Summary Sheet'!$M$4=""PB w/ PB Drawers"",VLOOKUP($B34,'Pwood & PB List'!$B$4:$V$158,18,FALSE))))",WEO-3DB36,"IF('Summary Sheet'!$M$4=""Plywood"",VLOOKUP($B34,'Pwood & PB List'!$B$4:$V$158,9,FALSE),IF('Summary Sheet'!$M$4=""PB w/ Wood Drawers"",VLOOKUP($B34,'Pwood & PB List'!$B$4:$V$158,13,FALSE),IF('Summary Sheet'!$M$4=""PB w/ PB Drawers"",VLOOKUP($B34,'Pwood & PB List'!$B$4:$V$158,17,FALSE))))",GLG-3DB36,"IF('Summary Sheet'!$M$4=""Plywood"",VLOOKUP($B34,'Pwood & PB List'!$B$4:$V$158,12,FALSE),IF('Summary Sheet'!$M$4=""PB w/ Wood Drawers"",VLOOKUP($B34,'Pwood & PB List'!$B$4:$V$158,16,FALSE),IF('Summary Sheet'!$M$4=""PB w/ PB Drawers"",VLOOKUP($B34,'Pwood & PB List'!$B$4:$V$158,20,FALSE))))",NAO-3DB36,"IF('Summary Sheet'!$M$4=""Plywood"",VLOOKUP($B34,'Pwood & PB List'!$B$4:$V$158,12,FALSE),IF('Summary Sheet'!$M$4=""PB w/ Wood Drawers"",VLOOKUP($B34,'Pwood & PB List'!$B$4:$V$158,16,FALSE),IF('Summary Sheet'!$M$4=""PB w/ PB Drawers"",VLOOKUP($B34,'Pwood & PB List'!$B$4:$V$158,20,FALSE))))",WHO-3DB36,"IF('Summary Sheet'!$M$4=""Plywood"",VLOOKUP($B34,'Pwood & PB List'!$B$4:$V$158,9,FALSE),IF('Summary Sheet'!$M$4=""PB w/ Wood Drawers"",VLOOKUP($B34,'Pwood & PB List'!$B$4:$V$158,13,FALSE),IF('Summary Sheet'!$M$4=""PB w/ PB Drawers"",VLOOKUP($B34,'Pwood & PB List'!$B$4:$V$158,17,FALSE))))",MAW-3DB36,"IF('Summary Sheet'!$M$4=""Plywood"",VLOOKUP($B34,'Pwood & PB List'!$B$4:$V$158,9,FALSE),IF('Summary Sheet'!$M$4=""PB w/ Wood Drawers"",VLOOKUP($B34,'Pwood & PB List'!$B$4:$V$158,13,FALSE),IF('Summary Sheet'!$M$4=""PB w/ PB Drawers"",VLOOKUP($B34,'Pwood & PB List'!$B$4:$V$158,17,FALSE))))",MAG-3DB36,"IF('Summary Sheet'!$M$4=""Plywood"",VLOOKUP($B34,'Pwood & PB List'!$B$4:$V$158,9,FALSE),IF('Summary Sheet'!$M$4=""PB w/ Wood Drawers"",VLOOKUP($B34,'Pwood & PB List'!$B$4:$V$158,13,FALSE),IF('Summary Sheet'!$M$4=""PB w/ PB Drawers"",VLOOKUP($B34,'Pwood & PB List'!$B$4:$V$158,17,FALSE))))",MAB-3DB36,"IF('Summary Sheet'!$M$4=""Plywood"",VLOOKUP($B34,'Pwood & PB List'!$B$4:$V$158,9,FALSE),IF('Summary Sheet'!$M$4=""PB w/ Wood Drawers"",VLOOKUP($B34,'Pwood & PB List'!$B$4:$V$158,13,FALSE),IF('Summary Sheet'!$M$4=""PB w/ PB Drawers"",VLOOKUP($B34,'Pwood & PB List'!$B$4:$V$158,17,FALSE))))",GLB-3DB36,3,
35,"Drawer Base Cabinets with 2 Drawers, 24"" Depth",,,,,,,,,,,,,,,,,,,,,,,,,
36,"24"" Drawer Base Cabinet: 2 Drawers",2DB24,"IF('Summary Sheet'!$M$4=""Plywood"",VLOOKUP($B36,'Pwood & PB List'!$B$4:$V$158,9,FALSE),IF('Summary Sheet'!$M$4=""PB w/ Wood Drawers"",VLOOKUP($B36,'Pwood & PB List'!$B$4:$V$158,13,FALSE),IF('Summary Sheet'!$M$4=""PB w/ PB Drawers"",VLOOKUP($B36,'Pwood & PB List'!$B$4:$V$158,17,FALSE))))","CONCATENATE(""GLW-"",B36)","IF('Summary Sheet'!$M$4=""Plywood"",VLOOKUP($B36,'Pwood & PB List'!$B$4:$V$158,10,FALSE),IF('Summary Sheet'!$M$4=""PB w/ Wood Drawers"",VLOOKUP($B36,'Pwood & PB List'!$B$4:$V$158,14,FALSE),IF('Summary Sheet'!$M$4=""PB w/ PB Drawers"",VLOOKUP($B36,'Pwood & PB List'!$B$4:$V$158,18,FALSE))))","CONCATENATE(""SLO-"",B36)","IF('Summary Sheet'!$M$4=""Plywood"",VLOOKUP($B36,'Pwood & PB List'!$B$4:$V$158,11,FALSE),IF('Summary Sheet'!$M$4=""PB w/ Wood Drawers"",VLOOKUP($B36,'Pwood & PB List'!$B$4:$V$158,15,FALSE),IF('Summary Sheet'!$M$4=""PB w/ PB Drawers"",VLOOKUP($B36,'Pwood & PB List'!$B$4:$V$158,19,FALSE))))","CONCATENATE(""BLW-"",B36)","IF('Summary Sheet'!$M$4=""Plywood"",VLOOKUP($B36,'Pwood & PB List'!$B$4:$V$158,10,FALSE),IF('Summary Sheet'!$M$4=""PB w/ Wood Drawers"",VLOOKUP($B36,'Pwood & PB List'!$B$4:$V$158,14,FALSE),IF('Summary Sheet'!$M$4=""PB w/ PB Drawers"",VLOOKUP($B36,'Pwood & PB List'!$B$4:$V$158,18,FALSE))))","CONCATENATE(""WEO-"",B36)","IF('Summary Sheet'!$M$4=""Plywood"",VLOOKUP($B36,'Pwood & PB List'!$B$4:$V$158,9,FALSE),IF('Summary Sheet'!$M$4=""PB w/ Wood Drawers"",VLOOKUP($B36,'Pwood & PB List'!$B$4:$V$158,13,FALSE),IF('Summary Sheet'!$M$4=""PB w/ PB Drawers"",VLOOKUP($B36,'Pwood & PB List'!$B$4:$V$158,17,FALSE))))","CONCATENATE(""GLG-"",B36)","IF('Summary Sheet'!$M$4=""Plywood"",VLOOKUP($B36,'Pwood & PB List'!$B$4:$V$158,12,FALSE),IF('Summary Sheet'!$M$4=""PB w/ Wood Drawers"",VLOOKUP($B36,'Pwood & PB List'!$B$4:$V$158,16,FALSE),IF('Summary Sheet'!$M$4=""PB w/ PB Drawers"",VLOOKUP($B36,'Pwood & PB List'!$B$4:$V$158,20,FALSE))))","CONCATENATE(""NAO-"",B36)","IF('Summary Sheet'!$M$4=""Plywood"",VLOOKUP($B36,'Pwood & PB List'!$B$4:$V$158,12,FALSE),IF('Summary Sheet'!$M$4=""PB w/ Wood Drawers"",VLOOKUP($B36,'Pwood & PB List'!$B$4:$V$158,16,FALSE),IF('Summary Sheet'!$M$4=""PB w/ PB Drawers"",VLOOKUP($B36,'Pwood & PB List'!$B$4:$V$158,20,FALSE))))","CONCATENATE(""WHO-"",B36)","IF('Summary Sheet'!$M$4=""Plywood"",VLOOKUP($B36,'Pwood & PB List'!$B$4:$V$158,9,FALSE),IF('Summary Sheet'!$M$4=""PB w/ Wood Drawers"",VLOOKUP($B36,'Pwood & PB List'!$B$4:$V$158,13,FALSE),IF('Summary Sheet'!$M$4=""PB w/ PB Drawers"",VLOOKUP($B36,'Pwood & PB List'!$B$4:$V$158,17,FALSE))))","CONCATENATE(""MAW-"",B36)","IF('Summary Sheet'!$M$4=""Plywood"",VLOOKUP($B36,'Pwood & PB List'!$B$4:$V$158,9,FALSE),IF('Summary Sheet'!$M$4=""PB w/ Wood Drawers"",VLOOKUP($B36,'Pwood & PB List'!$B$4:$V$158,13,FALSE),IF('Summary Sheet'!$M$4=""PB w/ PB Drawers"",VLOOKUP($B36,'Pwood & PB List'!$B$4:$V$158,17,FALSE))))","CONCATENATE(""MAG-"",B36)","IF('Summary Sheet'!$M$4=""Plywood"",VLOOKUP($B36,'Pwood & PB List'!$B$4:$V$158,9,FALSE),IF('Summary Sheet'!$M$4=""PB w/ Wood Drawers"",VLOOKUP($B36,'Pwood & PB List'!$B$4:$V$158,13,FALSE),IF('Summary Sheet'!$M$4=""PB w/ PB Drawers"",VLOOKUP($B36,'Pwood & PB List'!$B$4:$V$158,17,FALSE))))","CONCATENATE(""MAB-"",B36)","IF('Summary Sheet'!$M$4=""Plywood"",VLOOKUP($B36,'Pwood & PB List'!$B$4:$V$158,9,FALSE),IF('Summary Sheet'!$M$4=""PB w/ Wood Drawers"",VLOOKUP($B36,'Pwood & PB List'!$B$4:$V$158,13,FALSE),IF('Summary Sheet'!$M$4=""PB w/ PB Drawers"",VLOOKUP($B36,'Pwood & PB List'!$B$4:$V$158,17,FALSE))))","CONCATENATE(""GLB-"",B36)",2,
37,"27"" Drawer Base Cabinet: 2 Drawers",2DB27,"IF('Summary Sheet'!$M$4=""Plywood"",VLOOKUP($B37,'Pwood & PB List'!$B$4:$V$158,9,FALSE),IF('Summary Sheet'!$M$4=""PB w/ Wood Drawers"",VLOOKUP($B37,'Pwood & PB List'!$B$4:$V$158,13,FALSE),IF('Summary Sheet'!$M$4=""PB w/ PB Drawers"",VLOOKUP($B37,'Pwood & PB List'!$B$4:$V$158,17,FALSE))))",GLW-2DB27,"IF('Summary Sheet'!$M$4=""Plywood"",VLOOKUP($B37,'Pwood & PB List'!$B$4:$V$158,10,FALSE),IF('Summary Sheet'!$M$4=""PB w/ Wood Drawers"",VLOOKUP($B37,'Pwood & PB List'!$B$4:$V$158,14,FALSE),IF('Summary Sheet'!$M$4=""PB w/ PB Drawers"",VLOOKUP($B37,'Pwood & PB List'!$B$4:$V$158,18,FALSE))))",SLO-2DB27,"IF('Summary Sheet'!$M$4=""Plywood"",VLOOKUP($B37,'Pwood & PB List'!$B$4:$V$158,11,FALSE),IF('Summary Sheet'!$M$4=""PB w/ Wood Drawers"",VLOOKUP($B37,'Pwood & PB List'!$B$4:$V$158,15,FALSE),IF('Summary Sheet'!$M$4=""PB w/ PB Drawers"",VLOOKUP($B37,'Pwood & PB List'!$B$4:$V$158,19,FALSE))))",BLW-2DB27,"IF('Summary Sheet'!$M$4=""Plywood"",VLOOKUP($B37,'Pwood & PB List'!$B$4:$V$158,10,FALSE),IF('Summary Sheet'!$M$4=""PB w/ Wood Drawers"",VLOOKUP($B37,'Pwood & PB List'!$B$4:$V$158,14,FALSE),IF('Summary Sheet'!$M$4=""PB w/ PB Drawers"",VLOOKUP($B37,'Pwood & PB List'!$B$4:$V$158,18,FALSE))))",WEO-2DB27,"IF('Summary Sheet'!$M$4=""Plywood"",VLOOKUP($B37,'Pwood & PB List'!$B$4:$V$158,9,FALSE),IF('Summary Sheet'!$M$4=""PB w/ Wood Drawers"",VLOOKUP($B37,'Pwood & PB List'!$B$4:$V$158,13,FALSE),IF('Summary Sheet'!$M$4=""PB w/ PB Drawers"",VLOOKUP($B37,'Pwood & PB List'!$B$4:$V$158,17,FALSE))))",GLG-2DB27,"IF('Summary Sheet'!$M$4=""Plywood"",VLOOKUP($B37,'Pwood & PB List'!$B$4:$V$158,12,FALSE),IF('Summary Sheet'!$M$4=""PB w/ Wood Drawers"",VLOOKUP($B37,'Pwood & PB List'!$B$4:$V$158,16,FALSE),IF('Summary Sheet'!$M$4=""PB w/ PB Drawers"",VLOOKUP($B37,'Pwood & PB List'!$B$4:$V$158,20,FALSE))))",NAO-2DB27,"IF('Summary Sheet'!$M$4=""Plywood"",VLOOKUP($B37,'Pwood & PB List'!$B$4:$V$158,12,FALSE),IF('Summary Sheet'!$M$4=""PB w/ Wood Drawers"",VLOOKUP($B37,'Pwood & PB List'!$B$4:$V$158,16,FALSE),IF('Summary Sheet'!$M$4=""PB w/ PB Drawers"",VLOOKUP($B37,'Pwood & PB List'!$B$4:$V$158,20,FALSE))))",WHO-2DB27,"IF('Summary Sheet'!$M$4=""Plywood"",VLOOKUP($B37,'Pwood & PB List'!$B$4:$V$158,9,FALSE),IF('Summary Sheet'!$M$4=""PB w/ Wood Drawers"",VLOOKUP($B37,'Pwood & PB List'!$B$4:$V$158,13,FALSE),IF('Summary Sheet'!$M$4=""PB w/ PB Drawers"",VLOOKUP($B37,'Pwood & PB List'!$B$4:$V$158,17,FALSE))))",MAW-2DB27,"IF('Summary Sheet'!$M$4=""Plywood"",VLOOKUP($B37,'Pwood & PB List'!$B$4:$V$158,9,FALSE),IF('Summary Sheet'!$M$4=""PB w/ Wood Drawers"",VLOOKUP($B37,'Pwood & PB List'!$B$4:$V$158,13,FALSE),IF('Summary Sheet'!$M$4=""PB w/ PB Drawers"",VLOOKUP($B37,'Pwood & PB List'!$B$4:$V$158,17,FALSE))))",MAG-2DB27,"IF('Summary Sheet'!$M$4=""Plywood"",VLOOKUP($B37,'Pwood & PB List'!$B$4:$V$158,9,FALSE),IF('Summary Sheet'!$M$4=""PB w/ Wood Drawers"",VLOOKUP($B37,'Pwood & PB List'!$B$4:$V$158,13,FALSE),IF('Summary Sheet'!$M$4=""PB w/ PB Drawers"",VLOOKUP($B37,'Pwood & PB List'!$B$4:$V$158,17,FALSE))))",MAB-2DB27,"IF('Summary Sheet'!$M$4=""Plywood"",VLOOKUP($B37,'Pwood & PB List'!$B$4:$V$158,9,FALSE),IF('Summary Sheet'!$M$4=""PB w/ Wood Drawers"",VLOOKUP($B37,'Pwood & PB List'!$B$4:$V$158,13,FALSE),IF('Summary Sheet'!$M$4=""PB w/ PB Drawers"",VLOOKUP($B37,'Pwood & PB List'!$B$4:$V$158,17,FALSE))))",GLB-2DB27,2,
38,"30"" Drawer Base Cabinet: 2 Drawers",2DB30,"IF('Summary Sheet'!$M$4=""Plywood"",VLOOKUP($B38,'Pwood & PB List'!$B$4:$V$158,9,FALSE),IF('Summary Sheet'!$M$4=""PB w/ Wood Drawers"",VLOOKUP($B38,'Pwood & PB List'!$B$4:$V$158,13,FALSE),IF('Summary Sheet'!$M$4=""PB w/ PB Drawers"",VLOOKUP($B38,'Pwood & PB List'!$B$4:$V$158,17,FALSE))))",GLW-2DB30,"IF('Summary Sheet'!$M$4=""Plywood"",VLOOKUP($B38,'Pwood & PB List'!$B$4:$V$158,10,FALSE),IF('Summary Sheet'!$M$4=""PB w/ Wood Drawers"",VLOOKUP($B38,'Pwood & PB List'!$B$4:$V$158,14,FALSE),IF('Summary Sheet'!$M$4=""PB w/ PB Drawers"",VLOOKUP($B38,'Pwood & PB List'!$B$4:$V$158,18,FALSE))))",SLO-2DB30,"IF('Summary Sheet'!$M$4=""Plywood"",VLOOKUP($B38,'Pwood & PB List'!$B$4:$V$158,11,FALSE),IF('Summary Sheet'!$M$4=""PB w/ Wood Drawers"",VLOOKUP($B38,'Pwood & PB List'!$B$4:$V$158,15,FALSE),IF('Summary Sheet'!$M$4=""PB w/ PB Drawers"",VLOOKUP($B38,'Pwood & PB List'!$B$4:$V$158,19,FALSE))))",BLW-2DB30,"IF('Summary Sheet'!$M$4=""Plywood"",VLOOKUP($B38,'Pwood & PB List'!$B$4:$V$158,10,FALSE),IF('Summary Sheet'!$M$4=""PB w/ Wood Drawers"",VLOOKUP($B38,'Pwood & PB List'!$B$4:$V$158,14,FALSE),IF('Summary Sheet'!$M$4=""PB w/ PB Drawers"",VLOOKUP($B38,'Pwood & PB List'!$B$4:$V$158,18,FALSE))))",WEO-2DB30,"IF('Summary Sheet'!$M$4=""Plywood"",VLOOKUP($B38,'Pwood & PB List'!$B$4:$V$158,9,FALSE),IF('Summary Sheet'!$M$4=""PB w/ Wood Drawers"",VLOOKUP($B38,'Pwood & PB List'!$B$4:$V$158,13,FALSE),IF('Summary Sheet'!$M$4=""PB w/ PB Drawers"",VLOOKUP($B38,'Pwood & PB List'!$B$4:$V$158,17,FALSE))))",GLG-2DB30,"IF('Summary Sheet'!$M$4=""Plywood"",VLOOKUP($B38,'Pwood & PB List'!$B$4:$V$158,12,FALSE),IF('Summary Sheet'!$M$4=""PB w/ Wood Drawers"",VLOOKUP($B38,'Pwood & PB List'!$B$4:$V$158,16,FALSE),IF('Summary Sheet'!$M$4=""PB w/ PB Drawers"",VLOOKUP($B38,'Pwood & PB List'!$B$4:$V$158,20,FALSE))))",NAO-2DB30,"IF('Summary Sheet'!$M$4=""Plywood"",VLOOKUP($B38,'Pwood & PB List'!$B$4:$V$158,12,FALSE),IF('Summary Sheet'!$M$4=""PB w/ Wood Drawers"",VLOOKUP($B38,'Pwood & PB List'!$B$4:$V$158,16,FALSE),IF('Summary Sheet'!$M$4=""PB w/ PB Drawers"",VLOOKUP($B38,'Pwood & PB List'!$B$4:$V$158,20,FALSE))))",WHO-2DB30,"IF('Summary Sheet'!$M$4=""Plywood"",VLOOKUP($B38,'Pwood & PB List'!$B$4:$V$158,9,FALSE),IF('Summary Sheet'!$M$4=""PB w/ Wood Drawers"",VLOOKUP($B38,'Pwood & PB List'!$B$4:$V$158,13,FALSE),IF('Summary Sheet'!$M$4=""PB w/ PB Drawers"",VLOOKUP($B38,'Pwood & PB List'!$B$4:$V$158,17,FALSE))))",MAW-2DB30,"IF('Summary Sheet'!$M$4=""Plywood"",VLOOKUP($B38,'Pwood & PB List'!$B$4:$V$158,9,FALSE),IF('Summary Sheet'!$M$4=""PB w/ Wood Drawers"",VLOOKUP($B38,'Pwood & PB List'!$B$4:$V$158,13,FALSE),IF('Summary Sheet'!$M$4=""PB w/ PB Drawers"",VLOOKUP($B38,'Pwood & PB List'!$B$4:$V$158,17,FALSE))))",MAG-2DB30,"IF('Summary Sheet'!$M$4=""Plywood"",VLOOKUP($B38,'Pwood & PB List'!$B$4:$V$158,9,FALSE),IF('Summary Sheet'!$M$4=""PB w/ Wood Drawers"",VLOOKUP($B38,'Pwood & PB List'!$B$4:$V$158,13,FALSE),IF('Summary Sheet'!$M$4=""PB w/ PB Drawers"",VLOOKUP($B38,'Pwood & PB List'!$B$4:$V$158,17,FALSE))))",MAB-2DB30,"IF('Summary Sheet'!$M$4=""Plywood"",VLOOKUP($B38,'Pwood & PB List'!$B$4:$V$158,9,FALSE),IF('Summary Sheet'!$M$4=""PB w/ Wood Drawers"",VLOOKUP($B38,'Pwood & PB List'!$B$4:$V$158,13,FALSE),IF('Summary Sheet'!$M$4=""PB w/ PB Drawers"",VLOOKUP($B38,'Pwood & PB List'!$B$4:$V$158,17,FALSE))))",GLB-2DB30,2,
39,"36"" Drawer Base Cabinet: 2 Drawers",2DB36,"IF('Summary Sheet'!$M$4=""Plywood"",VLOOKUP($B39,'Pwood & PB List'!$B$4:$V$158,9,FALSE),IF('Summary Sheet'!$M$4=""PB w/ Wood Drawers"",VLOOKUP($B39,'Pwood & PB List'!$B$4:$V$158,13,FALSE),IF('Summary Sheet'!$M$4=""PB w/ PB Drawers"",VLOOKUP($B39,'Pwood & PB List'!$B$4:$V$158,17,FALSE))))",GLW-2DB36,"IF('Summary Sheet'!$M$4=""Plywood"",VLOOKUP($B39,'Pwood & PB List'!$B$4:$V$158,10,FALSE),IF('Summary Sheet'!$M$4=""PB w/ Wood Drawers"",VLOOKUP($B39,'Pwood & PB List'!$B$4:$V$158,14,FALSE),IF('Summary Sheet'!$M$4=""PB w/ PB Drawers"",VLOOKUP($B39,'Pwood & PB List'!$B$4:$V$158,18,FALSE))))",SLO-2DB36,"IF('Summary Sheet'!$M$4=""Plywood"",VLOOKUP($B39,'Pwood & PB List'!$B$4:$V$158,11,FALSE),IF('Summary Sheet'!$M$4=""PB w/ Wood Drawers"",VLOOKUP($B39,'Pwood & PB List'!$B$4:$V$158,15,FALSE),IF('Summary Sheet'!$M$4=""PB w/ PB Drawers"",VLOOKUP($B39,'Pwood & PB List'!$B$4:$V$158,19,FALSE))))",BLW-2DB36,"IF('Summary Sheet'!$M$4=""Plywood"",VLOOKUP($B39,'Pwood & PB List'!$B$4:$V$158,10,FALSE),IF('Summary Sheet'!$M$4=""PB w/ Wood Drawers"",VLOOKUP($B39,'Pwood & PB List'!$B$4:$V$158,14,FALSE),IF('Summary Sheet'!$M$4=""PB w/ PB Drawers"",VLOOKUP($B39,'Pwood & PB List'!$B$4:$V$158,18,FALSE))))",WEO-2DB36,"IF('Summary Sheet'!$M$4=""Plywood"",VLOOKUP($B39,'Pwood & PB List'!$B$4:$V$158,9,FALSE),IF('Summary Sheet'!$M$4=""PB w/ Wood Drawers"",VLOOKUP($B39,'Pwood & PB List'!$B$4:$V$158,13,FALSE),IF('Summary Sheet'!$M$4=""PB w/ PB Drawers"",VLOOKUP($B39,'Pwood & PB List'!$B$4:$V$158,17,FALSE))))",GLG-2DB36,"IF('Summary Sheet'!$M$4=""Plywood"",VLOOKUP($B39,'Pwood & PB List'!$B$4:$V$158,12,FALSE),IF('Summary Sheet'!$M$4=""PB w/ Wood Drawers"",VLOOKUP($B39,'Pwood & PB List'!$B$4:$V$158,16,FALSE),IF('Summary Sheet'!$M$4=""PB w/ PB Drawers"",VLOOKUP($B39,'Pwood & PB List'!$B$4:$V$158,20,FALSE))))",NAO-2DB36,"IF('Summary Sheet'!$M$4=""Plywood"",VLOOKUP($B39,'Pwood & PB List'!$B$4:$V$158,12,FALSE),IF('Summary Sheet'!$M$4=""PB w/ Wood Drawers"",VLOOKUP($B39,'Pwood & PB List'!$B$4:$V$158,16,FALSE),IF('Summary Sheet'!$M$4=""PB w/ PB Drawers"",VLOOKUP($B39,'Pwood & PB List'!$B$4:$V$158,20,FALSE))))",WHO-2DB36,"IF('Summary Sheet'!$M$4=""Plywood"",VLOOKUP($B39,'Pwood & PB List'!$B$4:$V$158,9,FALSE),IF('Summary Sheet'!$M$4=""PB w/ Wood Drawers"",VLOOKUP($B39,'Pwood & PB List'!$B$4:$V$158,13,FALSE),IF('Summary Sheet'!$M$4=""PB w/ PB Drawers"",VLOOKUP($B39,'Pwood & PB List'!$B$4:$V$158,17,FALSE))))",MAW-2DB36,"IF('Summary Sheet'!$M$4=""Plywood"",VLOOKUP($B39,'Pwood & PB List'!$B$4:$V$158,9,FALSE),IF('Summary Sheet'!$M$4=""PB w/ Wood Drawers"",VLOOKUP($B39,'Pwood & PB List'!$B$4:$V$158,13,FALSE),IF('Summary Sheet'!$M$4=""PB w/ PB Drawers"",VLOOKUP($B39,'Pwood & PB List'!$B$4:$V$158,17,FALSE))))",MAG-2DB36,"IF('Summary Sheet'!$M$4=""Plywood"",VLOOKUP($B39,'Pwood & PB List'!$B$4:$V$158,9,FALSE),IF('Summary Sheet'!$M$4=""PB w/ Wood Drawers"",VLOOKUP($B39,'Pwood & PB List'!$B$4:$V$158,13,FALSE),IF('Summary Sheet'!$M$4=""PB w/ PB Drawers"",VLOOKUP($B39,'Pwood & PB List'!$B$4:$V$158,17,FALSE))))",MAB-2DB36,"IF('Summary Sheet'!$M$4=""Plywood"",VLOOKUP($B39,'Pwood & PB List'!$B$4:$V$158,9,FALSE),IF('Summary Sheet'!$M$4=""PB w/ Wood Drawers"",VLOOKUP($B39,'Pwood & PB List'!$B$4:$V$158,13,FALSE),IF('Summary Sheet'!$M$4=""PB w/ PB Drawers"",VLOOKUP($B39,'Pwood & PB List'!$B$4:$V$158,17,FALSE))))",GLB-2DB36,2,
40,"Pull out Spice Cabinets, 24"" Depth",,,,,,,,,,,,,,,,,,,,,,,,,
41,"6"" Base Spice Rack: 1 Door with Metal Pullout",BSR06,"IF('Summary Sheet'!$M$4=""Plywood"",VLOOKUP($B41,'Pwood & PB List'!$B$4:$V$158,9,FALSE),IF('Summary Sheet'!$M$4=""PB w/ Wood Drawers"",VLOOKUP($B41,'Pwood & PB List'!$B$4:$V$158,13,FALSE),IF('Summary Sheet'!$M$4=""PB w/ PB Drawers"",VLOOKUP($B41,'Pwood & PB List'!$B$4:$V$158,17,FALSE))))","CONCATENATE(""GLW-"",B41)","IF('Summary Sheet'!$M$4=""Plywood"",VLOOKUP($B41,'Pwood & PB List'!$B$4:$V$158,10,FALSE),IF('Summary Sheet'!$M$4=""PB w/ Wood Drawers"",VLOOKUP($B41,'Pwood & PB List'!$B$4:$V$158,14,FALSE),IF('Summary Sheet'!$M$4=""PB w/ PB Drawers"",VLOOKUP($B41,'Pwood & PB List'!$B$4:$V$158,18,FALSE))))","CONCATENATE(""SLO-"",B41)","IF('Summary Sheet'!$M$4=""Plywood"",VLOOKUP($B41,'Pwood & PB List'!$B$4:$V$158,11,FALSE),IF('Summary Sheet'!$M$4=""PB w/ Wood Drawers"",VLOOKUP($B41,'Pwood & PB List'!$B$4:$V$158,15,FALSE),IF('Summary Sheet'!$M$4=""PB w/ PB Drawers"",VLOOKUP($B41,'Pwood & PB List'!$B$4:$V$158,19,FALSE))))","CONCATENATE(""BLW-"",B41)","IF('Summary Sheet'!$M$4=""Plywood"",VLOOKUP($B41,'Pwood & PB List'!$B$4:$V$158,10,FALSE),IF('Summary Sheet'!$M$4=""PB w/ Wood Drawers"",VLOOKUP($B41,'Pwood & PB List'!$B$4:$V$158,14,FALSE),IF('Summary Sheet'!$M$4=""PB w/ PB Drawers"",VLOOKUP($B41,'Pwood & PB List'!$B$4:$V$158,18,FALSE))))","CONCATENATE(""WEO-"",B41)","IF('Summary Sheet'!$M$4=""Plywood"",VLOOKUP($B41,'Pwood & PB List'!$B$4:$V$158,9,FALSE),IF('Summary Sheet'!$M$4=""PB w/ Wood Drawers"",VLOOKUP($B41,'Pwood & PB List'!$B$4:$V$158,13,FALSE),IF('Summary Sheet'!$M$4=""PB w/ PB Drawers"",VLOOKUP($B41,'Pwood & PB List'!$B$4:$V$158,17,FALSE))))","CONCATENATE(""GLG-"",B41)","IF('Summary Sheet'!$M$4=""Plywood"",VLOOKUP($B41,'Pwood & PB List'!$B$4:$V$158,12,FALSE),IF('Summary Sheet'!$M$4=""PB w/ Wood Drawers"",VLOOKUP($B41,'Pwood & PB List'!$B$4:$V$158,16,FALSE),IF('Summary Sheet'!$M$4=""PB w/ PB Drawers"",VLOOKUP($B41,'Pwood & PB List'!$B$4:$V$158,20,FALSE))))","CONCATENATE(""NAO-"",B41)","IF('Summary Sheet'!$M$4=""Plywood"",VLOOKUP($B41,'Pwood & PB List'!$B$4:$V$158,12,FALSE),IF('Summary Sheet'!$M$4=""PB w/ Wood Drawers"",VLOOKUP($B41,'Pwood & PB List'!$B$4:$V$158,16,FALSE),IF('Summary Sheet'!$M$4=""PB w/ PB Drawers"",VLOOKUP($B41,'Pwood & PB List'!$B$4:$V$158,20,FALSE))))","CONCATENATE(""WHO-"",B41)","IF('Summary Sheet'!$M$4=""Plywood"",VLOOKUP($B41,'Pwood & PB List'!$B$4:$V$158,9,FALSE),IF('Summary Sheet'!$M$4=""PB w/ Wood Drawers"",VLOOKUP($B41,'Pwood & PB List'!$B$4:$V$158,13,FALSE),IF('Summary Sheet'!$M$4=""PB w/ PB Drawers"",VLOOKUP($B41,'Pwood & PB List'!$B$4:$V$158,17,FALSE))))","CONCATENATE(""MAW-"",B41)","IF('Summary Sheet'!$M$4=""Plywood"",VLOOKUP($B41,'Pwood & PB List'!$B$4:$V$158,9,FALSE),IF('Summary Sheet'!$M$4=""PB w/ Wood Drawers"",VLOOKUP($B41,'Pwood & PB List'!$B$4:$V$158,13,FALSE),IF('Summary Sheet'!$M$4=""PB w/ PB Drawers"",VLOOKUP($B41,'Pwood & PB List'!$B$4:$V$158,17,FALSE))))","CONCATENATE(""MAG-"",B41)","IF('Summary Sheet'!$M$4=""Plywood"",VLOOKUP($B41,'Pwood & PB List'!$B$4:$V$158,9,FALSE),IF('Summary Sheet'!$M$4=""PB w/ Wood Drawers"",VLOOKUP($B41,'Pwood & PB List'!$B$4:$V$158,13,FALSE),IF('Summary Sheet'!$M$4=""PB w/ PB Drawers"",VLOOKUP($B41,'Pwood & PB List'!$B$4:$V$158,17,FALSE))))","CONCATENATE(""MAB-"",B41)","IF('Summary Sheet'!$M$4=""Plywood"",VLOOKUP($B41,'Pwood & PB List'!$B$4:$V$158,9,FALSE),IF('Summary Sheet'!$M$4=""PB w/ Wood Drawers"",VLOOKUP($B41,'Pwood & PB List'!$B$4:$V$158,13,FALSE),IF('Summary Sheet'!$M$4=""PB w/ PB Drawers"",VLOOKUP($B41,'Pwood & PB List'!$B$4:$V$158,17,FALSE))))","CONCATENATE(""GLB-"",B41)",1,
42,"9"" Base Spice Rack: 1 Door with Metal Pullout",BSR09,"IF('Summary Sheet'!$M$4=""Plywood"",VLOOKUP($B42,'Pwood & PB List'!$B$4:$V$158,9,FALSE),IF('Summary Sheet'!$M$4=""PB w/ Wood Drawers"",VLOOKUP($B42,'Pwood & PB List'!$B$4:$V$158,13,FALSE),IF('Summary Sheet'!$M$4=""PB w/ PB Drawers"",VLOOKUP($B42,'Pwood & PB List'!$B$4:$V$158,17,FALSE))))",GLW-BSR09,"IF('Summary Sheet'!$M$4=""Plywood"",VLOOKUP($B42,'Pwood & PB List'!$B$4:$V$158,10,FALSE),IF('Summary Sheet'!$M$4=""PB w/ Wood Drawers"",VLOOKUP($B42,'Pwood & PB List'!$B$4:$V$158,14,FALSE),IF('Summary Sheet'!$M$4=""PB w/ PB Drawers"",VLOOKUP($B42,'Pwood & PB List'!$B$4:$V$158,18,FALSE))))",SLO-BSR09,"IF('Summary Sheet'!$M$4=""Plywood"",VLOOKUP($B42,'Pwood & PB List'!$B$4:$V$158,11,FALSE),IF('Summary Sheet'!$M$4=""PB w/ Wood Drawers"",VLOOKUP($B42,'Pwood & PB List'!$B$4:$V$158,15,FALSE),IF('Summary Sheet'!$M$4=""PB w/ PB Drawers"",VLOOKUP($B42,'Pwood & PB List'!$B$4:$V$158,19,FALSE))))",BLW-BSR09,"IF('Summary Sheet'!$M$4=""Plywood"",VLOOKUP($B42,'Pwood & PB List'!$B$4:$V$158,10,FALSE),IF('Summary Sheet'!$M$4=""PB w/ Wood Drawers"",VLOOKUP($B42,'Pwood & PB List'!$B$4:$V$158,14,FALSE),IF('Summary Sheet'!$M$4=""PB w/ PB Drawers"",VLOOKUP($B42,'Pwood & PB List'!$B$4:$V$158,18,FALSE))))",WEO-BSR09,"IF('Summary Sheet'!$M$4=""Plywood"",VLOOKUP($B42,'Pwood & PB List'!$B$4:$V$158,9,FALSE),IF('Summary Sheet'!$M$4=""PB w/ Wood Drawers"",VLOOKUP($B42,'Pwood & PB List'!$B$4:$V$158,13,FALSE),IF('Summary Sheet'!$M$4=""PB w/ PB Drawers"",VLOOKUP($B42,'Pwood & PB List'!$B$4:$V$158,17,FALSE))))",GLG-BSR09,"IF('Summary Sheet'!$M$4=""Plywood"",VLOOKUP($B42,'Pwood & PB List'!$B$4:$V$158,12,FALSE),IF('Summary Sheet'!$M$4=""PB w/ Wood Drawers"",VLOOKUP($B42,'Pwood & PB List'!$B$4:$V$158,16,FALSE),IF('Summary Sheet'!$M$4=""PB w/ PB Drawers"",VLOOKUP($B42,'Pwood & PB List'!$B$4:$V$158,20,FALSE))))",NAO-BSR09,"IF('Summary Sheet'!$M$4=""Plywood"",VLOOKUP($B42,'Pwood & PB List'!$B$4:$V$158,12,FALSE),IF('Summary Sheet'!$M$4=""PB w/ Wood Drawers"",VLOOKUP($B42,'Pwood & PB List'!$B$4:$V$158,16,FALSE),IF('Summary Sheet'!$M$4=""PB w/ PB Drawers"",VLOOKUP($B42,'Pwood & PB List'!$B$4:$V$158,20,FALSE))))",WHO-BSR09,"IF('Summary Sheet'!$M$4=""Plywood"",VLOOKUP($B42,'Pwood & PB List'!$B$4:$V$158,9,FALSE),IF('Summary Sheet'!$M$4=""PB w/ Wood Drawers"",VLOOKUP($B42,'Pwood & PB List'!$B$4:$V$158,13,FALSE),IF('Summary Sheet'!$M$4=""PB w/ PB Drawers"",VLOOKUP($B42,'Pwood & PB List'!$B$4:$V$158,17,FALSE))))",MAW-BSR09,"IF('Summary Sheet'!$M$4=""Plywood"",VLOOKUP($B42,'Pwood & PB List'!$B$4:$V$158,9,FALSE),IF('Summary Sheet'!$M$4=""PB w/ Wood Drawers"",VLOOKUP($B42,'Pwood & PB List'!$B$4:$V$158,13,FALSE),IF('Summary Sheet'!$M$4=""PB w/ PB Drawers"",VLOOKUP($B42,'Pwood & PB List'!$B$4:$V$158,17,FALSE))))",MAG-BSR09,"IF('Summary Sheet'!$M$4=""Plywood"",VLOOKUP($B42,'Pwood & PB List'!$B$4:$V$158,9,FALSE),IF('Summary Sheet'!$M$4=""PB w/ Wood Drawers"",VLOOKUP($B42,'Pwood & PB List'!$B$4:$V$158,13,FALSE),IF('Summary Sheet'!$M$4=""PB w/ PB Drawers"",VLOOKUP($B42,'Pwood & PB List'!$B$4:$V$158,17,FALSE))))",MAB-BSR09,"IF('Summary Sheet'!$M$4=""Plywood"",VLOOKUP($B42,'Pwood & PB List'!$B$4:$V$158,9,FALSE),IF('Summary Sheet'!$M$4=""PB w/ Wood Drawers"",VLOOKUP($B42,'Pwood & PB List'!$B$4:$V$158,13,FALSE),IF('Summary Sheet'!$M$4=""PB w/ PB Drawers"",VLOOKUP($B42,'Pwood & PB List'!$B$4:$V$158,17,FALSE))))",GLB-BSR09,1,
43,"12"" Base Spice Rack: 1 Door with Metal Pullout",BSR12,"IF('Summary Sheet'!$M$4=""Plywood"",VLOOKUP($B43,'Pwood & PB List'!$B$4:$V$158,9,FALSE),IF('Summary Sheet'!$M$4=""PB w/ Wood Drawers"",VLOOKUP($B43,'Pwood & PB List'!$B$4:$V$158,13,FALSE),IF('Summary Sheet'!$M$4=""PB w/ PB Drawers"",VLOOKUP($B43,'Pwood & PB List'!$B$4:$V$158,17,FALSE))))",GLW-BSR12,"IF('Summary Sheet'!$M$4=""Plywood"",VLOOKUP($B43,'Pwood & PB List'!$B$4:$V$158,10,FALSE),IF('Summary Sheet'!$M$4=""PB w/ Wood Drawers"",VLOOKUP($B43,'Pwood & PB List'!$B$4:$V$158,14,FALSE),IF('Summary Sheet'!$M$4=""PB w/ PB Drawers"",VLOOKUP($B43,'Pwood & PB List'!$B$4:$V$158,18,FALSE))))",SLO-BSR12,"IF('Summary Sheet'!$M$4=""Plywood"",VLOOKUP($B43,'Pwood & PB List'!$B$4:$V$158,11,FALSE),IF('Summary Sheet'!$M$4=""PB w/ Wood Drawers"",VLOOKUP($B43,'Pwood & PB List'!$B$4:$V$158,15,FALSE),IF('Summary Sheet'!$M$4=""PB w/ PB Drawers"",VLOOKUP($B43,'Pwood & PB List'!$B$4:$V$158,19,FALSE))))",BLW-BSR12,"IF('Summary Sheet'!$M$4=""Plywood"",VLOOKUP($B43,'Pwood & PB List'!$B$4:$V$158,10,FALSE),IF('Summary Sheet'!$M$4=""PB w/ Wood Drawers"",VLOOKUP($B43,'Pwood & PB List'!$B$4:$V$158,14,FALSE),IF('Summary Sheet'!$M$4=""PB w/ PB Drawers"",VLOOKUP($B43,'Pwood & PB List'!$B$4:$V$158,18,FALSE))))",WEO-BSR12,"IF('Summary Sheet'!$M$4=""Plywood"",VLOOKUP($B43,'Pwood & PB List'!$B$4:$V$158,9,FALSE),IF('Summary Sheet'!$M$4=""PB w/ Wood Drawers"",VLOOKUP($B43,'Pwood & PB List'!$B$4:$V$158,13,FALSE),IF('Summary Sheet'!$M$4=""PB w/ PB Drawers"",VLOOKUP($B43,'Pwood & PB List'!$B$4:$V$158,17,FALSE))))",GLG-BSR12,"IF('Summary Sheet'!$M$4=""Plywood"",VLOOKUP($B43,'Pwood & PB List'!$B$4:$V$158,12,FALSE),IF('Summary Sheet'!$M$4=""PB w/ Wood Drawers"",VLOOKUP($B43,'Pwood & PB List'!$B$4:$V$158,16,FALSE),IF('Summary Sheet'!$M$4=""PB w/ PB Drawers"",VLOOKUP($B43,'Pwood & PB List'!$B$4:$V$158,20,FALSE))))",NAO-BSR12,"IF('Summary Sheet'!$M$4=""Plywood"",VLOOKUP($B43,'Pwood & PB List'!$B$4:$V$158,12,FALSE),IF('Summary Sheet'!$M$4=""PB w/ Wood Drawers"",VLOOKUP($B43,'Pwood & PB List'!$B$4:$V$158,16,FALSE),IF('Summary Sheet'!$M$4=""PB w/ PB Drawers"",VLOOKUP($B43,'Pwood & PB List'!$B$4:$V$158,20,FALSE))))",WHO-BSR12,"IF('Summary Sheet'!$M$4=""Plywood"",VLOOKUP($B43,'Pwood & PB List'!$B$4:$V$158,9,FALSE),IF('Summary Sheet'!$M$4=""PB w/ Wood Drawers"",VLOOKUP($B43,'Pwood & PB List'!$B$4:$V$158,13,FALSE),IF('Summary Sheet'!$M$4=""PB w/ PB Drawers"",VLOOKUP($B43,'Pwood & PB List'!$B$4:$V$158,17,FALSE))))",MAW-BSR12,"IF('Summary Sheet'!$M$4=""Plywood"",VLOOKUP($B43,'Pwood & PB List'!$B$4:$V$158,9,FALSE),IF('Summary Sheet'!$M$4=""PB w/ Wood Drawers"",VLOOKUP($B43,'Pwood & PB List'!$B$4:$V$158,13,FALSE),IF('Summary Sheet'!$M$4=""PB w/ PB Drawers"",VLOOKUP($B43,'Pwood & PB List'!$B$4:$V$158,17,FALSE))))",MAG-BSR12,"IF('Summary Sheet'!$M$4=""Plywood"",VLOOKUP($B43,'Pwood & PB List'!$B$4:$V$158,9,FALSE),IF('Summary Sheet'!$M$4=""PB w/ Wood Drawers"",VLOOKUP($B43,'Pwood & PB List'!$B$4:$V$158,13,FALSE),IF('Summary Sheet'!$M$4=""PB w/ PB Drawers"",VLOOKUP($B43,'Pwood & PB List'!$B$4:$V$158,17,FALSE))))",MAB-BSR12,"IF('Summary Sheet'!$M$4=""Plywood"",VLOOKUP($B43,'Pwood & PB List'!$B$4:$V$158,9,FALSE),IF('Summary Sheet'!$M$4=""PB w/ Wood Drawers"",VLOOKUP($B43,'Pwood & PB List'!$B$4:$V$158,13,FALSE),IF('Summary Sheet'!$M$4=""PB w/ PB Drawers"",VLOOKUP($B43,'Pwood & PB List'!$B$4:$V$158,17,FALSE))))",GLB-BSR12,1,
44,"Sink Base Cabinets, 24"" Depth",,,,,,,,,,,,,,,,,,,,,,,,,
45,"30"" Sink Base Cabinet: 2 Doors & 1 False Drawer",SB30,"IF('Summary Sheet'!$M$4=""Plywood"",VLOOKUP($B45,'Pwood & PB List'!$B$4:$V$158,9,FALSE),IF('Summary Sheet'!$M$4=""PB w/ Wood Drawers"",VLOOKUP($B45,'Pwood & PB List'!$B$4:$V$158,13,FALSE),IF('Summary Sheet'!$M$4=""PB w/ PB Drawers"",VLOOKUP($B45,'Pwood & PB List'!$B$4:$V$158,17,FALSE))))","CONCATENATE(""GLW-"",B45)","IF('Summary Sheet'!$M$4=""Plywood"",VLOOKUP($B45,'Pwood & PB List'!$B$4:$V$158,10,FALSE),IF('Summary Sheet'!$M$4=""PB w/ Wood Drawers"",VLOOKUP($B45,'Pwood & PB List'!$B$4:$V$158,14,FALSE),IF('Summary Sheet'!$M$4=""PB w/ PB Drawers"",VLOOKUP($B45,'Pwood & PB List'!$B$4:$V$158,18,FALSE))))","CONCATENATE(""SLO-"",B45)","IF('Summary Sheet'!$M$4=""Plywood"",VLOOKUP($B45,'Pwood & PB List'!$B$4:$V$158,11,FALSE),IF('Summary Sheet'!$M$4=""PB w/ Wood Drawers"",VLOOKUP($B45,'Pwood & PB List'!$B$4:$V$158,15,FALSE),IF('Summary Sheet'!$M$4=""PB w/ PB Drawers"",VLOOKUP($B45,'Pwood & PB List'!$B$4:$V$158,19,FALSE))))","CONCATENATE(""BLW-"",B45)","IF('Summary Sheet'!$M$4=""Plywood"",VLOOKUP($B45,'Pwood & PB List'!$B$4:$V$158,10,FALSE),IF('Summary Sheet'!$M$4=""PB w/ Wood Drawers"",VLOOKUP($B45,'Pwood & PB List'!$B$4:$V$158,14,FALSE),IF('Summary Sheet'!$M$4=""PB w/ PB Drawers"",VLOOKUP($B45,'Pwood & PB List'!$B$4:$V$158,18,FALSE))))","CONCATENATE(""WEO-"",B45)","IF('Summary Sheet'!$M$4=""Plywood"",VLOOKUP($B45,'Pwood & PB List'!$B$4:$V$158,9,FALSE),IF('Summary Sheet'!$M$4=""PB w/ Wood Drawers"",VLOOKUP($B45,'Pwood & PB List'!$B$4:$V$158,13,FALSE),IF('Summary Sheet'!$M$4=""PB w/ PB Drawers"",VLOOKUP($B45,'Pwood & PB List'!$B$4:$V$158,17,FALSE))))","CONCATENATE(""GLG-"",B45)","IF('Summary Sheet'!$M$4=""Plywood"",VLOOKUP($B45,'Pwood & PB List'!$B$4:$V$158,12,FALSE),IF('Summary Sheet'!$M$4=""PB w/ Wood Drawers"",VLOOKUP($B45,'Pwood & PB List'!$B$4:$V$158,16,FALSE),IF('Summary Sheet'!$M$4=""PB w/ PB Drawers"",VLOOKUP($B45,'Pwood & PB List'!$B$4:$V$158,20,FALSE))))","CONCATENATE(""NAO-"",B45)","IF('Summary Sheet'!$M$4=""Plywood"",VLOOKUP($B45,'Pwood & PB List'!$B$4:$V$158,12,FALSE),IF('Summary Sheet'!$M$4=""PB w/ Wood Drawers"",VLOOKUP($B45,'Pwood & PB List'!$B$4:$V$158,16,FALSE),IF('Summary Sheet'!$M$4=""PB w/ PB Drawers"",VLOOKUP($B45,'Pwood & PB List'!$B$4:$V$158,20,FALSE))))","CONCATENATE(""WHO-"",B45)","IF('Summary Sheet'!$M$4=""Plywood"",VLOOKUP($B45,'Pwood & PB List'!$B$4:$V$158,9,FALSE),IF('Summary Sheet'!$M$4=""PB w/ Wood Drawers"",VLOOKUP($B45,'Pwood & PB List'!$B$4:$V$158,13,FALSE),IF('Summary Sheet'!$M$4=""PB w/ PB Drawers"",VLOOKUP($B45,'Pwood & PB List'!$B$4:$V$158,17,FALSE))))","CONCATENATE(""MAW-"",B45)","IF('Summary Sheet'!$M$4=""Plywood"",VLOOKUP($B45,'Pwood & PB List'!$B$4:$V$158,9,FALSE),IF('Summary Sheet'!$M$4=""PB w/ Wood Drawers"",VLOOKUP($B45,'Pwood & PB List'!$B$4:$V$158,13,FALSE),IF('Summary Sheet'!$M$4=""PB w/ PB Drawers"",VLOOKUP($B45,'Pwood & PB List'!$B$4:$V$158,17,FALSE))))","CONCATENATE(""MAG-"",B45)","IF('Summary Sheet'!$M$4=""Plywood"",VLOOKUP($B45,'Pwood & PB List'!$B$4:$V$158,9,FALSE),IF('Summary Sheet'!$M$4=""PB w/ Wood Drawers"",VLOOKUP($B45,'Pwood & PB List'!$B$4:$V$158,13,FALSE),IF('Summary Sheet'!$M$4=""PB w/ PB Drawers"",VLOOKUP($B45,'Pwood & PB List'!$B$4:$V$158,17,FALSE))))","CONCATENATE(""MAB-"",B45)","IF('Summary Sheet'!$M$4=""Plywood"",VLOOKUP($B45,'Pwood & PB List'!$B$4:$V$158,9,FALSE),IF('Summary Sheet'!$M$4=""PB w/ Wood Drawers"",VLOOKUP($B45,'Pwood & PB List'!$B$4:$V$158,13,FALSE),IF('Summary Sheet'!$M$4=""PB w/ PB Drawers"",VLOOKUP($B45,'Pwood & PB List'!$B$4:$V$158,17,FALSE))))","CONCATENATE(""GLB-"",B45)",2,
46,"33"" Sink Base Cabinet: 2 Doors & 1 False Drawer",SB33,"IF('Summary Sheet'!$M$4=""Plywood"",VLOOKUP($B46,'Pwood & PB List'!$B$4:$V$158,9,FALSE),IF('Summary Sheet'!$M$4=""PB w/ Wood Drawers"",VLOOKUP($B46,'Pwood & PB List'!$B$4:$V$158,13,FALSE),IF('Summary Sheet'!$M$4=""PB w/ PB Drawers"",VLOOKUP($B46,'Pwood & PB List'!$B$4:$V$158,17,FALSE))))",GLW-SB33,"IF('Summary Sheet'!$M$4=""Plywood"",VLOOKUP($B46,'Pwood & PB List'!$B$4:$V$158,10,FALSE),IF('Summary Sheet'!$M$4=""PB w/ Wood Drawers"",VLOOKUP($B46,'Pwood & PB List'!$B$4:$V$158,14,FALSE),IF('Summary Sheet'!$M$4=""PB w/ PB Drawers"",VLOOKUP($B46,'Pwood & PB List'!$B$4:$V$158,18,FALSE))))",SLO-SB33,"IF('Summary Sheet'!$M$4=""Plywood"",VLOOKUP($B46,'Pwood & PB List'!$B$4:$V$158,11,FALSE),IF('Summary Sheet'!$M$4=""PB w/ Wood Drawers"",VLOOKUP($B46,'Pwood & PB List'!$B$4:$V$158,15,FALSE),IF('Summary Sheet'!$M$4=""PB w/ PB Drawers"",VLOOKUP($B46,'Pwood & PB List'!$B$4:$V$158,19,FALSE))))",BLW-SB33,"IF('Summary Sheet'!$M$4=""Plywood"",VLOOKUP($B46,'Pwood & PB List'!$B$4:$V$158,10,FALSE),IF('Summary Sheet'!$M$4=""PB w/ Wood Drawers"",VLOOKUP($B46,'Pwood & PB List'!$B$4:$V$158,14,FALSE),IF('Summary Sheet'!$M$4=""PB w/ PB Drawers"",VLOOKUP($B46,'Pwood & PB List'!$B$4:$V$158,18,FALSE))))",WEO-SB33,"IF('Summary Sheet'!$M$4=""Plywood"",VLOOKUP($B46,'Pwood & PB List'!$B$4:$V$158,9,FALSE),IF('Summary Sheet'!$M$4=""PB w/ Wood Drawers"",VLOOKUP($B46,'Pwood & PB List'!$B$4:$V$158,13,FALSE),IF('Summary Sheet'!$M$4=""PB w/ PB Drawers"",VLOOKUP($B46,'Pwood & PB List'!$B$4:$V$158,17,FALSE))))",GLG-SB33,"IF('Summary Sheet'!$M$4=""Plywood"",VLOOKUP($B46,'Pwood & PB List'!$B$4:$V$158,12,FALSE),IF('Summary Sheet'!$M$4=""PB w/ Wood Drawers"",VLOOKUP($B46,'Pwood & PB List'!$B$4:$V$158,16,FALSE),IF('Summary Sheet'!$M$4=""PB w/ PB Drawers"",VLOOKUP($B46,'Pwood & PB List'!$B$4:$V$158,20,FALSE))))",NAO-SB33,"IF('Summary Sheet'!$M$4=""Plywood"",VLOOKUP($B46,'Pwood & PB List'!$B$4:$V$158,12,FALSE),IF('Summary Sheet'!$M$4=""PB w/ Wood Drawers"",VLOOKUP($B46,'Pwood & PB List'!$B$4:$V$158,16,FALSE),IF('Summary Sheet'!$M$4=""PB w/ PB Drawers"",VLOOKUP($B46,'Pwood & PB List'!$B$4:$V$158,20,FALSE))))",WHO-SB33,"IF('Summary Sheet'!$M$4=""Plywood"",VLOOKUP($B46,'Pwood & PB List'!$B$4:$V$158,9,FALSE),IF('Summary Sheet'!$M$4=""PB w/ Wood Drawers"",VLOOKUP($B46,'Pwood & PB List'!$B$4:$V$158,13,FALSE),IF('Summary Sheet'!$M$4=""PB w/ PB Drawers"",VLOOKUP($B46,'Pwood & PB List'!$B$4:$V$158,17,FALSE))))",MAW-SB33,"IF('Summary Sheet'!$M$4=""Plywood"",VLOOKUP($B46,'Pwood & PB List'!$B$4:$V$158,9,FALSE),IF('Summary Sheet'!$M$4=""PB w/ Wood Drawers"",VLOOKUP($B46,'Pwood & PB List'!$B$4:$V$158,13,FALSE),IF('Summary Sheet'!$M$4=""PB w/ PB Drawers"",VLOOKUP($B46,'Pwood & PB List'!$B$4:$V$158,17,FALSE))))",MAG-SB33,"IF('Summary Sheet'!$M$4=""Plywood"",VLOOKUP($B46,'Pwood & PB List'!$B$4:$V$158,9,FALSE),IF('Summary Sheet'!$M$4=""PB w/ Wood Drawers"",VLOOKUP($B46,'Pwood & PB List'!$B$4:$V$158,13,FALSE),IF('Summary Sheet'!$M$4=""PB w/ PB Drawers"",VLOOKUP($B46,'Pwood & PB List'!$B$4:$V$158,17,FALSE))))",MAB-SB33,"IF('Summary Sheet'!$M$4=""Plywood"",VLOOKUP($B46,'Pwood & PB List'!$B$4:$V$158,9,FALSE),IF('Summary Sheet'!$M$4=""PB w/ Wood Drawers"",VLOOKUP($B46,'Pwood & PB List'!$B$4:$V$158,13,FALSE),IF('Summary Sheet'!$M$4=""PB w/ PB Drawers"",VLOOKUP($B46,'Pwood & PB List'!$B$4:$V$158,17,FALSE))))",GLB-SB33,2,
47,"36"" Sink Base Cabinet: 2 Doors & 1 False Drawer",SB36,"IF('Summary Sheet'!$M$4=""Plywood"",VLOOKUP($B47,'Pwood & PB List'!$B$4:$V$158,9,FALSE),IF('Summary Sheet'!$M$4=""PB w/ Wood Drawers"",VLOOKUP($B47,'Pwood & PB List'!$B$4:$V$158,13,FALSE),IF('Summary Sheet'!$M$4=""PB w/ PB Drawers"",VLOOKUP($B47,'Pwood & PB List'!$B$4:$V$158,17,FALSE))))",GLW-SB36,"IF('Summary Sheet'!$M$4=""Plywood"",VLOOKUP($B47,'Pwood & PB List'!$B$4:$V$158,10,FALSE),IF('Summary Sheet'!$M$4=""PB w/ Wood Drawers"",VLOOKUP($B47,'Pwood & PB List'!$B$4:$V$158,14,FALSE),IF('Summary Sheet'!$M$4=""PB w/ PB Drawers"",VLOOKUP($B47,'Pwood & PB List'!$B$4:$V$158,18,FALSE))))",SLO-SB36,"IF('Summary Sheet'!$M$4=""Plywood"",VLOOKUP($B47,'Pwood & PB List'!$B$4:$V$158,11,FALSE),IF('Summary Sheet'!$M$4=""PB w/ Wood Drawers"",VLOOKUP($B47,'Pwood & PB List'!$B$4:$V$158,15,FALSE),IF('Summary Sheet'!$M$4=""PB w/ PB Drawers"",VLOOKUP($B47,'Pwood & PB List'!$B$4:$V$158,19,FALSE))))",BLW-SB36,"IF('Summary Sheet'!$M$4=""Plywood"",VLOOKUP($B47,'Pwood & PB List'!$B$4:$V$158,10,FALSE),IF('Summary Sheet'!$M$4=""PB w/ Wood Drawers"",VLOOKUP($B47,'Pwood & PB List'!$B$4:$V$158,14,FALSE),IF('Summary Sheet'!$M$4=""PB w/ PB Drawers"",VLOOKUP($B47,'Pwood & PB List'!$B$4:$V$158,18,FALSE))))",WEO-SB36,"IF('Summary Sheet'!$M$4=""Plywood"",VLOOKUP($B47,'Pwood & PB List'!$B$4:$V$158,9,FALSE),IF('Summary Sheet'!$M$4=""PB w/ Wood Drawers"",VLOOKUP($B47,'Pwood & PB List'!$B$4:$V$158,13,FALSE),IF('Summary Sheet'!$M$4=""PB w/ PB Drawers"",VLOOKUP($B47,'Pwood & PB List'!$B$4:$V$158,17,FALSE))))",GLG-SB36,"IF('Summary Sheet'!$M$4=""Plywood"",VLOOKUP($B47,'Pwood & PB List'!$B$4:$V$158,12,FALSE),IF('Summary Sheet'!$M$4=""PB w/ Wood Drawers"",VLOOKUP($B47,'Pwood & PB List'!$B$4:$V$158,16,FALSE),IF('Summary Sheet'!$M$4=""PB w/ PB Drawers"",VLOOKUP($B47,'Pwood & PB List'!$B$4:$V$158,20,FALSE))))",NAO-SB36,"IF('Summary Sheet'!$M$4=""Plywood"",VLOOKUP($B47,'Pwood & PB List'!$B$4:$V$158,12,FALSE),IF('Summary Sheet'!$M$4=""PB w/ Wood Drawers"",VLOOKUP($B47,'Pwood & PB List'!$B$4:$V$158,16,FALSE),IF('Summary Sheet'!$M$4=""PB w/ PB Drawers"",VLOOKUP($B47,'Pwood & PB List'!$B$4:$V$158,20,FALSE))))",WHO-SB36,"IF('Summary Sheet'!$M$4=""Plywood"",VLOOKUP($B47,'Pwood & PB List'!$B$4:$V$158,9,FALSE),IF('Summary Sheet'!$M$4=""PB w/ Wood Drawers"",VLOOKUP($B47,'Pwood & PB List'!$B$4:$V$158,13,FALSE),IF('Summary Sheet'!$M$4=""PB w/ PB Drawers"",VLOOKUP($B47,'Pwood & PB List'!$B$4:$V$158,17,FALSE))))",MAW-SB36,"IF('Summary Sheet'!$M$4=""Plywood"",VLOOKUP($B47,'Pwood & PB List'!$B$4:$V$158,9,FALSE),IF('Summary Sheet'!$M$4=""PB w/ Wood Drawers"",VLOOKUP($B47,'Pwood & PB List'!$B$4:$V$158,13,FALSE),IF('Summary Sheet'!$M$4=""PB w/ PB Drawers"",VLOOKUP($B47,'Pwood & PB List'!$B$4:$V$158,17,FALSE))))",MAG-SB36,"IF('Summary Sheet'!$M$4=""Plywood"",VLOOKUP($B47,'Pwood & PB List'!$B$4:$V$158,9,FALSE),IF('Summary Sheet'!$M$4=""PB w/ Wood Drawers"",VLOOKUP($B47,'Pwood & PB List'!$B$4:$V$158,13,FALSE),IF('Summary Sheet'!$M$4=""PB w/ PB Drawers"",VLOOKUP($B47,'Pwood & PB List'!$B$4:$V$158,17,FALSE))))",MAB-SB36,"IF('Summary Sheet'!$M$4=""Plywood"",VLOOKUP($B47,'Pwood & PB List'!$B$4:$V$158,9,FALSE),IF('Summary Sheet'!$M$4=""PB w/ Wood Drawers"",VLOOKUP($B47,'Pwood & PB List'!$B$4:$V$158,13,FALSE),IF('Summary Sheet'!$M$4=""PB w/ PB Drawers"",VLOOKUP($B47,'Pwood & PB List'!$B$4:$V$158,17,FALSE))))",GLB-SB36,2,
48,"36"" Farm Sink Base Cabinet: 2 Doors",FSB36,"IF('Summary Sheet'!$M$4=""Plywood"",VLOOKUP($B48,'Pwood & PB List'!$B$4:$V$158,9,FALSE),IF('Summary Sheet'!$M$4=""PB w/ Wood Drawers"",VLOOKUP($B48,'Pwood & PB List'!$B$4:$V$158,13,FALSE),IF('Summary Sheet'!$M$4=""PB w/ PB Drawers"",VLOOKUP($B48,'Pwood & PB List'!$B$4:$V$158,17,FALSE))))",GLW-FSB36,"IF('Summary Sheet'!$M$4=""Plywood"",VLOOKUP($B48,'Pwood & PB List'!$B$4:$V$158,10,FALSE),IF('Summary Sheet'!$M$4=""PB w/ Wood Drawers"",VLOOKUP($B48,'Pwood & PB List'!$B$4:$V$158,14,FALSE),IF('Summary Sheet'!$M$4=""PB w/ PB Drawers"",VLOOKUP($B48,'Pwood & PB List'!$B$4:$V$158,18,FALSE))))",SLO-FSB36,"IF('Summary Sheet'!$M$4=""Plywood"",VLOOKUP($B48,'Pwood & PB List'!$B$4:$V$158,11,FALSE),IF('Summary Sheet'!$M$4=""PB w/ Wood Drawers"",VLOOKUP($B48,'Pwood & PB List'!$B$4:$V$158,15,FALSE),IF('Summary Sheet'!$M$4=""PB w/ PB Drawers"",VLOOKUP($B48,'Pwood & PB List'!$B$4:$V$158,19,FALSE))))",BLW-FSB36,"IF('Summary Sheet'!$M$4=""Plywood"",VLOOKUP($B48,'Pwood & PB List'!$B$4:$V$158,10,FALSE),IF('Summary Sheet'!$M$4=""PB w/ Wood Drawers"",VLOOKUP($B48,'Pwood & PB List'!$B$4:$V$158,14,FALSE),IF('Summary Sheet'!$M$4=""PB w/ PB Drawers"",VLOOKUP($B48,'Pwood & PB List'!$B$4:$V$158,18,FALSE))))",WEO-FSB36,"IF('Summary Sheet'!$M$4=""Plywood"",VLOOKUP($B48,'Pwood & PB List'!$B$4:$V$158,9,FALSE),IF('Summary Sheet'!$M$4=""PB w/ Wood Drawers"",VLOOKUP($B48,'Pwood & PB List'!$B$4:$V$158,13,FALSE),IF('Summary Sheet'!$M$4=""PB w/ PB Drawers"",VLOOKUP($B48,'Pwood & PB List'!$B$4:$V$158,17,FALSE))))",GLG-FSB36,"IF('Summary Sheet'!$M$4=""Plywood"",VLOOKUP($B48,'Pwood & PB List'!$B$4:$V$158,12,FALSE),IF('Summary Sheet'!$M$4=""PB w/ Wood Drawers"",VLOOKUP($B48,'Pwood & PB List'!$B$4:$V$158,16,FALSE),IF('Summary Sheet'!$M$4=""PB w/ PB Drawers"",VLOOKUP($B48,'Pwood & PB List'!$B$4:$V$158,20,FALSE))))",NAO-FSB36,"IF('Summary Sheet'!$M$4=""Plywood"",VLOOKUP($B48,'Pwood & PB List'!$B$4:$V$158,12,FALSE),IF('Summary Sheet'!$M$4=""PB w/ Wood Drawers"",VLOOKUP($B48,'Pwood & PB List'!$B$4:$V$158,16,FALSE),IF('Summary Sheet'!$M$4=""PB w/ PB Drawers"",VLOOKUP($B48,'Pwood & PB List'!$B$4:$V$158,20,FALSE))))",WHO-FSB36,"IF('Summary Sheet'!$M$4=""Plywood"",VLOOKUP($B48,'Pwood & PB List'!$B$4:$V$158,9,FALSE),IF('Summary Sheet'!$M$4=""PB w/ Wood Drawers"",VLOOKUP($B48,'Pwood & PB List'!$B$4:$V$158,13,FALSE),IF('Summary Sheet'!$M$4=""PB w/ PB Drawers"",VLOOKUP($B48,'Pwood & PB List'!$B$4:$V$158,17,FALSE))))",MAW-FSB36,"IF('Summary Sheet'!$M$4=""Plywood"",VLOOKUP($B48,'Pwood & PB List'!$B$4:$V$158,9,FALSE),IF('Summary Sheet'!$M$4=""PB w/ Wood Drawers"",VLOOKUP($B48,'Pwood & PB List'!$B$4:$V$158,13,FALSE),IF('Summary Sheet'!$M$4=""PB w/ PB Drawers"",VLOOKUP($B48,'Pwood & PB List'!$B$4:$V$158,17,FALSE))))",MAG-FSB36,"IF('Summary Sheet'!$M$4=""Plywood"",VLOOKUP($B48,'Pwood & PB List'!$B$4:$V$158,9,FALSE),IF('Summary Sheet'!$M$4=""PB w/ Wood Drawers"",VLOOKUP($B48,'Pwood & PB List'!$B$4:$V$158,13,FALSE),IF('Summary Sheet'!$M$4=""PB w/ PB Drawers"",VLOOKUP($B48,'Pwood & PB List'!$B$4:$V$158,17,FALSE))))",MAB-FSB36,"IF('Summary Sheet'!$M$4=""Plywood"",VLOOKUP($B48,'Pwood & PB List'!$B$4:$V$158,9,FALSE),IF('Summary Sheet'!$M$4=""PB w/ Wood Drawers"",VLOOKUP($B48,'Pwood & PB List'!$B$4:$V$158,13,FALSE),IF('Summary Sheet'!$M$4=""PB w/ PB Drawers"",VLOOKUP($B48,'Pwood & PB List'!$B$4:$V$158,17,FALSE))))",GLB-FSB36,2,
49,"42"" Sink Base Cabinet: 2 Doors & 1 False Drawer",SB42,"IF('Summary Sheet'!$M$4=""Plywood"",VLOOKUP($B49,'Pwood & PB List'!$B$4:$V$158,9,FALSE),IF('Summary Sheet'!$M$4=""PB w/ Wood Drawers"",VLOOKUP($B49,'Pwood & PB List'!$B$4:$V$158,13,FALSE),IF('Summary Sheet'!$M$4=""PB w/ PB Drawers"",VLOOKUP($B49,'Pwood & PB List'!$B$4:$V$158,17,FALSE))))",GLW-SB42,"IF('Summary Sheet'!$M$4=""Plywood"",VLOOKUP($B49,'Pwood & PB List'!$B$4:$V$158,10,FALSE),IF('Summary Sheet'!$M$4=""PB w/ Wood Drawers"",VLOOKUP($B49,'Pwood & PB List'!$B$4:$V$158,14,FALSE),IF('Summary Sheet'!$M$4=""PB w/ PB Drawers"",VLOOKUP($B49,'Pwood & PB List'!$B$4:$V$158,18,FALSE))))",SLO-SB42,"IF('Summary Sheet'!$M$4=""Plywood"",VLOOKUP($B49,'Pwood & PB List'!$B$4:$V$158,11,FALSE),IF('Summary Sheet'!$M$4=""PB w/ Wood Drawers"",VLOOKUP($B49,'Pwood & PB List'!$B$4:$V$158,15,FALSE),IF('Summary Sheet'!$M$4=""PB w/ PB Drawers"",VLOOKUP($B49,'Pwood & PB List'!$B$4:$V$158,19,FALSE))))",BLW-SB42,"IF('Summary Sheet'!$M$4=""Plywood"",VLOOKUP($B49,'Pwood & PB List'!$B$4:$V$158,10,FALSE),IF('Summary Sheet'!$M$4=""PB w/ Wood Drawers"",VLOOKUP($B49,'Pwood & PB List'!$B$4:$V$158,14,FALSE),IF('Summary Sheet'!$M$4=""PB w/ PB Drawers"",VLOOKUP($B49,'Pwood & PB List'!$B$4:$V$158,18,FALSE))))",WEO-SB42,"IF('Summary Sheet'!$M$4=""Plywood"",VLOOKUP($B49,'Pwood & PB List'!$B$4:$V$158,9,FALSE),IF('Summary Sheet'!$M$4=""PB w/ Wood Drawers"",VLOOKUP($B49,'Pwood & PB List'!$B$4:$V$158,13,FALSE),IF('Summary Sheet'!$M$4=""PB w/ PB Drawers"",VLOOKUP($B49,'Pwood & PB List'!$B$4:$V$158,17,FALSE))))",GLG-SB42,"IF('Summary Sheet'!$M$4=""Plywood"",VLOOKUP($B49,'Pwood & PB List'!$B$4:$V$158,12,FALSE),IF('Summary Sheet'!$M$4=""PB w/ Wood Drawers"",VLOOKUP($B49,'Pwood & PB List'!$B$4:$V$158,16,FALSE),IF('Summary Sheet'!$M$4=""PB w/ PB Drawers"",VLOOKUP($B49,'Pwood & PB List'!$B$4:$V$158,20,FALSE))))",NAO-SB42,"IF('Summary Sheet'!$M$4=""Plywood"",VLOOKUP($B49,'Pwood & PB List'!$B$4:$V$158,12,FALSE),IF('Summary Sheet'!$M$4=""PB w/ Wood Drawers"",VLOOKUP($B49,'Pwood & PB List'!$B$4:$V$158,16,FALSE),IF('Summary Sheet'!$M$4=""PB w/ PB Drawers"",VLOOKUP($B49,'Pwood & PB List'!$B$4:$V$158,20,FALSE))))",WHO-SB42,"IF('Summary Sheet'!$M$4=""Plywood"",VLOOKUP($B49,'Pwood & PB List'!$B$4:$V$158,9,FALSE),IF('Summary Sheet'!$M$4=""PB w/ Wood Drawers"",VLOOKUP($B49,'Pwood & PB List'!$B$4:$V$158,13,FALSE),IF('Summary Sheet'!$M$4=""PB w/ PB Drawers"",VLOOKUP($B49,'Pwood & PB List'!$B$4:$V$158,17,FALSE))))",MAW-SB42,"IF('Summary Sheet'!$M$4=""Plywood"",VLOOKUP($B49,'Pwood & PB List'!$B$4:$V$158,9,FALSE),IF('Summary Sheet'!$M$4=""PB w/ Wood Drawers"",VLOOKUP($B49,'Pwood & PB List'!$B$4:$V$158,13,FALSE),IF('Summary Sheet'!$M$4=""PB w/ PB Drawers"",VLOOKUP($B49,'Pwood & PB List'!$B$4:$V$158,17,FALSE))))",MAG-SB42,"IF('Summary Sheet'!$M$4=""Plywood"",VLOOKUP($B49,'Pwood & PB List'!$B$4:$V$158,9,FALSE),IF('Summary Sheet'!$M$4=""PB w/ Wood Drawers"",VLOOKUP($B49,'Pwood & PB List'!$B$4:$V$158,13,FALSE),IF('Summary Sheet'!$M$4=""PB w/ PB Drawers"",VLOOKUP($B49,'Pwood & PB List'!$B$4:$V$158,17,FALSE))))",MAB-SB42,"IF('Summary Sheet'!$M$4=""Plywood"",VLOOKUP($B49,'Pwood & PB List'!$B$4:$V$158,9,FALSE),IF('Summary Sheet'!$M$4=""PB w/ Wood Drawers"",VLOOKUP($B49,'Pwood & PB List'!$B$4:$V$158,13,FALSE),IF('Summary Sheet'!$M$4=""PB w/ PB Drawers"",VLOOKUP($B49,'Pwood & PB List'!$B$4:$V$158,17,FALSE))))",GLB-SB42,2,
50,Base Corner Cabinets,,,,,,,,,,,,,,,,,,,,,,,,,
51,"33"" Base Lazy Susan Cabinet: 2 Doors & 2 Turn Tables",BLS33,"IF('Summary Sheet'!$M$4=""Plywood"",VLOOKUP($B51,'Pwood & PB List'!$B$4:$V$158,9,FALSE),IF('Summary Sheet'!$M$4=""PB w/ Wood Drawers"",VLOOKUP($B51,'Pwood & PB List'!$B$4:$V$158,13,FALSE),IF('Summary Sheet'!$M$4=""PB w/ PB Drawers"",VLOOKUP($B51,'Pwood & PB List'!$B$4:$V$158,17,FALSE))))","CONCATENATE(""GLW-"",B51)","IF('Summary Sheet'!$M$4=""Plywood"",VLOOKUP($B51,'Pwood & PB List'!$B$4:$V$158,10,FALSE),IF('Summary Sheet'!$M$4=""PB w/ Wood Drawers"",VLOOKUP($B51,'Pwood & PB List'!$B$4:$V$158,14,FALSE),IF('Summary Sheet'!$M$4=""PB w/ PB Drawers"",VLOOKUP($B51,'Pwood & PB List'!$B$4:$V$158,18,FALSE))))","CONCATENATE(""SLO-"",B51)","IF('Summary Sheet'!$M$4=""Plywood"",VLOOKUP($B51,'Pwood & PB List'!$B$4:$V$158,11,FALSE),IF('Summary Sheet'!$M$4=""PB w/ Wood Drawers"",VLOOKUP($B51,'Pwood & PB List'!$B$4:$V$158,15,FALSE),IF('Summary Sheet'!$M$4=""PB w/ PB Drawers"",VLOOKUP($B51,'Pwood & PB List'!$B$4:$V$158,19,FALSE))))","CONCATENATE(""BLW-"",B51)","IF('Summary Sheet'!$M$4=""Plywood"",VLOOKUP($B51,'Pwood & PB List'!$B$4:$V$158,10,FALSE),IF('Summary Sheet'!$M$4=""PB w/ Wood Drawers"",VLOOKUP($B51,'Pwood & PB List'!$B$4:$V$158,14,FALSE),IF('Summary Sheet'!$M$4=""PB w/ PB Drawers"",VLOOKUP($B51,'Pwood & PB List'!$B$4:$V$158,18,FALSE))))","CONCATENATE(""WEO-"",B51)","IF('Summary Sheet'!$M$4=""Plywood"",VLOOKUP($B51,'Pwood & PB List'!$B$4:$V$158,9,FALSE),IF('Summary Sheet'!$M$4=""PB w/ Wood Drawers"",VLOOKUP($B51,'Pwood & PB List'!$B$4:$V$158,13,FALSE),IF('Summary Sheet'!$M$4=""PB w/ PB Drawers"",VLOOKUP($B51,'Pwood & PB List'!$B$4:$V$158,17,FALSE))))","CONCATENATE(""GLG-"",B51)","IF('Summary Sheet'!$M$4=""Plywood"",VLOOKUP($B51,'Pwood & PB List'!$B$4:$V$158,12,FALSE),IF('Summary Sheet'!$M$4=""PB w/ Wood Drawers"",VLOOKUP($B51,'Pwood & PB List'!$B$4:$V$158,16,FALSE),IF('Summary Sheet'!$M$4=""PB w/ PB Drawers"",VLOOKUP($B51,'Pwood & PB List'!$B$4:$V$158,20,FALSE))))","CONCATENATE(""NAO-"",B51)","IF('Summary Sheet'!$M$4=""Plywood"",VLOOKUP($B51,'Pwood & PB List'!$B$4:$V$158,12,FALSE),IF('Summary Sheet'!$M$4=""PB w/ Wood Drawers"",VLOOKUP($B51,'Pwood & PB List'!$B$4:$V$158,16,FALSE),IF('Summary Sheet'!$M$4=""PB w/ PB Drawers"",VLOOKUP($B51,'Pwood & PB List'!$B$4:$V$158,20,FALSE))))","CONCATENATE(""WHO-"",B51)","IF('Summary Sheet'!$M$4=""Plywood"",VLOOKUP($B51,'Pwood & PB List'!$B$4:$V$158,9,FALSE),IF('Summary Sheet'!$M$4=""PB w/ Wood Drawers"",VLOOKUP($B51,'Pwood & PB List'!$B$4:$V$158,13,FALSE),IF('Summary Sheet'!$M$4=""PB w/ PB Drawers"",VLOOKUP($B51,'Pwood & PB List'!$B$4:$V$158,17,FALSE))))","CONCATENATE(""MAW-"",B51)","IF('Summary Sheet'!$M$4=""Plywood"",VLOOKUP($B51,'Pwood & PB List'!$B$4:$V$158,9,FALSE),IF('Summary Sheet'!$M$4=""PB w/ Wood Drawers"",VLOOKUP($B51,'Pwood & PB List'!$B$4:$V$158,13,FALSE),IF('Summary Sheet'!$M$4=""PB w/ PB Drawers"",VLOOKUP($B51,'Pwood & PB List'!$B$4:$V$158,17,FALSE))))","CONCATENATE(""MAG-"",B51)","IF('Summary Sheet'!$M$4=""Plywood"",VLOOKUP($B51,'Pwood & PB List'!$B$4:$V$158,9,FALSE),IF('Summary Sheet'!$M$4=""PB w/ Wood Drawers"",VLOOKUP($B51,'Pwood & PB List'!$B$4:$V$158,13,FALSE),IF('Summary Sheet'!$M$4=""PB w/ PB Drawers"",VLOOKUP($B51,'Pwood & PB List'!$B$4:$V$158,17,FALSE))))","CONCATENATE(""MAB-"",B51)","IF('Summary Sheet'!$M$4=""Plywood"",VLOOKUP($B51,'Pwood & PB List'!$B$4:$V$158,9,FALSE),IF('Summary Sheet'!$M$4=""PB w/ Wood Drawers"",VLOOKUP($B51,'Pwood & PB List'!$B$4:$V$158,13,FALSE),IF('Summary Sheet'!$M$4=""PB w/ PB Drawers"",VLOOKUP($B51,'Pwood & PB List'!$B$4:$V$158,17,FALSE))))","CONCATENATE(""GLB-"",B51)",1,
52,"36"" Base Lazy Susan Cabinet: 2 Doors & 2 Turn Tables",BLS36,"IF('Summary Sheet'!$M$4=""Plywood"",VLOOKUP($B52,'Pwood & PB List'!$B$4:$V$158,9,FALSE),IF('Summary Sheet'!$M$4=""PB w/ Wood Drawers"",VLOOKUP($B52,'Pwood & PB List'!$B$4:$V$158,13,FALSE),IF('Summary Sheet'!$M$4=""PB w/ PB Drawers"",VLOOKUP($B52,'Pwood & PB List'!$B$4:$V$158,17,FALSE))))",GLW-BLS36,"IF('Summary Sheet'!$M$4=""Plywood"",VLOOKUP($B52,'Pwood & PB List'!$B$4:$V$158,10,FALSE),IF('Summary Sheet'!$M$4=""PB w/ Wood Drawers"",VLOOKUP($B52,'Pwood & PB List'!$B$4:$V$158,14,FALSE),IF('Summary Sheet'!$M$4=""PB w/ PB Drawers"",VLOOKUP($B52,'Pwood & PB List'!$B$4:$V$158,18,FALSE))))",SLO-BLS36,"IF('Summary Sheet'!$M$4=""Plywood"",VLOOKUP($B52,'Pwood & PB List'!$B$4:$V$158,11,FALSE),IF('Summary Sheet'!$M$4=""PB w/ Wood Drawers"",VLOOKUP($B52,'Pwood & PB List'!$B$4:$V$158,15,FALSE),IF('Summary Sheet'!$M$4=""PB w/ PB Drawers"",VLOOKUP($B52,'Pwood & PB List'!$B$4:$V$158,19,FALSE))))",BLW-BLS36,"IF('Summary Sheet'!$M$4=""Plywood"",VLOOKUP($B52,'Pwood & PB List'!$B$4:$V$158,10,FALSE),IF('Summary Sheet'!$M$4=""PB w/ Wood Drawers"",VLOOKUP($B52,'Pwood & PB List'!$B$4:$V$158,14,FALSE),IF('Summary Sheet'!$M$4=""PB w/ PB Drawers"",VLOOKUP($B52,'Pwood & PB List'!$B$4:$V$158,18,FALSE))))",WEO-BLS36,"IF('Summary Sheet'!$M$4=""Plywood"",VLOOKUP($B52,'Pwood & PB List'!$B$4:$V$158,9,FALSE),IF('Summary Sheet'!$M$4=""PB w/ Wood Drawers"",VLOOKUP($B52,'Pwood & PB List'!$B$4:$V$158,13,FALSE),IF('Summary Sheet'!$M$4=""PB w/ PB Drawers"",VLOOKUP($B52,'Pwood & PB List'!$B$4:$V$158,17,FALSE))))",GLG-BLS36,"IF('Summary Sheet'!$M$4=""Plywood"",VLOOKUP($B52,'Pwood & PB List'!$B$4:$V$158,12,FALSE),IF('Summary Sheet'!$M$4=""PB w/ Wood Drawers"",VLOOKUP($B52,'Pwood & PB List'!$B$4:$V$158,16,FALSE),IF('Summary Sheet'!$M$4=""PB w/ PB Drawers"",VLOOKUP($B52,'Pwood & PB List'!$B$4:$V$158,20,FALSE))))",NAO-BLS36,"IF('Summary Sheet'!$M$4=""Plywood"",VLOOKUP($B52,'Pwood & PB List'!$B$4:$V$158,12,FALSE),IF('Summary Sheet'!$M$4=""PB w/ Wood Drawers"",VLOOKUP($B52,'Pwood & PB List'!$B$4:$V$158,16,FALSE),IF('Summary Sheet'!$M$4=""PB w/ PB Drawers"",VLOOKUP($B52,'Pwood & PB List'!$B$4:$V$158,20,FALSE))))",WHO-BLS36,"IF('Summary Sheet'!$M$4=""Plywood"",VLOOKUP($B52,'Pwood & PB List'!$B$4:$V$158,9,FALSE),IF('Summary Sheet'!$M$4=""PB w/ Wood Drawers"",VLOOKUP($B52,'Pwood & PB List'!$B$4:$V$158,13,FALSE),IF('Summary Sheet'!$M$4=""PB w/ PB Drawers"",VLOOKUP($B52,'Pwood & PB List'!$B$4:$V$158,17,FALSE))))",MAW-BLS36,"IF('Summary Sheet'!$M$4=""Plywood"",VLOOKUP($B52,'Pwood & PB List'!$B$4:$V$158,9,FALSE),IF('Summary Sheet'!$M$4=""PB w/ Wood Drawers"",VLOOKUP($B52,'Pwood & PB List'!$B$4:$V$158,13,FALSE),IF('Summary Sheet'!$M$4=""PB w/ PB Drawers"",VLOOKUP($B52,'Pwood & PB List'!$B$4:$V$158,17,FALSE))))",MAG-BLS36,"IF('Summary Sheet'!$M$4=""Plywood"",VLOOKUP($B52,'Pwood & PB List'!$B$4:$V$158,9,FALSE),IF('Summary Sheet'!$M$4=""PB w/ Wood Drawers"",VLOOKUP($B52,'Pwood & PB List'!$B$4:$V$158,13,FALSE),IF('Summary Sheet'!$M$4=""PB w/ PB Drawers"",VLOOKUP($B52,'Pwood & PB List'!$B$4:$V$158,17,FALSE))))",MAB-BLS36,"IF('Summary Sheet'!$M$4=""Plywood"",VLOOKUP($B52,'Pwood & PB List'!$B$4:$V$158,9,FALSE),IF('Summary Sheet'!$M$4=""PB w/ Wood Drawers"",VLOOKUP($B52,'Pwood & PB List'!$B$4:$V$158,13,FALSE),IF('Summary Sheet'!$M$4=""PB w/ PB Drawers"",VLOOKUP($B52,'Pwood & PB List'!$B$4:$V$158,17,FALSE))))",GLB-BLS36,1,
53,"36"" Base Blind Corner: 1 Door, Requires 42"" Space, Reversible",BBC36-42FD,"IF('Summary Sheet'!$M$4=""Plywood"",VLOOKUP($B53,'Pwood & PB List'!$B$4:$V$158,9,FALSE),IF('Summary Sheet'!$M$4=""PB w/ Wood Drawers"",VLOOKUP($B53,'Pwood & PB List'!$B$4:$V$158,13,FALSE),IF('Summary Sheet'!$M$4=""PB w/ PB Drawers"",VLOOKUP($B53,'Pwood & PB List'!$B$4:$V$158,17,FALSE))))",GLW-BBC36-42FD,"IF('Summary Sheet'!$M$4=""Plywood"",VLOOKUP($B53,'Pwood & PB List'!$B$4:$V$158,10,FALSE),IF('Summary Sheet'!$M$4=""PB w/ Wood Drawers"",VLOOKUP($B53,'Pwood & PB List'!$B$4:$V$158,14,FALSE),IF('Summary Sheet'!$M$4=""PB w/ PB Drawers"",VLOOKUP($B53,'Pwood & PB List'!$B$4:$V$158,18,FALSE))))",SLO-BBC36-42FD,"IF('Summary Sheet'!$M$4=""Plywood"",VLOOKUP($B53,'Pwood & PB List'!$B$4:$V$158,11,FALSE),IF('Summary Sheet'!$M$4=""PB w/ Wood Drawers"",VLOOKUP($B53,'Pwood & PB List'!$B$4:$V$158,15,FALSE),IF('Summary Sheet'!$M$4=""PB w/ PB Drawers"",VLOOKUP($B53,'Pwood & PB List'!$B$4:$V$158,19,FALSE))))",BLW-BBC36-42FD,"IF('Summary Sheet'!$M$4=""Plywood"",VLOOKUP($B53,'Pwood & PB List'!$B$4:$V$158,10,FALSE),IF('Summary Sheet'!$M$4=""PB w/ Wood Drawers"",VLOOKUP($B53,'Pwood & PB List'!$B$4:$V$158,14,FALSE),IF('Summary Sheet'!$M$4=""PB w/ PB Drawers"",VLOOKUP($B53,'Pwood & PB List'!$B$4:$V$158,18,FALSE))))",WEO-BBC36-42FD,"IF('Summary Sheet'!$M$4=""Plywood"",VLOOKUP($B53,'Pwood & PB List'!$B$4:$V$158,9,FALSE),IF('Summary Sheet'!$M$4=""PB w/ Wood Drawers"",VLOOKUP($B53,'Pwood & PB List'!$B$4:$V$158,13,FALSE),IF('Summary Sheet'!$M$4=""PB w/ PB Drawers"",VLOOKUP($B53,'Pwood & PB List'!$B$4:$V$158,17,FALSE))))",GLG-BBC36-42FD,"IF('Summary Sheet'!$M$4=""Plywood"",VLOOKUP($B53,'Pwood & PB List'!$B$4:$V$158,12,FALSE),IF('Summary Sheet'!$M$4=""PB w/ Wood Drawers"",VLOOKUP($B53,'Pwood & PB List'!$B$4:$V$158,16,FALSE),IF('Summary Sheet'!$M$4=""PB w/ PB Drawers"",VLOOKUP($B53,'Pwood & PB List'!$B$4:$V$158,20,FALSE))))",NAO-BBC36-42FD,"IF('Summary Sheet'!$M$4=""Plywood"",VLOOKUP($B53,'Pwood & PB List'!$B$4:$V$158,12,FALSE),IF('Summary Sheet'!$M$4=""PB w/ Wood Drawers"",VLOOKUP($B53,'Pwood & PB List'!$B$4:$V$158,16,FALSE),IF('Summary Sheet'!$M$4=""PB w/ PB Drawers"",VLOOKUP($B53,'Pwood & PB List'!$B$4:$V$158,20,FALSE))))",WHO-BBC36-42FD,"IF('Summary Sheet'!$M$4=""Plywood"",VLOOKUP($B53,'Pwood & PB List'!$B$4:$V$158,9,FALSE),IF('Summary Sheet'!$M$4=""PB w/ Wood Drawers"",VLOOKUP($B53,'Pwood & PB List'!$B$4:$V$158,13,FALSE),IF('Summary Sheet'!$M$4=""PB w/ PB Drawers"",VLOOKUP($B53,'Pwood & PB List'!$B$4:$V$158,17,FALSE))))",MAW-BBC36-42FD,"IF('Summary Sheet'!$M$4=""Plywood"",VLOOKUP($B53,'Pwood & PB List'!$B$4:$V$158,9,FALSE),IF('Summary Sheet'!$M$4=""PB w/ Wood Drawers"",VLOOKUP($B53,'Pwood & PB List'!$B$4:$V$158,13,FALSE),IF('Summary Sheet'!$M$4=""PB w/ PB Drawers"",VLOOKUP($B53,'Pwood & PB List'!$B$4:$V$158,17,FALSE))))",MAG-BBC36-42FD,"IF('Summary Sheet'!$M$4=""Plywood"",VLOOKUP($B53,'Pwood & PB List'!$B$4:$V$158,9,FALSE),IF('Summary Sheet'!$M$4=""PB w/ Wood Drawers"",VLOOKUP($B53,'Pwood & PB List'!$B$4:$V$158,13,FALSE),IF('Summary Sheet'!$M$4=""PB w/ PB Drawers"",VLOOKUP($B53,'Pwood & PB List'!$B$4:$V$158,17,FALSE))))",MAB-BBC36-42FD,"IF('Summary Sheet'!$M$4=""Plywood"",VLOOKUP($B53,'Pwood & PB List'!$B$4:$V$158,9,FALSE),IF('Summary Sheet'!$M$4=""PB w/ Wood Drawers"",VLOOKUP($B53,'Pwood & PB List'!$B$4:$V$158,13,FALSE),IF('Summary Sheet'!$M$4=""PB w/ PB Drawers"",VLOOKUP($B53,'Pwood & PB List'!$B$4:$V$158,17,FALSE))))",GLB-BBC36-42FD,2,
54,"42"" Base Blind Corner: 1 Door, Requires 45"" Space, Reversible",BBC42-45FD,"IF('Summary Sheet'!$M$4=""Plywood"",VLOOKUP($B54,'Pwood & PB List'!$B$4:$V$158,9,FALSE),IF('Summary Sheet'!$M$4=""PB w/ Wood Drawers"",VLOOKUP($B54,'Pwood & PB List'!$B$4:$V$158,13,FALSE),IF('Summary Sheet'!$M$4=""PB w/ PB Drawers"",VLOOKUP($B54,'Pwood & PB List'!$B$4:$V$158,17,FALSE))))",GLW-BBC42-45FD,"IF('Summary Sheet'!$M$4=""Plywood"",VLOOKUP($B54,'Pwood & PB List'!$B$4:$V$158,10,FALSE),IF('Summary Sheet'!$M$4=""PB w/ Wood Drawers"",VLOOKUP($B54,'Pwood & PB List'!$B$4:$V$158,14,FALSE),IF('Summary Sheet'!$M$4=""PB w/ PB Drawers"",VLOOKUP($B54,'Pwood & PB List'!$B$4:$V$158,18,FALSE))))",SLO-BBC42-45FD,"IF('Summary Sheet'!$M$4=""Plywood"",VLOOKUP($B54,'Pwood & PB List'!$B$4:$V$158,11,FALSE),IF('Summary Sheet'!$M$4=""PB w/ Wood Drawers"",VLOOKUP($B54,'Pwood & PB List'!$B$4:$V$158,15,FALSE),IF('Summary Sheet'!$M$4=""PB w/ PB Drawers"",VLOOKUP($B54,'Pwood & PB List'!$B$4:$V$158,19,FALSE))))",BLW-BBC42-45FD,"IF('Summary Sheet'!$M$4=""Plywood"",VLOOKUP($B54,'Pwood & PB List'!$B$4:$V$158,10,FALSE),IF('Summary Sheet'!$M$4=""PB w/ Wood Drawers"",VLOOKUP($B54,'Pwood & PB List'!$B$4:$V$158,14,FALSE),IF('Summary Sheet'!$M$4=""PB w/ PB Drawers"",VLOOKUP($B54,'Pwood & PB List'!$B$4:$V$158,18,FALSE))))",WEO-BBC42-45FD,"IF('Summary Sheet'!$M$4=""Plywood"",VLOOKUP($B54,'Pwood & PB List'!$B$4:$V$158,9,FALSE),IF('Summary Sheet'!$M$4=""PB w/ Wood Drawers"",VLOOKUP($B54,'Pwood & PB List'!$B$4:$V$158,13,FALSE),IF('Summary Sheet'!$M$4=""PB w/ PB Drawers"",VLOOKUP($B54,'Pwood & PB List'!$B$4:$V$158,17,FALSE))))",GLG-BBC42-45FD,"IF('Summary Sheet'!$M$4=""Plywood"",VLOOKUP($B54,'Pwood & PB List'!$B$4:$V$158,12,FALSE),IF('Summary Sheet'!$M$4=""PB w/ Wood Drawers"",VLOOKUP($B54,'Pwood & PB List'!$B$4:$V$158,16,FALSE),IF('Summary Sheet'!$M$4=""PB w/ PB Drawers"",VLOOKUP($B54,'Pwood & PB List'!$B$4:$V$158,20,FALSE))))",NAO-BBC42-45FD,"IF('Summary Sheet'!$M$4=""Plywood"",VLOOKUP($B54,'Pwood & PB List'!$B$4:$V$158,12,FALSE),IF('Summary Sheet'!$M$4=""PB w/ Wood Drawers"",VLOOKUP($B54,'Pwood & PB List'!$B$4:$V$158,16,FALSE),IF('Summary Sheet'!$M$4=""PB w/ PB Drawers"",VLOOKUP($B54,'Pwood & PB List'!$B$4:$V$158,20,FALSE))))",WHO-BBC42-45FD,"IF('Summary Sheet'!$M$4=""Plywood"",VLOOKUP($B54,'Pwood & PB List'!$B$4:$V$158,9,FALSE),IF('Summary Sheet'!$M$4=""PB w/ Wood Drawers"",VLOOKUP($B54,'Pwood & PB List'!$B$4:$V$158,13,FALSE),IF('Summary Sheet'!$M$4=""PB w/ PB Drawers"",VLOOKUP($B54,'Pwood & PB List'!$B$4:$V$158,17,FALSE))))",MAW-BBC42-45FD,"IF('Summary Sheet'!$M$4=""Plywood"",VLOOKUP($B54,'Pwood & PB List'!$B$4:$V$158,9,FALSE),IF('Summary Sheet'!$M$4=""PB w/ Wood Drawers"",VLOOKUP($B54,'Pwood & PB List'!$B$4:$V$158,13,FALSE),IF('Summary Sheet'!$M$4=""PB w/ PB Drawers"",VLOOKUP($B54,'Pwood & PB List'!$B$4:$V$158,17,FALSE))))",MAG-BBC42-45FD,"IF('Summary Sheet'!$M$4=""Plywood"",VLOOKUP($B54,'Pwood & PB List'!$B$4:$V$158,9,FALSE),IF('Summary Sheet'!$M$4=""PB w/ Wood Drawers"",VLOOKUP($B54,'Pwood & PB List'!$B$4:$V$158,13,FALSE),IF('Summary Sheet'!$M$4=""PB w/ PB Drawers"",VLOOKUP($B54,'Pwood & PB List'!$B$4:$V$158,17,FALSE))))",MAB-BBC42-45FD,"IF('Summary Sheet'!$M$4=""Plywood"",VLOOKUP($B54,'Pwood & PB List'!$B$4:$V$158,9,FALSE),IF('Summary Sheet'!$M$4=""PB w/ Wood Drawers"",VLOOKUP($B54,'Pwood & PB List'!$B$4:$V$158,13,FALSE),IF('Summary Sheet'!$M$4=""PB w/ PB Drawers"",VLOOKUP($B54,'Pwood & PB List'!$B$4:$V$158,17,FALSE))))",GLB-BBC42-45FD,2,
55,"Vanity Drawer Base Cabinets, 21"" Depth",,,,,,,,,,,,,,,,,,,,,,,,,
56,"12"" Vanity Drawer Base Cabinet: 3 Drawers, 21"" Depth",VDB12-3,"IF('Summary Sheet'!$M$4=""Plywood"",VLOOKUP($B56,'Pwood & PB List'!$B$4:$V$158,9,FALSE),IF('Summary Sheet'!$M$4=""PB w/ Wood Drawers"",VLOOKUP($B56,'Pwood & PB List'!$B$4:$V$158,13,FALSE),IF('Summary Sheet'!$M$4=""PB w/ PB Drawers"",VLOOKUP($B56,'Pwood & PB List'!$B$4:$V$158,17,FALSE))))","CONCATENATE(""GLW-"",B56)","IF('Summary Sheet'!$M$4=""Plywood"",VLOOKUP($B56,'Pwood & PB List'!$B$4:$V$158,10,FALSE),IF('Summary Sheet'!$M$4=""PB w/ Wood Drawers"",VLOOKUP($B56,'Pwood & PB List'!$B$4:$V$158,14,FALSE),IF('Summary Sheet'!$M$4=""PB w/ PB Drawers"",VLOOKUP($B56,'Pwood & PB List'!$B$4:$V$158,18,FALSE))))","CONCATENATE(""SLO-"",B56)","IF('Summary Sheet'!$M$4=""Plywood"",VLOOKUP($B56,'Pwood & PB List'!$B$4:$V$158,11,FALSE),IF('Summary Sheet'!$M$4=""PB w/ Wood Drawers"",VLOOKUP($B56,'Pwood & PB List'!$B$4:$V$158,15,FALSE),IF('Summary Sheet'!$M$4=""PB w/ PB Drawers"",VLOOKUP($B56,'Pwood & PB List'!$B$4:$V$158,19,FALSE))))","CONCATENATE(""BLW-"",B56)","IF('Summary Sheet'!$M$4=""Plywood"",VLOOKUP($B56,'Pwood & PB List'!$B$4:$V$158,10,FALSE),IF('Summary Sheet'!$M$4=""PB w/ Wood Drawers"",VLOOKUP($B56,'Pwood & PB List'!$B$4:$V$158,14,FALSE),IF('Summary Sheet'!$M$4=""PB w/ PB Drawers"",VLOOKUP($B56,'Pwood & PB List'!$B$4:$V$158,18,FALSE))))","CONCATENATE(""WEO-"",B56)","IF('Summary Sheet'!$M$4=""Plywood"",VLOOKUP($B56,'Pwood & PB List'!$B$4:$V$158,9,FALSE),IF('Summary Sheet'!$M$4=""PB w/ Wood Drawers"",VLOOKUP($B56,'Pwood & PB List'!$B$4:$V$158,13,FALSE),IF('Summary Sheet'!$M$4=""PB w/ PB Drawers"",VLOOKUP($B56,'Pwood & PB List'!$B$4:$V$158,17,FALSE))))","CONCATENATE(""GLG-"",B56)","IF('Summary Sheet'!$M$4=""Plywood"",VLOOKUP($B56,'Pwood & PB List'!$B$4:$V$158,12,FALSE),IF('Summary Sheet'!$M$4=""PB w/ Wood Drawers"",VLOOKUP($B56,'Pwood & PB List'!$B$4:$V$158,16,FALSE),IF('Summary Sheet'!$M$4=""PB w/ PB Drawers"",VLOOKUP($B56,'Pwood & PB List'!$B$4:$V$158,20,FALSE))))","CONCATENATE(""NAO-"",B56)","IF('Summary Sheet'!$M$4=""Plywood"",VLOOKUP($B56,'Pwood & PB List'!$B$4:$V$158,12,FALSE),IF('Summary Sheet'!$M$4=""PB w/ Wood Drawers"",VLOOKUP($B56,'Pwood & PB List'!$B$4:$V$158,16,FALSE),IF('Summary Sheet'!$M$4=""PB w/ PB Drawers"",VLOOKUP($B56,'Pwood & PB List'!$B$4:$V$158,20,FALSE))))","CONCATENATE(""WHO-"",B56)","IF('Summary Sheet'!$M$4=""Plywood"",VLOOKUP($B56,'Pwood & PB List'!$B$4:$V$158,9,FALSE),IF('Summary Sheet'!$M$4=""PB w/ Wood Drawers"",VLOOKUP($B56,'Pwood & PB List'!$B$4:$V$158,13,FALSE),IF('Summary Sheet'!$M$4=""PB w/ PB Drawers"",VLOOKUP($B56,'Pwood & PB List'!$B$4:$V$158,17,FALSE))))","CONCATENATE(""MAW-"",B56)","IF('Summary Sheet'!$M$4=""Plywood"",VLOOKUP($B56,'Pwood & PB List'!$B$4:$V$158,9,FALSE),IF('Summary Sheet'!$M$4=""PB w/ Wood Drawers"",VLOOKUP($B56,'Pwood & PB List'!$B$4:$V$158,13,FALSE),IF('Summary Sheet'!$M$4=""PB w/ PB Drawers"",VLOOKUP($B56,'Pwood & PB List'!$B$4:$V$158,17,FALSE))))","CONCATENATE(""MAG-"",B56)","IF('Summary Sheet'!$M$4=""Plywood"",VLOOKUP($B56,'Pwood & PB List'!$B$4:$V$158,9,FALSE),IF('Summary Sheet'!$M$4=""PB w/ Wood Drawers"",VLOOKUP($B56,'Pwood & PB List'!$B$4:$V$158,13,FALSE),IF('Summary Sheet'!$M$4=""PB w/ PB Drawers"",VLOOKUP($B56,'Pwood & PB List'!$B$4:$V$158,17,FALSE))))","CONCATENATE(""MAB-"",B56)","IF('Summary Sheet'!$M$4=""Plywood"",VLOOKUP($B56,'Pwood & PB List'!$B$4:$V$158,9,FALSE),IF('Summary Sheet'!$M$4=""PB w/ Wood Drawers"",VLOOKUP($B56,'Pwood & PB List'!$B$4:$V$158,13,FALSE),IF('Summary Sheet'!$M$4=""PB w/ PB Drawers"",VLOOKUP($B56,'Pwood & PB List'!$B$4:$V$158,17,FALSE))))","CONCATENATE(""GLB-"",B56)",3,
57,"15"" Vanity Drawer Base Cabinet: 3 Drawers, 21"" Depth",VDB15-3,"IF('Summary Sheet'!$M$4=""Plywood"",VLOOKUP($B57,'Pwood & PB List'!$B$4:$V$158,9,FALSE),IF('Summary Sheet'!$M$4=""PB w/ Wood Drawers"",VLOOKUP($B57,'Pwood & PB List'!$B$4:$V$158,13,FALSE),IF('Summary Sheet'!$M$4=""PB w/ PB Drawers"",VLOOKUP($B57,'Pwood & PB List'!$B$4:$V$158,17,FALSE))))",GLW-VDB15-3,"IF('Summary Sheet'!$M$4=""Plywood"",VLOOKUP($B57,'Pwood & PB List'!$B$4:$V$158,10,FALSE),IF('Summary Sheet'!$M$4=""PB w/ Wood Drawers"",VLOOKUP($B57,'Pwood & PB List'!$B$4:$V$158,14,FALSE),IF('Summary Sheet'!$M$4=""PB w/ PB Drawers"",VLOOKUP($B57,'Pwood & PB List'!$B$4:$V$158,18,FALSE))))",SLO-VDB15-3,"IF('Summary Sheet'!$M$4=""Plywood"",VLOOKUP($B57,'Pwood & PB List'!$B$4:$V$158,11,FALSE),IF('Summary Sheet'!$M$4=""PB w/ Wood Drawers"",VLOOKUP($B57,'Pwood & PB List'!$B$4:$V$158,15,FALSE),IF('Summary Sheet'!$M$4=""PB w/ PB Drawers"",VLOOKUP($B57,'Pwood & PB List'!$B$4:$V$158,19,FALSE))))",BLW-VDB15-3,"IF('Summary Sheet'!$M$4=""Plywood"",VLOOKUP($B57,'Pwood & PB List'!$B$4:$V$158,10,FALSE),IF('Summary Sheet'!$M$4=""PB w/ Wood Drawers"",VLOOKUP($B57,'Pwood & PB List'!$B$4:$V$158,14,FALSE),IF('Summary Sheet'!$M$4=""PB w/ PB Drawers"",VLOOKUP($B57,'Pwood & PB List'!$B$4:$V$158,18,FALSE))))",WEO-VDB15-3,"IF('Summary Sheet'!$M$4=""Plywood"",VLOOKUP($B57,'Pwood & PB List'!$B$4:$V$158,9,FALSE),IF('Summary Sheet'!$M$4=""PB w/ Wood Drawers"",VLOOKUP($B57,'Pwood & PB List'!$B$4:$V$158,13,FALSE),IF('Summary Sheet'!$M$4=""PB w/ PB Drawers"",VLOOKUP($B57,'Pwood & PB List'!$B$4:$V$158,17,FALSE))))",GLG-VDB15-3,"IF('Summary Sheet'!$M$4=""Plywood"",VLOOKUP($B57,'Pwood & PB List'!$B$4:$V$158,12,FALSE),IF('Summary Sheet'!$M$4=""PB w/ Wood Drawers"",VLOOKUP($B57,'Pwood & PB List'!$B$4:$V$158,16,FALSE),IF('Summary Sheet'!$M$4=""PB w/ PB Drawers"",VLOOKUP($B57,'Pwood & PB List'!$B$4:$V$158,20,FALSE))))",NAO-VDB15-3,"IF('Summary Sheet'!$M$4=""Plywood"",VLOOKUP($B57,'Pwood & PB List'!$B$4:$V$158,12,FALSE),IF('Summary Sheet'!$M$4=""PB w/ Wood Drawers"",VLOOKUP($B57,'Pwood & PB List'!$B$4:$V$158,16,FALSE),IF('Summary Sheet'!$M$4=""PB w/ PB Drawers"",VLOOKUP($B57,'Pwood & PB List'!$B$4:$V$158,20,FALSE))))",WHO-VDB15-3,"IF('Summary Sheet'!$M$4=""Plywood"",VLOOKUP($B57,'Pwood & PB List'!$B$4:$V$158,9,FALSE),IF('Summary Sheet'!$M$4=""PB w/ Wood Drawers"",VLOOKUP($B57,'Pwood & PB List'!$B$4:$V$158,13,FALSE),IF('Summary Sheet'!$M$4=""PB w/ PB Drawers"",VLOOKUP($B57,'Pwood & PB List'!$B$4:$V$158,17,FALSE))))",MAW-VDB15-3,"IF('Summary Sheet'!$M$4=""Plywood"",VLOOKUP($B57,'Pwood & PB List'!$B$4:$V$158,9,FALSE),IF('Summary Sheet'!$M$4=""PB w/ Wood Drawers"",VLOOKUP($B57,'Pwood & PB List'!$B$4:$V$158,13,FALSE),IF('Summary Sheet'!$M$4=""PB w/ PB Drawers"",VLOOKUP($B57,'Pwood & PB List'!$B$4:$V$158,17,FALSE))))",MAG-VDB15-3,"IF('Summary Sheet'!$M$4=""Plywood"",VLOOKUP($B57,'Pwood & PB List'!$B$4:$V$158,9,FALSE),IF('Summary Sheet'!$M$4=""PB w/ Wood Drawers"",VLOOKUP($B57,'Pwood & PB List'!$B$4:$V$158,13,FALSE),IF('Summary Sheet'!$M$4=""PB w/ PB Drawers"",VLOOKUP($B57,'Pwood & PB List'!$B$4:$V$158,17,FALSE))))",MAB-VDB15-3,"IF('Summary Sheet'!$M$4=""Plywood"",VLOOKUP($B57,'Pwood & PB List'!$B$4:$V$158,9,FALSE),IF('Summary Sheet'!$M$4=""PB w/ Wood Drawers"",VLOOKUP($B57,'Pwood & PB List'!$B$4:$V$158,13,FALSE),IF('Summary Sheet'!$M$4=""PB w/ PB Drawers"",VLOOKUP($B57,'Pwood & PB List'!$B$4:$V$158,17,FALSE))))",GLB-VDB15-3,3,
58,"18"" Vanity Drawer Base Cabinet: 3 Drawers, 21"" Depth",VDB18-3,"IF('Summary Sheet'!$M$4=""Plywood"",VLOOKUP($B58,'Pwood & PB List'!$B$4:$V$158,9,FALSE),IF('Summary Sheet'!$M$4=""PB w/ Wood Drawers"",VLOOKUP($B58,'Pwood & PB List'!$B$4:$V$158,13,FALSE),IF('Summary Sheet'!$M$4=""PB w/ PB Drawers"",VLOOKUP($B58,'Pwood & PB List'!$B$4:$V$158,17,FALSE))))",GLW-VDB18-3,"IF('Summary Sheet'!$M$4=""Plywood"",VLOOKUP($B58,'Pwood & PB List'!$B$4:$V$158,10,FALSE),IF('Summary Sheet'!$M$4=""PB w/ Wood Drawers"",VLOOKUP($B58,'Pwood & PB List'!$B$4:$V$158,14,FALSE),IF('Summary Sheet'!$M$4=""PB w/ PB Drawers"",VLOOKUP($B58,'Pwood & PB List'!$B$4:$V$158,18,FALSE))))",SLO-VDB18-3,"IF('Summary Sheet'!$M$4=""Plywood"",VLOOKUP($B58,'Pwood & PB List'!$B$4:$V$158,11,FALSE),IF('Summary Sheet'!$M$4=""PB w/ Wood Drawers"",VLOOKUP($B58,'Pwood & PB List'!$B$4:$V$158,15,FALSE),IF('Summary Sheet'!$M$4=""PB w/ PB Drawers"",VLOOKUP($B58,'Pwood & PB List'!$B$4:$V$158,19,FALSE))))",BLW-VDB18-3,"IF('Summary Sheet'!$M$4=""Plywood"",VLOOKUP($B58,'Pwood & PB List'!$B$4:$V$158,10,FALSE),IF('Summary Sheet'!$M$4=""PB w/ Wood Drawers"",VLOOKUP($B58,'Pwood & PB List'!$B$4:$V$158,14,FALSE),IF('Summary Sheet'!$M$4=""PB w/ PB Drawers"",VLOOKUP($B58,'Pwood & PB List'!$B$4:$V$158,18,FALSE))))",WEO-VDB18-3,"IF('Summary Sheet'!$M$4=""Plywood"",VLOOKUP($B58,'Pwood & PB List'!$B$4:$V$158,9,FALSE),IF('Summary Sheet'!$M$4=""PB w/ Wood Drawers"",VLOOKUP($B58,'Pwood & PB List'!$B$4:$V$158,13,FALSE),IF('Summary Sheet'!$M$4=""PB w/ PB Drawers"",VLOOKUP($B58,'Pwood & PB List'!$B$4:$V$158,17,FALSE))))",GLG-VDB18-3,"IF('Summary Sheet'!$M$4=""Plywood"",VLOOKUP($B58,'Pwood & PB List'!$B$4:$V$158,12,FALSE),IF('Summary Sheet'!$M$4=""PB w/ Wood Drawers"",VLOOKUP($B58,'Pwood & PB List'!$B$4:$V$158,16,FALSE),IF('Summary Sheet'!$M$4=""PB w/ PB Drawers"",VLOOKUP($B58,'Pwood & PB List'!$B$4:$V$158,20,FALSE))))",NAO-VDB18-3,"IF('Summary Sheet'!$M$4=""Plywood"",VLOOKUP($B58,'Pwood & PB List'!$B$4:$V$158,12,FALSE),IF('Summary Sheet'!$M$4=""PB w/ Wood Drawers"",VLOOKUP($B58,'Pwood & PB List'!$B$4:$V$158,16,FALSE),IF('Summary Sheet'!$M$4=""PB w/ PB Drawers"",VLOOKUP($B58,'Pwood & PB List'!$B$4:$V$158,20,FALSE))))",WHO-VDB18-3,"IF('Summary Sheet'!$M$4=""Plywood"",VLOOKUP($B58,'Pwood & PB List'!$B$4:$V$158,9,FALSE),IF('Summary Sheet'!$M$4=""PB w/ Wood Drawers"",VLOOKUP($B58,'Pwood & PB List'!$B$4:$V$158,13,FALSE),IF('Summary Sheet'!$M$4=""PB w/ PB Drawers"",VLOOKUP($B58,'Pwood & PB List'!$B$4:$V$158,17,FALSE))))",MAW-VDB18-3,"IF('Summary Sheet'!$M$4=""Plywood"",VLOOKUP($B58,'Pwood & PB List'!$B$4:$V$158,9,FALSE),IF('Summary Sheet'!$M$4=""PB w/ Wood Drawers"",VLOOKUP($B58,'Pwood & PB List'!$B$4:$V$158,13,FALSE),IF('Summary Sheet'!$M$4=""PB w/ PB Drawers"",VLOOKUP($B58,'Pwood & PB List'!$B$4:$V$158,17,FALSE))))",MAG-VDB18-3,"IF('Summary Sheet'!$M$4=""Plywood"",VLOOKUP($B58,'Pwood & PB List'!$B$4:$V$158,9,FALSE),IF('Summary Sheet'!$M$4=""PB w/ Wood Drawers"",VLOOKUP($B58,'Pwood & PB List'!$B$4:$V$158,13,FALSE),IF('Summary Sheet'!$M$4=""PB w/ PB Drawers"",VLOOKUP($B58,'Pwood & PB List'!$B$4:$V$158,17,FALSE))))",MAB-VDB18-3,"IF('Summary Sheet'!$M$4=""Plywood"",VLOOKUP($B58,'Pwood & PB List'!$B$4:$V$158,9,FALSE),IF('Summary Sheet'!$M$4=""PB w/ Wood Drawers"",VLOOKUP($B58,'Pwood & PB List'!$B$4:$V$158,13,FALSE),IF('Summary Sheet'!$M$4=""PB w/ PB Drawers"",VLOOKUP($B58,'Pwood & PB List'!$B$4:$V$158,17,FALSE))))",GLB-VDB18-3,3,
59,"21"" Vanity Drawer Base Cabinet: 3 Drawers, 21"" Depth",VDB21-3,"IF('Summary Sheet'!$M$4=""Plywood"",VLOOKUP($B59,'Pwood & PB List'!$B$4:$V$158,9,FALSE),IF('Summary Sheet'!$M$4=""PB w/ Wood Drawers"",VLOOKUP($B59,'Pwood & PB List'!$B$4:$V$158,13,FALSE),IF('Summary Sheet'!$M$4=""PB w/ PB Drawers"",VLOOKUP($B59,'Pwood & PB List'!$B$4:$V$158,17,FALSE))))",GLW-VDB21-3,"IF('Summary Sheet'!$M$4=""Plywood"",VLOOKUP($B59,'Pwood & PB List'!$B$4:$V$158,10,FALSE),IF('Summary Sheet'!$M$4=""PB w/ Wood Drawers"",VLOOKUP($B59,'Pwood & PB List'!$B$4:$V$158,14,FALSE),IF('Summary Sheet'!$M$4=""PB w/ PB Drawers"",VLOOKUP($B59,'Pwood & PB List'!$B$4:$V$158,18,FALSE))))",SLO-VDB21-3,"IF('Summary Sheet'!$M$4=""Plywood"",VLOOKUP($B59,'Pwood & PB List'!$B$4:$V$158,11,FALSE),IF('Summary Sheet'!$M$4=""PB w/ Wood Drawers"",VLOOKUP($B59,'Pwood & PB List'!$B$4:$V$158,15,FALSE),IF('Summary Sheet'!$M$4=""PB w/ PB Drawers"",VLOOKUP($B59,'Pwood & PB List'!$B$4:$V$158,19,FALSE))))",BLW-VDB21-3,"IF('Summary Sheet'!$M$4=""Plywood"",VLOOKUP($B59,'Pwood & PB List'!$B$4:$V$158,10,FALSE),IF('Summary Sheet'!$M$4=""PB w/ Wood Drawers"",VLOOKUP($B59,'Pwood & PB List'!$B$4:$V$158,14,FALSE),IF('Summary Sheet'!$M$4=""PB w/ PB Drawers"",VLOOKUP($B59,'Pwood & PB List'!$B$4:$V$158,18,FALSE))))",WEO-VDB21-3,"IF('Summary Sheet'!$M$4=""Plywood"",VLOOKUP($B59,'Pwood & PB List'!$B$4:$V$158,9,FALSE),IF('Summary Sheet'!$M$4=""PB w/ Wood Drawers"",VLOOKUP($B59,'Pwood & PB List'!$B$4:$V$158,13,FALSE),IF('Summary Sheet'!$M$4=""PB w/ PB Drawers"",VLOOKUP($B59,'Pwood & PB List'!$B$4:$V$158,17,FALSE))))",GLG-VDB21-3,"IF('Summary Sheet'!$M$4=""Plywood"",VLOOKUP($B59,'Pwood & PB List'!$B$4:$V$158,12,FALSE),IF('Summary Sheet'!$M$4=""PB w/ Wood Drawers"",VLOOKUP($B59,'Pwood & PB List'!$B$4:$V$158,16,FALSE),IF('Summary Sheet'!$M$4=""PB w/ PB Drawers"",VLOOKUP($B59,'Pwood & PB List'!$B$4:$V$158,20,FALSE))))",NAO-VDB21-3,"IF('Summary Sheet'!$M$4=""Plywood"",VLOOKUP($B59,'Pwood & PB List'!$B$4:$V$158,12,FALSE),IF('Summary Sheet'!$M$4=""PB w/ Wood Drawers"",VLOOKUP($B59,'Pwood & PB List'!$B$4:$V$158,16,FALSE),IF('Summary Sheet'!$M$4=""PB w/ PB Drawers"",VLOOKUP($B59,'Pwood & PB List'!$B$4:$V$158,20,FALSE))))",WHO-VDB21-3,"IF('Summary Sheet'!$M$4=""Plywood"",VLOOKUP($B59,'Pwood & PB List'!$B$4:$V$158,9,FALSE),IF('Summary Sheet'!$M$4=""PB w/ Wood Drawers"",VLOOKUP($B59,'Pwood & PB List'!$B$4:$V$158,13,FALSE),IF('Summary Sheet'!$M$4=""PB w/ PB Drawers"",VLOOKUP($B59,'Pwood & PB List'!$B$4:$V$158,17,FALSE))))",MAW-VDB21-3,"IF('Summary Sheet'!$M$4=""Plywood"",VLOOKUP($B59,'Pwood & PB List'!$B$4:$V$158,9,FALSE),IF('Summary Sheet'!$M$4=""PB w/ Wood Drawers"",VLOOKUP($B59,'Pwood & PB List'!$B$4:$V$158,13,FALSE),IF('Summary Sheet'!$M$4=""PB w/ PB Drawers"",VLOOKUP($B59,'Pwood & PB List'!$B$4:$V$158,17,FALSE))))",MAG-VDB21-3,"IF('Summary Sheet'!$M$4=""Plywood"",VLOOKUP($B59,'Pwood & PB List'!$B$4:$V$158,9,FALSE),IF('Summary Sheet'!$M$4=""PB w/ Wood Drawers"",VLOOKUP($B59,'Pwood & PB List'!$B$4:$V$158,13,FALSE),IF('Summary Sheet'!$M$4=""PB w/ PB Drawers"",VLOOKUP($B59,'Pwood & PB List'!$B$4:$V$158,17,FALSE))))",MAB-VDB21-3,"IF('Summary Sheet'!$M$4=""Plywood"",VLOOKUP($B59,'Pwood & PB List'!$B$4:$V$158,9,FALSE),IF('Summary Sheet'!$M$4=""PB w/ Wood Drawers"",VLOOKUP($B59,'Pwood & PB List'!$B$4:$V$158,13,FALSE),IF('Summary Sheet'!$M$4=""PB w/ PB Drawers"",VLOOKUP($B59,'Pwood & PB List'!$B$4:$V$158,17,FALSE))))",GLB-VDB21-3,3,
60,"Vanity Sink Base Cabinets, 21"" Depth",,,,,,,,,,,,,,,,,,,,,,,,,
61,"24"" Vanity Sink Base Cabinet: 2 Doors & 1 False Drawer, 21"" Depth",VSB24,"IF('Summary Sheet'!$M$4=""Plywood"",VLOOKUP($B61,'Pwood & PB List'!$B$4:$V$158,9,FALSE),IF('Summary Sheet'!$M$4=""PB w/ Wood Drawers"",VLOOKUP($B61,'Pwood & PB List'!$B$4:$V$158,13,FALSE),IF('Summary Sheet'!$M$4=""PB w/ PB Drawers"",VLOOKUP($B61,'Pwood & PB List'!$B$4:$V$158,17,FALSE))))","CONCATENATE(""GLW-"",B61)","IF('Summary Sheet'!$M$4=""Plywood"",VLOOKUP($B61,'Pwood & PB List'!$B$4:$V$158,10,FALSE),IF('Summary Sheet'!$M$4=""PB w/ Wood Drawers"",VLOOKUP($B61,'Pwood & PB List'!$B$4:$V$158,14,FALSE),IF('Summary Sheet'!$M$4=""PB w/ PB Drawers"",VLOOKUP($B61,'Pwood & PB List'!$B$4:$V$158,18,FALSE))))","CONCATENATE(""SLO-"",B61)","IF('Summary Sheet'!$M$4=""Plywood"",VLOOKUP($B61,'Pwood & PB List'!$B$4:$V$158,11,FALSE),IF('Summary Sheet'!$M$4=""PB w/ Wood Drawers"",VLOOKUP($B61,'Pwood & PB List'!$B$4:$V$158,15,FALSE),IF('Summary Sheet'!$M$4=""PB w/ PB Drawers"",VLOOKUP($B61,'Pwood & PB List'!$B$4:$V$158,19,FALSE))))","CONCATENATE(""BLW-"",B61)","IF('Summary Sheet'!$M$4=""Plywood"",VLOOKUP($B61,'Pwood & PB List'!$B$4:$V$158,10,FALSE),IF('Summary Sheet'!$M$4=""PB w/ Wood Drawers"",VLOOKUP($B61,'Pwood & PB List'!$B$4:$V$158,14,FALSE),IF('Summary Sheet'!$M$4=""PB w/ PB Drawers"",VLOOKUP($B61,'Pwood & PB List'!$B$4:$V$158,18,FALSE))))","CONCATENATE(""WEO-"",B61)","IF('Summary Sheet'!$M$4=""Plywood"",VLOOKUP($B61,'Pwood & PB List'!$B$4:$V$158,9,FALSE),IF('Summary Sheet'!$M$4=""PB w/ Wood Drawers"",VLOOKUP($B61,'Pwood & PB List'!$B$4:$V$158,13,FALSE),IF('Summary Sheet'!$M$4=""PB w/ PB Drawers"",VLOOKUP($B61,'Pwood & PB List'!$B$4:$V$158,17,FALSE))))","CONCATENATE(""GLG-"",B61)","IF('Summary Sheet'!$M$4=""Plywood"",VLOOKUP($B61,'Pwood & PB List'!$B$4:$V$158,12,FALSE),IF('Summary Sheet'!$M$4=""PB w/ Wood Drawers"",VLOOKUP($B61,'Pwood & PB List'!$B$4:$V$158,16,FALSE),IF('Summary Sheet'!$M$4=""PB w/ PB Drawers"",VLOOKUP($B61,'Pwood & PB List'!$B$4:$V$158,20,FALSE))))","CONCATENATE(""NAO-"",B61)","IF('Summary Sheet'!$M$4=""Plywood"",VLOOKUP($B61,'Pwood & PB List'!$B$4:$V$158,12,FALSE),IF('Summary Sheet'!$M$4=""PB w/ Wood Drawers"",VLOOKUP($B61,'Pwood & PB List'!$B$4:$V$158,16,FALSE),IF('Summary Sheet'!$M$4=""PB w/ PB Drawers"",VLOOKUP($B61,'Pwood & PB List'!$B$4:$V$158,20,FALSE))))","CONCATENATE(""WHO-"",B61)","IF('Summary Sheet'!$M$4=""Plywood"",VLOOKUP($B61,'Pwood & PB List'!$B$4:$V$158,9,FALSE),IF('Summary Sheet'!$M$4=""PB w/ Wood Drawers"",VLOOKUP($B61,'Pwood & PB List'!$B$4:$V$158,13,FALSE),IF('Summary Sheet'!$M$4=""PB w/ PB Drawers"",VLOOKUP($B61,'Pwood & PB List'!$B$4:$V$158,17,FALSE))))","CONCATENATE(""MAW-"",B61)","IF('Summary Sheet'!$M$4=""Plywood"",VLOOKUP($B61,'Pwood & PB List'!$B$4:$V$158,9,FALSE),IF('Summary Sheet'!$M$4=""PB w/ Wood Drawers"",VLOOKUP($B61,'Pwood & PB List'!$B$4:$V$158,13,FALSE),IF('Summary Sheet'!$M$4=""PB w/ PB Drawers"",VLOOKUP($B61,'Pwood & PB List'!$B$4:$V$158,17,FALSE))))","CONCATENATE(""MAG-"",B61)","IF('Summary Sheet'!$M$4=""Plywood"",VLOOKUP($B61,'Pwood & PB List'!$B$4:$V$158,9,FALSE),IF('Summary Sheet'!$M$4=""PB w/ Wood Drawers"",VLOOKUP($B61,'Pwood & PB List'!$B$4:$V$158,13,FALSE),IF('Summary Sheet'!$M$4=""PB w/ PB Drawers"",VLOOKUP($B61,'Pwood & PB List'!$B$4:$V$158,17,FALSE))))","CONCATENATE(""MAB-"",B61)","IF('Summary Sheet'!$M$4=""Plywood"",VLOOKUP($B61,'Pwood & PB List'!$B$4:$V$158,9,FALSE),IF('Summary Sheet'!$M$4=""PB w/ Wood Drawers"",VLOOKUP($B61,'Pwood & PB List'!$B$4:$V$158,13,FALSE),IF('Summary Sheet'!$M$4=""PB w/ PB Drawers"",VLOOKUP($B61,'Pwood & PB List'!$B$4:$V$158,17,FALSE))))","CONCATENATE(""GLB-"",B61)",2,
62,"27"" Vanity Sink Base Cabinet: 2 Doors & 1 False Drawer, 21"" Depth",VSB27,"IF('Summary Sheet'!$M$4=""Plywood"",VLOOKUP($B62,'Pwood & PB List'!$B$4:$V$158,9,FALSE),IF('Summary Sheet'!$M$4=""PB w/ Wood Drawers"",VLOOKUP($B62,'Pwood & PB List'!$B$4:$V$158,13,FALSE),IF('Summary Sheet'!$M$4=""PB w/ PB Drawers"",VLOOKUP($B62,'Pwood & PB List'!$B$4:$V$158,17,FALSE))))",GLW-VSB27,"IF('Summary Sheet'!$M$4=""Plywood"",VLOOKUP($B62,'Pwood & PB List'!$B$4:$V$158,10,FALSE),IF('Summary Sheet'!$M$4=""PB w/ Wood Drawers"",VLOOKUP($B62,'Pwood & PB List'!$B$4:$V$158,14,FALSE),IF('Summary Sheet'!$M$4=""PB w/ PB Drawers"",VLOOKUP($B62,'Pwood & PB List'!$B$4:$V$158,18,FALSE))))",SLO-VSB27,"IF('Summary Sheet'!$M$4=""Plywood"",VLOOKUP($B62,'Pwood & PB List'!$B$4:$V$158,11,FALSE),IF('Summary Sheet'!$M$4=""PB w/ Wood Drawers"",VLOOKUP($B62,'Pwood & PB List'!$B$4:$V$158,15,FALSE),IF('Summary Sheet'!$M$4=""PB w/ PB Drawers"",VLOOKUP($B62,'Pwood & PB List'!$B$4:$V$158,19,FALSE))))",BLW-VSB27,"IF('Summary Sheet'!$M$4=""Plywood"",VLOOKUP($B62,'Pwood & PB List'!$B$4:$V$158,10,FALSE),IF('Summary Sheet'!$M$4=""PB w/ Wood Drawers"",VLOOKUP($B62,'Pwood & PB List'!$B$4:$V$158,14,FALSE),IF('Summary Sheet'!$M$4=""PB w/ PB Drawers"",VLOOKUP($B62,'Pwood & PB List'!$B$4:$V$158,18,FALSE))))",WEO-VSB27,"IF('Summary Sheet'!$M$4=""Plywood"",VLOOKUP($B62,'Pwood & PB List'!$B$4:$V$158,9,FALSE),IF('Summary Sheet'!$M$4=""PB w/ Wood Drawers"",VLOOKUP($B62,'Pwood & PB List'!$B$4:$V$158,13,FALSE),IF('Summary Sheet'!$M$4=""PB w/ PB Drawers"",VLOOKUP($B62,'Pwood & PB List'!$B$4:$V$158,17,FALSE))))",GLG-VSB27,"IF('Summary Sheet'!$M$4=""Plywood"",VLOOKUP($B62,'Pwood & PB List'!$B$4:$V$158,12,FALSE),IF('Summary Sheet'!$M$4=""PB w/ Wood Drawers"",VLOOKUP($B62,'Pwood & PB List'!$B$4:$V$158,16,FALSE),IF('Summary Sheet'!$M$4=""PB w/ PB Drawers"",VLOOKUP($B62,'Pwood & PB List'!$B$4:$V$158,20,FALSE))))",NAO-VSB27,"IF('Summary Sheet'!$M$4=""Plywood"",VLOOKUP($B62,'Pwood & PB List'!$B$4:$V$158,12,FALSE),IF('Summary Sheet'!$M$4=""PB w/ Wood Drawers"",VLOOKUP($B62,'Pwood & PB List'!$B$4:$V$158,16,FALSE),IF('Summary Sheet'!$M$4=""PB w/ PB Drawers"",VLOOKUP($B62,'Pwood & PB List'!$B$4:$V$158,20,FALSE))))",WHO-VSB27,"IF('Summary Sheet'!$M$4=""Plywood"",VLOOKUP($B62,'Pwood & PB List'!$B$4:$V$158,9,FALSE),IF('Summary Sheet'!$M$4=""PB w/ Wood Drawers"",VLOOKUP($B62,'Pwood & PB List'!$B$4:$V$158,13,FALSE),IF('Summary Sheet'!$M$4=""PB w/ PB Drawers"",VLOOKUP($B62,'Pwood & PB List'!$B$4:$V$158,17,FALSE))))",MAW-VSB27,"IF('Summary Sheet'!$M$4=""Plywood"",VLOOKUP($B62,'Pwood & PB List'!$B$4:$V$158,9,FALSE),IF('Summary Sheet'!$M$4=""PB w/ Wood Drawers"",VLOOKUP($B62,'Pwood & PB List'!$B$4:$V$158,13,FALSE),IF('Summary Sheet'!$M$4=""PB w/ PB Drawers"",VLOOKUP($B62,'Pwood & PB List'!$B$4:$V$158,17,FALSE))))",MAG-VSB27,"IF('Summary Sheet'!$M$4=""Plywood"",VLOOKUP($B62,'Pwood & PB List'!$B$4:$V$158,9,FALSE),IF('Summary Sheet'!$M$4=""PB w/ Wood Drawers"",VLOOKUP($B62,'Pwood & PB List'!$B$4:$V$158,13,FALSE),IF('Summary Sheet'!$M$4=""PB w/ PB Drawers"",VLOOKUP($B62,'Pwood & PB List'!$B$4:$V$158,17,FALSE))))",MAB-VSB27,"IF('Summary Sheet'!$M$4=""Plywood"",VLOOKUP($B62,'Pwood & PB List'!$B$4:$V$158,9,FALSE),IF('Summary Sheet'!$M$4=""PB w/ Wood Drawers"",VLOOKUP($B62,'Pwood & PB List'!$B$4:$V$158,13,FALSE),IF('Summary Sheet'!$M$4=""PB w/ PB Drawers"",VLOOKUP($B62,'Pwood & PB List'!$B$4:$V$158,17,FALSE))))",GLB-VSB27,2,
63,"30"" Vanity Sink Base Cabinet: 2 Doors & 1 False Drawer, 21"" Depth",VSB30,"IF('Summary Sheet'!$M$4=""Plywood"",VLOOKUP($B63,'Pwood & PB List'!$B$4:$V$158,9,FALSE),IF('Summary Sheet'!$M$4=""PB w/ Wood Drawers"",VLOOKUP($B63,'Pwood & PB List'!$B$4:$V$158,13,FALSE),IF('Summary Sheet'!$M$4=""PB w/ PB Drawers"",VLOOKUP($B63,'Pwood & PB List'!$B$4:$V$158,17,FALSE))))",GLW-VSB30,"IF('Summary Sheet'!$M$4=""Plywood"",VLOOKUP($B63,'Pwood & PB List'!$B$4:$V$158,10,FALSE),IF('Summary Sheet'!$M$4=""PB w/ Wood Drawers"",VLOOKUP($B63,'Pwood & PB List'!$B$4:$V$158,14,FALSE),IF('Summary Sheet'!$M$4=""PB w/ PB Drawers"",VLOOKUP($B63,'Pwood & PB List'!$B$4:$V$158,18,FALSE))))",SLO-VSB30,"IF('Summary Sheet'!$M$4=""Plywood"",VLOOKUP($B63,'Pwood & PB List'!$B$4:$V$158,11,FALSE),IF('Summary Sheet'!$M$4=""PB w/ Wood Drawers"",VLOOKUP($B63,'Pwood & PB List'!$B$4:$V$158,15,FALSE),IF('Summary Sheet'!$M$4=""PB w/ PB Drawers"",VLOOKUP($B63,'Pwood & PB List'!$B$4:$V$158,19,FALSE))))",BLW-VSB30,"IF('Summary Sheet'!$M$4=""Plywood"",VLOOKUP($B63,'Pwood & PB List'!$B$4:$V$158,10,FALSE),IF('Summary Sheet'!$M$4=""PB w/ Wood Drawers"",VLOOKUP($B63,'Pwood & PB List'!$B$4:$V$158,14,FALSE),IF('Summary Sheet'!$M$4=""PB w/ PB Drawers"",VLOOKUP($B63,'Pwood & PB List'!$B$4:$V$158,18,FALSE))))",WEO-VSB30,"IF('Summary Sheet'!$M$4=""Plywood"",VLOOKUP($B63,'Pwood & PB List'!$B$4:$V$158,9,FALSE),IF('Summary Sheet'!$M$4=""PB w/ Wood Drawers"",VLOOKUP($B63,'Pwood & PB List'!$B$4:$V$158,13,FALSE),IF('Summary Sheet'!$M$4=""PB w/ PB Drawers"",VLOOKUP($B63,'Pwood & PB List'!$B$4:$V$158,17,FALSE))))",GLG-VSB30,"IF('Summary Sheet'!$M$4=""Plywood"",VLOOKUP($B63,'Pwood & PB List'!$B$4:$V$158,12,FALSE),IF('Summary Sheet'!$M$4=""PB w/ Wood Drawers"",VLOOKUP($B63,'Pwood & PB List'!$B$4:$V$158,16,FALSE),IF('Summary Sheet'!$M$4=""PB w/ PB Drawers"",VLOOKUP($B63,'Pwood & PB List'!$B$4:$V$158,20,FALSE))))",NAO-VSB30,"IF('Summary Sheet'!$M$4=""Plywood"",VLOOKUP($B63,'Pwood & PB List'!$B$4:$V$158,12,FALSE),IF('Summary Sheet'!$M$4=""PB w/ Wood Drawers"",VLOOKUP($B63,'Pwood & PB List'!$B$4:$V$158,16,FALSE),IF('Summary Sheet'!$M$4=""PB w/ PB Drawers"",VLOOKUP($B63,'Pwood & PB List'!$B$4:$V$158,20,FALSE))))",WHO-VSB30,"IF('Summary Sheet'!$M$4=""Plywood"",VLOOKUP($B63,'Pwood & PB List'!$B$4:$V$158,9,FALSE),IF('Summary Sheet'!$M$4=""PB w/ Wood Drawers"",VLOOKUP($B63,'Pwood & PB List'!$B$4:$V$158,13,FALSE),IF('Summary Sheet'!$M$4=""PB w/ PB Drawers"",VLOOKUP($B63,'Pwood & PB List'!$B$4:$V$158,17,FALSE))))",MAW-VSB30,"IF('Summary Sheet'!$M$4=""Plywood"",VLOOKUP($B63,'Pwood & PB List'!$B$4:$V$158,9,FALSE),IF('Summary Sheet'!$M$4=""PB w/ Wood Drawers"",VLOOKUP($B63,'Pwood & PB List'!$B$4:$V$158,13,FALSE),IF('Summary Sheet'!$M$4=""PB w/ PB Drawers"",VLOOKUP($B63,'Pwood & PB List'!$B$4:$V$158,17,FALSE))))",MAG-VSB30,"IF('Summary Sheet'!$M$4=""Plywood"",VLOOKUP($B63,'Pwood & PB List'!$B$4:$V$158,9,FALSE),IF('Summary Sheet'!$M$4=""PB w/ Wood Drawers"",VLOOKUP($B63,'Pwood & PB List'!$B$4:$V$158,13,FALSE),IF('Summary Sheet'!$M$4=""PB w/ PB Drawers"",VLOOKUP($B63,'Pwood & PB List'!$B$4:$V$158,17,FALSE))))",MAB-VSB30,"IF('Summary Sheet'!$M$4=""Plywood"",VLOOKUP($B63,'Pwood & PB List'!$B$4:$V$158,9,FALSE),IF('Summary Sheet'!$M$4=""PB w/ Wood Drawers"",VLOOKUP($B63,'Pwood & PB List'!$B$4:$V$158,13,FALSE),IF('Summary Sheet'!$M$4=""PB w/ PB Drawers"",VLOOKUP($B63,'Pwood & PB List'!$B$4:$V$158,17,FALSE))))",GLB-VSB30,2,
64,"36"" Vanity Sink Base Cabinet: 2 Doors & 1 False Drawer, 21"" Depth",VSB36,"IF('Summary Sheet'!$M$4=""Plywood"",VLOOKUP($B64,'Pwood & PB List'!$B$4:$V$158,9,FALSE),IF('Summary Sheet'!$M$4=""PB w/ Wood Drawers"",VLOOKUP($B64,'Pwood & PB List'!$B$4:$V$158,13,FALSE),IF('Summary Sheet'!$M$4=""PB w/ PB Drawers"",VLOOKUP($B64,'Pwood & PB List'!$B$4:$V$158,17,FALSE))))",GLW-VSB36,"IF('Summary Sheet'!$M$4=""Plywood"",VLOOKUP($B64,'Pwood & PB List'!$B$4:$V$158,10,FALSE),IF('Summary Sheet'!$M$4=""PB w/ Wood Drawers"",VLOOKUP($B64,'Pwood & PB List'!$B$4:$V$158,14,FALSE),IF('Summary Sheet'!$M$4=""PB w/ PB Drawers"",VLOOKUP($B64,'Pwood & PB List'!$B$4:$V$158,18,FALSE))))",SLO-VSB36,"IF('Summary Sheet'!$M$4=""Plywood"",VLOOKUP($B64,'Pwood & PB List'!$B$4:$V$158,11,FALSE),IF('Summary Sheet'!$M$4=""PB w/ Wood Drawers"",VLOOKUP($B64,'Pwood & PB List'!$B$4:$V$158,15,FALSE),IF('Summary Sheet'!$M$4=""PB w/ PB Drawers"",VLOOKUP($B64,'Pwood & PB List'!$B$4:$V$158,19,FALSE))))",BLW-VSB36,"IF('Summary Sheet'!$M$4=""Plywood"",VLOOKUP($B64,'Pwood & PB List'!$B$4:$V$158,10,FALSE),IF('Summary Sheet'!$M$4=""PB w/ Wood Drawers"",VLOOKUP($B64,'Pwood & PB List'!$B$4:$V$158,14,FALSE),IF('Summary Sheet'!$M$4=""PB w/ PB Drawers"",VLOOKUP($B64,'Pwood & PB List'!$B$4:$V$158,18,FALSE))))",WEO-VSB36,"IF('Summary Sheet'!$M$4=""Plywood"",VLOOKUP($B64,'Pwood & PB List'!$B$4:$V$158,9,FALSE),IF('Summary Sheet'!$M$4=""PB w/ Wood Drawers"",VLOOKUP($B64,'Pwood & PB List'!$B$4:$V$158,13,FALSE),IF('Summary Sheet'!$M$4=""PB w/ PB Drawers"",VLOOKUP($B64,'Pwood & PB List'!$B$4:$V$158,17,FALSE))))",GLG-VSB36,"IF('Summary Sheet'!$M$4=""Plywood"",VLOOKUP($B64,'Pwood & PB List'!$B$4:$V$158,12,FALSE),IF('Summary Sheet'!$M$4=""PB w/ Wood Drawers"",VLOOKUP($B64,'Pwood & PB List'!$B$4:$V$158,16,FALSE),IF('Summary Sheet'!$M$4=""PB w/ PB Drawers"",VLOOKUP($B64,'Pwood & PB List'!$B$4:$V$158,20,FALSE))))",NAO-VSB36,"IF('Summary Sheet'!$M$4=""Plywood"",VLOOKUP($B64,'Pwood & PB List'!$B$4:$V$158,12,FALSE),IF('Summary Sheet'!$M$4=""PB w/ Wood Drawers"",VLOOKUP($B64,'Pwood & PB List'!$B$4:$V$158,16,FALSE),IF('Summary Sheet'!$M$4=""PB w/ PB Drawers"",VLOOKUP($B64,'Pwood & PB List'!$B$4:$V$158,20,FALSE))))",WHO-VSB36,"IF('Summary Sheet'!$M$4=""Plywood"",VLOOKUP($B64,'Pwood & PB List'!$B$4:$V$158,9,FALSE),IF('Summary Sheet'!$M$4=""PB w/ Wood Drawers"",VLOOKUP($B64,'Pwood & PB List'!$B$4:$V$158,13,FALSE),IF('Summary Sheet'!$M$4=""PB w/ PB Drawers"",VLOOKUP($B64,'Pwood & PB List'!$B$4:$V$158,17,FALSE))))",MAW-VSB36,"IF('Summary Sheet'!$M$4=""Plywood"",VLOOKUP($B64,'Pwood & PB List'!$B$4:$V$158,9,FALSE),IF('Summary Sheet'!$M$4=""PB w/ Wood Drawers"",VLOOKUP($B64,'Pwood & PB List'!$B$4:$V$158,13,FALSE),IF('Summary Sheet'!$M$4=""PB w/ PB Drawers"",VLOOKUP($B64,'Pwood & PB List'!$B$4:$V$158,17,FALSE))))",MAG-VSB36,"IF('Summary Sheet'!$M$4=""Plywood"",VLOOKUP($B64,'Pwood & PB List'!$B$4:$V$158,9,FALSE),IF('Summary Sheet'!$M$4=""PB w/ Wood Drawers"",VLOOKUP($B64,'Pwood & PB List'!$B$4:$V$158,13,FALSE),IF('Summary Sheet'!$M$4=""PB w/ PB Drawers"",VLOOKUP($B64,'Pwood & PB List'!$B$4:$V$158,17,FALSE))))",MAB-VSB36,"IF('Summary Sheet'!$M$4=""Plywood"",VLOOKUP($B64,'Pwood & PB List'!$B$4:$V$158,9,FALSE),IF('Summary Sheet'!$M$4=""PB w/ Wood Drawers"",VLOOKUP($B64,'Pwood & PB List'!$B$4:$V$158,13,FALSE),IF('Summary Sheet'!$M$4=""PB w/ PB Drawers"",VLOOKUP($B64,'Pwood & PB List'!$B$4:$V$158,17,FALSE))))",GLB-VSB36,2,
65,"Vanity Knee Drawer Cabinets, 21"" Depth",,,,,,,,,,,,,,,,,,,,,,,,,
66,"24"" Vanity Knee Drawer Cabinet: 1 Drawer, 6"" Height, 21"" Depth",VDK24,"IF('Summary Sheet'!$M$4=""Plywood"",VLOOKUP($B66,'Pwood & PB List'!$B$4:$V$158,9,FALSE),IF('Summary Sheet'!$M$4=""PB w/ Wood Drawers"",VLOOKUP($B66,'Pwood & PB List'!$B$4:$V$158,13,FALSE),IF('Summary Sheet'!$M$4=""PB w/ PB Drawers"",VLOOKUP($B66,'Pwood & PB List'!$B$4:$V$158,17,FALSE))))","CONCATENATE(""GLW-"",B66)","IF('Summary Sheet'!$M$4=""Plywood"",VLOOKUP($B66,'Pwood & PB List'!$B$4:$V$158,10,FALSE),IF('Summary Sheet'!$M$4=""PB w/ Wood Drawers"",VLOOKUP($B66,'Pwood & PB List'!$B$4:$V$158,14,FALSE),IF('Summary Sheet'!$M$4=""PB w/ PB Drawers"",VLOOKUP($B66,'Pwood & PB List'!$B$4:$V$158,18,FALSE))))","CONCATENATE(""SLO-"",B66)","IF('Summary Sheet'!$M$4=""Plywood"",VLOOKUP($B66,'Pwood & PB List'!$B$4:$V$158,11,FALSE),IF('Summary Sheet'!$M$4=""PB w/ Wood Drawers"",VLOOKUP($B66,'Pwood & PB List'!$B$4:$V$158,15,FALSE),IF('Summary Sheet'!$M$4=""PB w/ PB Drawers"",VLOOKUP($B66,'Pwood & PB List'!$B$4:$V$158,19,FALSE))))","CONCATENATE(""BLW-"",B66)","IF('Summary Sheet'!$M$4=""Plywood"",VLOOKUP($B66,'Pwood & PB List'!$B$4:$V$158,10,FALSE),IF('Summary Sheet'!$M$4=""PB w/ Wood Drawers"",VLOOKUP($B66,'Pwood & PB List'!$B$4:$V$158,14,FALSE),IF('Summary Sheet'!$M$4=""PB w/ PB Drawers"",VLOOKUP($B66,'Pwood & PB List'!$B$4:$V$158,18,FALSE))))","CONCATENATE(""WEO-"",B66)","IF('Summary Sheet'!$M$4=""Plywood"",VLOOKUP($B66,'Pwood & PB List'!$B$4:$V$158,9,FALSE),IF('Summary Sheet'!$M$4=""PB w/ Wood Drawers"",VLOOKUP($B66,'Pwood & PB List'!$B$4:$V$158,13,FALSE),IF('Summary Sheet'!$M$4=""PB w/ PB Drawers"",VLOOKUP($B66,'Pwood & PB List'!$B$4:$V$158,17,FALSE))))","CONCATENATE(""GLG-"",B66)","IF('Summary Sheet'!$M$4=""Plywood"",VLOOKUP($B66,'Pwood & PB List'!$B$4:$V$158,12,FALSE),IF('Summary Sheet'!$M$4=""PB w/ Wood Drawers"",VLOOKUP($B66,'Pwood & PB List'!$B$4:$V$158,16,FALSE),IF('Summary Sheet'!$M$4=""PB w/ PB Drawers"",VLOOKUP($B66,'Pwood & PB List'!$B$4:$V$158,20,FALSE))))","CONCATENATE(""NAO-"",B66)","IF('Summary Sheet'!$M$4=""Plywood"",VLOOKUP($B66,'Pwood & PB List'!$B$4:$V$158,12,FALSE),IF('Summary Sheet'!$M$4=""PB w/ Wood Drawers"",VLOOKUP($B66,'Pwood & PB List'!$B$4:$V$158,16,FALSE),IF('Summary Sheet'!$M$4=""PB w/ PB Drawers"",VLOOKUP($B66,'Pwood & PB List'!$B$4:$V$158,20,FALSE))))","CONCATENATE(""WHO-"",B66)","IF('Summary Sheet'!$M$4=""Plywood"",VLOOKUP($B66,'Pwood & PB List'!$B$4:$V$158,9,FALSE),IF('Summary Sheet'!$M$4=""PB w/ Wood Drawers"",VLOOKUP($B66,'Pwood & PB List'!$B$4:$V$158,13,FALSE),IF('Summary Sheet'!$M$4=""PB w/ PB Drawers"",VLOOKUP($B66,'Pwood & PB List'!$B$4:$V$158,17,FALSE))))","CONCATENATE(""MAW-"",B66)","IF('Summary Sheet'!$M$4=""Plywood"",VLOOKUP($B66,'Pwood & PB List'!$B$4:$V$158,9,FALSE),IF('Summary Sheet'!$M$4=""PB w/ Wood Drawers"",VLOOKUP($B66,'Pwood & PB List'!$B$4:$V$158,13,FALSE),IF('Summary Sheet'!$M$4=""PB w/ PB Drawers"",VLOOKUP($B66,'Pwood & PB List'!$B$4:$V$158,17,FALSE))))","CONCATENATE(""MAG-"",B66)","IF('Summary Sheet'!$M$4=""Plywood"",VLOOKUP($B66,'Pwood & PB List'!$B$4:$V$158,9,FALSE),IF('Summary Sheet'!$M$4=""PB w/ Wood Drawers"",VLOOKUP($B66,'Pwood & PB List'!$B$4:$V$158,13,FALSE),IF('Summary Sheet'!$M$4=""PB w/ PB Drawers"",VLOOKUP($B66,'Pwood & PB List'!$B$4:$V$158,17,FALSE))))","CONCATENATE(""MAB-"",B66)","IF('Summary Sheet'!$M$4=""Plywood"",VLOOKUP($B66,'Pwood & PB List'!$B$4:$V$158,9,FALSE),IF('Summary Sheet'!$M$4=""PB w/ Wood Drawers"",VLOOKUP($B66,'Pwood & PB List'!$B$4:$V$158,13,FALSE),IF('Summary Sheet'!$M$4=""PB w/ PB Drawers"",VLOOKUP($B66,'Pwood & PB List'!$B$4:$V$158,17,FALSE))))","CONCATENATE(""GLB-"",B66)",1,
67,"30"" Vanity Knee Drawer Cabinet: 1 Drawer, 6"" Height, 21"" Depth",VDK30,"IF('Summary Sheet'!$M$4=""Plywood"",VLOOKUP($B67,'Pwood & PB List'!$B$4:$V$158,9,FALSE),IF('Summary Sheet'!$M$4=""PB w/ Wood Drawers"",VLOOKUP($B67,'Pwood & PB List'!$B$4:$V$158,13,FALSE),IF('Summary Sheet'!$M$4=""PB w/ PB Drawers"",VLOOKUP($B67,'Pwood & PB List'!$B$4:$V$158,17,FALSE))))",GLW-VDK30,"IF('Summary Sheet'!$M$4=""Plywood"",VLOOKUP($B67,'Pwood & PB List'!$B$4:$V$158,10,FALSE),IF('Summary Sheet'!$M$4=""PB w/ Wood Drawers"",VLOOKUP($B67,'Pwood & PB List'!$B$4:$V$158,14,FALSE),IF('Summary Sheet'!$M$4=""PB w/ PB Drawers"",VLOOKUP($B67,'Pwood & PB List'!$B$4:$V$158,18,FALSE))))",SLO-VDK30,"IF('Summary Sheet'!$M$4=""Plywood"",VLOOKUP($B67,'Pwood & PB List'!$B$4:$V$158,11,FALSE),IF('Summary Sheet'!$M$4=""PB w/ Wood Drawers"",VLOOKUP($B67,'Pwood & PB List'!$B$4:$V$158,15,FALSE),IF('Summary Sheet'!$M$4=""PB w/ PB Drawers"",VLOOKUP($B67,'Pwood & PB List'!$B$4:$V$158,19,FALSE))))",BLW-VDK30,"IF('Summary Sheet'!$M$4=""Plywood"",VLOOKUP($B67,'Pwood & PB List'!$B$4:$V$158,10,FALSE),IF('Summary Sheet'!$M$4=""PB w/ Wood Drawers"",VLOOKUP($B67,'Pwood & PB List'!$B$4:$V$158,14,FALSE),IF('Summary Sheet'!$M$4=""PB w/ PB Drawers"",VLOOKUP($B67,'Pwood & PB List'!$B$4:$V$158,18,FALSE))))",WEO-VDK30,"IF('Summary Sheet'!$M$4=""Plywood"",VLOOKUP($B67,'Pwood & PB List'!$B$4:$V$158,9,FALSE),IF('Summary Sheet'!$M$4=""PB w/ Wood Drawers"",VLOOKUP($B67,'Pwood & PB List'!$B$4:$V$158,13,FALSE),IF('Summary Sheet'!$M$4=""PB w/ PB Drawers"",VLOOKUP($B67,'Pwood & PB List'!$B$4:$V$158,17,FALSE))))",GLG-VDK30,"IF('Summary Sheet'!$M$4=""Plywood"",VLOOKUP($B67,'Pwood & PB List'!$B$4:$V$158,12,FALSE),IF('Summary Sheet'!$M$4=""PB w/ Wood Drawers"",VLOOKUP($B67,'Pwood & PB List'!$B$4:$V$158,16,FALSE),IF('Summary Sheet'!$M$4=""PB w/ PB Drawers"",VLOOKUP($B67,'Pwood & PB List'!$B$4:$V$158,20,FALSE))))",NAO-VDK30,"IF('Summary Sheet'!$M$4=""Plywood"",VLOOKUP($B67,'Pwood & PB List'!$B$4:$V$158,12,FALSE),IF('Summary Sheet'!$M$4=""PB w/ Wood Drawers"",VLOOKUP($B67,'Pwood & PB List'!$B$4:$V$158,16,FALSE),IF('Summary Sheet'!$M$4=""PB w/ PB Drawers"",VLOOKUP($B67,'Pwood & PB List'!$B$4:$V$158,20,FALSE))))",WHO-VDK30,"IF('Summary Sheet'!$M$4=""Plywood"",VLOOKUP($B67,'Pwood & PB List'!$B$4:$V$158,9,FALSE),IF('Summary Sheet'!$M$4=""PB w/ Wood Drawers"",VLOOKUP($B67,'Pwood & PB List'!$B$4:$V$158,13,FALSE),IF('Summary Sheet'!$M$4=""PB w/ PB Drawers"",VLOOKUP($B67,'Pwood & PB List'!$B$4:$V$158,17,FALSE))))",MAW-VDK30,"IF('Summary Sheet'!$M$4=""Plywood"",VLOOKUP($B67,'Pwood & PB List'!$B$4:$V$158,9,FALSE),IF('Summary Sheet'!$M$4=""PB w/ Wood Drawers"",VLOOKUP($B67,'Pwood & PB List'!$B$4:$V$158,13,FALSE),IF('Summary Sheet'!$M$4=""PB w/ PB Drawers"",VLOOKUP($B67,'Pwood & PB List'!$B$4:$V$158,17,FALSE))))",MAG-VDK30,"IF('Summary Sheet'!$M$4=""Plywood"",VLOOKUP($B67,'Pwood & PB List'!$B$4:$V$158,9,FALSE),IF('Summary Sheet'!$M$4=""PB w/ Wood Drawers"",VLOOKUP($B67,'Pwood & PB List'!$B$4:$V$158,13,FALSE),IF('Summary Sheet'!$M$4=""PB w/ PB Drawers"",VLOOKUP($B67,'Pwood & PB List'!$B$4:$V$158,17,FALSE))))",MAB-VDK30,"IF('Summary Sheet'!$M$4=""Plywood"",VLOOKUP($B67,'Pwood & PB List'!$B$4:$V$158,9,FALSE),IF('Summary Sheet'!$M$4=""PB w/ Wood Drawers"",VLOOKUP($B67,'Pwood & PB List'!$B$4:$V$158,13,FALSE),IF('Summary Sheet'!$M$4=""PB w/ PB Drawers"",VLOOKUP($B67,'Pwood & PB List'!$B$4:$V$158,17,FALSE))))",GLB-VDK30,1,
68,"Pantry Cabinets, 24"" Depth",,,,,,,,,,,,,,,,,,,,,,,,,
69,"Pantry Cabinet: 15"" W x 84"" H, 2 Doors ",PC1584,"IF('Summary Sheet'!$M$4=""Plywood"",VLOOKUP($B69,'Pwood & PB List'!$B$4:$V$158,9,FALSE),IF('Summary Sheet'!$M$4=""PB w/ Wood Drawers"",VLOOKUP($B69,'Pwood & PB List'!$B$4:$V$158,13,FALSE),IF('Summary Sheet'!$M$4=""PB w/ PB Drawers"",VLOOKUP($B69,'Pwood & PB List'!$B$4:$V$158,17,FALSE))))","CONCATENATE(""GLW-"",B69)","IF('Summary Sheet'!$M$4=""Plywood"",VLOOKUP($B69,'Pwood & PB List'!$B$4:$V$158,10,FALSE),IF('Summary Sheet'!$M$4=""PB w/ Wood Drawers"",VLOOKUP($B69,'Pwood & PB List'!$B$4:$V$158,14,FALSE),IF('Summary Sheet'!$M$4=""PB w/ PB Drawers"",VLOOKUP($B69,'Pwood & PB List'!$B$4:$V$158,18,FALSE))))","CONCATENATE(""SLO-"",B69)","IF('Summary Sheet'!$M$4=""Plywood"",VLOOKUP($B69,'Pwood & PB List'!$B$4:$V$158,11,FALSE),IF('Summary Sheet'!$M$4=""PB w/ Wood Drawers"",VLOOKUP($B69,'Pwood & PB List'!$B$4:$V$158,15,FALSE),IF('Summary Sheet'!$M$4=""PB w/ PB Drawers"",VLOOKUP($B69,'Pwood & PB List'!$B$4:$V$158,19,FALSE))))","CONCATENATE(""BLW-"",B69)","IF('Summary Sheet'!$M$4=""Plywood"",VLOOKUP($B69,'Pwood & PB List'!$B$4:$V$158,10,FALSE),IF('Summary Sheet'!$M$4=""PB w/ Wood Drawers"",VLOOKUP($B69,'Pwood & PB List'!$B$4:$V$158,14,FALSE),IF('Summary Sheet'!$M$4=""PB w/ PB Drawers"",VLOOKUP($B69,'Pwood & PB List'!$B$4:$V$158,18,FALSE))))","CONCATENATE(""WEO-"",B69)","IF('Summary Sheet'!$M$4=""Plywood"",VLOOKUP($B69,'Pwood & PB List'!$B$4:$V$158,9,FALSE),IF('Summary Sheet'!$M$4=""PB w/ Wood Drawers"",VLOOKUP($B69,'Pwood & PB List'!$B$4:$V$158,13,FALSE),IF('Summary Sheet'!$M$4=""PB w/ PB Drawers"",VLOOKUP($B69,'Pwood & PB List'!$B$4:$V$158,17,FALSE))))","CONCATENATE(""GLG-"",B69)","IF('Summary Sheet'!$M$4=""Plywood"",VLOOKUP($B69,'Pwood & PB List'!$B$4:$V$158,12,FALSE),IF('Summary Sheet'!$M$4=""PB w/ Wood Drawers"",VLOOKUP($B69,'Pwood & PB List'!$B$4:$V$158,16,FALSE),IF('Summary Sheet'!$M$4=""PB w/ PB Drawers"",VLOOKUP($B69,'Pwood & PB List'!$B$4:$V$158,20,FALSE))))","CONCATENATE(""NAO-"",B69)","IF('Summary Sheet'!$M$4=""Plywood"",VLOOKUP($B69,'Pwood & PB List'!$B$4:$V$158,12,FALSE),IF('Summary Sheet'!$M$4=""PB w/ Wood Drawers"",VLOOKUP($B69,'Pwood & PB List'!$B$4:$V$158,16,FALSE),IF('Summary Sheet'!$M$4=""PB w/ PB Drawers"",VLOOKUP($B69,'Pwood & PB List'!$B$4:$V$158,20,FALSE))))","CONCATENATE(""WHO-"",B69)","IF('Summary Sheet'!$M$4=""Plywood"",VLOOKUP($B69,'Pwood & PB List'!$B$4:$V$158,9,FALSE),IF('Summary Sheet'!$M$4=""PB w/ Wood Drawers"",VLOOKUP($B69,'Pwood & PB List'!$B$4:$V$158,13,FALSE),IF('Summary Sheet'!$M$4=""PB w/ PB Drawers"",VLOOKUP($B69,'Pwood & PB List'!$B$4:$V$158,17,FALSE))))","CONCATENATE(""MAW-"",B69)","IF('Summary Sheet'!$M$4=""Plywood"",VLOOKUP($B69,'Pwood & PB List'!$B$4:$V$158,9,FALSE),IF('Summary Sheet'!$M$4=""PB w/ Wood Drawers"",VLOOKUP($B69,'Pwood & PB List'!$B$4:$V$158,13,FALSE),IF('Summary Sheet'!$M$4=""PB w/ PB Drawers"",VLOOKUP($B69,'Pwood & PB List'!$B$4:$V$158,17,FALSE))))","CONCATENATE(""MAG-"",B69)","IF('Summary Sheet'!$M$4=""Plywood"",VLOOKUP($B69,'Pwood & PB List'!$B$4:$V$158,9,FALSE),IF('Summary Sheet'!$M$4=""PB w/ Wood Drawers"",VLOOKUP($B69,'Pwood & PB List'!$B$4:$V$158,13,FALSE),IF('Summary Sheet'!$M$4=""PB w/ PB Drawers"",VLOOKUP($B69,'Pwood & PB List'!$B$4:$V$158,17,FALSE))))","CONCATENATE(""MAB-"",B69)","IF('Summary Sheet'!$M$4=""Plywood"",VLOOKUP($B69,'Pwood & PB List'!$B$4:$V$158,9,FALSE),IF('Summary Sheet'!$M$4=""PB w/ Wood Drawers"",VLOOKUP($B69,'Pwood & PB List'!$B$4:$V$158,13,FALSE),IF('Summary Sheet'!$M$4=""PB w/ PB Drawers"",VLOOKUP($B69,'Pwood & PB List'!$B$4:$V$158,17,FALSE))))","CONCATENATE(""GLB-"",B69)",2,
70,"Pantry Cabinet: 15"" W x 90"" H, 2 Doors ",PC1590,"IF('Summary Sheet'!$M$4=""Plywood"",VLOOKUP($B70,'Pwood & PB List'!$B$4:$V$158,9,FALSE),IF('Summary Sheet'!$M$4=""PB w/ Wood Drawers"",VLOOKUP($B70,'Pwood & PB List'!$B$4:$V$158,13,FALSE),IF('Summary Sheet'!$M$4=""PB w/ PB Drawers"",VLOOKUP($B70,'Pwood & PB List'!$B$4:$V$158,17,FALSE))))",GLW-PC1590,"IF('Summary Sheet'!$M$4=""Plywood"",VLOOKUP($B70,'Pwood & PB List'!$B$4:$V$158,10,FALSE),IF('Summary Sheet'!$M$4=""PB w/ Wood Drawers"",VLOOKUP($B70,'Pwood & PB List'!$B$4:$V$158,14,FALSE),IF('Summary Sheet'!$M$4=""PB w/ PB Drawers"",VLOOKUP($B70,'Pwood & PB List'!$B$4:$V$158,18,FALSE))))",SLO-PC1590,"IF('Summary Sheet'!$M$4=""Plywood"",VLOOKUP($B70,'Pwood & PB List'!$B$4:$V$158,11,FALSE),IF('Summary Sheet'!$M$4=""PB w/ Wood Drawers"",VLOOKUP($B70,'Pwood & PB List'!$B$4:$V$158,15,FALSE),IF('Summary Sheet'!$M$4=""PB w/ PB Drawers"",VLOOKUP($B70,'Pwood & PB List'!$B$4:$V$158,19,FALSE))))",BLW-PC1590,"IF('Summary Sheet'!$M$4=""Plywood"",VLOOKUP($B70,'Pwood & PB List'!$B$4:$V$158,10,FALSE),IF('Summary Sheet'!$M$4=""PB w/ Wood Drawers"",VLOOKUP($B70,'Pwood & PB List'!$B$4:$V$158,14,FALSE),IF('Summary Sheet'!$M$4=""PB w/ PB Drawers"",VLOOKUP($B70,'Pwood & PB List'!$B$4:$V$158,18,FALSE))))",WEO-PC1590,"IF('Summary Sheet'!$M$4=""Plywood"",VLOOKUP($B70,'Pwood & PB List'!$B$4:$V$158,9,FALSE),IF('Summary Sheet'!$M$4=""PB w/ Wood Drawers"",VLOOKUP($B70,'Pwood & PB List'!$B$4:$V$158,13,FALSE),IF('Summary Sheet'!$M$4=""PB w/ PB Drawers"",VLOOKUP($B70,'Pwood & PB List'!$B$4:$V$158,17,FALSE))))",GLG-PC1590,"IF('Summary Sheet'!$M$4=""Plywood"",VLOOKUP($B70,'Pwood & PB List'!$B$4:$V$158,12,FALSE),IF('Summary Sheet'!$M$4=""PB w/ Wood Drawers"",VLOOKUP($B70,'Pwood & PB List'!$B$4:$V$158,16,FALSE),IF('Summary Sheet'!$M$4=""PB w/ PB Drawers"",VLOOKUP($B70,'Pwood & PB List'!$B$4:$V$158,20,FALSE))))",NAO-PC1590,"IF('Summary Sheet'!$M$4=""Plywood"",VLOOKUP($B70,'Pwood & PB List'!$B$4:$V$158,12,FALSE),IF('Summary Sheet'!$M$4=""PB w/ Wood Drawers"",VLOOKUP($B70,'Pwood & PB List'!$B$4:$V$158,16,FALSE),IF('Summary Sheet'!$M$4=""PB w/ PB Drawers"",VLOOKUP($B70,'Pwood & PB List'!$B$4:$V$158,20,FALSE))))",WHO-PC1590,"IF('Summary Sheet'!$M$4=""Plywood"",VLOOKUP($B70,'Pwood & PB List'!$B$4:$V$158,9,FALSE),IF('Summary Sheet'!$M$4=""PB w/ Wood Drawers"",VLOOKUP($B70,'Pwood & PB List'!$B$4:$V$158,13,FALSE),IF('Summary Sheet'!$M$4=""PB w/ PB Drawers"",VLOOKUP($B70,'Pwood & PB List'!$B$4:$V$158,17,FALSE))))",MAW-PC1590,"IF('Summary Sheet'!$M$4=""Plywood"",VLOOKUP($B70,'Pwood & PB List'!$B$4:$V$158,9,FALSE),IF('Summary Sheet'!$M$4=""PB w/ Wood Drawers"",VLOOKUP($B70,'Pwood & PB List'!$B$4:$V$158,13,FALSE),IF('Summary Sheet'!$M$4=""PB w/ PB Drawers"",VLOOKUP($B70,'Pwood & PB List'!$B$4:$V$158,17,FALSE))))",MAG-PC1590,"IF('Summary Sheet'!$M$4=""Plywood"",VLOOKUP($B70,'Pwood & PB List'!$B$4:$V$158,9,FALSE),IF('Summary Sheet'!$M$4=""PB w/ Wood Drawers"",VLOOKUP($B70,'Pwood & PB List'!$B$4:$V$158,13,FALSE),IF('Summary Sheet'!$M$4=""PB w/ PB Drawers"",VLOOKUP($B70,'Pwood & PB List'!$B$4:$V$158,17,FALSE))))",MAB-PC1590,"IF('Summary Sheet'!$M$4=""Plywood"",VLOOKUP($B70,'Pwood & PB List'!$B$4:$V$158,9,FALSE),IF('Summary Sheet'!$M$4=""PB w/ Wood Drawers"",VLOOKUP($B70,'Pwood & PB List'!$B$4:$V$158,13,FALSE),IF('Summary Sheet'!$M$4=""PB w/ PB Drawers"",VLOOKUP($B70,'Pwood & PB List'!$B$4:$V$158,17,FALSE))))",GLB-PC1590,2,
71,"Pantry Cabinet: 15"" W x 96"" H, 2 Doors ",PC1596,"IF('Summary Sheet'!$M$4=""Plywood"",VLOOKUP($B71,'Pwood & PB List'!$B$4:$V$158,9,FALSE),IF('Summary Sheet'!$M$4=""PB w/ Wood Drawers"",VLOOKUP($B71,'Pwood & PB List'!$B$4:$V$158,13,FALSE),IF('Summary Sheet'!$M$4=""PB w/ PB Drawers"",VLOOKUP($B71,'Pwood & PB List'!$B$4:$V$158,17,FALSE))))",GLW-PC1596,"IF('Summary Sheet'!$M$4=""Plywood"",VLOOKUP($B71,'Pwood & PB List'!$B$4:$V$158,10,FALSE),IF('Summary Sheet'!$M$4=""PB w/ Wood Drawers"",VLOOKUP($B71,'Pwood & PB List'!$B$4:$V$158,14,FALSE),IF('Summary Sheet'!$M$4=""PB w/ PB Drawers"",VLOOKUP($B71,'Pwood & PB List'!$B$4:$V$158,18,FALSE))))",SLO-PC1596,"IF('Summary Sheet'!$M$4=""Plywood"",VLOOKUP($B71,'Pwood & PB List'!$B$4:$V$158,11,FALSE),IF('Summary Sheet'!$M$4=""PB w/ Wood Drawers"",VLOOKUP($B71,'Pwood & PB List'!$B$4:$V$158,15,FALSE),IF('Summary Sheet'!$M$4=""PB w/ PB Drawers"",VLOOKUP($B71,'Pwood & PB List'!$B$4:$V$158,19,FALSE))))",BLW-PC1596,"IF('Summary Sheet'!$M$4=""Plywood"",VLOOKUP($B71,'Pwood & PB List'!$B$4:$V$158,10,FALSE),IF('Summary Sheet'!$M$4=""PB w/ Wood Drawers"",VLOOKUP($B71,'Pwood & PB List'!$B$4:$V$158,14,FALSE),IF('Summary Sheet'!$M$4=""PB w/ PB Drawers"",VLOOKUP($B71,'Pwood & PB List'!$B$4:$V$158,18,FALSE))))",WEO-PC1596,"IF('Summary Sheet'!$M$4=""Plywood"",VLOOKUP($B71,'Pwood & PB List'!$B$4:$V$158,9,FALSE),IF('Summary Sheet'!$M$4=""PB w/ Wood Drawers"",VLOOKUP($B71,'Pwood & PB List'!$B$4:$V$158,13,FALSE),IF('Summary Sheet'!$M$4=""PB w/ PB Drawers"",VLOOKUP($B71,'Pwood & PB List'!$B$4:$V$158,17,FALSE))))",GLG-PC1596,"IF('Summary Sheet'!$M$4=""Plywood"",VLOOKUP($B71,'Pwood & PB List'!$B$4:$V$158,12,FALSE),IF('Summary Sheet'!$M$4=""PB w/ Wood Drawers"",VLOOKUP($B71,'Pwood & PB List'!$B$4:$V$158,16,FALSE),IF('Summary Sheet'!$M$4=""PB w/ PB Drawers"",VLOOKUP($B71,'Pwood & PB List'!$B$4:$V$158,20,FALSE))))",NAO-PC1596,"IF('Summary Sheet'!$M$4=""Plywood"",VLOOKUP($B71,'Pwood & PB List'!$B$4:$V$158,12,FALSE),IF('Summary Sheet'!$M$4=""PB w/ Wood Drawers"",VLOOKUP($B71,'Pwood & PB List'!$B$4:$V$158,16,FALSE),IF('Summary Sheet'!$M$4=""PB w/ PB Drawers"",VLOOKUP($B71,'Pwood & PB List'!$B$4:$V$158,20,FALSE))))",WHO-PC1596,"IF('Summary Sheet'!$M$4=""Plywood"",VLOOKUP($B71,'Pwood & PB List'!$B$4:$V$158,9,FALSE),IF('Summary Sheet'!$M$4=""PB w/ Wood Drawers"",VLOOKUP($B71,'Pwood & PB List'!$B$4:$V$158,13,FALSE),IF('Summary Sheet'!$M$4=""PB w/ PB Drawers"",VLOOKUP($B71,'Pwood & PB List'!$B$4:$V$158,17,FALSE))))",MAW-PC1596,"IF('Summary Sheet'!$M$4=""Plywood"",VLOOKUP($B71,'Pwood & PB List'!$B$4:$V$158,9,FALSE),IF('Summary Sheet'!$M$4=""PB w/ Wood Drawers"",VLOOKUP($B71,'Pwood & PB List'!$B$4:$V$158,13,FALSE),IF('Summary Sheet'!$M$4=""PB w/ PB Drawers"",VLOOKUP($B71,'Pwood & PB List'!$B$4:$V$158,17,FALSE))))",MAG-PC1596,"IF('Summary Sheet'!$M$4=""Plywood"",VLOOKUP($B71,'Pwood & PB List'!$B$4:$V$158,9,FALSE),IF('Summary Sheet'!$M$4=""PB w/ Wood Drawers"",VLOOKUP($B71,'Pwood & PB List'!$B$4:$V$158,13,FALSE),IF('Summary Sheet'!$M$4=""PB w/ PB Drawers"",VLOOKUP($B71,'Pwood & PB List'!$B$4:$V$158,17,FALSE))))",MAB-PC1596,"IF('Summary Sheet'!$M$4=""Plywood"",VLOOKUP($B71,'Pwood & PB List'!$B$4:$V$158,9,FALSE),IF('Summary Sheet'!$M$4=""PB w/ Wood Drawers"",VLOOKUP($B71,'Pwood & PB List'!$B$4:$V$158,13,FALSE),IF('Summary Sheet'!$M$4=""PB w/ PB Drawers"",VLOOKUP($B71,'Pwood & PB List'!$B$4:$V$158,17,FALSE))))",GLB-PC1596,2,
72,"Pantry Cabinet: 18"" W x 84"" H, 2 Doors ",PC1884,"IF('Summary Sheet'!$M$4=""Plywood"",VLOOKUP($B72,'Pwood & PB List'!$B$4:$V$158,9,FALSE),IF('Summary Sheet'!$M$4=""PB w/ Wood Drawers"",VLOOKUP($B72,'Pwood & PB List'!$B$4:$V$158,13,FALSE),IF('Summary Sheet'!$M$4=""PB w/ PB Drawers"",VLOOKUP($B72,'Pwood & PB List'!$B$4:$V$158,17,FALSE))))",GLW-PC1884,"IF('Summary Sheet'!$M$4=""Plywood"",VLOOKUP($B72,'Pwood & PB List'!$B$4:$V$158,10,FALSE),IF('Summary Sheet'!$M$4=""PB w/ Wood Drawers"",VLOOKUP($B72,'Pwood & PB List'!$B$4:$V$158,14,FALSE),IF('Summary Sheet'!$M$4=""PB w/ PB Drawers"",VLOOKUP($B72,'Pwood & PB List'!$B$4:$V$158,18,FALSE))))",SLO-PC1884,"IF('Summary Sheet'!$M$4=""Plywood"",VLOOKUP($B72,'Pwood & PB List'!$B$4:$V$158,11,FALSE),IF('Summary Sheet'!$M$4=""PB w/ Wood Drawers"",VLOOKUP($B72,'Pwood & PB List'!$B$4:$V$158,15,FALSE),IF('Summary Sheet'!$M$4=""PB w/ PB Drawers"",VLOOKUP($B72,'Pwood & PB List'!$B$4:$V$158,19,FALSE))))",BLW-PC1884,"IF('Summary Sheet'!$M$4=""Plywood"",VLOOKUP($B72,'Pwood & PB List'!$B$4:$V$158,10,FALSE),IF('Summary Sheet'!$M$4=""PB w/ Wood Drawers"",VLOOKUP($B72,'Pwood & PB List'!$B$4:$V$158,14,FALSE),IF('Summary Sheet'!$M$4=""PB w/ PB Drawers"",VLOOKUP($B72,'Pwood & PB List'!$B$4:$V$158,18,FALSE))))",WEO-PC1884,"IF('Summary Sheet'!$M$4=""Plywood"",VLOOKUP($B72,'Pwood & PB List'!$B$4:$V$158,9,FALSE),IF('Summary Sheet'!$M$4=""PB w/ Wood Drawers"",VLOOKUP($B72,'Pwood & PB List'!$B$4:$V$158,13,FALSE),IF('Summary Sheet'!$M$4=""PB w/ PB Drawers"",VLOOKUP($B72,'Pwood & PB List'!$B$4:$V$158,17,FALSE))))",GLG-PC1884,"IF('Summary Sheet'!$M$4=""Plywood"",VLOOKUP($B72,'Pwood & PB List'!$B$4:$V$158,12,FALSE),IF('Summary Sheet'!$M$4=""PB w/ Wood Drawers"",VLOOKUP($B72,'Pwood & PB List'!$B$4:$V$158,16,FALSE),IF('Summary Sheet'!$M$4=""PB w/ PB Drawers"",VLOOKUP($B72,'Pwood & PB List'!$B$4:$V$158,20,FALSE))))",NAO-PC1884,"IF('Summary Sheet'!$M$4=""Plywood"",VLOOKUP($B72,'Pwood & PB List'!$B$4:$V$158,12,FALSE),IF('Summary Sheet'!$M$4=""PB w/ Wood Drawers"",VLOOKUP($B72,'Pwood & PB List'!$B$4:$V$158,16,FALSE),IF('Summary Sheet'!$M$4=""PB w/ PB Drawers"",VLOOKUP($B72,'Pwood & PB List'!$B$4:$V$158,20,FALSE))))",WHO-PC1884,"IF('Summary Sheet'!$M$4=""Plywood"",VLOOKUP($B72,'Pwood & PB List'!$B$4:$V$158,9,FALSE),IF('Summary Sheet'!$M$4=""PB w/ Wood Drawers"",VLOOKUP($B72,'Pwood & PB List'!$B$4:$V$158,13,FALSE),IF('Summary Sheet'!$M$4=""PB w/ PB Drawers"",VLOOKUP($B72,'Pwood & PB List'!$B$4:$V$158,17,FALSE))))",MAW-PC1884,"IF('Summary Sheet'!$M$4=""Plywood"",VLOOKUP($B72,'Pwood & PB List'!$B$4:$V$158,9,FALSE),IF('Summary Sheet'!$M$4=""PB w/ Wood Drawers"",VLOOKUP($B72,'Pwood & PB List'!$B$4:$V$158,13,FALSE),IF('Summary Sheet'!$M$4=""PB w/ PB Drawers"",VLOOKUP($B72,'Pwood & PB List'!$B$4:$V$158,17,FALSE))))",MAG-PC1884,"IF('Summary Sheet'!$M$4=""Plywood"",VLOOKUP($B72,'Pwood & PB List'!$B$4:$V$158,9,FALSE),IF('Summary Sheet'!$M$4=""PB w/ Wood Drawers"",VLOOKUP($B72,'Pwood & PB List'!$B$4:$V$158,13,FALSE),IF('Summary Sheet'!$M$4=""PB w/ PB Drawers"",VLOOKUP($B72,'Pwood & PB List'!$B$4:$V$158,17,FALSE))))",MAB-PC1884,"IF('Summary Sheet'!$M$4=""Plywood"",VLOOKUP($B72,'Pwood & PB List'!$B$4:$V$158,9,FALSE),IF('Summary Sheet'!$M$4=""PB w/ Wood Drawers"",VLOOKUP($B72,'Pwood & PB List'!$B$4:$V$158,13,FALSE),IF('Summary Sheet'!$M$4=""PB w/ PB Drawers"",VLOOKUP($B72,'Pwood & PB List'!$B$4:$V$158,17,FALSE))))",GLB-PC1884,2,
73,"Pantry Cabinet: 18"" W x 90"" H, 2 Doors ",PC1890,"IF('Summary Sheet'!$M$4=""Plywood"",VLOOKUP($B73,'Pwood & PB List'!$B$4:$V$158,9,FALSE),IF('Summary Sheet'!$M$4=""PB w/ Wood Drawers"",VLOOKUP($B73,'Pwood & PB List'!$B$4:$V$158,13,FALSE),IF('Summary Sheet'!$M$4=""PB w/ PB Drawers"",VLOOKUP($B73,'Pwood & PB List'!$B$4:$V$158,17,FALSE))))",GLW-PC1890,"IF('Summary Sheet'!$M$4=""Plywood"",VLOOKUP($B73,'Pwood & PB List'!$B$4:$V$158,10,FALSE),IF('Summary Sheet'!$M$4=""PB w/ Wood Drawers"",VLOOKUP($B73,'Pwood & PB List'!$B$4:$V$158,14,FALSE),IF('Summary Sheet'!$M$4=""PB w/ PB Drawers"",VLOOKUP($B73,'Pwood & PB List'!$B$4:$V$158,18,FALSE))))",SLO-PC1890,"IF('Summary Sheet'!$M$4=""Plywood"",VLOOKUP($B73,'Pwood & PB List'!$B$4:$V$158,11,FALSE),IF('Summary Sheet'!$M$4=""PB w/ Wood Drawers"",VLOOKUP($B73,'Pwood & PB List'!$B$4:$V$158,15,FALSE),IF('Summary Sheet'!$M$4=""PB w/ PB Drawers"",VLOOKUP($B73,'Pwood & PB List'!$B$4:$V$158,19,FALSE))))",BLW-PC1890,"IF('Summary Sheet'!$M$4=""Plywood"",VLOOKUP($B73,'Pwood & PB List'!$B$4:$V$158,10,FALSE),IF('Summary Sheet'!$M$4=""PB w/ Wood Drawers"",VLOOKUP($B73,'Pwood & PB List'!$B$4:$V$158,14,FALSE),IF('Summary Sheet'!$M$4=""PB w/ PB Drawers"",VLOOKUP($B73,'Pwood & PB List'!$B$4:$V$158,18,FALSE))))",WEO-PC1890,"IF('Summary Sheet'!$M$4=""Plywood"",VLOOKUP($B73,'Pwood & PB List'!$B$4:$V$158,9,FALSE),IF('Summary Sheet'!$M$4=""PB w/ Wood Drawers"",VLOOKUP($B73,'Pwood & PB List'!$B$4:$V$158,13,FALSE),IF('Summary Sheet'!$M$4=""PB w/ PB Drawers"",VLOOKUP($B73,'Pwood & PB List'!$B$4:$V$158,17,FALSE))))",GLG-PC1890,"IF('Summary Sheet'!$M$4=""Plywood"",VLOOKUP($B73,'Pwood & PB List'!$B$4:$V$158,12,FALSE),IF('Summary Sheet'!$M$4=""PB w/ Wood Drawers"",VLOOKUP($B73,'Pwood & PB List'!$B$4:$V$158,16,FALSE),IF('Summary Sheet'!$M$4=""PB w/ PB Drawers"",VLOOKUP($B73,'Pwood & PB List'!$B$4:$V$158,20,FALSE))))",NAO-PC1890,"IF('Summary Sheet'!$M$4=""Plywood"",VLOOKUP($B73,'Pwood & PB List'!$B$4:$V$158,12,FALSE),IF('Summary Sheet'!$M$4=""PB w/ Wood Drawers"",VLOOKUP($B73,'Pwood & PB List'!$B$4:$V$158,16,FALSE),IF('Summary Sheet'!$M$4=""PB w/ PB Drawers"",VLOOKUP($B73,'Pwood & PB List'!$B$4:$V$158,20,FALSE))))",WHO-PC1890,"IF('Summary Sheet'!$M$4=""Plywood"",VLOOKUP($B73,'Pwood & PB List'!$B$4:$V$158,9,FALSE),IF('Summary Sheet'!$M$4=""PB w/ Wood Drawers"",VLOOKUP($B73,'Pwood & PB List'!$B$4:$V$158,13,FALSE),IF('Summary Sheet'!$M$4=""PB w/ PB Drawers"",VLOOKUP($B73,'Pwood & PB List'!$B$4:$V$158,17,FALSE))))",MAW-PC1890,"IF('Summary Sheet'!$M$4=""Plywood"",VLOOKUP($B73,'Pwood & PB List'!$B$4:$V$158,9,FALSE),IF('Summary Sheet'!$M$4=""PB w/ Wood Drawers"",VLOOKUP($B73,'Pwood & PB List'!$B$4:$V$158,13,FALSE),IF('Summary Sheet'!$M$4=""PB w/ PB Drawers"",VLOOKUP($B73,'Pwood & PB List'!$B$4:$V$158,17,FALSE))))",MAG-PC1890,"IF('Summary Sheet'!$M$4=""Plywood"",VLOOKUP($B73,'Pwood & PB List'!$B$4:$V$158,9,FALSE),IF('Summary Sheet'!$M$4=""PB w/ Wood Drawers"",VLOOKUP($B73,'Pwood & PB List'!$B$4:$V$158,13,FALSE),IF('Summary Sheet'!$M$4=""PB w/ PB Drawers"",VLOOKUP($B73,'Pwood & PB List'!$B$4:$V$158,17,FALSE))))",MAB-PC1890,"IF('Summary Sheet'!$M$4=""Plywood"",VLOOKUP($B73,'Pwood & PB List'!$B$4:$V$158,9,FALSE),IF('Summary Sheet'!$M$4=""PB w/ Wood Drawers"",VLOOKUP($B73,'Pwood & PB List'!$B$4:$V$158,13,FALSE),IF('Summary Sheet'!$M$4=""PB w/ PB Drawers"",VLOOKUP($B73,'Pwood & PB List'!$B$4:$V$158,17,FALSE))))",GLB-PC1890,2,
74,"Pantry Cabinet: 18"" W x 96"" H, 2 Doors ",PC1896,"IF('Summary Sheet'!$M$4=""Plywood"",VLOOKUP($B74,'Pwood & PB List'!$B$4:$V$158,9,FALSE),IF('Summary Sheet'!$M$4=""PB w/ Wood Drawers"",VLOOKUP($B74,'Pwood & PB List'!$B$4:$V$158,13,FALSE),IF('Summary Sheet'!$M$4=""PB w/ PB Drawers"",VLOOKUP($B74,'Pwood & PB List'!$B$4:$V$158,17,FALSE))))",GLW-PC1896,"IF('Summary Sheet'!$M$4=""Plywood"",VLOOKUP($B74,'Pwood & PB List'!$B$4:$V$158,10,FALSE),IF('Summary Sheet'!$M$4=""PB w/ Wood Drawers"",VLOOKUP($B74,'Pwood & PB List'!$B$4:$V$158,14,FALSE),IF('Summary Sheet'!$M$4=""PB w/ PB Drawers"",VLOOKUP($B74,'Pwood & PB List'!$B$4:$V$158,18,FALSE))))",SLO-PC1896,"IF('Summary Sheet'!$M$4=""Plywood"",VLOOKUP($B74,'Pwood & PB List'!$B$4:$V$158,11,FALSE),IF('Summary Sheet'!$M$4=""PB w/ Wood Drawers"",VLOOKUP($B74,'Pwood & PB List'!$B$4:$V$158,15,FALSE),IF('Summary Sheet'!$M$4=""PB w/ PB Drawers"",VLOOKUP($B74,'Pwood & PB List'!$B$4:$V$158,19,FALSE))))",BLW-PC1896,"IF('Summary Sheet'!$M$4=""Plywood"",VLOOKUP($B74,'Pwood & PB List'!$B$4:$V$158,10,FALSE),IF('Summary Sheet'!$M$4=""PB w/ Wood Drawers"",VLOOKUP($B74,'Pwood & PB List'!$B$4:$V$158,14,FALSE),IF('Summary Sheet'!$M$4=""PB w/ PB Drawers"",VLOOKUP($B74,'Pwood & PB List'!$B$4:$V$158,18,FALSE))))",WEO-PC1896,"IF('Summary Sheet'!$M$4=""Plywood"",VLOOKUP($B74,'Pwood & PB List'!$B$4:$V$158,9,FALSE),IF('Summary Sheet'!$M$4=""PB w/ Wood Drawers"",VLOOKUP($B74,'Pwood & PB List'!$B$4:$V$158,13,FALSE),IF('Summary Sheet'!$M$4=""PB w/ PB Drawers"",VLOOKUP($B74,'Pwood & PB List'!$B$4:$V$158,17,FALSE))))",GLG-PC1896,"IF('Summary Sheet'!$M$4=""Plywood"",VLOOKUP($B74,'Pwood & PB List'!$B$4:$V$158,12,FALSE),IF('Summary Sheet'!$M$4=""PB w/ Wood Drawers"",VLOOKUP($B74,'Pwood & PB List'!$B$4:$V$158,16,FALSE),IF('Summary Sheet'!$M$4=""PB w/ PB Drawers"",VLOOKUP($B74,'Pwood & PB List'!$B$4:$V$158,20,FALSE))))",NAO-PC1896,"IF('Summary Sheet'!$M$4=""Plywood"",VLOOKUP($B74,'Pwood & PB List'!$B$4:$V$158,12,FALSE),IF('Summary Sheet'!$M$4=""PB w/ Wood Drawers"",VLOOKUP($B74,'Pwood & PB List'!$B$4:$V$158,16,FALSE),IF('Summary Sheet'!$M$4=""PB w/ PB Drawers"",VLOOKUP($B74,'Pwood & PB List'!$B$4:$V$158,20,FALSE))))",WHO-PC1896,"IF('Summary Sheet'!$M$4=""Plywood"",VLOOKUP($B74,'Pwood & PB List'!$B$4:$V$158,9,FALSE),IF('Summary Sheet'!$M$4=""PB w/ Wood Drawers"",VLOOKUP($B74,'Pwood & PB List'!$B$4:$V$158,13,FALSE),IF('Summary Sheet'!$M$4=""PB w/ PB Drawers"",VLOOKUP($B74,'Pwood & PB List'!$B$4:$V$158,17,FALSE))))",MAW-PC1896,"IF('Summary Sheet'!$M$4=""Plywood"",VLOOKUP($B74,'Pwood & PB List'!$B$4:$V$158,9,FALSE),IF('Summary Sheet'!$M$4=""PB w/ Wood Drawers"",VLOOKUP($B74,'Pwood & PB List'!$B$4:$V$158,13,FALSE),IF('Summary Sheet'!$M$4=""PB w/ PB Drawers"",VLOOKUP($B74,'Pwood & PB List'!$B$4:$V$158,17,FALSE))))",MAG-PC1896,"IF('Summary Sheet'!$M$4=""Plywood"",VLOOKUP($B74,'Pwood & PB List'!$B$4:$V$158,9,FALSE),IF('Summary Sheet'!$M$4=""PB w/ Wood Drawers"",VLOOKUP($B74,'Pwood & PB List'!$B$4:$V$158,13,FALSE),IF('Summary Sheet'!$M$4=""PB w/ PB Drawers"",VLOOKUP($B74,'Pwood & PB List'!$B$4:$V$158,17,FALSE))))",MAB-PC1896,"IF('Summary Sheet'!$M$4=""Plywood"",VLOOKUP($B74,'Pwood & PB List'!$B$4:$V$158,9,FALSE),IF('Summary Sheet'!$M$4=""PB w/ Wood Drawers"",VLOOKUP($B74,'Pwood & PB List'!$B$4:$V$158,13,FALSE),IF('Summary Sheet'!$M$4=""PB w/ PB Drawers"",VLOOKUP($B74,'Pwood & PB List'!$B$4:$V$158,17,FALSE))))",GLB-PC1896,2,
75,"Pantry Cabinet: 24"" W x 84"" H, 4 Doors ",PC2484,"IF('Summary Sheet'!$M$4=""Plywood"",VLOOKUP($B75,'Pwood & PB List'!$B$4:$V$158,9,FALSE),IF('Summary Sheet'!$M$4=""PB w/ Wood Drawers"",VLOOKUP($B75,'Pwood & PB List'!$B$4:$V$158,13,FALSE),IF('Summary Sheet'!$M$4=""PB w/ PB Drawers"",VLOOKUP($B75,'Pwood & PB List'!$B$4:$V$158,17,FALSE))))",GLW-PC2484,"IF('Summary Sheet'!$M$4=""Plywood"",VLOOKUP($B75,'Pwood & PB List'!$B$4:$V$158,10,FALSE),IF('Summary Sheet'!$M$4=""PB w/ Wood Drawers"",VLOOKUP($B75,'Pwood & PB List'!$B$4:$V$158,14,FALSE),IF('Summary Sheet'!$M$4=""PB w/ PB Drawers"",VLOOKUP($B75,'Pwood & PB List'!$B$4:$V$158,18,FALSE))))",SLO-PC2484,"IF('Summary Sheet'!$M$4=""Plywood"",VLOOKUP($B75,'Pwood & PB List'!$B$4:$V$158,11,FALSE),IF('Summary Sheet'!$M$4=""PB w/ Wood Drawers"",VLOOKUP($B75,'Pwood & PB List'!$B$4:$V$158,15,FALSE),IF('Summary Sheet'!$M$4=""PB w/ PB Drawers"",VLOOKUP($B75,'Pwood & PB List'!$B$4:$V$158,19,FALSE))))",BLW-PC2484,"IF('Summary Sheet'!$M$4=""Plywood"",VLOOKUP($B75,'Pwood & PB List'!$B$4:$V$158,10,FALSE),IF('Summary Sheet'!$M$4=""PB w/ Wood Drawers"",VLOOKUP($B75,'Pwood & PB List'!$B$4:$V$158,14,FALSE),IF('Summary Sheet'!$M$4=""PB w/ PB Drawers"",VLOOKUP($B75,'Pwood & PB List'!$B$4:$V$158,18,FALSE))))",WEO-PC2484,"IF('Summary Sheet'!$M$4=""Plywood"",VLOOKUP($B75,'Pwood & PB List'!$B$4:$V$158,9,FALSE),IF('Summary Sheet'!$M$4=""PB w/ Wood Drawers"",VLOOKUP($B75,'Pwood & PB List'!$B$4:$V$158,13,FALSE),IF('Summary Sheet'!$M$4=""PB w/ PB Drawers"",VLOOKUP($B75,'Pwood & PB List'!$B$4:$V$158,17,FALSE))))",GLG-PC2484,"IF('Summary Sheet'!$M$4=""Plywood"",VLOOKUP($B75,'Pwood & PB List'!$B$4:$V$158,12,FALSE),IF('Summary Sheet'!$M$4=""PB w/ Wood Drawers"",VLOOKUP($B75,'Pwood & PB List'!$B$4:$V$158,16,FALSE),IF('Summary Sheet'!$M$4=""PB w/ PB Drawers"",VLOOKUP($B75,'Pwood & PB List'!$B$4:$V$158,20,FALSE))))",NAO-PC2484,"IF('Summary Sheet'!$M$4=""Plywood"",VLOOKUP($B75,'Pwood & PB List'!$B$4:$V$158,12,FALSE),IF('Summary Sheet'!$M$4=""PB w/ Wood Drawers"",VLOOKUP($B75,'Pwood & PB List'!$B$4:$V$158,16,FALSE),IF('Summary Sheet'!$M$4=""PB w/ PB Drawers"",VLOOKUP($B75,'Pwood & PB List'!$B$4:$V$158,20,FALSE))))",WHO-PC2484,"IF('Summary Sheet'!$M$4=""Plywood"",VLOOKUP($B75,'Pwood & PB List'!$B$4:$V$158,9,FALSE),IF('Summary Sheet'!$M$4=""PB w/ Wood Drawers"",VLOOKUP($B75,'Pwood & PB List'!$B$4:$V$158,13,FALSE),IF('Summary Sheet'!$M$4=""PB w/ PB Drawers"",VLOOKUP($B75,'Pwood & PB List'!$B$4:$V$158,17,FALSE))))",MAW-PC2484,"IF('Summary Sheet'!$M$4=""Plywood"",VLOOKUP($B75,'Pwood & PB List'!$B$4:$V$158,9,FALSE),IF('Summary Sheet'!$M$4=""PB w/ Wood Drawers"",VLOOKUP($B75,'Pwood & PB List'!$B$4:$V$158,13,FALSE),IF('Summary Sheet'!$M$4=""PB w/ PB Drawers"",VLOOKUP($B75,'Pwood & PB List'!$B$4:$V$158,17,FALSE))))",MAG-PC2484,"IF('Summary Sheet'!$M$4=""Plywood"",VLOOKUP($B75,'Pwood & PB List'!$B$4:$V$158,9,FALSE),IF('Summary Sheet'!$M$4=""PB w/ Wood Drawers"",VLOOKUP($B75,'Pwood & PB List'!$B$4:$V$158,13,FALSE),IF('Summary Sheet'!$M$4=""PB w/ PB Drawers"",VLOOKUP($B75,'Pwood & PB List'!$B$4:$V$158,17,FALSE))))",MAB-PC2484,"IF('Summary Sheet'!$M$4=""Plywood"",VLOOKUP($B75,'Pwood & PB List'!$B$4:$V$158,9,FALSE),IF('Summary Sheet'!$M$4=""PB w/ Wood Drawers"",VLOOKUP($B75,'Pwood & PB List'!$B$4:$V$158,13,FALSE),IF('Summary Sheet'!$M$4=""PB w/ PB Drawers"",VLOOKUP($B75,'Pwood & PB List'!$B$4:$V$158,17,FALSE))))",GLB-PC2484,4,
76,"Pantry Cabinet: 24"" W x 90"" H, 4 Doors ",PC2490,"IF('Summary Sheet'!$M$4=""Plywood"",VLOOKUP($B76,'Pwood & PB List'!$B$4:$V$158,9,FALSE),IF('Summary Sheet'!$M$4=""PB w/ Wood Drawers"",VLOOKUP($B76,'Pwood & PB List'!$B$4:$V$158,13,FALSE),IF('Summary Sheet'!$M$4=""PB w/ PB Drawers"",VLOOKUP($B76,'Pwood & PB List'!$B$4:$V$158,17,FALSE))))",GLW-PC2490,"IF('Summary Sheet'!$M$4=""Plywood"",VLOOKUP($B76,'Pwood & PB List'!$B$4:$V$158,10,FALSE),IF('Summary Sheet'!$M$4=""PB w/ Wood Drawers"",VLOOKUP($B76,'Pwood & PB List'!$B$4:$V$158,14,FALSE),IF('Summary Sheet'!$M$4=""PB w/ PB Drawers"",VLOOKUP($B76,'Pwood & PB List'!$B$4:$V$158,18,FALSE))))",SLO-PC2490,"IF('Summary Sheet'!$M$4=""Plywood"",VLOOKUP($B76,'Pwood & PB List'!$B$4:$V$158,11,FALSE),IF('Summary Sheet'!$M$4=""PB w/ Wood Drawers"",VLOOKUP($B76,'Pwood & PB List'!$B$4:$V$158,15,FALSE),IF('Summary Sheet'!$M$4=""PB w/ PB Drawers"",VLOOKUP($B76,'Pwood & PB List'!$B$4:$V$158,19,FALSE))))",BLW-PC2490,"IF('Summary Sheet'!$M$4=""Plywood"",VLOOKUP($B76,'Pwood & PB List'!$B$4:$V$158,10,FALSE),IF('Summary Sheet'!$M$4=""PB w/ Wood Drawers"",VLOOKUP($B76,'Pwood & PB List'!$B$4:$V$158,14,FALSE),IF('Summary Sheet'!$M$4=""PB w/ PB Drawers"",VLOOKUP($B76,'Pwood & PB List'!$B$4:$V$158,18,FALSE))))",WEO-PC2490,"IF('Summary Sheet'!$M$4=""Plywood"",VLOOKUP($B76,'Pwood & PB List'!$B$4:$V$158,9,FALSE),IF('Summary Sheet'!$M$4=""PB w/ Wood Drawers"",VLOOKUP($B76,'Pwood & PB List'!$B$4:$V$158,13,FALSE),IF('Summary Sheet'!$M$4=""PB w/ PB Drawers"",VLOOKUP($B76,'Pwood & PB List'!$B$4:$V$158,17,FALSE))))",GLG-PC2490,"IF('Summary Sheet'!$M$4=""Plywood"",VLOOKUP($B76,'Pwood & PB List'!$B$4:$V$158,12,FALSE),IF('Summary Sheet'!$M$4=""PB w/ Wood Drawers"",VLOOKUP($B76,'Pwood & PB List'!$B$4:$V$158,16,FALSE),IF('Summary Sheet'!$M$4=""PB w/ PB Drawers"",VLOOKUP($B76,'Pwood & PB List'!$B$4:$V$158,20,FALSE))))",NAO-PC2490,"IF('Summary Sheet'!$M$4=""Plywood"",VLOOKUP($B76,'Pwood & PB List'!$B$4:$V$158,12,FALSE),IF('Summary Sheet'!$M$4=""PB w/ Wood Drawers"",VLOOKUP($B76,'Pwood & PB List'!$B$4:$V$158,16,FALSE),IF('Summary Sheet'!$M$4=""PB w/ PB Drawers"",VLOOKUP($B76,'Pwood & PB List'!$B$4:$V$158,20,FALSE))))",WHO-PC2490,"IF('Summary Sheet'!$M$4=""Plywood"",VLOOKUP($B76,'Pwood & PB List'!$B$4:$V$158,9,FALSE),IF('Summary Sheet'!$M$4=""PB w/ Wood Drawers"",VLOOKUP($B76,'Pwood & PB List'!$B$4:$V$158,13,FALSE),IF('Summary Sheet'!$M$4=""PB w/ PB Drawers"",VLOOKUP($B76,'Pwood & PB List'!$B$4:$V$158,17,FALSE))))",MAW-PC2490,"IF('Summary Sheet'!$M$4=""Plywood"",VLOOKUP($B76,'Pwood & PB List'!$B$4:$V$158,9,FALSE),IF('Summary Sheet'!$M$4=""PB w/ Wood Drawers"",VLOOKUP($B76,'Pwood & PB List'!$B$4:$V$158,13,FALSE),IF('Summary Sheet'!$M$4=""PB w/ PB Drawers"",VLOOKUP($B76,'Pwood & PB List'!$B$4:$V$158,17,FALSE))))",MAG-PC2490,"IF('Summary Sheet'!$M$4=""Plywood"",VLOOKUP($B76,'Pwood & PB List'!$B$4:$V$158,9,FALSE),IF('Summary Sheet'!$M$4=""PB w/ Wood Drawers"",VLOOKUP($B76,'Pwood & PB List'!$B$4:$V$158,13,FALSE),IF('Summary Sheet'!$M$4=""PB w/ PB Drawers"",VLOOKUP($B76,'Pwood & PB List'!$B$4:$V$158,17,FALSE))))",MAB-PC2490,"IF('Summary Sheet'!$M$4=""Plywood"",VLOOKUP($B76,'Pwood & PB List'!$B$4:$V$158,9,FALSE),IF('Summary Sheet'!$M$4=""PB w/ Wood Drawers"",VLOOKUP($B76,'Pwood & PB List'!$B$4:$V$158,13,FALSE),IF('Summary Sheet'!$M$4=""PB w/ PB Drawers"",VLOOKUP($B76,'Pwood & PB List'!$B$4:$V$158,17,FALSE))))",GLB-PC2490,4,
77,"Pantry Cabinet: 24"" W x 96"" H, 4 Doors ",PC2496,"IF('Summary Sheet'!$M$4=""Plywood"",VLOOKUP($B77,'Pwood & PB List'!$B$4:$V$158,9,FALSE),IF('Summary Sheet'!$M$4=""PB w/ Wood Drawers"",VLOOKUP($B77,'Pwood & PB List'!$B$4:$V$158,13,FALSE),IF('Summary Sheet'!$M$4=""PB w/ PB Drawers"",VLOOKUP($B77,'Pwood & PB List'!$B$4:$V$158,17,FALSE))))",GLW-PC2496,"IF('Summary Sheet'!$M$4=""Plywood"",VLOOKUP($B77,'Pwood & PB List'!$B$4:$V$158,10,FALSE),IF('Summary Sheet'!$M$4=""PB w/ Wood Drawers"",VLOOKUP($B77,'Pwood & PB List'!$B$4:$V$158,14,FALSE),IF('Summary Sheet'!$M$4=""PB w/ PB Drawers"",VLOOKUP($B77,'Pwood & PB List'!$B$4:$V$158,18,FALSE))))",SLO-PC2496,"IF('Summary Sheet'!$M$4=""Plywood"",VLOOKUP($B77,'Pwood & PB List'!$B$4:$V$158,11,FALSE),IF('Summary Sheet'!$M$4=""PB w/ Wood Drawers"",VLOOKUP($B77,'Pwood & PB List'!$B$4:$V$158,15,FALSE),IF('Summary Sheet'!$M$4=""PB w/ PB Drawers"",VLOOKUP($B77,'Pwood & PB List'!$B$4:$V$158,19,FALSE))))",BLW-PC2496,"IF('Summary Sheet'!$M$4=""Plywood"",VLOOKUP($B77,'Pwood & PB List'!$B$4:$V$158,10,FALSE),IF('Summary Sheet'!$M$4=""PB w/ Wood Drawers"",VLOOKUP($B77,'Pwood & PB List'!$B$4:$V$158,14,FALSE),IF('Summary Sheet'!$M$4=""PB w/ PB Drawers"",VLOOKUP($B77,'Pwood & PB List'!$B$4:$V$158,18,FALSE))))",WEO-PC2496,"IF('Summary Sheet'!$M$4=""Plywood"",VLOOKUP($B77,'Pwood & PB List'!$B$4:$V$158,9,FALSE),IF('Summary Sheet'!$M$4=""PB w/ Wood Drawers"",VLOOKUP($B77,'Pwood & PB List'!$B$4:$V$158,13,FALSE),IF('Summary Sheet'!$M$4=""PB w/ PB Drawers"",VLOOKUP($B77,'Pwood & PB List'!$B$4:$V$158,17,FALSE))))",GLG-PC2496,"IF('Summary Sheet'!$M$4=""Plywood"",VLOOKUP($B77,'Pwood & PB List'!$B$4:$V$158,12,FALSE),IF('Summary Sheet'!$M$4=""PB w/ Wood Drawers"",VLOOKUP($B77,'Pwood & PB List'!$B$4:$V$158,16,FALSE),IF('Summary Sheet'!$M$4=""PB w/ PB Drawers"",VLOOKUP($B77,'Pwood & PB List'!$B$4:$V$158,20,FALSE))))",NAO-PC2496,"IF('Summary Sheet'!$M$4=""Plywood"",VLOOKUP($B77,'Pwood & PB List'!$B$4:$V$158,12,FALSE),IF('Summary Sheet'!$M$4=""PB w/ Wood Drawers"",VLOOKUP($B77,'Pwood & PB List'!$B$4:$V$158,16,FALSE),IF('Summary Sheet'!$M$4=""PB w/ PB Drawers"",VLOOKUP($B77,'Pwood & PB List'!$B$4:$V$158,20,FALSE))))",WHO-PC2496,"IF('Summary Sheet'!$M$4=""Plywood"",VLOOKUP($B77,'Pwood & PB List'!$B$4:$V$158,9,FALSE),IF('Summary Sheet'!$M$4=""PB w/ Wood Drawers"",VLOOKUP($B77,'Pwood & PB List'!$B$4:$V$158,13,FALSE),IF('Summary Sheet'!$M$4=""PB w/ PB Drawers"",VLOOKUP($B77,'Pwood & PB List'!$B$4:$V$158,17,FALSE))))",MAW-PC2496,"IF('Summary Sheet'!$M$4=""Plywood"",VLOOKUP($B77,'Pwood & PB List'!$B$4:$V$158,9,FALSE),IF('Summary Sheet'!$M$4=""PB w/ Wood Drawers"",VLOOKUP($B77,'Pwood & PB List'!$B$4:$V$158,13,FALSE),IF('Summary Sheet'!$M$4=""PB w/ PB Drawers"",VLOOKUP($B77,'Pwood & PB List'!$B$4:$V$158,17,FALSE))))",MAG-PC2496,"IF('Summary Sheet'!$M$4=""Plywood"",VLOOKUP($B77,'Pwood & PB List'!$B$4:$V$158,9,FALSE),IF('Summary Sheet'!$M$4=""PB w/ Wood Drawers"",VLOOKUP($B77,'Pwood & PB List'!$B$4:$V$158,13,FALSE),IF('Summary Sheet'!$M$4=""PB w/ PB Drawers"",VLOOKUP($B77,'Pwood & PB List'!$B$4:$V$158,17,FALSE))))",MAB-PC2496,"IF('Summary Sheet'!$M$4=""Plywood"",VLOOKUP($B77,'Pwood & PB List'!$B$4:$V$158,9,FALSE),IF('Summary Sheet'!$M$4=""PB w/ Wood Drawers"",VLOOKUP($B77,'Pwood & PB List'!$B$4:$V$158,13,FALSE),IF('Summary Sheet'!$M$4=""PB w/ PB Drawers"",VLOOKUP($B77,'Pwood & PB List'!$B$4:$V$158,17,FALSE))))",GLB-PC2496,4,
78,"Pantry Cabinet: 30"" W x 84"" H, 4 Doors ",PC3084,"IF('Summary Sheet'!$M$4=""Plywood"",VLOOKUP($B78,'Pwood & PB List'!$B$4:$V$158,9,FALSE),IF('Summary Sheet'!$M$4=""PB w/ Wood Drawers"",VLOOKUP($B78,'Pwood & PB List'!$B$4:$V$158,13,FALSE),IF('Summary Sheet'!$M$4=""PB w/ PB Drawers"",VLOOKUP($B78,'Pwood & PB List'!$B$4:$V$158,17,FALSE))))",GLW-PC3084,"IF('Summary Sheet'!$M$4=""Plywood"",VLOOKUP($B78,'Pwood & PB List'!$B$4:$V$158,10,FALSE),IF('Summary Sheet'!$M$4=""PB w/ Wood Drawers"",VLOOKUP($B78,'Pwood & PB List'!$B$4:$V$158,14,FALSE),IF('Summary Sheet'!$M$4=""PB w/ PB Drawers"",VLOOKUP($B78,'Pwood & PB List'!$B$4:$V$158,18,FALSE))))",SLO-PC3084,"IF('Summary Sheet'!$M$4=""Plywood"",VLOOKUP($B78,'Pwood & PB List'!$B$4:$V$158,11,FALSE),IF('Summary Sheet'!$M$4=""PB w/ Wood Drawers"",VLOOKUP($B78,'Pwood & PB List'!$B$4:$V$158,15,FALSE),IF('Summary Sheet'!$M$4=""PB w/ PB Drawers"",VLOOKUP($B78,'Pwood & PB List'!$B$4:$V$158,19,FALSE))))",BLW-PC3084,"IF('Summary Sheet'!$M$4=""Plywood"",VLOOKUP($B78,'Pwood & PB List'!$B$4:$V$158,10,FALSE),IF('Summary Sheet'!$M$4=""PB w/ Wood Drawers"",VLOOKUP($B78,'Pwood & PB List'!$B$4:$V$158,14,FALSE),IF('Summary Sheet'!$M$4=""PB w/ PB Drawers"",VLOOKUP($B78,'Pwood & PB List'!$B$4:$V$158,18,FALSE))))",WEO-PC3084,"IF('Summary Sheet'!$M$4=""Plywood"",VLOOKUP($B78,'Pwood & PB List'!$B$4:$V$158,9,FALSE),IF('Summary Sheet'!$M$4=""PB w/ Wood Drawers"",VLOOKUP($B78,'Pwood & PB List'!$B$4:$V$158,13,FALSE),IF('Summary Sheet'!$M$4=""PB w/ PB Drawers"",VLOOKUP($B78,'Pwood & PB List'!$B$4:$V$158,17,FALSE))))",GLG-PC3084,"IF('Summary Sheet'!$M$4=""Plywood"",VLOOKUP($B78,'Pwood & PB List'!$B$4:$V$158,12,FALSE),IF('Summary Sheet'!$M$4=""PB w/ Wood Drawers"",VLOOKUP($B78,'Pwood & PB List'!$B$4:$V$158,16,FALSE),IF('Summary Sheet'!$M$4=""PB w/ PB Drawers"",VLOOKUP($B78,'Pwood & PB List'!$B$4:$V$158,20,FALSE))))",NAO-PC3084,"IF('Summary Sheet'!$M$4=""Plywood"",VLOOKUP($B78,'Pwood & PB List'!$B$4:$V$158,12,FALSE),IF('Summary Sheet'!$M$4=""PB w/ Wood Drawers"",VLOOKUP($B78,'Pwood & PB List'!$B$4:$V$158,16,FALSE),IF('Summary Sheet'!$M$4=""PB w/ PB Drawers"",VLOOKUP($B78,'Pwood & PB List'!$B$4:$V$158,20,FALSE))))",WHO-PC3084,"IF('Summary Sheet'!$M$4=""Plywood"",VLOOKUP($B78,'Pwood & PB List'!$B$4:$V$158,9,FALSE),IF('Summary Sheet'!$M$4=""PB w/ Wood Drawers"",VLOOKUP($B78,'Pwood & PB List'!$B$4:$V$158,13,FALSE),IF('Summary Sheet'!$M$4=""PB w/ PB Drawers"",VLOOKUP($B78,'Pwood & PB List'!$B$4:$V$158,17,FALSE))))",MAW-PC3084,"IF('Summary Sheet'!$M$4=""Plywood"",VLOOKUP($B78,'Pwood & PB List'!$B$4:$V$158,9,FALSE),IF('Summary Sheet'!$M$4=""PB w/ Wood Drawers"",VLOOKUP($B78,'Pwood & PB List'!$B$4:$V$158,13,FALSE),IF('Summary Sheet'!$M$4=""PB w/ PB Drawers"",VLOOKUP($B78,'Pwood & PB List'!$B$4:$V$158,17,FALSE))))",MAG-PC3084,"IF('Summary Sheet'!$M$4=""Plywood"",VLOOKUP($B78,'Pwood & PB List'!$B$4:$V$158,9,FALSE),IF('Summary Sheet'!$M$4=""PB w/ Wood Drawers"",VLOOKUP($B78,'Pwood & PB List'!$B$4:$V$158,13,FALSE),IF('Summary Sheet'!$M$4=""PB w/ PB Drawers"",VLOOKUP($B78,'Pwood & PB List'!$B$4:$V$158,17,FALSE))))",MAB-PC3084,"IF('Summary Sheet'!$M$4=""Plywood"",VLOOKUP($B78,'Pwood & PB List'!$B$4:$V$158,9,FALSE),IF('Summary Sheet'!$M$4=""PB w/ Wood Drawers"",VLOOKUP($B78,'Pwood & PB List'!$B$4:$V$158,13,FALSE),IF('Summary Sheet'!$M$4=""PB w/ PB Drawers"",VLOOKUP($B78,'Pwood & PB List'!$B$4:$V$158,17,FALSE))))",GLB-PC3084,4,
79,"Pantry Cabinet: 30"" W x 90"" H, 4 Doors ",PC3090,"IF('Summary Sheet'!$M$4=""Plywood"",VLOOKUP($B79,'Pwood & PB List'!$B$4:$V$158,9,FALSE),IF('Summary Sheet'!$M$4=""PB w/ Wood Drawers"",VLOOKUP($B79,'Pwood & PB List'!$B$4:$V$158,13,FALSE),IF('Summary Sheet'!$M$4=""PB w/ PB Drawers"",VLOOKUP($B79,'Pwood & PB List'!$B$4:$V$158,17,FALSE))))",GLW-PC3090,"IF('Summary Sheet'!$M$4=""Plywood"",VLOOKUP($B79,'Pwood & PB List'!$B$4:$V$158,10,FALSE),IF('Summary Sheet'!$M$4=""PB w/ Wood Drawers"",VLOOKUP($B79,'Pwood & PB List'!$B$4:$V$158,14,FALSE),IF('Summary Sheet'!$M$4=""PB w/ PB Drawers"",VLOOKUP($B79,'Pwood & PB List'!$B$4:$V$158,18,FALSE))))",SLO-PC3090,"IF('Summary Sheet'!$M$4=""Plywood"",VLOOKUP($B79,'Pwood & PB List'!$B$4:$V$158,11,FALSE),IF('Summary Sheet'!$M$4=""PB w/ Wood Drawers"",VLOOKUP($B79,'Pwood & PB List'!$B$4:$V$158,15,FALSE),IF('Summary Sheet'!$M$4=""PB w/ PB Drawers"",VLOOKUP($B79,'Pwood & PB List'!$B$4:$V$158,19,FALSE))))",BLW-PC3090,"IF('Summary Sheet'!$M$4=""Plywood"",VLOOKUP($B79,'Pwood & PB List'!$B$4:$V$158,10,FALSE),IF('Summary Sheet'!$M$4=""PB w/ Wood Drawers"",VLOOKUP($B79,'Pwood & PB List'!$B$4:$V$158,14,FALSE),IF('Summary Sheet'!$M$4=""PB w/ PB Drawers"",VLOOKUP($B79,'Pwood & PB List'!$B$4:$V$158,18,FALSE))))",WEO-PC3090,"IF('Summary Sheet'!$M$4=""Plywood"",VLOOKUP($B79,'Pwood & PB List'!$B$4:$V$158,9,FALSE),IF('Summary Sheet'!$M$4=""PB w/ Wood Drawers"",VLOOKUP($B79,'Pwood & PB List'!$B$4:$V$158,13,FALSE),IF('Summary Sheet'!$M$4=""PB w/ PB Drawers"",VLOOKUP($B79,'Pwood & PB List'!$B$4:$V$158,17,FALSE))))",GLG-PC3090,"IF('Summary Sheet'!$M$4=""Plywood"",VLOOKUP($B79,'Pwood & PB List'!$B$4:$V$158,12,FALSE),IF('Summary Sheet'!$M$4=""PB w/ Wood Drawers"",VLOOKUP($B79,'Pwood & PB List'!$B$4:$V$158,16,FALSE),IF('Summary Sheet'!$M$4=""PB w/ PB Drawers"",VLOOKUP($B79,'Pwood & PB List'!$B$4:$V$158,20,FALSE))))",NAO-PC3090,"IF('Summary Sheet'!$M$4=""Plywood"",VLOOKUP($B79,'Pwood & PB List'!$B$4:$V$158,12,FALSE),IF('Summary Sheet'!$M$4=""PB w/ Wood Drawers"",VLOOKUP($B79,'Pwood & PB List'!$B$4:$V$158,16,FALSE),IF('Summary Sheet'!$M$4=""PB w/ PB Drawers"",VLOOKUP($B79,'Pwood & PB List'!$B$4:$V$158,20,FALSE))))",WHO-PC3090,"IF('Summary Sheet'!$M$4=""Plywood"",VLOOKUP($B79,'Pwood & PB List'!$B$4:$V$158,9,FALSE),IF('Summary Sheet'!$M$4=""PB w/ Wood Drawers"",VLOOKUP($B79,'Pwood & PB List'!$B$4:$V$158,13,FALSE),IF('Summary Sheet'!$M$4=""PB w/ PB Drawers"",VLOOKUP($B79,'Pwood & PB List'!$B$4:$V$158,17,FALSE))))",MAW-PC3090,"IF('Summary Sheet'!$M$4=""Plywood"",VLOOKUP($B79,'Pwood & PB List'!$B$4:$V$158,9,FALSE),IF('Summary Sheet'!$M$4=""PB w/ Wood Drawers"",VLOOKUP($B79,'Pwood & PB List'!$B$4:$V$158,13,FALSE),IF('Summary Sheet'!$M$4=""PB w/ PB Drawers"",VLOOKUP($B79,'Pwood & PB List'!$B$4:$V$158,17,FALSE))))",MAG-PC3090,"IF('Summary Sheet'!$M$4=""Plywood"",VLOOKUP($B79,'Pwood & PB List'!$B$4:$V$158,9,FALSE),IF('Summary Sheet'!$M$4=""PB w/ Wood Drawers"",VLOOKUP($B79,'Pwood & PB List'!$B$4:$V$158,13,FALSE),IF('Summary Sheet'!$M$4=""PB w/ PB Drawers"",VLOOKUP($B79,'Pwood & PB List'!$B$4:$V$158,17,FALSE))))",MAB-PC3090,"IF('Summary Sheet'!$M$4=""Plywood"",VLOOKUP($B79,'Pwood & PB List'!$B$4:$V$158,9,FALSE),IF('Summary Sheet'!$M$4=""PB w/ Wood Drawers"",VLOOKUP($B79,'Pwood & PB List'!$B$4:$V$158,13,FALSE),IF('Summary Sheet'!$M$4=""PB w/ PB Drawers"",VLOOKUP($B79,'Pwood & PB List'!$B$4:$V$158,17,FALSE))))",GLB-PC3090,4,
80,"Pantry Cabinet: 30"" W x 96"" H, 4 Doors ",PC3096,"IF('Summary Sheet'!$M$4=""Plywood"",VLOOKUP($B80,'Pwood & PB List'!$B$4:$V$158,9,FALSE),IF('Summary Sheet'!$M$4=""PB w/ Wood Drawers"",VLOOKUP($B80,'Pwood & PB List'!$B$4:$V$158,13,FALSE),IF('Summary Sheet'!$M$4=""PB w/ PB Drawers"",VLOOKUP($B80,'Pwood & PB List'!$B$4:$V$158,17,FALSE))))",GLW-PC3096,"IF('Summary Sheet'!$M$4=""Plywood"",VLOOKUP($B80,'Pwood & PB List'!$B$4:$V$158,10,FALSE),IF('Summary Sheet'!$M$4=""PB w/ Wood Drawers"",VLOOKUP($B80,'Pwood & PB List'!$B$4:$V$158,14,FALSE),IF('Summary Sheet'!$M$4=""PB w/ PB Drawers"",VLOOKUP($B80,'Pwood & PB List'!$B$4:$V$158,18,FALSE))))",SLO-PC3096,"IF('Summary Sheet'!$M$4=""Plywood"",VLOOKUP($B80,'Pwood & PB List'!$B$4:$V$158,11,FALSE),IF('Summary Sheet'!$M$4=""PB w/ Wood Drawers"",VLOOKUP($B80,'Pwood & PB List'!$B$4:$V$158,15,FALSE),IF('Summary Sheet'!$M$4=""PB w/ PB Drawers"",VLOOKUP($B80,'Pwood & PB List'!$B$4:$V$158,19,FALSE))))",BLW-PC3096,"IF('Summary Sheet'!$M$4=""Plywood"",VLOOKUP($B80,'Pwood & PB List'!$B$4:$V$158,10,FALSE),IF('Summary Sheet'!$M$4=""PB w/ Wood Drawers"",VLOOKUP($B80,'Pwood & PB List'!$B$4:$V$158,14,FALSE),IF('Summary Sheet'!$M$4=""PB w/ PB Drawers"",VLOOKUP($B80,'Pwood & PB List'!$B$4:$V$158,18,FALSE))))",WEO-PC3096,"IF('Summary Sheet'!$M$4=""Plywood"",VLOOKUP($B80,'Pwood & PB List'!$B$4:$V$158,9,FALSE),IF('Summary Sheet'!$M$4=""PB w/ Wood Drawers"",VLOOKUP($B80,'Pwood & PB List'!$B$4:$V$158,13,FALSE),IF('Summary Sheet'!$M$4=""PB w/ PB Drawers"",VLOOKUP($B80,'Pwood & PB List'!$B$4:$V$158,17,FALSE))))",GLG-PC3096,"IF('Summary Sheet'!$M$4=""Plywood"",VLOOKUP($B80,'Pwood & PB List'!$B$4:$V$158,12,FALSE),IF('Summary Sheet'!$M$4=""PB w/ Wood Drawers"",VLOOKUP($B80,'Pwood & PB List'!$B$4:$V$158,16,FALSE),IF('Summary Sheet'!$M$4=""PB w/ PB Drawers"",VLOOKUP($B80,'Pwood & PB List'!$B$4:$V$158,20,FALSE))))",NAO-PC3096,"IF('Summary Sheet'!$M$4=""Plywood"",VLOOKUP($B80,'Pwood & PB List'!$B$4:$V$158,12,FALSE),IF('Summary Sheet'!$M$4=""PB w/ Wood Drawers"",VLOOKUP($B80,'Pwood & PB List'!$B$4:$V$158,16,FALSE),IF('Summary Sheet'!$M$4=""PB w/ PB Drawers"",VLOOKUP($B80,'Pwood & PB List'!$B$4:$V$158,20,FALSE))))",WHO-PC3096,"IF('Summary Sheet'!$M$4=""Plywood"",VLOOKUP($B80,'Pwood & PB List'!$B$4:$V$158,9,FALSE),IF('Summary Sheet'!$M$4=""PB w/ Wood Drawers"",VLOOKUP($B80,'Pwood & PB List'!$B$4:$V$158,13,FALSE),IF('Summary Sheet'!$M$4=""PB w/ PB Drawers"",VLOOKUP($B80,'Pwood & PB List'!$B$4:$V$158,17,FALSE))))",MAW-PC3096,"IF('Summary Sheet'!$M$4=""Plywood"",VLOOKUP($B80,'Pwood & PB List'!$B$4:$V$158,9,FALSE),IF('Summary Sheet'!$M$4=""PB w/ Wood Drawers"",VLOOKUP($B80,'Pwood & PB List'!$B$4:$V$158,13,FALSE),IF('Summary Sheet'!$M$4=""PB w/ PB Drawers"",VLOOKUP($B80,'Pwood & PB List'!$B$4:$V$158,17,FALSE))))",MAG-PC3096,"IF('Summary Sheet'!$M$4=""Plywood"",VLOOKUP($B80,'Pwood & PB List'!$B$4:$V$158,9,FALSE),IF('Summary Sheet'!$M$4=""PB w/ Wood Drawers"",VLOOKUP($B80,'Pwood & PB List'!$B$4:$V$158,13,FALSE),IF('Summary Sheet'!$M$4=""PB w/ PB Drawers"",VLOOKUP($B80,'Pwood & PB List'!$B$4:$V$158,17,FALSE))))",MAB-PC3096,"IF('Summary Sheet'!$M$4=""Plywood"",VLOOKUP($B80,'Pwood & PB List'!$B$4:$V$158,9,FALSE),IF('Summary Sheet'!$M$4=""PB w/ Wood Drawers"",VLOOKUP($B80,'Pwood & PB List'!$B$4:$V$158,13,FALSE),IF('Summary Sheet'!$M$4=""PB w/ PB Drawers"",VLOOKUP($B80,'Pwood & PB List'!$B$4:$V$158,17,FALSE))))",GLB-PC3096,4,
81,"Microwave & Oven Cabinets, 24"" Depth, 42-1/2"" Opening",,,,,,,,,,,,,,,,,,,,,,,,,
82,"Microwave/Oven Cabinet: 30"" W x 84"" H, 2 Doors and 2 Drawers",MOC3084,"IF('Summary Sheet'!$M$4=""Plywood"",VLOOKUP($B82,'Pwood & PB List'!$B$4:$V$158,9,FALSE),IF('Summary Sheet'!$M$4=""PB w/ Wood Drawers"",VLOOKUP($B82,'Pwood & PB List'!$B$4:$V$158,13,FALSE),IF('Summary Sheet'!$M$4=""PB w/ PB Drawers"",VLOOKUP($B82,'Pwood & PB List'!$B$4:$V$158,17,FALSE))))","CONCATENATE(""GLW-"",B82)","IF('Summary Sheet'!$M$4=""Plywood"",VLOOKUP($B82,'Pwood & PB List'!$B$4:$V$158,10,FALSE),IF('Summary Sheet'!$M$4=""PB w/ Wood Drawers"",VLOOKUP($B82,'Pwood & PB List'!$B$4:$V$158,14,FALSE),IF('Summary Sheet'!$M$4=""PB w/ PB Drawers"",VLOOKUP($B82,'Pwood & PB List'!$B$4:$V$158,18,FALSE))))","CONCATENATE(""SLO-"",B82)","IF('Summary Sheet'!$M$4=""Plywood"",VLOOKUP($B82,'Pwood & PB List'!$B$4:$V$158,11,FALSE),IF('Summary Sheet'!$M$4=""PB w/ Wood Drawers"",VLOOKUP($B82,'Pwood & PB List'!$B$4:$V$158,15,FALSE),IF('Summary Sheet'!$M$4=""PB w/ PB Drawers"",VLOOKUP($B82,'Pwood & PB List'!$B$4:$V$158,19,FALSE))))","CONCATENATE(""BLW-"",B82)","IF('Summary Sheet'!$M$4=""Plywood"",VLOOKUP($B82,'Pwood & PB List'!$B$4:$V$158,10,FALSE),IF('Summary Sheet'!$M$4=""PB w/ Wood Drawers"",VLOOKUP($B82,'Pwood & PB List'!$B$4:$V$158,14,FALSE),IF('Summary Sheet'!$M$4=""PB w/ PB Drawers"",VLOOKUP($B82,'Pwood & PB List'!$B$4:$V$158,18,FALSE))))","CONCATENATE(""WEO-"",B82)","IF('Summary Sheet'!$M$4=""Plywood"",VLOOKUP($B82,'Pwood & PB List'!$B$4:$V$158,9,FALSE),IF('Summary Sheet'!$M$4=""PB w/ Wood Drawers"",VLOOKUP($B82,'Pwood & PB List'!$B$4:$V$158,13,FALSE),IF('Summary Sheet'!$M$4=""PB w/ PB Drawers"",VLOOKUP($B82,'Pwood & PB List'!$B$4:$V$158,17,FALSE))))","CONCATENATE(""GLG-"",B82)","IF('Summary Sheet'!$M$4=""Plywood"",VLOOKUP($B82,'Pwood & PB List'!$B$4:$V$158,12,FALSE),IF('Summary Sheet'!$M$4=""PB w/ Wood Drawers"",VLOOKUP($B82,'Pwood & PB List'!$B$4:$V$158,16,FALSE),IF('Summary Sheet'!$M$4=""PB w/ PB Drawers"",VLOOKUP($B82,'Pwood & PB List'!$B$4:$V$158,20,FALSE))))","CONCATENATE(""NAO-"",B82)","IF('Summary Sheet'!$M$4=""Plywood"",VLOOKUP($B82,'Pwood & PB List'!$B$4:$V$158,12,FALSE),IF('Summary Sheet'!$M$4=""PB w/ Wood Drawers"",VLOOKUP($B82,'Pwood & PB List'!$B$4:$V$158,16,FALSE),IF('Summary Sheet'!$M$4=""PB w/ PB Drawers"",VLOOKUP($B82,'Pwood & PB List'!$B$4:$V$158,20,FALSE))))","CONCATENATE(""WHO-"",B82)","IF('Summary Sheet'!$M$4=""Plywood"",VLOOKUP($B82,'Pwood & PB List'!$B$4:$V$158,9,FALSE),IF('Summary Sheet'!$M$4=""PB w/ Wood Drawers"",VLOOKUP($B82,'Pwood & PB List'!$B$4:$V$158,13,FALSE),IF('Summary Sheet'!$M$4=""PB w/ PB Drawers"",VLOOKUP($B82,'Pwood & PB List'!$B$4:$V$158,17,FALSE))))","CONCATENATE(""MAW-"",B82)","IF('Summary Sheet'!$M$4=""Plywood"",VLOOKUP($B82,'Pwood & PB List'!$B$4:$V$158,9,FALSE),IF('Summary Sheet'!$M$4=""PB w/ Wood Drawers"",VLOOKUP($B82,'Pwood & PB List'!$B$4:$V$158,13,FALSE),IF('Summary Sheet'!$M$4=""PB w/ PB Drawers"",VLOOKUP($B82,'Pwood & PB List'!$B$4:$V$158,17,FALSE))))","CONCATENATE(""MAG-"",B82)","IF('Summary Sheet'!$M$4=""Plywood"",VLOOKUP($B82,'Pwood & PB List'!$B$4:$V$158,9,FALSE),IF('Summary Sheet'!$M$4=""PB w/ Wood Drawers"",VLOOKUP($B82,'Pwood & PB List'!$B$4:$V$158,13,FALSE),IF('Summary Sheet'!$M$4=""PB w/ PB Drawers"",VLOOKUP($B82,'Pwood & PB List'!$B$4:$V$158,17,FALSE))))","CONCATENATE(""MAB-"",B82)","IF('Summary Sheet'!$M$4=""Plywood"",VLOOKUP($B82,'Pwood & PB List'!$B$4:$V$158,9,FALSE),IF('Summary Sheet'!$M$4=""PB w/ Wood Drawers"",VLOOKUP($B82,'Pwood & PB List'!$B$4:$V$158,13,FALSE),IF('Summary Sheet'!$M$4=""PB w/ PB Drawers"",VLOOKUP($B82,'Pwood & PB List'!$B$4:$V$158,17,FALSE))))","CONCATENATE(""GLB-"",B82)",4,
83,"Microwave/Oven Cabinet: 30"" W x 90"" H, 2 Doors and 2 Drawers",MOC3090,"IF('Summary Sheet'!$M$4=""Plywood"",VLOOKUP($B83,'Pwood & PB List'!$B$4:$V$158,9,FALSE),IF('Summary Sheet'!$M$4=""PB w/ Wood Drawers"",VLOOKUP($B83,'Pwood & PB List'!$B$4:$V$158,13,FALSE),IF('Summary Sheet'!$M$4=""PB w/ PB Drawers"",VLOOKUP($B83,'Pwood & PB List'!$B$4:$V$158,17,FALSE))))",GLW-MOC3090,"IF('Summary Sheet'!$M$4=""Plywood"",VLOOKUP($B83,'Pwood & PB List'!$B$4:$V$158,10,FALSE),IF('Summary Sheet'!$M$4=""PB w/ Wood Drawers"",VLOOKUP($B83,'Pwood & PB List'!$B$4:$V$158,14,FALSE),IF('Summary Sheet'!$M$4=""PB w/ PB Drawers"",VLOOKUP($B83,'Pwood & PB List'!$B$4:$V$158,18,FALSE))))",SLO-MOC3090,"IF('Summary Sheet'!$M$4=""Plywood"",VLOOKUP($B83,'Pwood & PB List'!$B$4:$V$158,11,FALSE),IF('Summary Sheet'!$M$4=""PB w/ Wood Drawers"",VLOOKUP($B83,'Pwood & PB List'!$B$4:$V$158,15,FALSE),IF('Summary Sheet'!$M$4=""PB w/ PB Drawers"",VLOOKUP($B83,'Pwood & PB List'!$B$4:$V$158,19,FALSE))))",BLW-MOC3090,"IF('Summary Sheet'!$M$4=""Plywood"",VLOOKUP($B83,'Pwood & PB List'!$B$4:$V$158,10,FALSE),IF('Summary Sheet'!$M$4=""PB w/ Wood Drawers"",VLOOKUP($B83,'Pwood & PB List'!$B$4:$V$158,14,FALSE),IF('Summary Sheet'!$M$4=""PB w/ PB Drawers"",VLOOKUP($B83,'Pwood & PB List'!$B$4:$V$158,18,FALSE))))",WEO-MOC3090,"IF('Summary Sheet'!$M$4=""Plywood"",VLOOKUP($B83,'Pwood & PB List'!$B$4:$V$158,9,FALSE),IF('Summary Sheet'!$M$4=""PB w/ Wood Drawers"",VLOOKUP($B83,'Pwood & PB List'!$B$4:$V$158,13,FALSE),IF('Summary Sheet'!$M$4=""PB w/ PB Drawers"",VLOOKUP($B83,'Pwood & PB List'!$B$4:$V$158,17,FALSE))))",GLG-MOC3090,"IF('Summary Sheet'!$M$4=""Plywood"",VLOOKUP($B83,'Pwood & PB List'!$B$4:$V$158,12,FALSE),IF('Summary Sheet'!$M$4=""PB w/ Wood Drawers"",VLOOKUP($B83,'Pwood & PB List'!$B$4:$V$158,16,FALSE),IF('Summary Sheet'!$M$4=""PB w/ PB Drawers"",VLOOKUP($B83,'Pwood & PB List'!$B$4:$V$158,20,FALSE))))",NAO-MOC3090,"IF('Summary Sheet'!$M$4=""Plywood"",VLOOKUP($B83,'Pwood & PB List'!$B$4:$V$158,12,FALSE),IF('Summary Sheet'!$M$4=""PB w/ Wood Drawers"",VLOOKUP($B83,'Pwood & PB List'!$B$4:$V$158,16,FALSE),IF('Summary Sheet'!$M$4=""PB w/ PB Drawers"",VLOOKUP($B83,'Pwood & PB List'!$B$4:$V$158,20,FALSE))))",WHO-MOC3090,"IF('Summary Sheet'!$M$4=""Plywood"",VLOOKUP($B83,'Pwood & PB List'!$B$4:$V$158,9,FALSE),IF('Summary Sheet'!$M$4=""PB w/ Wood Drawers"",VLOOKUP($B83,'Pwood & PB List'!$B$4:$V$158,13,FALSE),IF('Summary Sheet'!$M$4=""PB w/ PB Drawers"",VLOOKUP($B83,'Pwood & PB List'!$B$4:$V$158,17,FALSE))))",MAW-MOC3090,"IF('Summary Sheet'!$M$4=""Plywood"",VLOOKUP($B83,'Pwood & PB List'!$B$4:$V$158,9,FALSE),IF('Summary Sheet'!$M$4=""PB w/ Wood Drawers"",VLOOKUP($B83,'Pwood & PB List'!$B$4:$V$158,13,FALSE),IF('Summary Sheet'!$M$4=""PB w/ PB Drawers"",VLOOKUP($B83,'Pwood & PB List'!$B$4:$V$158,17,FALSE))))",MAG-MOC3090,"IF('Summary Sheet'!$M$4=""Plywood"",VLOOKUP($B83,'Pwood & PB List'!$B$4:$V$158,9,FALSE),IF('Summary Sheet'!$M$4=""PB w/ Wood Drawers"",VLOOKUP($B83,'Pwood & PB List'!$B$4:$V$158,13,FALSE),IF('Summary Sheet'!$M$4=""PB w/ PB Drawers"",VLOOKUP($B83,'Pwood & PB List'!$B$4:$V$158,17,FALSE))))",MAB-MOC3090,"IF('Summary Sheet'!$M$4=""Plywood"",VLOOKUP($B83,'Pwood & PB List'!$B$4:$V$158,9,FALSE),IF('Summary Sheet'!$M$4=""PB w/ Wood Drawers"",VLOOKUP($B83,'Pwood & PB List'!$B$4:$V$158,13,FALSE),IF('Summary Sheet'!$M$4=""PB w/ PB Drawers"",VLOOKUP($B83,'Pwood & PB List'!$B$4:$V$158,17,FALSE))))",GLB-MOC3090,4,
84,"Microwave/Oven Cabinet: 30"" W x 96"" H, 2 Doors and 2 Drawers",MOC3096,"IF('Summary Sheet'!$M$4=""Plywood"",VLOOKUP($B84,'Pwood & PB List'!$B$4:$V$158,9,FALSE),IF('Summary Sheet'!$M$4=""PB w/ Wood Drawers"",VLOOKUP($B84,'Pwood & PB List'!$B$4:$V$158,13,FALSE),IF('Summary Sheet'!$M$4=""PB w/ PB Drawers"",VLOOKUP($B84,'Pwood & PB List'!$B$4:$V$158,17,FALSE))))",GLW-MOC3096,"IF('Summary Sheet'!$M$4=""Plywood"",VLOOKUP($B84,'Pwood & PB List'!$B$4:$V$158,10,FALSE),IF('Summary Sheet'!$M$4=""PB w/ Wood Drawers"",VLOOKUP($B84,'Pwood & PB List'!$B$4:$V$158,14,FALSE),IF('Summary Sheet'!$M$4=""PB w/ PB Drawers"",VLOOKUP($B84,'Pwood & PB List'!$B$4:$V$158,18,FALSE))))",SLO-MOC3096,"IF('Summary Sheet'!$M$4=""Plywood"",VLOOKUP($B84,'Pwood & PB List'!$B$4:$V$158,11,FALSE),IF('Summary Sheet'!$M$4=""PB w/ Wood Drawers"",VLOOKUP($B84,'Pwood & PB List'!$B$4:$V$158,15,FALSE),IF('Summary Sheet'!$M$4=""PB w/ PB Drawers"",VLOOKUP($B84,'Pwood & PB List'!$B$4:$V$158,19,FALSE))))",BLW-MOC3096,"IF('Summary Sheet'!$M$4=""Plywood"",VLOOKUP($B84,'Pwood & PB List'!$B$4:$V$158,10,FALSE),IF('Summary Sheet'!$M$4=""PB w/ Wood Drawers"",VLOOKUP($B84,'Pwood & PB List'!$B$4:$V$158,14,FALSE),IF('Summary Sheet'!$M$4=""PB w/ PB Drawers"",VLOOKUP($B84,'Pwood & PB List'!$B$4:$V$158,18,FALSE))))",WEO-MOC3096,"IF('Summary Sheet'!$M$4=""Plywood"",VLOOKUP($B84,'Pwood & PB List'!$B$4:$V$158,9,FALSE),IF('Summary Sheet'!$M$4=""PB w/ Wood Drawers"",VLOOKUP($B84,'Pwood & PB List'!$B$4:$V$158,13,FALSE),IF('Summary Sheet'!$M$4=""PB w/ PB Drawers"",VLOOKUP($B84,'Pwood & PB List'!$B$4:$V$158,17,FALSE))))",GLG-MOC3096,"IF('Summary Sheet'!$M$4=""Plywood"",VLOOKUP($B84,'Pwood & PB List'!$B$4:$V$158,12,FALSE),IF('Summary Sheet'!$M$4=""PB w/ Wood Drawers"",VLOOKUP($B84,'Pwood & PB List'!$B$4:$V$158,16,FALSE),IF('Summary Sheet'!$M$4=""PB w/ PB Drawers"",VLOOKUP($B84,'Pwood & PB List'!$B$4:$V$158,20,FALSE))))",NAO-MOC3096,"IF('Summary Sheet'!$M$4=""Plywood"",VLOOKUP($B84,'Pwood & PB List'!$B$4:$V$158,12,FALSE),IF('Summary Sheet'!$M$4=""PB w/ Wood Drawers"",VLOOKUP($B84,'Pwood & PB List'!$B$4:$V$158,16,FALSE),IF('Summary Sheet'!$M$4=""PB w/ PB Drawers"",VLOOKUP($B84,'Pwood & PB List'!$B$4:$V$158,20,FALSE))))",WHO-MOC3096,"IF('Summary Sheet'!$M$4=""Plywood"",VLOOKUP($B84,'Pwood & PB List'!$B$4:$V$158,9,FALSE),IF('Summary Sheet'!$M$4=""PB w/ Wood Drawers"",VLOOKUP($B84,'Pwood & PB List'!$B$4:$V$158,13,FALSE),IF('Summary Sheet'!$M$4=""PB w/ PB Drawers"",VLOOKUP($B84,'Pwood & PB List'!$B$4:$V$158,17,FALSE))))",MAW-MOC3096,"IF('Summary Sheet'!$M$4=""Plywood"",VLOOKUP($B84,'Pwood & PB List'!$B$4:$V$158,9,FALSE),IF('Summary Sheet'!$M$4=""PB w/ Wood Drawers"",VLOOKUP($B84,'Pwood & PB List'!$B$4:$V$158,13,FALSE),IF('Summary Sheet'!$M$4=""PB w/ PB Drawers"",VLOOKUP($B84,'Pwood & PB List'!$B$4:$V$158,17,FALSE))))",MAG-MOC3096,"IF('Summary Sheet'!$M$4=""Plywood"",VLOOKUP($B84,'Pwood & PB List'!$B$4:$V$158,9,FALSE),IF('Summary Sheet'!$M$4=""PB w/ Wood Drawers"",VLOOKUP($B84,'Pwood & PB List'!$B$4:$V$158,13,FALSE),IF('Summary Sheet'!$M$4=""PB w/ PB Drawers"",VLOOKUP($B84,'Pwood & PB List'!$B$4:$V$158,17,FALSE))))",MAB-MOC3096,"IF('Summary Sheet'!$M$4=""Plywood"",VLOOKUP($B84,'Pwood & PB List'!$B$4:$V$158,9,FALSE),IF('Summary Sheet'!$M$4=""PB w/ Wood Drawers"",VLOOKUP($B84,'Pwood & PB List'!$B$4:$V$158,13,FALSE),IF('Summary Sheet'!$M$4=""PB w/ PB Drawers"",VLOOKUP($B84,'Pwood & PB List'!$B$4:$V$158,17,FALSE))))",GLB-MOC3096,4,
85,"Wall Cabinets, 13"" Depth",,,,,,,,,,,,,,,,,,,,,,,,,
86,"Wall Cabinet: 9"" W x 30"" H, 1 Door & 2 Shelves",W0930,"IF('Summary Sheet'!$M$4=""Plywood"",VLOOKUP($B86,'Pwood & PB List'!$B$4:$V$158,9,FALSE),IF('Summary Sheet'!$M$4=""PB w/ Wood Drawers"",VLOOKUP($B86,'Pwood & PB List'!$B$4:$V$158,13,FALSE),IF('Summary Sheet'!$M$4=""PB w/ PB Drawers"",VLOOKUP($B86,'Pwood & PB List'!$B$4:$V$158,17,FALSE))))","CONCATENATE(""GLW-"",B86)","IF('Summary Sheet'!$M$4=""Plywood"",VLOOKUP($B86,'Pwood & PB List'!$B$4:$V$158,10,FALSE),IF('Summary Sheet'!$M$4=""PB w/ Wood Drawers"",VLOOKUP($B86,'Pwood & PB List'!$B$4:$V$158,14,FALSE),IF('Summary Sheet'!$M$4=""PB w/ PB Drawers"",VLOOKUP($B86,'Pwood & PB List'!$B$4:$V$158,18,FALSE))))","CONCATENATE(""SLO-"",B86)","IF('Summary Sheet'!$M$4=""Plywood"",VLOOKUP($B86,'Pwood & PB List'!$B$4:$V$158,11,FALSE),IF('Summary Sheet'!$M$4=""PB w/ Wood Drawers"",VLOOKUP($B86,'Pwood & PB List'!$B$4:$V$158,15,FALSE),IF('Summary Sheet'!$M$4=""PB w/ PB Drawers"",VLOOKUP($B86,'Pwood & PB List'!$B$4:$V$158,19,FALSE))))","CONCATENATE(""BLW-"",B86)","IF('Summary Sheet'!$M$4=""Plywood"",VLOOKUP($B86,'Pwood & PB List'!$B$4:$V$158,10,FALSE),IF('Summary Sheet'!$M$4=""PB w/ Wood Drawers"",VLOOKUP($B86,'Pwood & PB List'!$B$4:$V$158,14,FALSE),IF('Summary Sheet'!$M$4=""PB w/ PB Drawers"",VLOOKUP($B86,'Pwood & PB List'!$B$4:$V$158,18,FALSE))))","CONCATENATE(""WEO-"",B86)","IF('Summary Sheet'!$M$4=""Plywood"",VLOOKUP($B86,'Pwood & PB List'!$B$4:$V$158,9,FALSE),IF('Summary Sheet'!$M$4=""PB w/ Wood Drawers"",VLOOKUP($B86,'Pwood & PB List'!$B$4:$V$158,13,FALSE),IF('Summary Sheet'!$M$4=""PB w/ PB Drawers"",VLOOKUP($B86,'Pwood & PB List'!$B$4:$V$158,17,FALSE))))","CONCATENATE(""GLG-"",B86)","IF('Summary Sheet'!$M$4=""Plywood"",VLOOKUP($B86,'Pwood & PB List'!$B$4:$V$158,12,FALSE),IF('Summary Sheet'!$M$4=""PB w/ Wood Drawers"",VLOOKUP($B86,'Pwood & PB List'!$B$4:$V$158,16,FALSE),IF('Summary Sheet'!$M$4=""PB w/ PB Drawers"",VLOOKUP($B86,'Pwood & PB List'!$B$4:$V$158,20,FALSE))))","CONCATENATE(""NAO-"",B86)","IF('Summary Sheet'!$M$4=""Plywood"",VLOOKUP($B86,'Pwood & PB List'!$B$4:$V$158,12,FALSE),IF('Summary Sheet'!$M$4=""PB w/ Wood Drawers"",VLOOKUP($B86,'Pwood & PB List'!$B$4:$V$158,16,FALSE),IF('Summary Sheet'!$M$4=""PB w/ PB Drawers"",VLOOKUP($B86,'Pwood & PB List'!$B$4:$V$158,20,FALSE))))","CONCATENATE(""WHO-"",B86)","IF('Summary Sheet'!$M$4=""Plywood"",VLOOKUP($B86,'Pwood & PB List'!$B$4:$V$158,9,FALSE),IF('Summary Sheet'!$M$4=""PB w/ Wood Drawers"",VLOOKUP($B86,'Pwood & PB List'!$B$4:$V$158,13,FALSE),IF('Summary Sheet'!$M$4=""PB w/ PB Drawers"",VLOOKUP($B86,'Pwood & PB List'!$B$4:$V$158,17,FALSE))))","CONCATENATE(""MAW-"",B86)","IF('Summary Sheet'!$M$4=""Plywood"",VLOOKUP($B86,'Pwood & PB List'!$B$4:$V$158,9,FALSE),IF('Summary Sheet'!$M$4=""PB w/ Wood Drawers"",VLOOKUP($B86,'Pwood & PB List'!$B$4:$V$158,13,FALSE),IF('Summary Sheet'!$M$4=""PB w/ PB Drawers"",VLOOKUP($B86,'Pwood & PB List'!$B$4:$V$158,17,FALSE))))","CONCATENATE(""MAG-"",B86)","IF('Summary Sheet'!$M$4=""Plywood"",VLOOKUP($B86,'Pwood & PB List'!$B$4:$V$158,9,FALSE),IF('Summary Sheet'!$M$4=""PB w/ Wood Drawers"",VLOOKUP($B86,'Pwood & PB List'!$B$4:$V$158,13,FALSE),IF('Summary Sheet'!$M$4=""PB w/ PB Drawers"",VLOOKUP($B86,'Pwood & PB List'!$B$4:$V$158,17,FALSE))))","CONCATENATE(""MAB-"",B86)","IF('Summary Sheet'!$M$4=""Plywood"",VLOOKUP($B86,'Pwood & PB List'!$B$4:$V$158,9,FALSE),IF('Summary Sheet'!$M$4=""PB w/ Wood Drawers"",VLOOKUP($B86,'Pwood & PB List'!$B$4:$V$158,13,FALSE),IF('Summary Sheet'!$M$4=""PB w/ PB Drawers"",VLOOKUP($B86,'Pwood & PB List'!$B$4:$V$158,17,FALSE))))","CONCATENATE(""GLB-"",B86)",1,
87,"Wall Cabinet: 9"" W x 36"" H, 1 Door & 2 Shelves",W0936,"IF('Summary Sheet'!$M$4=""Plywood"",VLOOKUP($B87,'Pwood & PB List'!$B$4:$V$158,9,FALSE),IF('Summary Sheet'!$M$4=""PB w/ Wood Drawers"",VLOOKUP($B87,'Pwood & PB List'!$B$4:$V$158,13,FALSE),IF('Summary Sheet'!$M$4=""PB w/ PB Drawers"",VLOOKUP($B87,'Pwood & PB List'!$B$4:$V$158,17,FALSE))))",GLW-W0936,"IF('Summary Sheet'!$M$4=""Plywood"",VLOOKUP($B87,'Pwood & PB List'!$B$4:$V$158,10,FALSE),IF('Summary Sheet'!$M$4=""PB w/ Wood Drawers"",VLOOKUP($B87,'Pwood & PB List'!$B$4:$V$158,14,FALSE),IF('Summary Sheet'!$M$4=""PB w/ PB Drawers"",VLOOKUP($B87,'Pwood & PB List'!$B$4:$V$158,18,FALSE))))",SLO-W0936,"IF('Summary Sheet'!$M$4=""Plywood"",VLOOKUP($B87,'Pwood & PB List'!$B$4:$V$158,11,FALSE),IF('Summary Sheet'!$M$4=""PB w/ Wood Drawers"",VLOOKUP($B87,'Pwood & PB List'!$B$4:$V$158,15,FALSE),IF('Summary Sheet'!$M$4=""PB w/ PB Drawers"",VLOOKUP($B87,'Pwood & PB List'!$B$4:$V$158,19,FALSE))))",BLW-W0936,"IF('Summary Sheet'!$M$4=""Plywood"",VLOOKUP($B87,'Pwood & PB List'!$B$4:$V$158,10,FALSE),IF('Summary Sheet'!$M$4=""PB w/ Wood Drawers"",VLOOKUP($B87,'Pwood & PB List'!$B$4:$V$158,14,FALSE),IF('Summary Sheet'!$M$4=""PB w/ PB Drawers"",VLOOKUP($B87,'Pwood & PB List'!$B$4:$V$158,18,FALSE))))",WEO-W0936,"IF('Summary Sheet'!$M$4=""Plywood"",VLOOKUP($B87,'Pwood & PB List'!$B$4:$V$158,9,FALSE),IF('Summary Sheet'!$M$4=""PB w/ Wood Drawers"",VLOOKUP($B87,'Pwood & PB List'!$B$4:$V$158,13,FALSE),IF('Summary Sheet'!$M$4=""PB w/ PB Drawers"",VLOOKUP($B87,'Pwood & PB List'!$B$4:$V$158,17,FALSE))))",GLG-W0936,"IF('Summary Sheet'!$M$4=""Plywood"",VLOOKUP($B87,'Pwood & PB List'!$B$4:$V$158,12,FALSE),IF('Summary Sheet'!$M$4=""PB w/ Wood Drawers"",VLOOKUP($B87,'Pwood & PB List'!$B$4:$V$158,16,FALSE),IF('Summary Sheet'!$M$4=""PB w/ PB Drawers"",VLOOKUP($B87,'Pwood & PB List'!$B$4:$V$158,20,FALSE))))",NAO-W0936,"IF('Summary Sheet'!$M$4=""Plywood"",VLOOKUP($B87,'Pwood & PB List'!$B$4:$V$158,12,FALSE),IF('Summary Sheet'!$M$4=""PB w/ Wood Drawers"",VLOOKUP($B87,'Pwood & PB List'!$B$4:$V$158,16,FALSE),IF('Summary Sheet'!$M$4=""PB w/ PB Drawers"",VLOOKUP($B87,'Pwood & PB List'!$B$4:$V$158,20,FALSE))))",WHO-W0936,"IF('Summary Sheet'!$M$4=""Plywood"",VLOOKUP($B87,'Pwood & PB List'!$B$4:$V$158,9,FALSE),IF('Summary Sheet'!$M$4=""PB w/ Wood Drawers"",VLOOKUP($B87,'Pwood & PB List'!$B$4:$V$158,13,FALSE),IF('Summary Sheet'!$M$4=""PB w/ PB Drawers"",VLOOKUP($B87,'Pwood & PB List'!$B$4:$V$158,17,FALSE))))",MAW-W0936,"IF('Summary Sheet'!$M$4=""Plywood"",VLOOKUP($B87,'Pwood & PB List'!$B$4:$V$158,9,FALSE),IF('Summary Sheet'!$M$4=""PB w/ Wood Drawers"",VLOOKUP($B87,'Pwood & PB List'!$B$4:$V$158,13,FALSE),IF('Summary Sheet'!$M$4=""PB w/ PB Drawers"",VLOOKUP($B87,'Pwood & PB List'!$B$4:$V$158,17,FALSE))))",MAG-W0936,"IF('Summary Sheet'!$M$4=""Plywood"",VLOOKUP($B87,'Pwood & PB List'!$B$4:$V$158,9,FALSE),IF('Summary Sheet'!$M$4=""PB w/ Wood Drawers"",VLOOKUP($B87,'Pwood & PB List'!$B$4:$V$158,13,FALSE),IF('Summary Sheet'!$M$4=""PB w/ PB Drawers"",VLOOKUP($B87,'Pwood & PB List'!$B$4:$V$158,17,FALSE))))",MAB-W0936,"IF('Summary Sheet'!$M$4=""Plywood"",VLOOKUP($B87,'Pwood & PB List'!$B$4:$V$158,9,FALSE),IF('Summary Sheet'!$M$4=""PB w/ Wood Drawers"",VLOOKUP($B87,'Pwood & PB List'!$B$4:$V$158,13,FALSE),IF('Summary Sheet'!$M$4=""PB w/ PB Drawers"",VLOOKUP($B87,'Pwood & PB List'!$B$4:$V$158,17,FALSE))))",GLB-W0936,1,
88,"Wall Cabinet: 9"" W x 42"" H, 1 Door & 3 Shelves",W0942,"IF('Summary Sheet'!$M$4=""Plywood"",VLOOKUP($B88,'Pwood & PB List'!$B$4:$V$158,9,FALSE),IF('Summary Sheet'!$M$4=""PB w/ Wood Drawers"",VLOOKUP($B88,'Pwood & PB List'!$B$4:$V$158,13,FALSE),IF('Summary Sheet'!$M$4=""PB w/ PB Drawers"",VLOOKUP($B88,'Pwood & PB List'!$B$4:$V$158,17,FALSE))))",GLW-W0942,"IF('Summary Sheet'!$M$4=""Plywood"",VLOOKUP($B88,'Pwood & PB List'!$B$4:$V$158,10,FALSE),IF('Summary Sheet'!$M$4=""PB w/ Wood Drawers"",VLOOKUP($B88,'Pwood & PB List'!$B$4:$V$158,14,FALSE),IF('Summary Sheet'!$M$4=""PB w/ PB Drawers"",VLOOKUP($B88,'Pwood & PB List'!$B$4:$V$158,18,FALSE))))",SLO-W0942,"IF('Summary Sheet'!$M$4=""Plywood"",VLOOKUP($B88,'Pwood & PB List'!$B$4:$V$158,11,FALSE),IF('Summary Sheet'!$M$4=""PB w/ Wood Drawers"",VLOOKUP($B88,'Pwood & PB List'!$B$4:$V$158,15,FALSE),IF('Summary Sheet'!$M$4=""PB w/ PB Drawers"",VLOOKUP($B88,'Pwood & PB List'!$B$4:$V$158,19,FALSE))))",BLW-W0942,"IF('Summary Sheet'!$M$4=""Plywood"",VLOOKUP($B88,'Pwood & PB List'!$B$4:$V$158,10,FALSE),IF('Summary Sheet'!$M$4=""PB w/ Wood Drawers"",VLOOKUP($B88,'Pwood & PB List'!$B$4:$V$158,14,FALSE),IF('Summary Sheet'!$M$4=""PB w/ PB Drawers"",VLOOKUP($B88,'Pwood & PB List'!$B$4:$V$158,18,FALSE))))",WEO-W0942,"IF('Summary Sheet'!$M$4=""Plywood"",VLOOKUP($B88,'Pwood & PB List'!$B$4:$V$158,9,FALSE),IF('Summary Sheet'!$M$4=""PB w/ Wood Drawers"",VLOOKUP($B88,'Pwood & PB List'!$B$4:$V$158,13,FALSE),IF('Summary Sheet'!$M$4=""PB w/ PB Drawers"",VLOOKUP($B88,'Pwood & PB List'!$B$4:$V$158,17,FALSE))))",GLG-W0942,"IF('Summary Sheet'!$M$4=""Plywood"",VLOOKUP($B88,'Pwood & PB List'!$B$4:$V$158,12,FALSE),IF('Summary Sheet'!$M$4=""PB w/ Wood Drawers"",VLOOKUP($B88,'Pwood & PB List'!$B$4:$V$158,16,FALSE),IF('Summary Sheet'!$M$4=""PB w/ PB Drawers"",VLOOKUP($B88,'Pwood & PB List'!$B$4:$V$158,20,FALSE))))",NAO-W0942,"IF('Summary Sheet'!$M$4=""Plywood"",VLOOKUP($B88,'Pwood & PB List'!$B$4:$V$158,12,FALSE),IF('Summary Sheet'!$M$4=""PB w/ Wood Drawers"",VLOOKUP($B88,'Pwood & PB List'!$B$4:$V$158,16,FALSE),IF('Summary Sheet'!$M$4=""PB w/ PB Drawers"",VLOOKUP($B88,'Pwood & PB List'!$B$4:$V$158,20,FALSE))))",WHO-W0942,"IF('Summary Sheet'!$M$4=""Plywood"",VLOOKUP($B88,'Pwood & PB List'!$B$4:$V$158,9,FALSE),IF('Summary Sheet'!$M$4=""PB w/ Wood Drawers"",VLOOKUP($B88,'Pwood & PB List'!$B$4:$V$158,13,FALSE),IF('Summary Sheet'!$M$4=""PB w/ PB Drawers"",VLOOKUP($B88,'Pwood & PB List'!$B$4:$V$158,17,FALSE))))",MAW-W0942,"IF('Summary Sheet'!$M$4=""Plywood"",VLOOKUP($B88,'Pwood & PB List'!$B$4:$V$158,9,FALSE),IF('Summary Sheet'!$M$4=""PB w/ Wood Drawers"",VLOOKUP($B88,'Pwood & PB List'!$B$4:$V$158,13,FALSE),IF('Summary Sheet'!$M$4=""PB w/ PB Drawers"",VLOOKUP($B88,'Pwood & PB List'!$B$4:$V$158,17,FALSE))))",MAG-W0942,"IF('Summary Sheet'!$M$4=""Plywood"",VLOOKUP($B88,'Pwood & PB List'!$B$4:$V$158,9,FALSE),IF('Summary Sheet'!$M$4=""PB w/ Wood Drawers"",VLOOKUP($B88,'Pwood & PB List'!$B$4:$V$158,13,FALSE),IF('Summary Sheet'!$M$4=""PB w/ PB Drawers"",VLOOKUP($B88,'Pwood & PB List'!$B$4:$V$158,17,FALSE))))",MAB-W0942,"IF('Summary Sheet'!$M$4=""Plywood"",VLOOKUP($B88,'Pwood & PB List'!$B$4:$V$158,9,FALSE),IF('Summary Sheet'!$M$4=""PB w/ Wood Drawers"",VLOOKUP($B88,'Pwood & PB List'!$B$4:$V$158,13,FALSE),IF('Summary Sheet'!$M$4=""PB w/ PB Drawers"",VLOOKUP($B88,'Pwood & PB List'!$B$4:$V$158,17,FALSE))))",GLB-W0942,1,
89,"Wall Cabinet: 12"" W x 30"" H, 1 Door & 2 Shelves",W1230,"IF('Summary Sheet'!$M$4=""Plywood"",VLOOKUP($B89,'Pwood & PB List'!$B$4:$V$158,9,FALSE),IF('Summary Sheet'!$M$4=""PB w/ Wood Drawers"",VLOOKUP($B89,'Pwood & PB List'!$B$4:$V$158,13,FALSE),IF('Summary Sheet'!$M$4=""PB w/ PB Drawers"",VLOOKUP($B89,'Pwood & PB List'!$B$4:$V$158,17,FALSE))))",GLW-W1230,"IF('Summary Sheet'!$M$4=""Plywood"",VLOOKUP($B89,'Pwood & PB List'!$B$4:$V$158,10,FALSE),IF('Summary Sheet'!$M$4=""PB w/ Wood Drawers"",VLOOKUP($B89,'Pwood & PB List'!$B$4:$V$158,14,FALSE),IF('Summary Sheet'!$M$4=""PB w/ PB Drawers"",VLOOKUP($B89,'Pwood & PB List'!$B$4:$V$158,18,FALSE))))",SLO-W1230,"IF('Summary Sheet'!$M$4=""Plywood"",VLOOKUP($B89,'Pwood & PB List'!$B$4:$V$158,11,FALSE),IF('Summary Sheet'!$M$4=""PB w/ Wood Drawers"",VLOOKUP($B89,'Pwood & PB List'!$B$4:$V$158,15,FALSE),IF('Summary Sheet'!$M$4=""PB w/ PB Drawers"",VLOOKUP($B89,'Pwood & PB List'!$B$4:$V$158,19,FALSE))))",BLW-W1230,"IF('Summary Sheet'!$M$4=""Plywood"",VLOOKUP($B89,'Pwood & PB List'!$B$4:$V$158,10,FALSE),IF('Summary Sheet'!$M$4=""PB w/ Wood Drawers"",VLOOKUP($B89,'Pwood & PB List'!$B$4:$V$158,14,FALSE),IF('Summary Sheet'!$M$4=""PB w/ PB Drawers"",VLOOKUP($B89,'Pwood & PB List'!$B$4:$V$158,18,FALSE))))",WEO-W1230,"IF('Summary Sheet'!$M$4=""Plywood"",VLOOKUP($B89,'Pwood & PB List'!$B$4:$V$158,9,FALSE),IF('Summary Sheet'!$M$4=""PB w/ Wood Drawers"",VLOOKUP($B89,'Pwood & PB List'!$B$4:$V$158,13,FALSE),IF('Summary Sheet'!$M$4=""PB w/ PB Drawers"",VLOOKUP($B89,'Pwood & PB List'!$B$4:$V$158,17,FALSE))))",GLG-W1230,"IF('Summary Sheet'!$M$4=""Plywood"",VLOOKUP($B89,'Pwood & PB List'!$B$4:$V$158,12,FALSE),IF('Summary Sheet'!$M$4=""PB w/ Wood Drawers"",VLOOKUP($B89,'Pwood & PB List'!$B$4:$V$158,16,FALSE),IF('Summary Sheet'!$M$4=""PB w/ PB Drawers"",VLOOKUP($B89,'Pwood & PB List'!$B$4:$V$158,20,FALSE))))",NAO-W1230,"IF('Summary Sheet'!$M$4=""Plywood"",VLOOKUP($B89,'Pwood & PB List'!$B$4:$V$158,12,FALSE),IF('Summary Sheet'!$M$4=""PB w/ Wood Drawers"",VLOOKUP($B89,'Pwood & PB List'!$B$4:$V$158,16,FALSE),IF('Summary Sheet'!$M$4=""PB w/ PB Drawers"",VLOOKUP($B89,'Pwood & PB List'!$B$4:$V$158,20,FALSE))))",WHO-W1230,"IF('Summary Sheet'!$M$4=""Plywood"",VLOOKUP($B89,'Pwood & PB List'!$B$4:$V$158,9,FALSE),IF('Summary Sheet'!$M$4=""PB w/ Wood Drawers"",VLOOKUP($B89,'Pwood & PB List'!$B$4:$V$158,13,FALSE),IF('Summary Sheet'!$M$4=""PB w/ PB Drawers"",VLOOKUP($B89,'Pwood & PB List'!$B$4:$V$158,17,FALSE))))",MAW-W1230,"IF('Summary Sheet'!$M$4=""Plywood"",VLOOKUP($B89,'Pwood & PB List'!$B$4:$V$158,9,FALSE),IF('Summary Sheet'!$M$4=""PB w/ Wood Drawers"",VLOOKUP($B89,'Pwood & PB List'!$B$4:$V$158,13,FALSE),IF('Summary Sheet'!$M$4=""PB w/ PB Drawers"",VLOOKUP($B89,'Pwood & PB List'!$B$4:$V$158,17,FALSE))))",MAG-W1230,"IF('Summary Sheet'!$M$4=""Plywood"",VLOOKUP($B89,'Pwood & PB List'!$B$4:$V$158,9,FALSE),IF('Summary Sheet'!$M$4=""PB w/ Wood Drawers"",VLOOKUP($B89,'Pwood & PB List'!$B$4:$V$158,13,FALSE),IF('Summary Sheet'!$M$4=""PB w/ PB Drawers"",VLOOKUP($B89,'Pwood & PB List'!$B$4:$V$158,17,FALSE))))",MAB-W1230,"IF('Summary Sheet'!$M$4=""Plywood"",VLOOKUP($B89,'Pwood & PB List'!$B$4:$V$158,9,FALSE),IF('Summary Sheet'!$M$4=""PB w/ Wood Drawers"",VLOOKUP($B89,'Pwood & PB List'!$B$4:$V$158,13,FALSE),IF('Summary Sheet'!$M$4=""PB w/ PB Drawers"",VLOOKUP($B89,'Pwood & PB List'!$B$4:$V$158,17,FALSE))))",GLB-W1230,1,
90,"Wall Cabinet: 12"" W x 36"" H, 1 Door & 2 Shelves",W1236,"IF('Summary Sheet'!$M$4=""Plywood"",VLOOKUP($B90,'Pwood & PB List'!$B$4:$V$158,9,FALSE),IF('Summary Sheet'!$M$4=""PB w/ Wood Drawers"",VLOOKUP($B90,'Pwood & PB List'!$B$4:$V$158,13,FALSE),IF('Summary Sheet'!$M$4=""PB w/ PB Drawers"",VLOOKUP($B90,'Pwood & PB List'!$B$4:$V$158,17,FALSE))))",GLW-W1236,"IF('Summary Sheet'!$M$4=""Plywood"",VLOOKUP($B90,'Pwood & PB List'!$B$4:$V$158,10,FALSE),IF('Summary Sheet'!$M$4=""PB w/ Wood Drawers"",VLOOKUP($B90,'Pwood & PB List'!$B$4:$V$158,14,FALSE),IF('Summary Sheet'!$M$4=""PB w/ PB Drawers"",VLOOKUP($B90,'Pwood & PB List'!$B$4:$V$158,18,FALSE))))",SLO-W1236,"IF('Summary Sheet'!$M$4=""Plywood"",VLOOKUP($B90,'Pwood & PB List'!$B$4:$V$158,11,FALSE),IF('Summary Sheet'!$M$4=""PB w/ Wood Drawers"",VLOOKUP($B90,'Pwood & PB List'!$B$4:$V$158,15,FALSE),IF('Summary Sheet'!$M$4=""PB w/ PB Drawers"",VLOOKUP($B90,'Pwood & PB List'!$B$4:$V$158,19,FALSE))))",BLW-W1236,"IF('Summary Sheet'!$M$4=""Plywood"",VLOOKUP($B90,'Pwood & PB List'!$B$4:$V$158,10,FALSE),IF('Summary Sheet'!$M$4=""PB w/ Wood Drawers"",VLOOKUP($B90,'Pwood & PB List'!$B$4:$V$158,14,FALSE),IF('Summary Sheet'!$M$4=""PB w/ PB Drawers"",VLOOKUP($B90,'Pwood & PB List'!$B$4:$V$158,18,FALSE))))",WEO-W1236,"IF('Summary Sheet'!$M$4=""Plywood"",VLOOKUP($B90,'Pwood & PB List'!$B$4:$V$158,9,FALSE),IF('Summary Sheet'!$M$4=""PB w/ Wood Drawers"",VLOOKUP($B90,'Pwood & PB List'!$B$4:$V$158,13,FALSE),IF('Summary Sheet'!$M$4=""PB w/ PB Drawers"",VLOOKUP($B90,'Pwood & PB List'!$B$4:$V$158,17,FALSE))))",GLG-W1236,"IF('Summary Sheet'!$M$4=""Plywood"",VLOOKUP($B90,'Pwood & PB List'!$B$4:$V$158,12,FALSE),IF('Summary Sheet'!$M$4=""PB w/ Wood Drawers"",VLOOKUP($B90,'Pwood & PB List'!$B$4:$V$158,16,FALSE),IF('Summary Sheet'!$M$4=""PB w/ PB Drawers"",VLOOKUP($B90,'Pwood & PB List'!$B$4:$V$158,20,FALSE))))",NAO-W1236,"IF('Summary Sheet'!$M$4=""Plywood"",VLOOKUP($B90,'Pwood & PB List'!$B$4:$V$158,12,FALSE),IF('Summary Sheet'!$M$4=""PB w/ Wood Drawers"",VLOOKUP($B90,'Pwood & PB List'!$B$4:$V$158,16,FALSE),IF('Summary Sheet'!$M$4=""PB w/ PB Drawers"",VLOOKUP($B90,'Pwood & PB List'!$B$4:$V$158,20,FALSE))))",WHO-W1236,"IF('Summary Sheet'!$M$4=""Plywood"",VLOOKUP($B90,'Pwood & PB List'!$B$4:$V$158,9,FALSE),IF('Summary Sheet'!$M$4=""PB w/ Wood Drawers"",VLOOKUP($B90,'Pwood & PB List'!$B$4:$V$158,13,FALSE),IF('Summary Sheet'!$M$4=""PB w/ PB Drawers"",VLOOKUP($B90,'Pwood & PB List'!$B$4:$V$158,17,FALSE))))",MAW-W1236,"IF('Summary Sheet'!$M$4=""Plywood"",VLOOKUP($B90,'Pwood & PB List'!$B$4:$V$158,9,FALSE),IF('Summary Sheet'!$M$4=""PB w/ Wood Drawers"",VLOOKUP($B90,'Pwood & PB List'!$B$4:$V$158,13,FALSE),IF('Summary Sheet'!$M$4=""PB w/ PB Drawers"",VLOOKUP($B90,'Pwood & PB List'!$B$4:$V$158,17,FALSE))))",MAG-W1236,"IF('Summary Sheet'!$M$4=""Plywood"",VLOOKUP($B90,'Pwood & PB List'!$B$4:$V$158,9,FALSE),IF('Summary Sheet'!$M$4=""PB w/ Wood Drawers"",VLOOKUP($B90,'Pwood & PB List'!$B$4:$V$158,13,FALSE),IF('Summary Sheet'!$M$4=""PB w/ PB Drawers"",VLOOKUP($B90,'Pwood & PB List'!$B$4:$V$158,17,FALSE))))",MAB-W1236,"IF('Summary Sheet'!$M$4=""Plywood"",VLOOKUP($B90,'Pwood & PB List'!$B$4:$V$158,9,FALSE),IF('Summary Sheet'!$M$4=""PB w/ Wood Drawers"",VLOOKUP($B90,'Pwood & PB List'!$B$4:$V$158,13,FALSE),IF('Summary Sheet'!$M$4=""PB w/ PB Drawers"",VLOOKUP($B90,'Pwood & PB List'!$B$4:$V$158,17,FALSE))))",GLB-W1236,1,
91,"Wall Cabinet: 12"" W x 42"" H, 1 Door & 3 Shelves",W1242,"IF('Summary Sheet'!$M$4=""Plywood"",VLOOKUP($B91,'Pwood & PB List'!$B$4:$V$158,9,FALSE),IF('Summary Sheet'!$M$4=""PB w/ Wood Drawers"",VLOOKUP($B91,'Pwood & PB List'!$B$4:$V$158,13,FALSE),IF('Summary Sheet'!$M$4=""PB w/ PB Drawers"",VLOOKUP($B91,'Pwood & PB List'!$B$4:$V$158,17,FALSE))))",GLW-W1242,"IF('Summary Sheet'!$M$4=""Plywood"",VLOOKUP($B91,'Pwood & PB List'!$B$4:$V$158,10,FALSE),IF('Summary Sheet'!$M$4=""PB w/ Wood Drawers"",VLOOKUP($B91,'Pwood & PB List'!$B$4:$V$158,14,FALSE),IF('Summary Sheet'!$M$4=""PB w/ PB Drawers"",VLOOKUP($B91,'Pwood & PB List'!$B$4:$V$158,18,FALSE))))",SLO-W1242,"IF('Summary Sheet'!$M$4=""Plywood"",VLOOKUP($B91,'Pwood & PB List'!$B$4:$V$158,11,FALSE),IF('Summary Sheet'!$M$4=""PB w/ Wood Drawers"",VLOOKUP($B91,'Pwood & PB List'!$B$4:$V$158,15,FALSE),IF('Summary Sheet'!$M$4=""PB w/ PB Drawers"",VLOOKUP($B91,'Pwood & PB List'!$B$4:$V$158,19,FALSE))))",BLW-W1242,"IF('Summary Sheet'!$M$4=""Plywood"",VLOOKUP($B91,'Pwood & PB List'!$B$4:$V$158,10,FALSE),IF('Summary Sheet'!$M$4=""PB w/ Wood Drawers"",VLOOKUP($B91,'Pwood & PB List'!$B$4:$V$158,14,FALSE),IF('Summary Sheet'!$M$4=""PB w/ PB Drawers"",VLOOKUP($B91,'Pwood & PB List'!$B$4:$V$158,18,FALSE))))",WEO-W1242,"IF('Summary Sheet'!$M$4=""Plywood"",VLOOKUP($B91,'Pwood & PB List'!$B$4:$V$158,9,FALSE),IF('Summary Sheet'!$M$4=""PB w/ Wood Drawers"",VLOOKUP($B91,'Pwood & PB List'!$B$4:$V$158,13,FALSE),IF('Summary Sheet'!$M$4=""PB w/ PB Drawers"",VLOOKUP($B91,'Pwood & PB List'!$B$4:$V$158,17,FALSE))))",GLG-W1242,"IF('Summary Sheet'!$M$4=""Plywood"",VLOOKUP($B91,'Pwood & PB List'!$B$4:$V$158,12,FALSE),IF('Summary Sheet'!$M$4=""PB w/ Wood Drawers"",VLOOKUP($B91,'Pwood & PB List'!$B$4:$V$158,16,FALSE),IF('Summary Sheet'!$M$4=""PB w/ PB Drawers"",VLOOKUP($B91,'Pwood & PB List'!$B$4:$V$158,20,FALSE))))",NAO-W1242,"IF('Summary Sheet'!$M$4=""Plywood"",VLOOKUP($B91,'Pwood & PB List'!$B$4:$V$158,12,FALSE),IF('Summary Sheet'!$M$4=""PB w/ Wood Drawers"",VLOOKUP($B91,'Pwood & PB List'!$B$4:$V$158,16,FALSE),IF('Summary Sheet'!$M$4=""PB w/ PB Drawers"",VLOOKUP($B91,'Pwood & PB List'!$B$4:$V$158,20,FALSE))))",WHO-W1242,"IF('Summary Sheet'!$M$4=""Plywood"",VLOOKUP($B91,'Pwood & PB List'!$B$4:$V$158,9,FALSE),IF('Summary Sheet'!$M$4=""PB w/ Wood Drawers"",VLOOKUP($B91,'Pwood & PB List'!$B$4:$V$158,13,FALSE),IF('Summary Sheet'!$M$4=""PB w/ PB Drawers"",VLOOKUP($B91,'Pwood & PB List'!$B$4:$V$158,17,FALSE))))",MAW-W1242,"IF('Summary Sheet'!$M$4=""Plywood"",VLOOKUP($B91,'Pwood & PB List'!$B$4:$V$158,9,FALSE),IF('Summary Sheet'!$M$4=""PB w/ Wood Drawers"",VLOOKUP($B91,'Pwood & PB List'!$B$4:$V$158,13,FALSE),IF('Summary Sheet'!$M$4=""PB w/ PB Drawers"",VLOOKUP($B91,'Pwood & PB List'!$B$4:$V$158,17,FALSE))))",MAG-W1242,"IF('Summary Sheet'!$M$4=""Plywood"",VLOOKUP($B91,'Pwood & PB List'!$B$4:$V$158,9,FALSE),IF('Summary Sheet'!$M$4=""PB w/ Wood Drawers"",VLOOKUP($B91,'Pwood & PB List'!$B$4:$V$158,13,FALSE),IF('Summary Sheet'!$M$4=""PB w/ PB Drawers"",VLOOKUP($B91,'Pwood & PB List'!$B$4:$V$158,17,FALSE))))",MAB-W1242,"IF('Summary Sheet'!$M$4=""Plywood"",VLOOKUP($B91,'Pwood & PB List'!$B$4:$V$158,9,FALSE),IF('Summary Sheet'!$M$4=""PB w/ Wood Drawers"",VLOOKUP($B91,'Pwood & PB List'!$B$4:$V$158,13,FALSE),IF('Summary Sheet'!$M$4=""PB w/ PB Drawers"",VLOOKUP($B91,'Pwood & PB List'!$B$4:$V$158,17,FALSE))))",GLB-W1242,1,
92,"Wall Cabinet: 15"" W x 30"" H, 1 Door & 2 Shelves",W1530,"IF('Summary Sheet'!$M$4=""Plywood"",VLOOKUP($B92,'Pwood & PB List'!$B$4:$V$158,9,FALSE),IF('Summary Sheet'!$M$4=""PB w/ Wood Drawers"",VLOOKUP($B92,'Pwood & PB List'!$B$4:$V$158,13,FALSE),IF('Summary Sheet'!$M$4=""PB w/ PB Drawers"",VLOOKUP($B92,'Pwood & PB List'!$B$4:$V$158,17,FALSE))))",GLW-W1530,"IF('Summary Sheet'!$M$4=""Plywood"",VLOOKUP($B92,'Pwood & PB List'!$B$4:$V$158,10,FALSE),IF('Summary Sheet'!$M$4=""PB w/ Wood Drawers"",VLOOKUP($B92,'Pwood & PB List'!$B$4:$V$158,14,FALSE),IF('Summary Sheet'!$M$4=""PB w/ PB Drawers"",VLOOKUP($B92,'Pwood & PB List'!$B$4:$V$158,18,FALSE))))",SLO-W1530,"IF('Summary Sheet'!$M$4=""Plywood"",VLOOKUP($B92,'Pwood & PB List'!$B$4:$V$158,11,FALSE),IF('Summary Sheet'!$M$4=""PB w/ Wood Drawers"",VLOOKUP($B92,'Pwood & PB List'!$B$4:$V$158,15,FALSE),IF('Summary Sheet'!$M$4=""PB w/ PB Drawers"",VLOOKUP($B92,'Pwood & PB List'!$B$4:$V$158,19,FALSE))))",BLW-W1530,"IF('Summary Sheet'!$M$4=""Plywood"",VLOOKUP($B92,'Pwood & PB List'!$B$4:$V$158,10,FALSE),IF('Summary Sheet'!$M$4=""PB w/ Wood Drawers"",VLOOKUP($B92,'Pwood & PB List'!$B$4:$V$158,14,FALSE),IF('Summary Sheet'!$M$4=""PB w/ PB Drawers"",VLOOKUP($B92,'Pwood & PB List'!$B$4:$V$158,18,FALSE))))",WEO-W1530,"IF('Summary Sheet'!$M$4=""Plywood"",VLOOKUP($B92,'Pwood & PB List'!$B$4:$V$158,9,FALSE),IF('Summary Sheet'!$M$4=""PB w/ Wood Drawers"",VLOOKUP($B92,'Pwood & PB List'!$B$4:$V$158,13,FALSE),IF('Summary Sheet'!$M$4=""PB w/ PB Drawers"",VLOOKUP($B92,'Pwood & PB List'!$B$4:$V$158,17,FALSE))))",GLG-W1530,"IF('Summary Sheet'!$M$4=""Plywood"",VLOOKUP($B92,'Pwood & PB List'!$B$4:$V$158,12,FALSE),IF('Summary Sheet'!$M$4=""PB w/ Wood Drawers"",VLOOKUP($B92,'Pwood & PB List'!$B$4:$V$158,16,FALSE),IF('Summary Sheet'!$M$4=""PB w/ PB Drawers"",VLOOKUP($B92,'Pwood & PB List'!$B$4:$V$158,20,FALSE))))",NAO-W1530,"IF('Summary Sheet'!$M$4=""Plywood"",VLOOKUP($B92,'Pwood & PB List'!$B$4:$V$158,12,FALSE),IF('Summary Sheet'!$M$4=""PB w/ Wood Drawers"",VLOOKUP($B92,'Pwood & PB List'!$B$4:$V$158,16,FALSE),IF('Summary Sheet'!$M$4=""PB w/ PB Drawers"",VLOOKUP($B92,'Pwood & PB List'!$B$4:$V$158,20,FALSE))))",WHO-W1530,"IF('Summary Sheet'!$M$4=""Plywood"",VLOOKUP($B92,'Pwood & PB List'!$B$4:$V$158,9,FALSE),IF('Summary Sheet'!$M$4=""PB w/ Wood Drawers"",VLOOKUP($B92,'Pwood & PB List'!$B$4:$V$158,13,FALSE),IF('Summary Sheet'!$M$4=""PB w/ PB Drawers"",VLOOKUP($B92,'Pwood & PB List'!$B$4:$V$158,17,FALSE))))",MAW-W1530,"IF('Summary Sheet'!$M$4=""Plywood"",VLOOKUP($B92,'Pwood & PB List'!$B$4:$V$158,9,FALSE),IF('Summary Sheet'!$M$4=""PB w/ Wood Drawers"",VLOOKUP($B92,'Pwood & PB List'!$B$4:$V$158,13,FALSE),IF('Summary Sheet'!$M$4=""PB w/ PB Drawers"",VLOOKUP($B92,'Pwood & PB List'!$B$4:$V$158,17,FALSE))))",MAG-W1530,"IF('Summary Sheet'!$M$4=""Plywood"",VLOOKUP($B92,'Pwood & PB List'!$B$4:$V$158,9,FALSE),IF('Summary Sheet'!$M$4=""PB w/ Wood Drawers"",VLOOKUP($B92,'Pwood & PB List'!$B$4:$V$158,13,FALSE),IF('Summary Sheet'!$M$4=""PB w/ PB Drawers"",VLOOKUP($B92,'Pwood & PB List'!$B$4:$V$158,17,FALSE))))",MAB-W1530,"IF('Summary Sheet'!$M$4=""Plywood"",VLOOKUP($B92,'Pwood & PB List'!$B$4:$V$158,9,FALSE),IF('Summary Sheet'!$M$4=""PB w/ Wood Drawers"",VLOOKUP($B92,'Pwood & PB List'!$B$4:$V$158,13,FALSE),IF('Summary Sheet'!$M$4=""PB w/ PB Drawers"",VLOOKUP($B92,'Pwood & PB List'!$B$4:$V$158,17,FALSE))))",GLB-W1530,1,
93,"Wall Cabinet: 15"" W x 36"" H, 1 Door & 2 Shelves",W1536,"IF('Summary Sheet'!$M$4=""Plywood"",VLOOKUP($B93,'Pwood & PB List'!$B$4:$V$158,9,FALSE),IF('Summary Sheet'!$M$4=""PB w/ Wood Drawers"",VLOOKUP($B93,'Pwood & PB List'!$B$4:$V$158,13,FALSE),IF('Summary Sheet'!$M$4=""PB w/ PB Drawers"",VLOOKUP($B93,'Pwood & PB List'!$B$4:$V$158,17,FALSE))))",GLW-W1536,"IF('Summary Sheet'!$M$4=""Plywood"",VLOOKUP($B93,'Pwood & PB List'!$B$4:$V$158,10,FALSE),IF('Summary Sheet'!$M$4=""PB w/ Wood Drawers"",VLOOKUP($B93,'Pwood & PB List'!$B$4:$V$158,14,FALSE),IF('Summary Sheet'!$M$4=""PB w/ PB Drawers"",VLOOKUP($B93,'Pwood & PB List'!$B$4:$V$158,18,FALSE))))",SLO-W1536,"IF('Summary Sheet'!$M$4=""Plywood"",VLOOKUP($B93,'Pwood & PB List'!$B$4:$V$158,11,FALSE),IF('Summary Sheet'!$M$4=""PB w/ Wood Drawers"",VLOOKUP($B93,'Pwood & PB List'!$B$4:$V$158,15,FALSE),IF('Summary Sheet'!$M$4=""PB w/ PB Drawers"",VLOOKUP($B93,'Pwood & PB List'!$B$4:$V$158,19,FALSE))))",BLW-W1536,"IF('Summary Sheet'!$M$4=""Plywood"",VLOOKUP($B93,'Pwood & PB List'!$B$4:$V$158,10,FALSE),IF('Summary Sheet'!$M$4=""PB w/ Wood Drawers"",VLOOKUP($B93,'Pwood & PB List'!$B$4:$V$158,14,FALSE),IF('Summary Sheet'!$M$4=""PB w/ PB Drawers"",VLOOKUP($B93,'Pwood & PB List'!$B$4:$V$158,18,FALSE))))",WEO-W1536,"IF('Summary Sheet'!$M$4=""Plywood"",VLOOKUP($B93,'Pwood & PB List'!$B$4:$V$158,9,FALSE),IF('Summary Sheet'!$M$4=""PB w/ Wood Drawers"",VLOOKUP($B93,'Pwood & PB List'!$B$4:$V$158,13,FALSE),IF('Summary Sheet'!$M$4=""PB w/ PB Drawers"",VLOOKUP($B93,'Pwood & PB List'!$B$4:$V$158,17,FALSE))))",GLG-W1536,"IF('Summary Sheet'!$M$4=""Plywood"",VLOOKUP($B93,'Pwood & PB List'!$B$4:$V$158,12,FALSE),IF('Summary Sheet'!$M$4=""PB w/ Wood Drawers"",VLOOKUP($B93,'Pwood & PB List'!$B$4:$V$158,16,FALSE),IF('Summary Sheet'!$M$4=""PB w/ PB Drawers"",VLOOKUP($B93,'Pwood & PB List'!$B$4:$V$158,20,FALSE))))",NAO-W1536,"IF('Summary Sheet'!$M$4=""Plywood"",VLOOKUP($B93,'Pwood & PB List'!$B$4:$V$158,12,FALSE),IF('Summary Sheet'!$M$4=""PB w/ Wood Drawers"",VLOOKUP($B93,'Pwood & PB List'!$B$4:$V$158,16,FALSE),IF('Summary Sheet'!$M$4=""PB w/ PB Drawers"",VLOOKUP($B93,'Pwood & PB List'!$B$4:$V$158,20,FALSE))))",WHO-W1536,"IF('Summary Sheet'!$M$4=""Plywood"",VLOOKUP($B93,'Pwood & PB List'!$B$4:$V$158,9,FALSE),IF('Summary Sheet'!$M$4=""PB w/ Wood Drawers"",VLOOKUP($B93,'Pwood & PB List'!$B$4:$V$158,13,FALSE),IF('Summary Sheet'!$M$4=""PB w/ PB Drawers"",VLOOKUP($B93,'Pwood & PB List'!$B$4:$V$158,17,FALSE))))",MAW-W1536,"IF('Summary Sheet'!$M$4=""Plywood"",VLOOKUP($B93,'Pwood & PB List'!$B$4:$V$158,9,FALSE),IF('Summary Sheet'!$M$4=""PB w/ Wood Drawers"",VLOOKUP($B93,'Pwood & PB List'!$B$4:$V$158,13,FALSE),IF('Summary Sheet'!$M$4=""PB w/ PB Drawers"",VLOOKUP($B93,'Pwood & PB List'!$B$4:$V$158,17,FALSE))))",MAG-W1536,"IF('Summary Sheet'!$M$4=""Plywood"",VLOOKUP($B93,'Pwood & PB List'!$B$4:$V$158,9,FALSE),IF('Summary Sheet'!$M$4=""PB w/ Wood Drawers"",VLOOKUP($B93,'Pwood & PB List'!$B$4:$V$158,13,FALSE),IF('Summary Sheet'!$M$4=""PB w/ PB Drawers"",VLOOKUP($B93,'Pwood & PB List'!$B$4:$V$158,17,FALSE))))",MAB-W1536,"IF('Summary Sheet'!$M$4=""Plywood"",VLOOKUP($B93,'Pwood & PB List'!$B$4:$V$158,9,FALSE),IF('Summary Sheet'!$M$4=""PB w/ Wood Drawers"",VLOOKUP($B93,'Pwood & PB List'!$B$4:$V$158,13,FALSE),IF('Summary Sheet'!$M$4=""PB w/ PB Drawers"",VLOOKUP($B93,'Pwood & PB List'!$B$4:$V$158,17,FALSE))))",GLB-W1536,1,
94,"Wall Cabinet: 15"" W x 42"" H, 1 Door & 3 Shelves",W1542,"IF('Summary Sheet'!$M$4=""Plywood"",VLOOKUP($B94,'Pwood & PB List'!$B$4:$V$158,9,FALSE),IF('Summary Sheet'!$M$4=""PB w/ Wood Drawers"",VLOOKUP($B94,'Pwood & PB List'!$B$4:$V$158,13,FALSE),IF('Summary Sheet'!$M$4=""PB w/ PB Drawers"",VLOOKUP($B94,'Pwood & PB List'!$B$4:$V$158,17,FALSE))))",GLW-W1542,"IF('Summary Sheet'!$M$4=""Plywood"",VLOOKUP($B94,'Pwood & PB List'!$B$4:$V$158,10,FALSE),IF('Summary Sheet'!$M$4=""PB w/ Wood Drawers"",VLOOKUP($B94,'Pwood & PB List'!$B$4:$V$158,14,FALSE),IF('Summary Sheet'!$M$4=""PB w/ PB Drawers"",VLOOKUP($B94,'Pwood & PB List'!$B$4:$V$158,18,FALSE))))",SLO-W1542,"IF('Summary Sheet'!$M$4=""Plywood"",VLOOKUP($B94,'Pwood & PB List'!$B$4:$V$158,11,FALSE),IF('Summary Sheet'!$M$4=""PB w/ Wood Drawers"",VLOOKUP($B94,'Pwood & PB List'!$B$4:$V$158,15,FALSE),IF('Summary Sheet'!$M$4=""PB w/ PB Drawers"",VLOOKUP($B94,'Pwood & PB List'!$B$4:$V$158,19,FALSE))))",BLW-W1542,"IF('Summary Sheet'!$M$4=""Plywood"",VLOOKUP($B94,'Pwood & PB List'!$B$4:$V$158,10,FALSE),IF('Summary Sheet'!$M$4=""PB w/ Wood Drawers"",VLOOKUP($B94,'Pwood & PB List'!$B$4:$V$158,14,FALSE),IF('Summary Sheet'!$M$4=""PB w/ PB Drawers"",VLOOKUP($B94,'Pwood & PB List'!$B$4:$V$158,18,FALSE))))",WEO-W1542,"IF('Summary Sheet'!$M$4=""Plywood"",VLOOKUP($B94,'Pwood & PB List'!$B$4:$V$158,9,FALSE),IF('Summary Sheet'!$M$4=""PB w/ Wood Drawers"",VLOOKUP($B94,'Pwood & PB List'!$B$4:$V$158,13,FALSE),IF('Summary Sheet'!$M$4=""PB w/ PB Drawers"",VLOOKUP($B94,'Pwood & PB List'!$B$4:$V$158,17,FALSE))))",GLG-W1542,"IF('Summary Sheet'!$M$4=""Plywood"",VLOOKUP($B94,'Pwood & PB List'!$B$4:$V$158,12,FALSE),IF('Summary Sheet'!$M$4=""PB w/ Wood Drawers"",VLOOKUP($B94,'Pwood & PB List'!$B$4:$V$158,16,FALSE),IF('Summary Sheet'!$M$4=""PB w/ PB Drawers"",VLOOKUP($B94,'Pwood & PB List'!$B$4:$V$158,20,FALSE))))",NAO-W1542,"IF('Summary Sheet'!$M$4=""Plywood"",VLOOKUP($B94,'Pwood & PB List'!$B$4:$V$158,12,FALSE),IF('Summary Sheet'!$M$4=""PB w/ Wood Drawers"",VLOOKUP($B94,'Pwood & PB List'!$B$4:$V$158,16,FALSE),IF('Summary Sheet'!$M$4=""PB w/ PB Drawers"",VLOOKUP($B94,'Pwood & PB List'!$B$4:$V$158,20,FALSE))))",WHO-W1542,"IF('Summary Sheet'!$M$4=""Plywood"",VLOOKUP($B94,'Pwood & PB List'!$B$4:$V$158,9,FALSE),IF('Summary Sheet'!$M$4=""PB w/ Wood Drawers"",VLOOKUP($B94,'Pwood & PB List'!$B$4:$V$158,13,FALSE),IF('Summary Sheet'!$M$4=""PB w/ PB Drawers"",VLOOKUP($B94,'Pwood & PB List'!$B$4:$V$158,17,FALSE))))",MAW-W1542,"IF('Summary Sheet'!$M$4=""Plywood"",VLOOKUP($B94,'Pwood & PB List'!$B$4:$V$158,9,FALSE),IF('Summary Sheet'!$M$4=""PB w/ Wood Drawers"",VLOOKUP($B94,'Pwood & PB List'!$B$4:$V$158,13,FALSE),IF('Summary Sheet'!$M$4=""PB w/ PB Drawers"",VLOOKUP($B94,'Pwood & PB List'!$B$4:$V$158,17,FALSE))))",MAG-W1542,"IF('Summary Sheet'!$M$4=""Plywood"",VLOOKUP($B94,'Pwood & PB List'!$B$4:$V$158,9,FALSE),IF('Summary Sheet'!$M$4=""PB w/ Wood Drawers"",VLOOKUP($B94,'Pwood & PB List'!$B$4:$V$158,13,FALSE),IF('Summary Sheet'!$M$4=""PB w/ PB Drawers"",VLOOKUP($B94,'Pwood & PB List'!$B$4:$V$158,17,FALSE))))",MAB-W1542,"IF('Summary Sheet'!$M$4=""Plywood"",VLOOKUP($B94,'Pwood & PB List'!$B$4:$V$158,9,FALSE),IF('Summary Sheet'!$M$4=""PB w/ Wood Drawers"",VLOOKUP($B94,'Pwood & PB List'!$B$4:$V$158,13,FALSE),IF('Summary Sheet'!$M$4=""PB w/ PB Drawers"",VLOOKUP($B94,'Pwood & PB List'!$B$4:$V$158,17,FALSE))))",GLB-W1542,1,
95,"Wall Cabinet: 18"" W x 30"" H, 1 Door & 2 Shelves",W1830,"IF('Summary Sheet'!$M$4=""Plywood"",VLOOKUP($B95,'Pwood & PB List'!$B$4:$V$158,9,FALSE),IF('Summary Sheet'!$M$4=""PB w/ Wood Drawers"",VLOOKUP($B95,'Pwood & PB List'!$B$4:$V$158,13,FALSE),IF('Summary Sheet'!$M$4=""PB w/ PB Drawers"",VLOOKUP($B95,'Pwood & PB List'!$B$4:$V$158,17,FALSE))))",GLW-W1830,"IF('Summary Sheet'!$M$4=""Plywood"",VLOOKUP($B95,'Pwood & PB List'!$B$4:$V$158,10,FALSE),IF('Summary Sheet'!$M$4=""PB w/ Wood Drawers"",VLOOKUP($B95,'Pwood & PB List'!$B$4:$V$158,14,FALSE),IF('Summary Sheet'!$M$4=""PB w/ PB Drawers"",VLOOKUP($B95,'Pwood & PB List'!$B$4:$V$158,18,FALSE))))",SLO-W1830,"IF('Summary Sheet'!$M$4=""Plywood"",VLOOKUP($B95,'Pwood & PB List'!$B$4:$V$158,11,FALSE),IF('Summary Sheet'!$M$4=""PB w/ Wood Drawers"",VLOOKUP($B95,'Pwood & PB List'!$B$4:$V$158,15,FALSE),IF('Summary Sheet'!$M$4=""PB w/ PB Drawers"",VLOOKUP($B95,'Pwood & PB List'!$B$4:$V$158,19,FALSE))))",BLW-W1830,"IF('Summary Sheet'!$M$4=""Plywood"",VLOOKUP($B95,'Pwood & PB List'!$B$4:$V$158,10,FALSE),IF('Summary Sheet'!$M$4=""PB w/ Wood Drawers"",VLOOKUP($B95,'Pwood & PB List'!$B$4:$V$158,14,FALSE),IF('Summary Sheet'!$M$4=""PB w/ PB Drawers"",VLOOKUP($B95,'Pwood & PB List'!$B$4:$V$158,18,FALSE))))",WEO-W1830,"IF('Summary Sheet'!$M$4=""Plywood"",VLOOKUP($B95,'Pwood & PB List'!$B$4:$V$158,9,FALSE),IF('Summary Sheet'!$M$4=""PB w/ Wood Drawers"",VLOOKUP($B95,'Pwood & PB List'!$B$4:$V$158,13,FALSE),IF('Summary Sheet'!$M$4=""PB w/ PB Drawers"",VLOOKUP($B95,'Pwood & PB List'!$B$4:$V$158,17,FALSE))))",GLG-W1830,"IF('Summary Sheet'!$M$4=""Plywood"",VLOOKUP($B95,'Pwood & PB List'!$B$4:$V$158,12,FALSE),IF('Summary Sheet'!$M$4=""PB w/ Wood Drawers"",VLOOKUP($B95,'Pwood & PB List'!$B$4:$V$158,16,FALSE),IF('Summary Sheet'!$M$4=""PB w/ PB Drawers"",VLOOKUP($B95,'Pwood & PB List'!$B$4:$V$158,20,FALSE))))",NAO-W1830,"IF('Summary Sheet'!$M$4=""Plywood"",VLOOKUP($B95,'Pwood & PB List'!$B$4:$V$158,12,FALSE),IF('Summary Sheet'!$M$4=""PB w/ Wood Drawers"",VLOOKUP($B95,'Pwood & PB List'!$B$4:$V$158,16,FALSE),IF('Summary Sheet'!$M$4=""PB w/ PB Drawers"",VLOOKUP($B95,'Pwood & PB List'!$B$4:$V$158,20,FALSE))))",WHO-W1830,"IF('Summary Sheet'!$M$4=""Plywood"",VLOOKUP($B95,'Pwood & PB List'!$B$4:$V$158,9,FALSE),IF('Summary Sheet'!$M$4=""PB w/ Wood Drawers"",VLOOKUP($B95,'Pwood & PB List'!$B$4:$V$158,13,FALSE),IF('Summary Sheet'!$M$4=""PB w/ PB Drawers"",VLOOKUP($B95,'Pwood & PB List'!$B$4:$V$158,17,FALSE))))",MAW-W1830,"IF('Summary Sheet'!$M$4=""Plywood"",VLOOKUP($B95,'Pwood & PB List'!$B$4:$V$158,9,FALSE),IF('Summary Sheet'!$M$4=""PB w/ Wood Drawers"",VLOOKUP($B95,'Pwood & PB List'!$B$4:$V$158,13,FALSE),IF('Summary Sheet'!$M$4=""PB w/ PB Drawers"",VLOOKUP($B95,'Pwood & PB List'!$B$4:$V$158,17,FALSE))))",MAG-W1830,"IF('Summary Sheet'!$M$4=""Plywood"",VLOOKUP($B95,'Pwood & PB List'!$B$4:$V$158,9,FALSE),IF('Summary Sheet'!$M$4=""PB w/ Wood Drawers"",VLOOKUP($B95,'Pwood & PB List'!$B$4:$V$158,13,FALSE),IF('Summary Sheet'!$M$4=""PB w/ PB Drawers"",VLOOKUP($B95,'Pwood & PB List'!$B$4:$V$158,17,FALSE))))",MAB-W1830,"IF('Summary Sheet'!$M$4=""Plywood"",VLOOKUP($B95,'Pwood & PB List'!$B$4:$V$158,9,FALSE),IF('Summary Sheet'!$M$4=""PB w/ Wood Drawers"",VLOOKUP($B95,'Pwood & PB List'!$B$4:$V$158,13,FALSE),IF('Summary Sheet'!$M$4=""PB w/ PB Drawers"",VLOOKUP($B95,'Pwood & PB List'!$B$4:$V$158,17,FALSE))))",GLB-W1830,1,
96,"Wall Cabinet: 18"" W x 36"" H, 1 Door & 2 Shelves",W1836,"IF('Summary Sheet'!$M$4=""Plywood"",VLOOKUP($B96,'Pwood & PB List'!$B$4:$V$158,9,FALSE),IF('Summary Sheet'!$M$4=""PB w/ Wood Drawers"",VLOOKUP($B96,'Pwood & PB List'!$B$4:$V$158,13,FALSE),IF('Summary Sheet'!$M$4=""PB w/ PB Drawers"",VLOOKUP($B96,'Pwood & PB List'!$B$4:$V$158,17,FALSE))))",GLW-W1836,"IF('Summary Sheet'!$M$4=""Plywood"",VLOOKUP($B96,'Pwood & PB List'!$B$4:$V$158,10,FALSE),IF('Summary Sheet'!$M$4=""PB w/ Wood Drawers"",VLOOKUP($B96,'Pwood & PB List'!$B$4:$V$158,14,FALSE),IF('Summary Sheet'!$M$4=""PB w/ PB Drawers"",VLOOKUP($B96,'Pwood & PB List'!$B$4:$V$158,18,FALSE))))",SLO-W1836,"IF('Summary Sheet'!$M$4=""Plywood"",VLOOKUP($B96,'Pwood & PB List'!$B$4:$V$158,11,FALSE),IF('Summary Sheet'!$M$4=""PB w/ Wood Drawers"",VLOOKUP($B96,'Pwood & PB List'!$B$4:$V$158,15,FALSE),IF('Summary Sheet'!$M$4=""PB w/ PB Drawers"",VLOOKUP($B96,'Pwood & PB List'!$B$4:$V$158,19,FALSE))))",BLW-W1836,"IF('Summary Sheet'!$M$4=""Plywood"",VLOOKUP($B96,'Pwood & PB List'!$B$4:$V$158,10,FALSE),IF('Summary Sheet'!$M$4=""PB w/ Wood Drawers"",VLOOKUP($B96,'Pwood & PB List'!$B$4:$V$158,14,FALSE),IF('Summary Sheet'!$M$4=""PB w/ PB Drawers"",VLOOKUP($B96,'Pwood & PB List'!$B$4:$V$158,18,FALSE))))",WEO-W1836,"IF('Summary Sheet'!$M$4=""Plywood"",VLOOKUP($B96,'Pwood & PB List'!$B$4:$V$158,9,FALSE),IF('Summary Sheet'!$M$4=""PB w/ Wood Drawers"",VLOOKUP($B96,'Pwood & PB List'!$B$4:$V$158,13,FALSE),IF('Summary Sheet'!$M$4=""PB w/ PB Drawers"",VLOOKUP($B96,'Pwood & PB List'!$B$4:$V$158,17,FALSE))))",GLG-W1836,"IF('Summary Sheet'!$M$4=""Plywood"",VLOOKUP($B96,'Pwood & PB List'!$B$4:$V$158,12,FALSE),IF('Summary Sheet'!$M$4=""PB w/ Wood Drawers"",VLOOKUP($B96,'Pwood & PB List'!$B$4:$V$158,16,FALSE),IF('Summary Sheet'!$M$4=""PB w/ PB Drawers"",VLOOKUP($B96,'Pwood & PB List'!$B$4:$V$158,20,FALSE))))",NAO-W1836,"IF('Summary Sheet'!$M$4=""Plywood"",VLOOKUP($B96,'Pwood & PB List'!$B$4:$V$158,12,FALSE),IF('Summary Sheet'!$M$4=""PB w/ Wood Drawers"",VLOOKUP($B96,'Pwood & PB List'!$B$4:$V$158,16,FALSE),IF('Summary Sheet'!$M$4=""PB w/ PB Drawers"",VLOOKUP($B96,'Pwood & PB List'!$B$4:$V$158,20,FALSE))))",WHO-W1836,"IF('Summary Sheet'!$M$4=""Plywood"",VLOOKUP($B96,'Pwood & PB List'!$B$4:$V$158,9,FALSE),IF('Summary Sheet'!$M$4=""PB w/ Wood Drawers"",VLOOKUP($B96,'Pwood & PB List'!$B$4:$V$158,13,FALSE),IF('Summary Sheet'!$M$4=""PB w/ PB Drawers"",VLOOKUP($B96,'Pwood & PB List'!$B$4:$V$158,17,FALSE))))",MAW-W1836,"IF('Summary Sheet'!$M$4=""Plywood"",VLOOKUP($B96,'Pwood & PB List'!$B$4:$V$158,9,FALSE),IF('Summary Sheet'!$M$4=""PB w/ Wood Drawers"",VLOOKUP($B96,'Pwood & PB List'!$B$4:$V$158,13,FALSE),IF('Summary Sheet'!$M$4=""PB w/ PB Drawers"",VLOOKUP($B96,'Pwood & PB List'!$B$4:$V$158,17,FALSE))))",MAG-W1836,"IF('Summary Sheet'!$M$4=""Plywood"",VLOOKUP($B96,'Pwood & PB List'!$B$4:$V$158,9,FALSE),IF('Summary Sheet'!$M$4=""PB w/ Wood Drawers"",VLOOKUP($B96,'Pwood & PB List'!$B$4:$V$158,13,FALSE),IF('Summary Sheet'!$M$4=""PB w/ PB Drawers"",VLOOKUP($B96,'Pwood & PB List'!$B$4:$V$158,17,FALSE))))",MAB-W1836,"IF('Summary Sheet'!$M$4=""Plywood"",VLOOKUP($B96,'Pwood & PB List'!$B$4:$V$158,9,FALSE),IF('Summary Sheet'!$M$4=""PB w/ Wood Drawers"",VLOOKUP($B96,'Pwood & PB List'!$B$4:$V$158,13,FALSE),IF('Summary Sheet'!$M$4=""PB w/ PB Drawers"",VLOOKUP($B96,'Pwood & PB List'!$B$4:$V$158,17,FALSE))))",GLB-W1836,1,
97,"Wall Cabinet: 18"" W x 42"" H, 1 Door & 3 Shelves",W1842,"IF('Summary Sheet'!$M$4=""Plywood"",VLOOKUP($B97,'Pwood & PB List'!$B$4:$V$158,9,FALSE),IF('Summary Sheet'!$M$4=""PB w/ Wood Drawers"",VLOOKUP($B97,'Pwood & PB List'!$B$4:$V$158,13,FALSE),IF('Summary Sheet'!$M$4=""PB w/ PB Drawers"",VLOOKUP($B97,'Pwood & PB List'!$B$4:$V$158,17,FALSE))))",GLW-W1842,"IF('Summary Sheet'!$M$4=""Plywood"",VLOOKUP($B97,'Pwood & PB List'!$B$4:$V$158,10,FALSE),IF('Summary Sheet'!$M$4=""PB w/ Wood Drawers"",VLOOKUP($B97,'Pwood & PB List'!$B$4:$V$158,14,FALSE),IF('Summary Sheet'!$M$4=""PB w/ PB Drawers"",VLOOKUP($B97,'Pwood & PB List'!$B$4:$V$158,18,FALSE))))",SLO-W1842,"IF('Summary Sheet'!$M$4=""Plywood"",VLOOKUP($B97,'Pwood & PB List'!$B$4:$V$158,11,FALSE),IF('Summary Sheet'!$M$4=""PB w/ Wood Drawers"",VLOOKUP($B97,'Pwood & PB List'!$B$4:$V$158,15,FALSE),IF('Summary Sheet'!$M$4=""PB w/ PB Drawers"",VLOOKUP($B97,'Pwood & PB List'!$B$4:$V$158,19,FALSE))))",BLW-W1842,"IF('Summary Sheet'!$M$4=""Plywood"",VLOOKUP($B97,'Pwood & PB List'!$B$4:$V$158,10,FALSE),IF('Summary Sheet'!$M$4=""PB w/ Wood Drawers"",VLOOKUP($B97,'Pwood & PB List'!$B$4:$V$158,14,FALSE),IF('Summary Sheet'!$M$4=""PB w/ PB Drawers"",VLOOKUP($B97,'Pwood & PB List'!$B$4:$V$158,18,FALSE))))",WEO-W1842,"IF('Summary Sheet'!$M$4=""Plywood"",VLOOKUP($B97,'Pwood & PB List'!$B$4:$V$158,9,FALSE),IF('Summary Sheet'!$M$4=""PB w/ Wood Drawers"",VLOOKUP($B97,'Pwood & PB List'!$B$4:$V$158,13,FALSE),IF('Summary Sheet'!$M$4=""PB w/ PB Drawers"",VLOOKUP($B97,'Pwood & PB List'!$B$4:$V$158,17,FALSE))))",GLG-W1842,"IF('Summary Sheet'!$M$4=""Plywood"",VLOOKUP($B97,'Pwood & PB List'!$B$4:$V$158,12,FALSE),IF('Summary Sheet'!$M$4=""PB w/ Wood Drawers"",VLOOKUP($B97,'Pwood & PB List'!$B$4:$V$158,16,FALSE),IF('Summary Sheet'!$M$4=""PB w/ PB Drawers"",VLOOKUP($B97,'Pwood & PB List'!$B$4:$V$158,20,FALSE))))",NAO-W1842,"IF('Summary Sheet'!$M$4=""Plywood"",VLOOKUP($B97,'Pwood & PB List'!$B$4:$V$158,12,FALSE),IF('Summary Sheet'!$M$4=""PB w/ Wood Drawers"",VLOOKUP($B97,'Pwood & PB List'!$B$4:$V$158,16,FALSE),IF('Summary Sheet'!$M$4=""PB w/ PB Drawers"",VLOOKUP($B97,'Pwood & PB List'!$B$4:$V$158,20,FALSE))))",WHO-W1842,"IF('Summary Sheet'!$M$4=""Plywood"",VLOOKUP($B97,'Pwood & PB List'!$B$4:$V$158,9,FALSE),IF('Summary Sheet'!$M$4=""PB w/ Wood Drawers"",VLOOKUP($B97,'Pwood & PB List'!$B$4:$V$158,13,FALSE),IF('Summary Sheet'!$M$4=""PB w/ PB Drawers"",VLOOKUP($B97,'Pwood & PB List'!$B$4:$V$158,17,FALSE))))",MAW-W1842,"IF('Summary Sheet'!$M$4=""Plywood"",VLOOKUP($B97,'Pwood & PB List'!$B$4:$V$158,9,FALSE),IF('Summary Sheet'!$M$4=""PB w/ Wood Drawers"",VLOOKUP($B97,'Pwood & PB List'!$B$4:$V$158,13,FALSE),IF('Summary Sheet'!$M$4=""PB w/ PB Drawers"",VLOOKUP($B97,'Pwood & PB List'!$B$4:$V$158,17,FALSE))))",MAG-W1842,"IF('Summary Sheet'!$M$4=""Plywood"",VLOOKUP($B97,'Pwood & PB List'!$B$4:$V$158,9,FALSE),IF('Summary Sheet'!$M$4=""PB w/ Wood Drawers"",VLOOKUP($B97,'Pwood & PB List'!$B$4:$V$158,13,FALSE),IF('Summary Sheet'!$M$4=""PB w/ PB Drawers"",VLOOKUP($B97,'Pwood & PB List'!$B$4:$V$158,17,FALSE))))",MAB-W1842,"IF('Summary Sheet'!$M$4=""Plywood"",VLOOKUP($B97,'Pwood & PB List'!$B$4:$V$158,9,FALSE),IF('Summary Sheet'!$M$4=""PB w/ Wood Drawers"",VLOOKUP($B97,'Pwood & PB List'!$B$4:$V$158,13,FALSE),IF('Summary Sheet'!$M$4=""PB w/ PB Drawers"",VLOOKUP($B97,'Pwood & PB List'!$B$4:$V$158,17,FALSE))))",GLB-W1842,1,
98,"Wall Cabinet: 21"" W x 30"" H, 1 Door & 2 Shelves",W2130,"IF('Summary Sheet'!$M$4=""Plywood"",VLOOKUP($B98,'Pwood & PB List'!$B$4:$V$158,9,FALSE),IF('Summary Sheet'!$M$4=""PB w/ Wood Drawers"",VLOOKUP($B98,'Pwood & PB List'!$B$4:$V$158,13,FALSE),IF('Summary Sheet'!$M$4=""PB w/ PB Drawers"",VLOOKUP($B98,'Pwood & PB List'!$B$4:$V$158,17,FALSE))))",GLW-W2130,"IF('Summary Sheet'!$M$4=""Plywood"",VLOOKUP($B98,'Pwood & PB List'!$B$4:$V$158,10,FALSE),IF('Summary Sheet'!$M$4=""PB w/ Wood Drawers"",VLOOKUP($B98,'Pwood & PB List'!$B$4:$V$158,14,FALSE),IF('Summary Sheet'!$M$4=""PB w/ PB Drawers"",VLOOKUP($B98,'Pwood & PB List'!$B$4:$V$158,18,FALSE))))",SLO-W2130,"IF('Summary Sheet'!$M$4=""Plywood"",VLOOKUP($B98,'Pwood & PB List'!$B$4:$V$158,11,FALSE),IF('Summary Sheet'!$M$4=""PB w/ Wood Drawers"",VLOOKUP($B98,'Pwood & PB List'!$B$4:$V$158,15,FALSE),IF('Summary Sheet'!$M$4=""PB w/ PB Drawers"",VLOOKUP($B98,'Pwood & PB List'!$B$4:$V$158,19,FALSE))))",BLW-W2130,"IF('Summary Sheet'!$M$4=""Plywood"",VLOOKUP($B98,'Pwood & PB List'!$B$4:$V$158,10,FALSE),IF('Summary Sheet'!$M$4=""PB w/ Wood Drawers"",VLOOKUP($B98,'Pwood & PB List'!$B$4:$V$158,14,FALSE),IF('Summary Sheet'!$M$4=""PB w/ PB Drawers"",VLOOKUP($B98,'Pwood & PB List'!$B$4:$V$158,18,FALSE))))",WEO-W2130,"IF('Summary Sheet'!$M$4=""Plywood"",VLOOKUP($B98,'Pwood & PB List'!$B$4:$V$158,9,FALSE),IF('Summary Sheet'!$M$4=""PB w/ Wood Drawers"",VLOOKUP($B98,'Pwood & PB List'!$B$4:$V$158,13,FALSE),IF('Summary Sheet'!$M$4=""PB w/ PB Drawers"",VLOOKUP($B98,'Pwood & PB List'!$B$4:$V$158,17,FALSE))))",GLG-W2130,"IF('Summary Sheet'!$M$4=""Plywood"",VLOOKUP($B98,'Pwood & PB List'!$B$4:$V$158,12,FALSE),IF('Summary Sheet'!$M$4=""PB w/ Wood Drawers"",VLOOKUP($B98,'Pwood & PB List'!$B$4:$V$158,16,FALSE),IF('Summary Sheet'!$M$4=""PB w/ PB Drawers"",VLOOKUP($B98,'Pwood & PB List'!$B$4:$V$158,20,FALSE))))",NAO-W2130,"IF('Summary Sheet'!$M$4=""Plywood"",VLOOKUP($B98,'Pwood & PB List'!$B$4:$V$158,12,FALSE),IF('Summary Sheet'!$M$4=""PB w/ Wood Drawers"",VLOOKUP($B98,'Pwood & PB List'!$B$4:$V$158,16,FALSE),IF('Summary Sheet'!$M$4=""PB w/ PB Drawers"",VLOOKUP($B98,'Pwood & PB List'!$B$4:$V$158,20,FALSE))))",WHO-W2130,"IF('Summary Sheet'!$M$4=""Plywood"",VLOOKUP($B98,'Pwood & PB List'!$B$4:$V$158,9,FALSE),IF('Summary Sheet'!$M$4=""PB w/ Wood Drawers"",VLOOKUP($B98,'Pwood & PB List'!$B$4:$V$158,13,FALSE),IF('Summary Sheet'!$M$4=""PB w/ PB Drawers"",VLOOKUP($B98,'Pwood & PB List'!$B$4:$V$158,17,FALSE))))",MAW-W2130,"IF('Summary Sheet'!$M$4=""Plywood"",VLOOKUP($B98,'Pwood & PB List'!$B$4:$V$158,9,FALSE),IF('Summary Sheet'!$M$4=""PB w/ Wood Drawers"",VLOOKUP($B98,'Pwood & PB List'!$B$4:$V$158,13,FALSE),IF('Summary Sheet'!$M$4=""PB w/ PB Drawers"",VLOOKUP($B98,'Pwood & PB List'!$B$4:$V$158,17,FALSE))))",MAG-W2130,"IF('Summary Sheet'!$M$4=""Plywood"",VLOOKUP($B98,'Pwood & PB List'!$B$4:$V$158,9,FALSE),IF('Summary Sheet'!$M$4=""PB w/ Wood Drawers"",VLOOKUP($B98,'Pwood & PB List'!$B$4:$V$158,13,FALSE),IF('Summary Sheet'!$M$4=""PB w/ PB Drawers"",VLOOKUP($B98,'Pwood & PB List'!$B$4:$V$158,17,FALSE))))",MAB-W2130,"IF('Summary Sheet'!$M$4=""Plywood"",VLOOKUP($B98,'Pwood & PB List'!$B$4:$V$158,9,FALSE),IF('Summary Sheet'!$M$4=""PB w/ Wood Drawers"",VLOOKUP($B98,'Pwood & PB List'!$B$4:$V$158,13,FALSE),IF('Summary Sheet'!$M$4=""PB w/ PB Drawers"",VLOOKUP($B98,'Pwood & PB List'!$B$4:$V$158,17,FALSE))))",GLB-W2130,1,
99,"Wall Cabinet: 21"" W x 36"" H, 1 Door & 2 Shelves",W2136,"IF('Summary Sheet'!$M$4=""Plywood"",VLOOKUP($B99,'Pwood & PB List'!$B$4:$V$158,9,FALSE),IF('Summary Sheet'!$M$4=""PB w/ Wood Drawers"",VLOOKUP($B99,'Pwood & PB List'!$B$4:$V$158,13,FALSE),IF('Summary Sheet'!$M$4=""PB w/ PB Drawers"",VLOOKUP($B99,'Pwood & PB List'!$B$4:$V$158,17,FALSE))))",GLW-W2136,"IF('Summary Sheet'!$M$4=""Plywood"",VLOOKUP($B99,'Pwood & PB List'!$B$4:$V$158,10,FALSE),IF('Summary Sheet'!$M$4=""PB w/ Wood Drawers"",VLOOKUP($B99,'Pwood & PB List'!$B$4:$V$158,14,FALSE),IF('Summary Sheet'!$M$4=""PB w/ PB Drawers"",VLOOKUP($B99,'Pwood & PB List'!$B$4:$V$158,18,FALSE))))",SLO-W2136,"IF('Summary Sheet'!$M$4=""Plywood"",VLOOKUP($B99,'Pwood & PB List'!$B$4:$V$158,11,FALSE),IF('Summary Sheet'!$M$4=""PB w/ Wood Drawers"",VLOOKUP($B99,'Pwood & PB List'!$B$4:$V$158,15,FALSE),IF('Summary Sheet'!$M$4=""PB w/ PB Drawers"",VLOOKUP($B99,'Pwood & PB List'!$B$4:$V$158,19,FALSE))))",BLW-W2136,"IF('Summary Sheet'!$M$4=""Plywood"",VLOOKUP($B99,'Pwood & PB List'!$B$4:$V$158,10,FALSE),IF('Summary Sheet'!$M$4=""PB w/ Wood Drawers"",VLOOKUP($B99,'Pwood & PB List'!$B$4:$V$158,14,FALSE),IF('Summary Sheet'!$M$4=""PB w/ PB Drawers"",VLOOKUP($B99,'Pwood & PB List'!$B$4:$V$158,18,FALSE))))",WEO-W2136,"IF('Summary Sheet'!$M$4=""Plywood"",VLOOKUP($B99,'Pwood & PB List'!$B$4:$V$158,9,FALSE),IF('Summary Sheet'!$M$4=""PB w/ Wood Drawers"",VLOOKUP($B99,'Pwood & PB List'!$B$4:$V$158,13,FALSE),IF('Summary Sheet'!$M$4=""PB w/ PB Drawers"",VLOOKUP($B99,'Pwood & PB List'!$B$4:$V$158,17,FALSE))))",GLG-W2136,"IF('Summary Sheet'!$M$4=""Plywood"",VLOOKUP($B99,'Pwood & PB List'!$B$4:$V$158,12,FALSE),IF('Summary Sheet'!$M$4=""PB w/ Wood Drawers"",VLOOKUP($B99,'Pwood & PB List'!$B$4:$V$158,16,FALSE),IF('Summary Sheet'!$M$4=""PB w/ PB Drawers"",VLOOKUP($B99,'Pwood & PB List'!$B$4:$V$158,20,FALSE))))",NAO-W2136,"IF('Summary Sheet'!$M$4=""Plywood"",VLOOKUP($B99,'Pwood & PB List'!$B$4:$V$158,12,FALSE),IF('Summary Sheet'!$M$4=""PB w/ Wood Drawers"",VLOOKUP($B99,'Pwood & PB List'!$B$4:$V$158,16,FALSE),IF('Summary Sheet'!$M$4=""PB w/ PB Drawers"",VLOOKUP($B99,'Pwood & PB List'!$B$4:$V$158,20,FALSE))))",WHO-W2136,"IF('Summary Sheet'!$M$4=""Plywood"",VLOOKUP($B99,'Pwood & PB List'!$B$4:$V$158,9,FALSE),IF('Summary Sheet'!$M$4=""PB w/ Wood Drawers"",VLOOKUP($B99,'Pwood & PB List'!$B$4:$V$158,13,FALSE),IF('Summary Sheet'!$M$4=""PB w/ PB Drawers"",VLOOKUP($B99,'Pwood & PB List'!$B$4:$V$158,17,FALSE))))",MAW-W2136,"IF('Summary Sheet'!$M$4=""Plywood"",VLOOKUP($B99,'Pwood & PB List'!$B$4:$V$158,9,FALSE),IF('Summary Sheet'!$M$4=""PB w/ Wood Drawers"",VLOOKUP($B99,'Pwood & PB List'!$B$4:$V$158,13,FALSE),IF('Summary Sheet'!$M$4=""PB w/ PB Drawers"",VLOOKUP($B99,'Pwood & PB List'!$B$4:$V$158,17,FALSE))))",MAG-W2136,"IF('Summary Sheet'!$M$4=""Plywood"",VLOOKUP($B99,'Pwood & PB List'!$B$4:$V$158,9,FALSE),IF('Summary Sheet'!$M$4=""PB w/ Wood Drawers"",VLOOKUP($B99,'Pwood & PB List'!$B$4:$V$158,13,FALSE),IF('Summary Sheet'!$M$4=""PB w/ PB Drawers"",VLOOKUP($B99,'Pwood & PB List'!$B$4:$V$158,17,FALSE))))",MAB-W2136,"IF('Summary Sheet'!$M$4=""Plywood"",VLOOKUP($B99,'Pwood & PB List'!$B$4:$V$158,9,FALSE),IF('Summary Sheet'!$M$4=""PB w/ Wood Drawers"",VLOOKUP($B99,'Pwood & PB List'!$B$4:$V$158,13,FALSE),IF('Summary Sheet'!$M$4=""PB w/ PB Drawers"",VLOOKUP($B99,'Pwood & PB List'!$B$4:$V$158,17,FALSE))))",GLB-W2136,1,
100,"Wall Cabinet: 21"" W x 42"" H, 1 Door & 3 Shelves",W2142,"IF('Summary Sheet'!$M$4=""Plywood"",VLOOKUP($B100,'Pwood & PB List'!$B$4:$V$158,9,FALSE),IF('Summary Sheet'!$M$4=""PB w/ Wood Drawers"",VLOOKUP($B100,'Pwood & PB List'!$B$4:$V$158,13,FALSE),IF('Summary Sheet'!$M$4=""PB w/ PB Drawers"",VLOOKUP($B100,'Pwood & PB List'!$B$4:$V$158,17,FALSE))))",GLW-W2142,"IF('Summary Sheet'!$M$4=""Plywood"",VLOOKUP($B100,'Pwood & PB List'!$B$4:$V$158,10,FALSE),IF('Summary Sheet'!$M$4=""PB w/ Wood Drawers"",VLOOKUP($B100,'Pwood & PB List'!$B$4:$V$158,14,FALSE),IF('Summary Sheet'!$M$4=""PB w/ PB Drawers"",VLOOKUP($B100,'Pwood & PB List'!$B$4:$V$158,18,FALSE))))",SLO-W2142,"IF('Summary Sheet'!$M$4=""Plywood"",VLOOKUP($B100,'Pwood & PB List'!$B$4:$V$158,11,FALSE),IF('Summary Sheet'!$M$4=""PB w/ Wood Drawers"",VLOOKUP($B100,'Pwood & PB List'!$B$4:$V$158,15,FALSE),IF('Summary Sheet'!$M$4=""PB w/ PB Drawers"",VLOOKUP($B100,'Pwood & PB List'!$B$4:$V$158,19,FALSE))))",BLW-W2142,"IF('Summary Sheet'!$M$4=""Plywood"",VLOOKUP($B100,'Pwood & PB List'!$B$4:$V$158,10,FALSE),IF('Summary Sheet'!$M$4=""PB w/ Wood Drawers"",VLOOKUP($B100,'Pwood & PB List'!$B$4:$V$158,14,FALSE),IF('Summary Sheet'!$M$4=""PB w/ PB Drawers"",VLOOKUP($B100,'Pwood & PB List'!$B$4:$V$158,18,FALSE))))",WEO-W2142,"IF('Summary Sheet'!$M$4=""Plywood"",VLOOKUP($B100,'Pwood & PB List'!$B$4:$V$158,9,FALSE),IF('Summary Sheet'!$M$4=""PB w/ Wood Drawers"",VLOOKUP($B100,'Pwood & PB List'!$B$4:$V$158,13,FALSE),IF('Summary Sheet'!$M$4=""PB w/ PB Drawers"",VLOOKUP($B100,'Pwood & PB List'!$B$4:$V$158,17,FALSE))))",GLG-W2142,"IF('Summary Sheet'!$M$4=""Plywood"",VLOOKUP($B100,'Pwood & PB List'!$B$4:$V$158,12,FALSE),IF('Summary Sheet'!$M$4=""PB w/ Wood Drawers"",VLOOKUP($B100,'Pwood & PB List'!$B$4:$V$158,16,FALSE),IF('Summary Sheet'!$M$4=""PB w/ PB Drawers"",VLOOKUP($B100,'Pwood & PB List'!$B$4:$V$158,20,FALSE))))",NAO-W2142,"IF('Summary Sheet'!$M$4=""Plywood"",VLOOKUP($B100,'Pwood & PB List'!$B$4:$V$158,12,FALSE),IF('Summary Sheet'!$M$4=""PB w/ Wood Drawers"",VLOOKUP($B100,'Pwood & PB List'!$B$4:$V$158,16,FALSE),IF('Summary Sheet'!$M$4=""PB w/ PB Drawers"",VLOOKUP($B100,'Pwood & PB List'!$B$4:$V$158,20,FALSE))))",WHO-W2142,"IF('Summary Sheet'!$M$4=""Plywood"",VLOOKUP($B100,'Pwood & PB List'!$B$4:$V$158,9,FALSE),IF('Summary Sheet'!$M$4=""PB w/ Wood Drawers"",VLOOKUP($B100,'Pwood & PB List'!$B$4:$V$158,13,FALSE),IF('Summary Sheet'!$M$4=""PB w/ PB Drawers"",VLOOKUP($B100,'Pwood & PB List'!$B$4:$V$158,17,FALSE))))",MAW-W2142,"IF('Summary Sheet'!$M$4=""Plywood"",VLOOKUP($B100,'Pwood & PB List'!$B$4:$V$158,9,FALSE),IF('Summary Sheet'!$M$4=""PB w/ Wood Drawers"",VLOOKUP($B100,'Pwood & PB List'!$B$4:$V$158,13,FALSE),IF('Summary Sheet'!$M$4=""PB w/ PB Drawers"",VLOOKUP($B100,'Pwood & PB List'!$B$4:$V$158,17,FALSE))))",MAG-W2142,"IF('Summary Sheet'!$M$4=""Plywood"",VLOOKUP($B100,'Pwood & PB List'!$B$4:$V$158,9,FALSE),IF('Summary Sheet'!$M$4=""PB w/ Wood Drawers"",VLOOKUP($B100,'Pwood & PB List'!$B$4:$V$158,13,FALSE),IF('Summary Sheet'!$M$4=""PB w/ PB Drawers"",VLOOKUP($B100,'Pwood & PB List'!$B$4:$V$158,17,FALSE))))",MAB-W2142,"IF('Summary Sheet'!$M$4=""Plywood"",VLOOKUP($B100,'Pwood & PB List'!$B$4:$V$158,9,FALSE),IF('Summary Sheet'!$M$4=""PB w/ Wood Drawers"",VLOOKUP($B100,'Pwood & PB List'!$B$4:$V$158,13,FALSE),IF('Summary Sheet'!$M$4=""PB w/ PB Drawers"",VLOOKUP($B100,'Pwood & PB List'!$B$4:$V$158,17,FALSE))))",GLB-W2142,1,
101,"Wall Cabinet: 24"" W x 30"" H, 2 Doors & 2 Shelves",W2430,"IF('Summary Sheet'!$M$4=""Plywood"",VLOOKUP($B101,'Pwood & PB List'!$B$4:$V$158,9,FALSE),IF('Summary Sheet'!$M$4=""PB w/ Wood Drawers"",VLOOKUP($B101,'Pwood & PB List'!$B$4:$V$158,13,FALSE),IF('Summary Sheet'!$M$4=""PB w/ PB Drawers"",VLOOKUP($B101,'Pwood & PB List'!$B$4:$V$158,17,FALSE))))",GLW-W2430,"IF('Summary Sheet'!$M$4=""Plywood"",VLOOKUP($B101,'Pwood & PB List'!$B$4:$V$158,10,FALSE),IF('Summary Sheet'!$M$4=""PB w/ Wood Drawers"",VLOOKUP($B101,'Pwood & PB List'!$B$4:$V$158,14,FALSE),IF('Summary Sheet'!$M$4=""PB w/ PB Drawers"",VLOOKUP($B101,'Pwood & PB List'!$B$4:$V$158,18,FALSE))))",SLO-W2430,"IF('Summary Sheet'!$M$4=""Plywood"",VLOOKUP($B101,'Pwood & PB List'!$B$4:$V$158,11,FALSE),IF('Summary Sheet'!$M$4=""PB w/ Wood Drawers"",VLOOKUP($B101,'Pwood & PB List'!$B$4:$V$158,15,FALSE),IF('Summary Sheet'!$M$4=""PB w/ PB Drawers"",VLOOKUP($B101,'Pwood & PB List'!$B$4:$V$158,19,FALSE))))",BLW-W2430,"IF('Summary Sheet'!$M$4=""Plywood"",VLOOKUP($B101,'Pwood & PB List'!$B$4:$V$158,10,FALSE),IF('Summary Sheet'!$M$4=""PB w/ Wood Drawers"",VLOOKUP($B101,'Pwood & PB List'!$B$4:$V$158,14,FALSE),IF('Summary Sheet'!$M$4=""PB w/ PB Drawers"",VLOOKUP($B101,'Pwood & PB List'!$B$4:$V$158,18,FALSE))))",WEO-W2430,"IF('Summary Sheet'!$M$4=""Plywood"",VLOOKUP($B101,'Pwood & PB List'!$B$4:$V$158,9,FALSE),IF('Summary Sheet'!$M$4=""PB w/ Wood Drawers"",VLOOKUP($B101,'Pwood & PB List'!$B$4:$V$158,13,FALSE),IF('Summary Sheet'!$M$4=""PB w/ PB Drawers"",VLOOKUP($B101,'Pwood & PB List'!$B$4:$V$158,17,FALSE))))",GLG-W2430,"IF('Summary Sheet'!$M$4=""Plywood"",VLOOKUP($B101,'Pwood & PB List'!$B$4:$V$158,12,FALSE),IF('Summary Sheet'!$M$4=""PB w/ Wood Drawers"",VLOOKUP($B101,'Pwood & PB List'!$B$4:$V$158,16,FALSE),IF('Summary Sheet'!$M$4=""PB w/ PB Drawers"",VLOOKUP($B101,'Pwood & PB List'!$B$4:$V$158,20,FALSE))))",NAO-W2430,"IF('Summary Sheet'!$M$4=""Plywood"",VLOOKUP($B101,'Pwood & PB List'!$B$4:$V$158,12,FALSE),IF('Summary Sheet'!$M$4=""PB w/ Wood Drawers"",VLOOKUP($B101,'Pwood & PB List'!$B$4:$V$158,16,FALSE),IF('Summary Sheet'!$M$4=""PB w/ PB Drawers"",VLOOKUP($B101,'Pwood & PB List'!$B$4:$V$158,20,FALSE))))",WHO-W2430,"IF('Summary Sheet'!$M$4=""Plywood"",VLOOKUP($B101,'Pwood & PB List'!$B$4:$V$158,9,FALSE),IF('Summary Sheet'!$M$4=""PB w/ Wood Drawers"",VLOOKUP($B101,'Pwood & PB List'!$B$4:$V$158,13,FALSE),IF('Summary Sheet'!$M$4=""PB w/ PB Drawers"",VLOOKUP($B101,'Pwood & PB List'!$B$4:$V$158,17,FALSE))))",MAW-W2430,"IF('Summary Sheet'!$M$4=""Plywood"",VLOOKUP($B101,'Pwood & PB List'!$B$4:$V$158,9,FALSE),IF('Summary Sheet'!$M$4=""PB w/ Wood Drawers"",VLOOKUP($B101,'Pwood & PB List'!$B$4:$V$158,13,FALSE),IF('Summary Sheet'!$M$4=""PB w/ PB Drawers"",VLOOKUP($B101,'Pwood & PB List'!$B$4:$V$158,17,FALSE))))",MAG-W2430,"IF('Summary Sheet'!$M$4=""Plywood"",VLOOKUP($B101,'Pwood & PB List'!$B$4:$V$158,9,FALSE),IF('Summary Sheet'!$M$4=""PB w/ Wood Drawers"",VLOOKUP($B101,'Pwood & PB List'!$B$4:$V$158,13,FALSE),IF('Summary Sheet'!$M$4=""PB w/ PB Drawers"",VLOOKUP($B101,'Pwood & PB List'!$B$4:$V$158,17,FALSE))))",MAB-W2430,"IF('Summary Sheet'!$M$4=""Plywood"",VLOOKUP($B101,'Pwood & PB List'!$B$4:$V$158,9,FALSE),IF('Summary Sheet'!$M$4=""PB w/ Wood Drawers"",VLOOKUP($B101,'Pwood & PB List'!$B$4:$V$158,13,FALSE),IF('Summary Sheet'!$M$4=""PB w/ PB Drawers"",VLOOKUP($B101,'Pwood & PB List'!$B$4:$V$158,17,FALSE))))",GLB-W2430,2,
102,"Wall Cabinet: 24"" W x 36"" H, 2 Doors & 2 Shelves",W2436,"IF('Summary Sheet'!$M$4=""Plywood"",VLOOKUP($B102,'Pwood & PB List'!$B$4:$V$158,9,FALSE),IF('Summary Sheet'!$M$4=""PB w/ Wood Drawers"",VLOOKUP($B102,'Pwood & PB List'!$B$4:$V$158,13,FALSE),IF('Summary Sheet'!$M$4=""PB w/ PB Drawers"",VLOOKUP($B102,'Pwood & PB List'!$B$4:$V$158,17,FALSE))))",GLW-W2436,"IF('Summary Sheet'!$M$4=""Plywood"",VLOOKUP($B102,'Pwood & PB List'!$B$4:$V$158,10,FALSE),IF('Summary Sheet'!$M$4=""PB w/ Wood Drawers"",VLOOKUP($B102,'Pwood & PB List'!$B$4:$V$158,14,FALSE),IF('Summary Sheet'!$M$4=""PB w/ PB Drawers"",VLOOKUP($B102,'Pwood & PB List'!$B$4:$V$158,18,FALSE))))",SLO-W2436,"IF('Summary Sheet'!$M$4=""Plywood"",VLOOKUP($B102,'Pwood & PB List'!$B$4:$V$158,11,FALSE),IF('Summary Sheet'!$M$4=""PB w/ Wood Drawers"",VLOOKUP($B102,'Pwood & PB List'!$B$4:$V$158,15,FALSE),IF('Summary Sheet'!$M$4=""PB w/ PB Drawers"",VLOOKUP($B102,'Pwood & PB List'!$B$4:$V$158,19,FALSE))))",BLW-W2436,"IF('Summary Sheet'!$M$4=""Plywood"",VLOOKUP($B102,'Pwood & PB List'!$B$4:$V$158,10,FALSE),IF('Summary Sheet'!$M$4=""PB w/ Wood Drawers"",VLOOKUP($B102,'Pwood & PB List'!$B$4:$V$158,14,FALSE),IF('Summary Sheet'!$M$4=""PB w/ PB Drawers"",VLOOKUP($B102,'Pwood & PB List'!$B$4:$V$158,18,FALSE))))",WEO-W2436,"IF('Summary Sheet'!$M$4=""Plywood"",VLOOKUP($B102,'Pwood & PB List'!$B$4:$V$158,9,FALSE),IF('Summary Sheet'!$M$4=""PB w/ Wood Drawers"",VLOOKUP($B102,'Pwood & PB List'!$B$4:$V$158,13,FALSE),IF('Summary Sheet'!$M$4=""PB w/ PB Drawers"",VLOOKUP($B102,'Pwood & PB List'!$B$4:$V$158,17,FALSE))))",GLG-W2436,"IF('Summary Sheet'!$M$4=""Plywood"",VLOOKUP($B102,'Pwood & PB List'!$B$4:$V$158,12,FALSE),IF('Summary Sheet'!$M$4=""PB w/ Wood Drawers"",VLOOKUP($B102,'Pwood & PB List'!$B$4:$V$158,16,FALSE),IF('Summary Sheet'!$M$4=""PB w/ PB Drawers"",VLOOKUP($B102,'Pwood & PB List'!$B$4:$V$158,20,FALSE))))",NAO-W2436,"IF('Summary Sheet'!$M$4=""Plywood"",VLOOKUP($B102,'Pwood & PB List'!$B$4:$V$158,12,FALSE),IF('Summary Sheet'!$M$4=""PB w/ Wood Drawers"",VLOOKUP($B102,'Pwood & PB List'!$B$4:$V$158,16,FALSE),IF('Summary Sheet'!$M$4=""PB w/ PB Drawers"",VLOOKUP($B102,'Pwood & PB List'!$B$4:$V$158,20,FALSE))))",WHO-W2436,"IF('Summary Sheet'!$M$4=""Plywood"",VLOOKUP($B102,'Pwood & PB List'!$B$4:$V$158,9,FALSE),IF('Summary Sheet'!$M$4=""PB w/ Wood Drawers"",VLOOKUP($B102,'Pwood & PB List'!$B$4:$V$158,13,FALSE),IF('Summary Sheet'!$M$4=""PB w/ PB Drawers"",VLOOKUP($B102,'Pwood & PB List'!$B$4:$V$158,17,FALSE))))",MAW-W2436,"IF('Summary Sheet'!$M$4=""Plywood"",VLOOKUP($B102,'Pwood & PB List'!$B$4:$V$158,9,FALSE),IF('Summary Sheet'!$M$4=""PB w/ Wood Drawers"",VLOOKUP($B102,'Pwood & PB List'!$B$4:$V$158,13,FALSE),IF('Summary Sheet'!$M$4=""PB w/ PB Drawers"",VLOOKUP($B102,'Pwood & PB List'!$B$4:$V$158,17,FALSE))))",MAG-W2436,"IF('Summary Sheet'!$M$4=""Plywood"",VLOOKUP($B102,'Pwood & PB List'!$B$4:$V$158,9,FALSE),IF('Summary Sheet'!$M$4=""PB w/ Wood Drawers"",VLOOKUP($B102,'Pwood & PB List'!$B$4:$V$158,13,FALSE),IF('Summary Sheet'!$M$4=""PB w/ PB Drawers"",VLOOKUP($B102,'Pwood & PB List'!$B$4:$V$158,17,FALSE))))",MAB-W2436,"IF('Summary Sheet'!$M$4=""Plywood"",VLOOKUP($B102,'Pwood & PB List'!$B$4:$V$158,9,FALSE),IF('Summary Sheet'!$M$4=""PB w/ Wood Drawers"",VLOOKUP($B102,'Pwood & PB List'!$B$4:$V$158,13,FALSE),IF('Summary Sheet'!$M$4=""PB w/ PB Drawers"",VLOOKUP($B102,'Pwood & PB List'!$B$4:$V$158,17,FALSE))))",GLB-W2436,2,
103,"Wall Cabinet: 24"" W x 42"" H, 2 Doors & 3 Shelves",W2442,"IF('Summary Sheet'!$M$4=""Plywood"",VLOOKUP($B103,'Pwood & PB List'!$B$4:$V$158,9,FALSE),IF('Summary Sheet'!$M$4=""PB w/ Wood Drawers"",VLOOKUP($B103,'Pwood & PB List'!$B$4:$V$158,13,FALSE),IF('Summary Sheet'!$M$4=""PB w/ PB Drawers"",VLOOKUP($B103,'Pwood & PB List'!$B$4:$V$158,17,FALSE))))",GLW-W2442,"IF('Summary Sheet'!$M$4=""Plywood"",VLOOKUP($B103,'Pwood & PB List'!$B$4:$V$158,10,FALSE),IF('Summary Sheet'!$M$4=""PB w/ Wood Drawers"",VLOOKUP($B103,'Pwood & PB List'!$B$4:$V$158,14,FALSE),IF('Summary Sheet'!$M$4=""PB w/ PB Drawers"",VLOOKUP($B103,'Pwood & PB List'!$B$4:$V$158,18,FALSE))))",SLO-W2442,"IF('Summary Sheet'!$M$4=""Plywood"",VLOOKUP($B103,'Pwood & PB List'!$B$4:$V$158,11,FALSE),IF('Summary Sheet'!$M$4=""PB w/ Wood Drawers"",VLOOKUP($B103,'Pwood & PB List'!$B$4:$V$158,15,FALSE),IF('Summary Sheet'!$M$4=""PB w/ PB Drawers"",VLOOKUP($B103,'Pwood & PB List'!$B$4:$V$158,19,FALSE))))",BLW-W2442,"IF('Summary Sheet'!$M$4=""Plywood"",VLOOKUP($B103,'Pwood & PB List'!$B$4:$V$158,10,FALSE),IF('Summary Sheet'!$M$4=""PB w/ Wood Drawers"",VLOOKUP($B103,'Pwood & PB List'!$B$4:$V$158,14,FALSE),IF('Summary Sheet'!$M$4=""PB w/ PB Drawers"",VLOOKUP($B103,'Pwood & PB List'!$B$4:$V$158,18,FALSE))))",WEO-W2442,"IF('Summary Sheet'!$M$4=""Plywood"",VLOOKUP($B103,'Pwood & PB List'!$B$4:$V$158,9,FALSE),IF('Summary Sheet'!$M$4=""PB w/ Wood Drawers"",VLOOKUP($B103,'Pwood & PB List'!$B$4:$V$158,13,FALSE),IF('Summary Sheet'!$M$4=""PB w/ PB Drawers"",VLOOKUP($B103,'Pwood & PB List'!$B$4:$V$158,17,FALSE))))",GLG-W2442,"IF('Summary Sheet'!$M$4=""Plywood"",VLOOKUP($B103,'Pwood & PB List'!$B$4:$V$158,12,FALSE),IF('Summary Sheet'!$M$4=""PB w/ Wood Drawers"",VLOOKUP($B103,'Pwood & PB List'!$B$4:$V$158,16,FALSE),IF('Summary Sheet'!$M$4=""PB w/ PB Drawers"",VLOOKUP($B103,'Pwood & PB List'!$B$4:$V$158,20,FALSE))))",NAO-W2442,"IF('Summary Sheet'!$M$4=""Plywood"",VLOOKUP($B103,'Pwood & PB List'!$B$4:$V$158,12,FALSE),IF('Summary Sheet'!$M$4=""PB w/ Wood Drawers"",VLOOKUP($B103,'Pwood & PB List'!$B$4:$V$158,16,FALSE),IF('Summary Sheet'!$M$4=""PB w/ PB Drawers"",VLOOKUP($B103,'Pwood & PB List'!$B$4:$V$158,20,FALSE))))",WHO-W2442,"IF('Summary Sheet'!$M$4=""Plywood"",VLOOKUP($B103,'Pwood & PB List'!$B$4:$V$158,9,FALSE),IF('Summary Sheet'!$M$4=""PB w/ Wood Drawers"",VLOOKUP($B103,'Pwood & PB List'!$B$4:$V$158,13,FALSE),IF('Summary Sheet'!$M$4=""PB w/ PB Drawers"",VLOOKUP($B103,'Pwood & PB List'!$B$4:$V$158,17,FALSE))))",MAW-W2442,"IF('Summary Sheet'!$M$4=""Plywood"",VLOOKUP($B103,'Pwood & PB List'!$B$4:$V$158,9,FALSE),IF('Summary Sheet'!$M$4=""PB w/ Wood Drawers"",VLOOKUP($B103,'Pwood & PB List'!$B$4:$V$158,13,FALSE),IF('Summary Sheet'!$M$4=""PB w/ PB Drawers"",VLOOKUP($B103,'Pwood & PB List'!$B$4:$V$158,17,FALSE))))",MAG-W2442,"IF('Summary Sheet'!$M$4=""Plywood"",VLOOKUP($B103,'Pwood & PB List'!$B$4:$V$158,9,FALSE),IF('Summary Sheet'!$M$4=""PB w/ Wood Drawers"",VLOOKUP($B103,'Pwood & PB List'!$B$4:$V$158,13,FALSE),IF('Summary Sheet'!$M$4=""PB w/ PB Drawers"",VLOOKUP($B103,'Pwood & PB List'!$B$4:$V$158,17,FALSE))))",MAB-W2442,"IF('Summary Sheet'!$M$4=""Plywood"",VLOOKUP($B103,'Pwood & PB List'!$B$4:$V$158,9,FALSE),IF('Summary Sheet'!$M$4=""PB w/ Wood Drawers"",VLOOKUP($B103,'Pwood & PB List'!$B$4:$V$158,13,FALSE),IF('Summary Sheet'!$M$4=""PB w/ PB Drawers"",VLOOKUP($B103,'Pwood & PB List'!$B$4:$V$158,17,FALSE))))",GLB-W2442,2,
104,"Wall Cabinet: 27"" W x 30"" H, 2 Doors & 2 Shelves",W2730,"IF('Summary Sheet'!$M$4=""Plywood"",VLOOKUP($B104,'Pwood & PB List'!$B$4:$V$158,9,FALSE),IF('Summary Sheet'!$M$4=""PB w/ Wood Drawers"",VLOOKUP($B104,'Pwood & PB List'!$B$4:$V$158,13,FALSE),IF('Summary Sheet'!$M$4=""PB w/ PB Drawers"",VLOOKUP($B104,'Pwood & PB List'!$B$4:$V$158,17,FALSE))))",GLW-W2730,"IF('Summary Sheet'!$M$4=""Plywood"",VLOOKUP($B104,'Pwood & PB List'!$B$4:$V$158,10,FALSE),IF('Summary Sheet'!$M$4=""PB w/ Wood Drawers"",VLOOKUP($B104,'Pwood & PB List'!$B$4:$V$158,14,FALSE),IF('Summary Sheet'!$M$4=""PB w/ PB Drawers"",VLOOKUP($B104,'Pwood & PB List'!$B$4:$V$158,18,FALSE))))",SLO-W2730,"IF('Summary Sheet'!$M$4=""Plywood"",VLOOKUP($B104,'Pwood & PB List'!$B$4:$V$158,11,FALSE),IF('Summary Sheet'!$M$4=""PB w/ Wood Drawers"",VLOOKUP($B104,'Pwood & PB List'!$B$4:$V$158,15,FALSE),IF('Summary Sheet'!$M$4=""PB w/ PB Drawers"",VLOOKUP($B104,'Pwood & PB List'!$B$4:$V$158,19,FALSE))))",BLW-W2730,"IF('Summary Sheet'!$M$4=""Plywood"",VLOOKUP($B104,'Pwood & PB List'!$B$4:$V$158,10,FALSE),IF('Summary Sheet'!$M$4=""PB w/ Wood Drawers"",VLOOKUP($B104,'Pwood & PB List'!$B$4:$V$158,14,FALSE),IF('Summary Sheet'!$M$4=""PB w/ PB Drawers"",VLOOKUP($B104,'Pwood & PB List'!$B$4:$V$158,18,FALSE))))",WEO-W2730,"IF('Summary Sheet'!$M$4=""Plywood"",VLOOKUP($B104,'Pwood & PB List'!$B$4:$V$158,9,FALSE),IF('Summary Sheet'!$M$4=""PB w/ Wood Drawers"",VLOOKUP($B104,'Pwood & PB List'!$B$4:$V$158,13,FALSE),IF('Summary Sheet'!$M$4=""PB w/ PB Drawers"",VLOOKUP($B104,'Pwood & PB List'!$B$4:$V$158,17,FALSE))))",GLG-W2730,"IF('Summary Sheet'!$M$4=""Plywood"",VLOOKUP($B104,'Pwood & PB List'!$B$4:$V$158,12,FALSE),IF('Summary Sheet'!$M$4=""PB w/ Wood Drawers"",VLOOKUP($B104,'Pwood & PB List'!$B$4:$V$158,16,FALSE),IF('Summary Sheet'!$M$4=""PB w/ PB Drawers"",VLOOKUP($B104,'Pwood & PB List'!$B$4:$V$158,20,FALSE))))",NAO-W2730,"IF('Summary Sheet'!$M$4=""Plywood"",VLOOKUP($B104,'Pwood & PB List'!$B$4:$V$158,12,FALSE),IF('Summary Sheet'!$M$4=""PB w/ Wood Drawers"",VLOOKUP($B104,'Pwood & PB List'!$B$4:$V$158,16,FALSE),IF('Summary Sheet'!$M$4=""PB w/ PB Drawers"",VLOOKUP($B104,'Pwood & PB List'!$B$4:$V$158,20,FALSE))))",WHO-W2730,"IF('Summary Sheet'!$M$4=""Plywood"",VLOOKUP($B104,'Pwood & PB List'!$B$4:$V$158,9,FALSE),IF('Summary Sheet'!$M$4=""PB w/ Wood Drawers"",VLOOKUP($B104,'Pwood & PB List'!$B$4:$V$158,13,FALSE),IF('Summary Sheet'!$M$4=""PB w/ PB Drawers"",VLOOKUP($B104,'Pwood & PB List'!$B$4:$V$158,17,FALSE))))",MAW-W2730,"IF('Summary Sheet'!$M$4=""Plywood"",VLOOKUP($B104,'Pwood & PB List'!$B$4:$V$158,9,FALSE),IF('Summary Sheet'!$M$4=""PB w/ Wood Drawers"",VLOOKUP($B104,'Pwood & PB List'!$B$4:$V$158,13,FALSE),IF('Summary Sheet'!$M$4=""PB w/ PB Drawers"",VLOOKUP($B104,'Pwood & PB List'!$B$4:$V$158,17,FALSE))))",MAG-W2730,"IF('Summary Sheet'!$M$4=""Plywood"",VLOOKUP($B104,'Pwood & PB List'!$B$4:$V$158,9,FALSE),IF('Summary Sheet'!$M$4=""PB w/ Wood Drawers"",VLOOKUP($B104,'Pwood & PB List'!$B$4:$V$158,13,FALSE),IF('Summary Sheet'!$M$4=""PB w/ PB Drawers"",VLOOKUP($B104,'Pwood & PB List'!$B$4:$V$158,17,FALSE))))",MAB-W2730,"IF('Summary Sheet'!$M$4=""Plywood"",VLOOKUP($B104,'Pwood & PB List'!$B$4:$V$158,9,FALSE),IF('Summary Sheet'!$M$4=""PB w/ Wood Drawers"",VLOOKUP($B104,'Pwood & PB List'!$B$4:$V$158,13,FALSE),IF('Summary Sheet'!$M$4=""PB w/ PB Drawers"",VLOOKUP($B104,'Pwood & PB List'!$B$4:$V$158,17,FALSE))))",GLB-W2730,2,
105,"Wall Cabinet: 27"" W x 36"" H, 2 Doors & 2 Shelves",W2736,"IF('Summary Sheet'!$M$4=""Plywood"",VLOOKUP($B105,'Pwood & PB List'!$B$4:$V$158,9,FALSE),IF('Summary Sheet'!$M$4=""PB w/ Wood Drawers"",VLOOKUP($B105,'Pwood & PB List'!$B$4:$V$158,13,FALSE),IF('Summary Sheet'!$M$4=""PB w/ PB Drawers"",VLOOKUP($B105,'Pwood & PB List'!$B$4:$V$158,17,FALSE))))",GLW-W2736,"IF('Summary Sheet'!$M$4=""Plywood"",VLOOKUP($B105,'Pwood & PB List'!$B$4:$V$158,10,FALSE),IF('Summary Sheet'!$M$4=""PB w/ Wood Drawers"",VLOOKUP($B105,'Pwood & PB List'!$B$4:$V$158,14,FALSE),IF('Summary Sheet'!$M$4=""PB w/ PB Drawers"",VLOOKUP($B105,'Pwood & PB List'!$B$4:$V$158,18,FALSE))))",SLO-W2736,"IF('Summary Sheet'!$M$4=""Plywood"",VLOOKUP($B105,'Pwood & PB List'!$B$4:$V$158,11,FALSE),IF('Summary Sheet'!$M$4=""PB w/ Wood Drawers"",VLOOKUP($B105,'Pwood & PB List'!$B$4:$V$158,15,FALSE),IF('Summary Sheet'!$M$4=""PB w/ PB Drawers"",VLOOKUP($B105,'Pwood & PB List'!$B$4:$V$158,19,FALSE))))",BLW-W2736,"IF('Summary Sheet'!$M$4=""Plywood"",VLOOKUP($B105,'Pwood & PB List'!$B$4:$V$158,10,FALSE),IF('Summary Sheet'!$M$4=""PB w/ Wood Drawers"",VLOOKUP($B105,'Pwood & PB List'!$B$4:$V$158,14,FALSE),IF('Summary Sheet'!$M$4=""PB w/ PB Drawers"",VLOOKUP($B105,'Pwood & PB List'!$B$4:$V$158,18,FALSE))))",WEO-W2736,"IF('Summary Sheet'!$M$4=""Plywood"",VLOOKUP($B105,'Pwood & PB List'!$B$4:$V$158,9,FALSE),IF('Summary Sheet'!$M$4=""PB w/ Wood Drawers"",VLOOKUP($B105,'Pwood & PB List'!$B$4:$V$158,13,FALSE),IF('Summary Sheet'!$M$4=""PB w/ PB Drawers"",VLOOKUP($B105,'Pwood & PB List'!$B$4:$V$158,17,FALSE))))",GLG-W2736,"IF('Summary Sheet'!$M$4=""Plywood"",VLOOKUP($B105,'Pwood & PB List'!$B$4:$V$158,12,FALSE),IF('Summary Sheet'!$M$4=""PB w/ Wood Drawers"",VLOOKUP($B105,'Pwood & PB List'!$B$4:$V$158,16,FALSE),IF('Summary Sheet'!$M$4=""PB w/ PB Drawers"",VLOOKUP($B105,'Pwood & PB List'!$B$4:$V$158,20,FALSE))))",NAO-W2736,"IF('Summary Sheet'!$M$4=""Plywood"",VLOOKUP($B105,'Pwood & PB List'!$B$4:$V$158,12,FALSE),IF('Summary Sheet'!$M$4=""PB w/ Wood Drawers"",VLOOKUP($B105,'Pwood & PB List'!$B$4:$V$158,16,FALSE),IF('Summary Sheet'!$M$4=""PB w/ PB Drawers"",VLOOKUP($B105,'Pwood & PB List'!$B$4:$V$158,20,FALSE))))",WHO-W2736,"IF('Summary Sheet'!$M$4=""Plywood"",VLOOKUP($B105,'Pwood & PB List'!$B$4:$V$158,9,FALSE),IF('Summary Sheet'!$M$4=""PB w/ Wood Drawers"",VLOOKUP($B105,'Pwood & PB List'!$B$4:$V$158,13,FALSE),IF('Summary Sheet'!$M$4=""PB w/ PB Drawers"",VLOOKUP($B105,'Pwood & PB List'!$B$4:$V$158,17,FALSE))))",MAW-W2736,"IF('Summary Sheet'!$M$4=""Plywood"",VLOOKUP($B105,'Pwood & PB List'!$B$4:$V$158,9,FALSE),IF('Summary Sheet'!$M$4=""PB w/ Wood Drawers"",VLOOKUP($B105,'Pwood & PB List'!$B$4:$V$158,13,FALSE),IF('Summary Sheet'!$M$4=""PB w/ PB Drawers"",VLOOKUP($B105,'Pwood & PB List'!$B$4:$V$158,17,FALSE))))",MAG-W2736,"IF('Summary Sheet'!$M$4=""Plywood"",VLOOKUP($B105,'Pwood & PB List'!$B$4:$V$158,9,FALSE),IF('Summary Sheet'!$M$4=""PB w/ Wood Drawers"",VLOOKUP($B105,'Pwood & PB List'!$B$4:$V$158,13,FALSE),IF('Summary Sheet'!$M$4=""PB w/ PB Drawers"",VLOOKUP($B105,'Pwood & PB List'!$B$4:$V$158,17,FALSE))))",MAB-W2736,"IF('Summary Sheet'!$M$4=""Plywood"",VLOOKUP($B105,'Pwood & PB List'!$B$4:$V$158,9,FALSE),IF('Summary Sheet'!$M$4=""PB w/ Wood Drawers"",VLOOKUP($B105,'Pwood & PB List'!$B$4:$V$158,13,FALSE),IF('Summary Sheet'!$M$4=""PB w/ PB Drawers"",VLOOKUP($B105,'Pwood & PB List'!$B$4:$V$158,17,FALSE))))",GLB-W2736,2,
106,"Wall Cabinet: 27"" W x 42"" H, 2 Doors & 3 Shelves",W2742,"IF('Summary Sheet'!$M$4=""Plywood"",VLOOKUP($B106,'Pwood & PB List'!$B$4:$V$158,9,FALSE),IF('Summary Sheet'!$M$4=""PB w/ Wood Drawers"",VLOOKUP($B106,'Pwood & PB List'!$B$4:$V$158,13,FALSE),IF('Summary Sheet'!$M$4=""PB w/ PB Drawers"",VLOOKUP($B106,'Pwood & PB List'!$B$4:$V$158,17,FALSE))))",GLW-W2742,"IF('Summary Sheet'!$M$4=""Plywood"",VLOOKUP($B106,'Pwood & PB List'!$B$4:$V$158,10,FALSE),IF('Summary Sheet'!$M$4=""PB w/ Wood Drawers"",VLOOKUP($B106,'Pwood & PB List'!$B$4:$V$158,14,FALSE),IF('Summary Sheet'!$M$4=""PB w/ PB Drawers"",VLOOKUP($B106,'Pwood & PB List'!$B$4:$V$158,18,FALSE))))",SLO-W2742,"IF('Summary Sheet'!$M$4=""Plywood"",VLOOKUP($B106,'Pwood & PB List'!$B$4:$V$158,11,FALSE),IF('Summary Sheet'!$M$4=""PB w/ Wood Drawers"",VLOOKUP($B106,'Pwood & PB List'!$B$4:$V$158,15,FALSE),IF('Summary Sheet'!$M$4=""PB w/ PB Drawers"",VLOOKUP($B106,'Pwood & PB List'!$B$4:$V$158,19,FALSE))))",BLW-W2742,"IF('Summary Sheet'!$M$4=""Plywood"",VLOOKUP($B106,'Pwood & PB List'!$B$4:$V$158,10,FALSE),IF('Summary Sheet'!$M$4=""PB w/ Wood Drawers"",VLOOKUP($B106,'Pwood & PB List'!$B$4:$V$158,14,FALSE),IF('Summary Sheet'!$M$4=""PB w/ PB Drawers"",VLOOKUP($B106,'Pwood & PB List'!$B$4:$V$158,18,FALSE))))",WEO-W2742,"IF('Summary Sheet'!$M$4=""Plywood"",VLOOKUP($B106,'Pwood & PB List'!$B$4:$V$158,9,FALSE),IF('Summary Sheet'!$M$4=""PB w/ Wood Drawers"",VLOOKUP($B106,'Pwood & PB List'!$B$4:$V$158,13,FALSE),IF('Summary Sheet'!$M$4=""PB w/ PB Drawers"",VLOOKUP($B106,'Pwood & PB List'!$B$4:$V$158,17,FALSE))))",GLG-W2742,"IF('Summary Sheet'!$M$4=""Plywood"",VLOOKUP($B106,'Pwood & PB List'!$B$4:$V$158,12,FALSE),IF('Summary Sheet'!$M$4=""PB w/ Wood Drawers"",VLOOKUP($B106,'Pwood & PB List'!$B$4:$V$158,16,FALSE),IF('Summary Sheet'!$M$4=""PB w/ PB Drawers"",VLOOKUP($B106,'Pwood & PB List'!$B$4:$V$158,20,FALSE))))",NAO-W2742,"IF('Summary Sheet'!$M$4=""Plywood"",VLOOKUP($B106,'Pwood & PB List'!$B$4:$V$158,12,FALSE),IF('Summary Sheet'!$M$4=""PB w/ Wood Drawers"",VLOOKUP($B106,'Pwood & PB List'!$B$4:$V$158,16,FALSE),IF('Summary Sheet'!$M$4=""PB w/ PB Drawers"",VLOOKUP($B106,'Pwood & PB List'!$B$4:$V$158,20,FALSE))))",WHO-W2742,"IF('Summary Sheet'!$M$4=""Plywood"",VLOOKUP($B106,'Pwood & PB List'!$B$4:$V$158,9,FALSE),IF('Summary Sheet'!$M$4=""PB w/ Wood Drawers"",VLOOKUP($B106,'Pwood & PB List'!$B$4:$V$158,13,FALSE),IF('Summary Sheet'!$M$4=""PB w/ PB Drawers"",VLOOKUP($B106,'Pwood & PB List'!$B$4:$V$158,17,FALSE))))",MAW-W2742,"IF('Summary Sheet'!$M$4=""Plywood"",VLOOKUP($B106,'Pwood & PB List'!$B$4:$V$158,9,FALSE),IF('Summary Sheet'!$M$4=""PB w/ Wood Drawers"",VLOOKUP($B106,'Pwood & PB List'!$B$4:$V$158,13,FALSE),IF('Summary Sheet'!$M$4=""PB w/ PB Drawers"",VLOOKUP($B106,'Pwood & PB List'!$B$4:$V$158,17,FALSE))))",MAG-W2742,"IF('Summary Sheet'!$M$4=""Plywood"",VLOOKUP($B106,'Pwood & PB List'!$B$4:$V$158,9,FALSE),IF('Summary Sheet'!$M$4=""PB w/ Wood Drawers"",VLOOKUP($B106,'Pwood & PB List'!$B$4:$V$158,13,FALSE),IF('Summary Sheet'!$M$4=""PB w/ PB Drawers"",VLOOKUP($B106,'Pwood & PB List'!$B$4:$V$158,17,FALSE))))",MAB-W2742,"IF('Summary Sheet'!$M$4=""Plywood"",VLOOKUP($B106,'Pwood & PB List'!$B$4:$V$158,9,FALSE),IF('Summary Sheet'!$M$4=""PB w/ Wood Drawers"",VLOOKUP($B106,'Pwood & PB List'!$B$4:$V$158,13,FALSE),IF('Summary Sheet'!$M$4=""PB w/ PB Drawers"",VLOOKUP($B106,'Pwood & PB List'!$B$4:$V$158,17,FALSE))))",GLB-W2742,2,
107,"Wall Cabinet: 30"" W x 30"" H, 2 Doors & 2 Shelves",W3030,"IF('Summary Sheet'!$M$4=""Plywood"",VLOOKUP($B107,'Pwood & PB List'!$B$4:$V$158,9,FALSE),IF('Summary Sheet'!$M$4=""PB w/ Wood Drawers"",VLOOKUP($B107,'Pwood & PB List'!$B$4:$V$158,13,FALSE),IF('Summary Sheet'!$M$4=""PB w/ PB Drawers"",VLOOKUP($B107,'Pwood & PB List'!$B$4:$V$158,17,FALSE))))",GLW-W3030,"IF('Summary Sheet'!$M$4=""Plywood"",VLOOKUP($B107,'Pwood & PB List'!$B$4:$V$158,10,FALSE),IF('Summary Sheet'!$M$4=""PB w/ Wood Drawers"",VLOOKUP($B107,'Pwood & PB List'!$B$4:$V$158,14,FALSE),IF('Summary Sheet'!$M$4=""PB w/ PB Drawers"",VLOOKUP($B107,'Pwood & PB List'!$B$4:$V$158,18,FALSE))))",SLO-W3030,"IF('Summary Sheet'!$M$4=""Plywood"",VLOOKUP($B107,'Pwood & PB List'!$B$4:$V$158,11,FALSE),IF('Summary Sheet'!$M$4=""PB w/ Wood Drawers"",VLOOKUP($B107,'Pwood & PB List'!$B$4:$V$158,15,FALSE),IF('Summary Sheet'!$M$4=""PB w/ PB Drawers"",VLOOKUP($B107,'Pwood & PB List'!$B$4:$V$158,19,FALSE))))",BLW-W3030,"IF('Summary Sheet'!$M$4=""Plywood"",VLOOKUP($B107,'Pwood & PB List'!$B$4:$V$158,10,FALSE),IF('Summary Sheet'!$M$4=""PB w/ Wood Drawers"",VLOOKUP($B107,'Pwood & PB List'!$B$4:$V$158,14,FALSE),IF('Summary Sheet'!$M$4=""PB w/ PB Drawers"",VLOOKUP($B107,'Pwood & PB List'!$B$4:$V$158,18,FALSE))))",WEO-W3030,"IF('Summary Sheet'!$M$4=""Plywood"",VLOOKUP($B107,'Pwood & PB List'!$B$4:$V$158,9,FALSE),IF('Summary Sheet'!$M$4=""PB w/ Wood Drawers"",VLOOKUP($B107,'Pwood & PB List'!$B$4:$V$158,13,FALSE),IF('Summary Sheet'!$M$4=""PB w/ PB Drawers"",VLOOKUP($B107,'Pwood & PB List'!$B$4:$V$158,17,FALSE))))",GLG-W3030,"IF('Summary Sheet'!$M$4=""Plywood"",VLOOKUP($B107,'Pwood & PB List'!$B$4:$V$158,12,FALSE),IF('Summary Sheet'!$M$4=""PB w/ Wood Drawers"",VLOOKUP($B107,'Pwood & PB List'!$B$4:$V$158,16,FALSE),IF('Summary Sheet'!$M$4=""PB w/ PB Drawers"",VLOOKUP($B107,'Pwood & PB List'!$B$4:$V$158,20,FALSE))))",NAO-W3030,"IF('Summary Sheet'!$M$4=""Plywood"",VLOOKUP($B107,'Pwood & PB List'!$B$4:$V$158,12,FALSE),IF('Summary Sheet'!$M$4=""PB w/ Wood Drawers"",VLOOKUP($B107,'Pwood & PB List'!$B$4:$V$158,16,FALSE),IF('Summary Sheet'!$M$4=""PB w/ PB Drawers"",VLOOKUP($B107,'Pwood & PB List'!$B$4:$V$158,20,FALSE))))",WHO-W3030,"IF('Summary Sheet'!$M$4=""Plywood"",VLOOKUP($B107,'Pwood & PB List'!$B$4:$V$158,9,FALSE),IF('Summary Sheet'!$M$4=""PB w/ Wood Drawers"",VLOOKUP($B107,'Pwood & PB List'!$B$4:$V$158,13,FALSE),IF('Summary Sheet'!$M$4=""PB w/ PB Drawers"",VLOOKUP($B107,'Pwood & PB List'!$B$4:$V$158,17,FALSE))))",MAW-W3030,"IF('Summary Sheet'!$M$4=""Plywood"",VLOOKUP($B107,'Pwood & PB List'!$B$4:$V$158,9,FALSE),IF('Summary Sheet'!$M$4=""PB w/ Wood Drawers"",VLOOKUP($B107,'Pwood & PB List'!$B$4:$V$158,13,FALSE),IF('Summary Sheet'!$M$4=""PB w/ PB Drawers"",VLOOKUP($B107,'Pwood & PB List'!$B$4:$V$158,17,FALSE))))",MAG-W3030,"IF('Summary Sheet'!$M$4=""Plywood"",VLOOKUP($B107,'Pwood & PB List'!$B$4:$V$158,9,FALSE),IF('Summary Sheet'!$M$4=""PB w/ Wood Drawers"",VLOOKUP($B107,'Pwood & PB List'!$B$4:$V$158,13,FALSE),IF('Summary Sheet'!$M$4=""PB w/ PB Drawers"",VLOOKUP($B107,'Pwood & PB List'!$B$4:$V$158,17,FALSE))))",MAB-W3030,"IF('Summary Sheet'!$M$4=""Plywood"",VLOOKUP($B107,'Pwood & PB List'!$B$4:$V$158,9,FALSE),IF('Summary Sheet'!$M$4=""PB w/ Wood Drawers"",VLOOKUP($B107,'Pwood & PB List'!$B$4:$V$158,13,FALSE),IF('Summary Sheet'!$M$4=""PB w/ PB Drawers"",VLOOKUP($B107,'Pwood & PB List'!$B$4:$V$158,17,FALSE))))",GLB-W3030,2,
108,"Wall Cabinet: 30"" W x 36"" H, 2 Doors & 2 Shelves",W3036,"IF('Summary Sheet'!$M$4=""Plywood"",VLOOKUP($B108,'Pwood & PB List'!$B$4:$V$158,9,FALSE),IF('Summary Sheet'!$M$4=""PB w/ Wood Drawers"",VLOOKUP($B108,'Pwood & PB List'!$B$4:$V$158,13,FALSE),IF('Summary Sheet'!$M$4=""PB w/ PB Drawers"",VLOOKUP($B108,'Pwood & PB List'!$B$4:$V$158,17,FALSE))))",GLW-W3036,"IF('Summary Sheet'!$M$4=""Plywood"",VLOOKUP($B108,'Pwood & PB List'!$B$4:$V$158,10,FALSE),IF('Summary Sheet'!$M$4=""PB w/ Wood Drawers"",VLOOKUP($B108,'Pwood & PB List'!$B$4:$V$158,14,FALSE),IF('Summary Sheet'!$M$4=""PB w/ PB Drawers"",VLOOKUP($B108,'Pwood & PB List'!$B$4:$V$158,18,FALSE))))",SLO-W3036,"IF('Summary Sheet'!$M$4=""Plywood"",VLOOKUP($B108,'Pwood & PB List'!$B$4:$V$158,11,FALSE),IF('Summary Sheet'!$M$4=""PB w/ Wood Drawers"",VLOOKUP($B108,'Pwood & PB List'!$B$4:$V$158,15,FALSE),IF('Summary Sheet'!$M$4=""PB w/ PB Drawers"",VLOOKUP($B108,'Pwood & PB List'!$B$4:$V$158,19,FALSE))))",BLW-W3036,"IF('Summary Sheet'!$M$4=""Plywood"",VLOOKUP($B108,'Pwood & PB List'!$B$4:$V$158,10,FALSE),IF('Summary Sheet'!$M$4=""PB w/ Wood Drawers"",VLOOKUP($B108,'Pwood & PB List'!$B$4:$V$158,14,FALSE),IF('Summary Sheet'!$M$4=""PB w/ PB Drawers"",VLOOKUP($B108,'Pwood & PB List'!$B$4:$V$158,18,FALSE))))",WEO-W3036,"IF('Summary Sheet'!$M$4=""Plywood"",VLOOKUP($B108,'Pwood & PB List'!$B$4:$V$158,9,FALSE),IF('Summary Sheet'!$M$4=""PB w/ Wood Drawers"",VLOOKUP($B108,'Pwood & PB List'!$B$4:$V$158,13,FALSE),IF('Summary Sheet'!$M$4=""PB w/ PB Drawers"",VLOOKUP($B108,'Pwood & PB List'!$B$4:$V$158,17,FALSE))))",GLG-W3036,"IF('Summary Sheet'!$M$4=""Plywood"",VLOOKUP($B108,'Pwood & PB List'!$B$4:$V$158,12,FALSE),IF('Summary Sheet'!$M$4=""PB w/ Wood Drawers"",VLOOKUP($B108,'Pwood & PB List'!$B$4:$V$158,16,FALSE),IF('Summary Sheet'!$M$4=""PB w/ PB Drawers"",VLOOKUP($B108,'Pwood & PB List'!$B$4:$V$158,20,FALSE))))",NAO-W3036,"IF('Summary Sheet'!$M$4=""Plywood"",VLOOKUP($B108,'Pwood & PB List'!$B$4:$V$158,12,FALSE),IF('Summary Sheet'!$M$4=""PB w/ Wood Drawers"",VLOOKUP($B108,'Pwood & PB List'!$B$4:$V$158,16,FALSE),IF('Summary Sheet'!$M$4=""PB w/ PB Drawers"",VLOOKUP($B108,'Pwood & PB List'!$B$4:$V$158,20,FALSE))))",WHO-W3036,"IF('Summary Sheet'!$M$4=""Plywood"",VLOOKUP($B108,'Pwood & PB List'!$B$4:$V$158,9,FALSE),IF('Summary Sheet'!$M$4=""PB w/ Wood Drawers"",VLOOKUP($B108,'Pwood & PB List'!$B$4:$V$158,13,FALSE),IF('Summary Sheet'!$M$4=""PB w/ PB Drawers"",VLOOKUP($B108,'Pwood & PB List'!$B$4:$V$158,17,FALSE))))",MAW-W3036,"IF('Summary Sheet'!$M$4=""Plywood"",VLOOKUP($B108,'Pwood & PB List'!$B$4:$V$158,9,FALSE),IF('Summary Sheet'!$M$4=""PB w/ Wood Drawers"",VLOOKUP($B108,'Pwood & PB List'!$B$4:$V$158,13,FALSE),IF('Summary Sheet'!$M$4=""PB w/ PB Drawers"",VLOOKUP($B108,'Pwood & PB List'!$B$4:$V$158,17,FALSE))))",MAG-W3036,"IF('Summary Sheet'!$M$4=""Plywood"",VLOOKUP($B108,'Pwood & PB List'!$B$4:$V$158,9,FALSE),IF('Summary Sheet'!$M$4=""PB w/ Wood Drawers"",VLOOKUP($B108,'Pwood & PB List'!$B$4:$V$158,13,FALSE),IF('Summary Sheet'!$M$4=""PB w/ PB Drawers"",VLOOKUP($B108,'Pwood & PB List'!$B$4:$V$158,17,FALSE))))",MAB-W3036,"IF('Summary Sheet'!$M$4=""Plywood"",VLOOKUP($B108,'Pwood & PB List'!$B$4:$V$158,9,FALSE),IF('Summary Sheet'!$M$4=""PB w/ Wood Drawers"",VLOOKUP($B108,'Pwood & PB List'!$B$4:$V$158,13,FALSE),IF('Summary Sheet'!$M$4=""PB w/ PB Drawers"",VLOOKUP($B108,'Pwood & PB List'!$B$4:$V$158,17,FALSE))))",GLB-W3036,2,
109,"Wall Cabinet: 30"" W x 42"" H, 2 Doors & 3 Shelves",W3042,"IF('Summary Sheet'!$M$4=""Plywood"",VLOOKUP($B109,'Pwood & PB List'!$B$4:$V$158,9,FALSE),IF('Summary Sheet'!$M$4=""PB w/ Wood Drawers"",VLOOKUP($B109,'Pwood & PB List'!$B$4:$V$158,13,FALSE),IF('Summary Sheet'!$M$4=""PB w/ PB Drawers"",VLOOKUP($B109,'Pwood & PB List'!$B$4:$V$158,17,FALSE))))",GLW-W3042,"IF('Summary Sheet'!$M$4=""Plywood"",VLOOKUP($B109,'Pwood & PB List'!$B$4:$V$158,10,FALSE),IF('Summary Sheet'!$M$4=""PB w/ Wood Drawers"",VLOOKUP($B109,'Pwood & PB List'!$B$4:$V$158,14,FALSE),IF('Summary Sheet'!$M$4=""PB w/ PB Drawers"",VLOOKUP($B109,'Pwood & PB List'!$B$4:$V$158,18,FALSE))))",SLO-W3042,"IF('Summary Sheet'!$M$4=""Plywood"",VLOOKUP($B109,'Pwood & PB List'!$B$4:$V$158,11,FALSE),IF('Summary Sheet'!$M$4=""PB w/ Wood Drawers"",VLOOKUP($B109,'Pwood & PB List'!$B$4:$V$158,15,FALSE),IF('Summary Sheet'!$M$4=""PB w/ PB Drawers"",VLOOKUP($B109,'Pwood & PB List'!$B$4:$V$158,19,FALSE))))",BLW-W3042,"IF('Summary Sheet'!$M$4=""Plywood"",VLOOKUP($B109,'Pwood & PB List'!$B$4:$V$158,10,FALSE),IF('Summary Sheet'!$M$4=""PB w/ Wood Drawers"",VLOOKUP($B109,'Pwood & PB List'!$B$4:$V$158,14,FALSE),IF('Summary Sheet'!$M$4=""PB w/ PB Drawers"",VLOOKUP($B109,'Pwood & PB List'!$B$4:$V$158,18,FALSE))))",WEO-W3042,"IF('Summary Sheet'!$M$4=""Plywood"",VLOOKUP($B109,'Pwood & PB List'!$B$4:$V$158,9,FALSE),IF('Summary Sheet'!$M$4=""PB w/ Wood Drawers"",VLOOKUP($B109,'Pwood & PB List'!$B$4:$V$158,13,FALSE),IF('Summary Sheet'!$M$4=""PB w/ PB Drawers"",VLOOKUP($B109,'Pwood & PB List'!$B$4:$V$158,17,FALSE))))",GLG-W3042,"IF('Summary Sheet'!$M$4=""Plywood"",VLOOKUP($B109,'Pwood & PB List'!$B$4:$V$158,12,FALSE),IF('Summary Sheet'!$M$4=""PB w/ Wood Drawers"",VLOOKUP($B109,'Pwood & PB List'!$B$4:$V$158,16,FALSE),IF('Summary Sheet'!$M$4=""PB w/ PB Drawers"",VLOOKUP($B109,'Pwood & PB List'!$B$4:$V$158,20,FALSE))))",NAO-W3042,"IF('Summary Sheet'!$M$4=""Plywood"",VLOOKUP($B109,'Pwood & PB List'!$B$4:$V$158,12,FALSE),IF('Summary Sheet'!$M$4=""PB w/ Wood Drawers"",VLOOKUP($B109,'Pwood & PB List'!$B$4:$V$158,16,FALSE),IF('Summary Sheet'!$M$4=""PB w/ PB Drawers"",VLOOKUP($B109,'Pwood & PB List'!$B$4:$V$158,20,FALSE))))",WHO-W3042,"IF('Summary Sheet'!$M$4=""Plywood"",VLOOKUP($B109,'Pwood & PB List'!$B$4:$V$158,9,FALSE),IF('Summary Sheet'!$M$4=""PB w/ Wood Drawers"",VLOOKUP($B109,'Pwood & PB List'!$B$4:$V$158,13,FALSE),IF('Summary Sheet'!$M$4=""PB w/ PB Drawers"",VLOOKUP($B109,'Pwood & PB List'!$B$4:$V$158,17,FALSE))))",MAW-W3042,"IF('Summary Sheet'!$M$4=""Plywood"",VLOOKUP($B109,'Pwood & PB List'!$B$4:$V$158,9,FALSE),IF('Summary Sheet'!$M$4=""PB w/ Wood Drawers"",VLOOKUP($B109,'Pwood & PB List'!$B$4:$V$158,13,FALSE),IF('Summary Sheet'!$M$4=""PB w/ PB Drawers"",VLOOKUP($B109,'Pwood & PB List'!$B$4:$V$158,17,FALSE))))",MAG-W3042,"IF('Summary Sheet'!$M$4=""Plywood"",VLOOKUP($B109,'Pwood & PB List'!$B$4:$V$158,9,FALSE),IF('Summary Sheet'!$M$4=""PB w/ Wood Drawers"",VLOOKUP($B109,'Pwood & PB List'!$B$4:$V$158,13,FALSE),IF('Summary Sheet'!$M$4=""PB w/ PB Drawers"",VLOOKUP($B109,'Pwood & PB List'!$B$4:$V$158,17,FALSE))))",MAB-W3042,"IF('Summary Sheet'!$M$4=""Plywood"",VLOOKUP($B109,'Pwood & PB List'!$B$4:$V$158,9,FALSE),IF('Summary Sheet'!$M$4=""PB w/ Wood Drawers"",VLOOKUP($B109,'Pwood & PB List'!$B$4:$V$158,13,FALSE),IF('Summary Sheet'!$M$4=""PB w/ PB Drawers"",VLOOKUP($B109,'Pwood & PB List'!$B$4:$V$158,17,FALSE))))",GLB-W3042,2,
110,"Wall Cabinet: 33"" W x 30"" H, 2 Doors & 2 Shelves",W3330,"IF('Summary Sheet'!$M$4=""Plywood"",VLOOKUP($B110,'Pwood & PB List'!$B$4:$V$158,9,FALSE),IF('Summary Sheet'!$M$4=""PB w/ Wood Drawers"",VLOOKUP($B110,'Pwood & PB List'!$B$4:$V$158,13,FALSE),IF('Summary Sheet'!$M$4=""PB w/ PB Drawers"",VLOOKUP($B110,'Pwood & PB List'!$B$4:$V$158,17,FALSE))))",GLW-W3330,"IF('Summary Sheet'!$M$4=""Plywood"",VLOOKUP($B110,'Pwood & PB List'!$B$4:$V$158,10,FALSE),IF('Summary Sheet'!$M$4=""PB w/ Wood Drawers"",VLOOKUP($B110,'Pwood & PB List'!$B$4:$V$158,14,FALSE),IF('Summary Sheet'!$M$4=""PB w/ PB Drawers"",VLOOKUP($B110,'Pwood & PB List'!$B$4:$V$158,18,FALSE))))",SLO-W3330,"IF('Summary Sheet'!$M$4=""Plywood"",VLOOKUP($B110,'Pwood & PB List'!$B$4:$V$158,11,FALSE),IF('Summary Sheet'!$M$4=""PB w/ Wood Drawers"",VLOOKUP($B110,'Pwood & PB List'!$B$4:$V$158,15,FALSE),IF('Summary Sheet'!$M$4=""PB w/ PB Drawers"",VLOOKUP($B110,'Pwood & PB List'!$B$4:$V$158,19,FALSE))))",BLW-W3330,"IF('Summary Sheet'!$M$4=""Plywood"",VLOOKUP($B110,'Pwood & PB List'!$B$4:$V$158,10,FALSE),IF('Summary Sheet'!$M$4=""PB w/ Wood Drawers"",VLOOKUP($B110,'Pwood & PB List'!$B$4:$V$158,14,FALSE),IF('Summary Sheet'!$M$4=""PB w/ PB Drawers"",VLOOKUP($B110,'Pwood & PB List'!$B$4:$V$158,18,FALSE))))",WEO-W3330,"IF('Summary Sheet'!$M$4=""Plywood"",VLOOKUP($B110,'Pwood & PB List'!$B$4:$V$158,9,FALSE),IF('Summary Sheet'!$M$4=""PB w/ Wood Drawers"",VLOOKUP($B110,'Pwood & PB List'!$B$4:$V$158,13,FALSE),IF('Summary Sheet'!$M$4=""PB w/ PB Drawers"",VLOOKUP($B110,'Pwood & PB List'!$B$4:$V$158,17,FALSE))))",GLG-W3330,"IF('Summary Sheet'!$M$4=""Plywood"",VLOOKUP($B110,'Pwood & PB List'!$B$4:$V$158,12,FALSE),IF('Summary Sheet'!$M$4=""PB w/ Wood Drawers"",VLOOKUP($B110,'Pwood & PB List'!$B$4:$V$158,16,FALSE),IF('Summary Sheet'!$M$4=""PB w/ PB Drawers"",VLOOKUP($B110,'Pwood & PB List'!$B$4:$V$158,20,FALSE))))",NAO-W3330,"IF('Summary Sheet'!$M$4=""Plywood"",VLOOKUP($B110,'Pwood & PB List'!$B$4:$V$158,12,FALSE),IF('Summary Sheet'!$M$4=""PB w/ Wood Drawers"",VLOOKUP($B110,'Pwood & PB List'!$B$4:$V$158,16,FALSE),IF('Summary Sheet'!$M$4=""PB w/ PB Drawers"",VLOOKUP($B110,'Pwood & PB List'!$B$4:$V$158,20,FALSE))))",WHO-W3330,"IF('Summary Sheet'!$M$4=""Plywood"",VLOOKUP($B110,'Pwood & PB List'!$B$4:$V$158,9,FALSE),IF('Summary Sheet'!$M$4=""PB w/ Wood Drawers"",VLOOKUP($B110,'Pwood & PB List'!$B$4:$V$158,13,FALSE),IF('Summary Sheet'!$M$4=""PB w/ PB Drawers"",VLOOKUP($B110,'Pwood & PB List'!$B$4:$V$158,17,FALSE))))",MAW-W3330,"IF('Summary Sheet'!$M$4=""Plywood"",VLOOKUP($B110,'Pwood & PB List'!$B$4:$V$158,9,FALSE),IF('Summary Sheet'!$M$4=""PB w/ Wood Drawers"",VLOOKUP($B110,'Pwood & PB List'!$B$4:$V$158,13,FALSE),IF('Summary Sheet'!$M$4=""PB w/ PB Drawers"",VLOOKUP($B110,'Pwood & PB List'!$B$4:$V$158,17,FALSE))))",MAG-W3330,"IF('Summary Sheet'!$M$4=""Plywood"",VLOOKUP($B110,'Pwood & PB List'!$B$4:$V$158,9,FALSE),IF('Summary Sheet'!$M$4=""PB w/ Wood Drawers"",VLOOKUP($B110,'Pwood & PB List'!$B$4:$V$158,13,FALSE),IF('Summary Sheet'!$M$4=""PB w/ PB Drawers"",VLOOKUP($B110,'Pwood & PB List'!$B$4:$V$158,17,FALSE))))",MAB-W3330,"IF('Summary Sheet'!$M$4=""Plywood"",VLOOKUP($B110,'Pwood & PB List'!$B$4:$V$158,9,FALSE),IF('Summary Sheet'!$M$4=""PB w/ Wood Drawers"",VLOOKUP($B110,'Pwood & PB List'!$B$4:$V$158,13,FALSE),IF('Summary Sheet'!$M$4=""PB w/ PB Drawers"",VLOOKUP($B110,'Pwood & PB List'!$B$4:$V$158,17,FALSE))))",GLB-W3330,2,
111,"Wall Cabinet: 33"" W x 36"" H, 2 Doors & 2 Shelves",W3336,"IF('Summary Sheet'!$M$4=""Plywood"",VLOOKUP($B111,'Pwood & PB List'!$B$4:$V$158,9,FALSE),IF('Summary Sheet'!$M$4=""PB w/ Wood Drawers"",VLOOKUP($B111,'Pwood & PB List'!$B$4:$V$158,13,FALSE),IF('Summary Sheet'!$M$4=""PB w/ PB Drawers"",VLOOKUP($B111,'Pwood & PB List'!$B$4:$V$158,17,FALSE))))",GLW-W3336,"IF('Summary Sheet'!$M$4=""Plywood"",VLOOKUP($B111,'Pwood & PB List'!$B$4:$V$158,10,FALSE),IF('Summary Sheet'!$M$4=""PB w/ Wood Drawers"",VLOOKUP($B111,'Pwood & PB List'!$B$4:$V$158,14,FALSE),IF('Summary Sheet'!$M$4=""PB w/ PB Drawers"",VLOOKUP($B111,'Pwood & PB List'!$B$4:$V$158,18,FALSE))))",SLO-W3336,"IF('Summary Sheet'!$M$4=""Plywood"",VLOOKUP($B111,'Pwood & PB List'!$B$4:$V$158,11,FALSE),IF('Summary Sheet'!$M$4=""PB w/ Wood Drawers"",VLOOKUP($B111,'Pwood & PB List'!$B$4:$V$158,15,FALSE),IF('Summary Sheet'!$M$4=""PB w/ PB Drawers"",VLOOKUP($B111,'Pwood & PB List'!$B$4:$V$158,19,FALSE))))",BLW-W3336,"IF('Summary Sheet'!$M$4=""Plywood"",VLOOKUP($B111,'Pwood & PB List'!$B$4:$V$158,10,FALSE),IF('Summary Sheet'!$M$4=""PB w/ Wood Drawers"",VLOOKUP($B111,'Pwood & PB List'!$B$4:$V$158,14,FALSE),IF('Summary Sheet'!$M$4=""PB w/ PB Drawers"",VLOOKUP($B111,'Pwood & PB List'!$B$4:$V$158,18,FALSE))))",WEO-W3336,"IF('Summary Sheet'!$M$4=""Plywood"",VLOOKUP($B111,'Pwood & PB List'!$B$4:$V$158,9,FALSE),IF('Summary Sheet'!$M$4=""PB w/ Wood Drawers"",VLOOKUP($B111,'Pwood & PB List'!$B$4:$V$158,13,FALSE),IF('Summary Sheet'!$M$4=""PB w/ PB Drawers"",VLOOKUP($B111,'Pwood & PB List'!$B$4:$V$158,17,FALSE))))",GLG-W3336,"IF('Summary Sheet'!$M$4=""Plywood"",VLOOKUP($B111,'Pwood & PB List'!$B$4:$V$158,12,FALSE),IF('Summary Sheet'!$M$4=""PB w/ Wood Drawers"",VLOOKUP($B111,'Pwood & PB List'!$B$4:$V$158,16,FALSE),IF('Summary Sheet'!$M$4=""PB w/ PB Drawers"",VLOOKUP($B111,'Pwood & PB List'!$B$4:$V$158,20,FALSE))))",NAO-W3336,"IF('Summary Sheet'!$M$4=""Plywood"",VLOOKUP($B111,'Pwood & PB List'!$B$4:$V$158,12,FALSE),IF('Summary Sheet'!$M$4=""PB w/ Wood Drawers"",VLOOKUP($B111,'Pwood & PB List'!$B$4:$V$158,16,FALSE),IF('Summary Sheet'!$M$4=""PB w/ PB Drawers"",VLOOKUP($B111,'Pwood & PB List'!$B$4:$V$158,20,FALSE))))",WHO-W3336,"IF('Summary Sheet'!$M$4=""Plywood"",VLOOKUP($B111,'Pwood & PB List'!$B$4:$V$158,9,FALSE),IF('Summary Sheet'!$M$4=""PB w/ Wood Drawers"",VLOOKUP($B111,'Pwood & PB List'!$B$4:$V$158,13,FALSE),IF('Summary Sheet'!$M$4=""PB w/ PB Drawers"",VLOOKUP($B111,'Pwood & PB List'!$B$4:$V$158,17,FALSE))))",MAW-W3336,"IF('Summary Sheet'!$M$4=""Plywood"",VLOOKUP($B111,'Pwood & PB List'!$B$4:$V$158,9,FALSE),IF('Summary Sheet'!$M$4=""PB w/ Wood Drawers"",VLOOKUP($B111,'Pwood & PB List'!$B$4:$V$158,13,FALSE),IF('Summary Sheet'!$M$4=""PB w/ PB Drawers"",VLOOKUP($B111,'Pwood & PB List'!$B$4:$V$158,17,FALSE))))",MAG-W3336,"IF('Summary Sheet'!$M$4=""Plywood"",VLOOKUP($B111,'Pwood & PB List'!$B$4:$V$158,9,FALSE),IF('Summary Sheet'!$M$4=""PB w/ Wood Drawers"",VLOOKUP($B111,'Pwood & PB List'!$B$4:$V$158,13,FALSE),IF('Summary Sheet'!$M$4=""PB w/ PB Drawers"",VLOOKUP($B111,'Pwood & PB List'!$B$4:$V$158,17,FALSE))))",MAB-W3336,"IF('Summary Sheet'!$M$4=""Plywood"",VLOOKUP($B111,'Pwood & PB List'!$B$4:$V$158,9,FALSE),IF('Summary Sheet'!$M$4=""PB w/ Wood Drawers"",VLOOKUP($B111,'Pwood & PB List'!$B$4:$V$158,13,FALSE),IF('Summary Sheet'!$M$4=""PB w/ PB Drawers"",VLOOKUP($B111,'Pwood & PB List'!$B$4:$V$158,17,FALSE))))",GLB-W3336,2,
112,"Wall Cabinet: 33"" W x 42"" H, 2 Doors & 3 Shelves",W3342,"IF('Summary Sheet'!$M$4=""Plywood"",VLOOKUP($B112,'Pwood & PB List'!$B$4:$V$158,9,FALSE),IF('Summary Sheet'!$M$4=""PB w/ Wood Drawers"",VLOOKUP($B112,'Pwood & PB List'!$B$4:$V$158,13,FALSE),IF('Summary Sheet'!$M$4=""PB w/ PB Drawers"",VLOOKUP($B112,'Pwood & PB List'!$B$4:$V$158,17,FALSE))))",GLW-W3342,"IF('Summary Sheet'!$M$4=""Plywood"",VLOOKUP($B112,'Pwood & PB List'!$B$4:$V$158,10,FALSE),IF('Summary Sheet'!$M$4=""PB w/ Wood Drawers"",VLOOKUP($B112,'Pwood & PB List'!$B$4:$V$158,14,FALSE),IF('Summary Sheet'!$M$4=""PB w/ PB Drawers"",VLOOKUP($B112,'Pwood & PB List'!$B$4:$V$158,18,FALSE))))",SLO-W3342,"IF('Summary Sheet'!$M$4=""Plywood"",VLOOKUP($B112,'Pwood & PB List'!$B$4:$V$158,11,FALSE),IF('Summary Sheet'!$M$4=""PB w/ Wood Drawers"",VLOOKUP($B112,'Pwood & PB List'!$B$4:$V$158,15,FALSE),IF('Summary Sheet'!$M$4=""PB w/ PB Drawers"",VLOOKUP($B112,'Pwood & PB List'!$B$4:$V$158,19,FALSE))))",BLW-W3342,"IF('Summary Sheet'!$M$4=""Plywood"",VLOOKUP($B112,'Pwood & PB List'!$B$4:$V$158,10,FALSE),IF('Summary Sheet'!$M$4=""PB w/ Wood Drawers"",VLOOKUP($B112,'Pwood & PB List'!$B$4:$V$158,14,FALSE),IF('Summary Sheet'!$M$4=""PB w/ PB Drawers"",VLOOKUP($B112,'Pwood & PB List'!$B$4:$V$158,18,FALSE))))",WEO-W3342,"IF('Summary Sheet'!$M$4=""Plywood"",VLOOKUP($B112,'Pwood & PB List'!$B$4:$V$158,9,FALSE),IF('Summary Sheet'!$M$4=""PB w/ Wood Drawers"",VLOOKUP($B112,'Pwood & PB List'!$B$4:$V$158,13,FALSE),IF('Summary Sheet'!$M$4=""PB w/ PB Drawers"",VLOOKUP($B112,'Pwood & PB List'!$B$4:$V$158,17,FALSE))))",GLG-W3342,"IF('Summary Sheet'!$M$4=""Plywood"",VLOOKUP($B112,'Pwood & PB List'!$B$4:$V$158,12,FALSE),IF('Summary Sheet'!$M$4=""PB w/ Wood Drawers"",VLOOKUP($B112,'Pwood & PB List'!$B$4:$V$158,16,FALSE),IF('Summary Sheet'!$M$4=""PB w/ PB Drawers"",VLOOKUP($B112,'Pwood & PB List'!$B$4:$V$158,20,FALSE))))",NAO-W3342,"IF('Summary Sheet'!$M$4=""Plywood"",VLOOKUP($B112,'Pwood & PB List'!$B$4:$V$158,12,FALSE),IF('Summary Sheet'!$M$4=""PB w/ Wood Drawers"",VLOOKUP($B112,'Pwood & PB List'!$B$4:$V$158,16,FALSE),IF('Summary Sheet'!$M$4=""PB w/ PB Drawers"",VLOOKUP($B112,'Pwood & PB List'!$B$4:$V$158,20,FALSE))))",WHO-W3342,"IF('Summary Sheet'!$M$4=""Plywood"",VLOOKUP($B112,'Pwood & PB List'!$B$4:$V$158,9,FALSE),IF('Summary Sheet'!$M$4=""PB w/ Wood Drawers"",VLOOKUP($B112,'Pwood & PB List'!$B$4:$V$158,13,FALSE),IF('Summary Sheet'!$M$4=""PB w/ PB Drawers"",VLOOKUP($B112,'Pwood & PB List'!$B$4:$V$158,17,FALSE))))",MAW-W3342,"IF('Summary Sheet'!$M$4=""Plywood"",VLOOKUP($B112,'Pwood & PB List'!$B$4:$V$158,9,FALSE),IF('Summary Sheet'!$M$4=""PB w/ Wood Drawers"",VLOOKUP($B112,'Pwood & PB List'!$B$4:$V$158,13,FALSE),IF('Summary Sheet'!$M$4=""PB w/ PB Drawers"",VLOOKUP($B112,'Pwood & PB List'!$B$4:$V$158,17,FALSE))))",MAG-W3342,"IF('Summary Sheet'!$M$4=""Plywood"",VLOOKUP($B112,'Pwood & PB List'!$B$4:$V$158,9,FALSE),IF('Summary Sheet'!$M$4=""PB w/ Wood Drawers"",VLOOKUP($B112,'Pwood & PB List'!$B$4:$V$158,13,FALSE),IF('Summary Sheet'!$M$4=""PB w/ PB Drawers"",VLOOKUP($B112,'Pwood & PB List'!$B$4:$V$158,17,FALSE))))",MAB-W3342,"IF('Summary Sheet'!$M$4=""Plywood"",VLOOKUP($B112,'Pwood & PB List'!$B$4:$V$158,9,FALSE),IF('Summary Sheet'!$M$4=""PB w/ Wood Drawers"",VLOOKUP($B112,'Pwood & PB List'!$B$4:$V$158,13,FALSE),IF('Summary Sheet'!$M$4=""PB w/ PB Drawers"",VLOOKUP($B112,'Pwood & PB List'!$B$4:$V$158,17,FALSE))))",GLB-W3342,2,
113,"Wall Cabinet: 36"" W x 30"" H, 2 Doors & 2 Shelves",W3630,"IF('Summary Sheet'!$M$4=""Plywood"",VLOOKUP($B113,'Pwood & PB List'!$B$4:$V$158,9,FALSE),IF('Summary Sheet'!$M$4=""PB w/ Wood Drawers"",VLOOKUP($B113,'Pwood & PB List'!$B$4:$V$158,13,FALSE),IF('Summary Sheet'!$M$4=""PB w/ PB Drawers"",VLOOKUP($B113,'Pwood & PB List'!$B$4:$V$158,17,FALSE))))",GLW-W3630,"IF('Summary Sheet'!$M$4=""Plywood"",VLOOKUP($B113,'Pwood & PB List'!$B$4:$V$158,10,FALSE),IF('Summary Sheet'!$M$4=""PB w/ Wood Drawers"",VLOOKUP($B113,'Pwood & PB List'!$B$4:$V$158,14,FALSE),IF('Summary Sheet'!$M$4=""PB w/ PB Drawers"",VLOOKUP($B113,'Pwood & PB List'!$B$4:$V$158,18,FALSE))))",SLO-W3630,"IF('Summary Sheet'!$M$4=""Plywood"",VLOOKUP($B113,'Pwood & PB List'!$B$4:$V$158,11,FALSE),IF('Summary Sheet'!$M$4=""PB w/ Wood Drawers"",VLOOKUP($B113,'Pwood & PB List'!$B$4:$V$158,15,FALSE),IF('Summary Sheet'!$M$4=""PB w/ PB Drawers"",VLOOKUP($B113,'Pwood & PB List'!$B$4:$V$158,19,FALSE))))",BLW-W3630,"IF('Summary Sheet'!$M$4=""Plywood"",VLOOKUP($B113,'Pwood & PB List'!$B$4:$V$158,10,FALSE),IF('Summary Sheet'!$M$4=""PB w/ Wood Drawers"",VLOOKUP($B113,'Pwood & PB List'!$B$4:$V$158,14,FALSE),IF('Summary Sheet'!$M$4=""PB w/ PB Drawers"",VLOOKUP($B113,'Pwood & PB List'!$B$4:$V$158,18,FALSE))))",WEO-W3630,"IF('Summary Sheet'!$M$4=""Plywood"",VLOOKUP($B113,'Pwood & PB List'!$B$4:$V$158,9,FALSE),IF('Summary Sheet'!$M$4=""PB w/ Wood Drawers"",VLOOKUP($B113,'Pwood & PB List'!$B$4:$V$158,13,FALSE),IF('Summary Sheet'!$M$4=""PB w/ PB Drawers"",VLOOKUP($B113,'Pwood & PB List'!$B$4:$V$158,17,FALSE))))",GLG-W3630,"IF('Summary Sheet'!$M$4=""Plywood"",VLOOKUP($B113,'Pwood & PB List'!$B$4:$V$158,12,FALSE),IF('Summary Sheet'!$M$4=""PB w/ Wood Drawers"",VLOOKUP($B113,'Pwood & PB List'!$B$4:$V$158,16,FALSE),IF('Summary Sheet'!$M$4=""PB w/ PB Drawers"",VLOOKUP($B113,'Pwood & PB List'!$B$4:$V$158,20,FALSE))))",NAO-W3630,"IF('Summary Sheet'!$M$4=""Plywood"",VLOOKUP($B113,'Pwood & PB List'!$B$4:$V$158,12,FALSE),IF('Summary Sheet'!$M$4=""PB w/ Wood Drawers"",VLOOKUP($B113,'Pwood & PB List'!$B$4:$V$158,16,FALSE),IF('Summary Sheet'!$M$4=""PB w/ PB Drawers"",VLOOKUP($B113,'Pwood & PB List'!$B$4:$V$158,20,FALSE))))",WHO-W3630,"IF('Summary Sheet'!$M$4=""Plywood"",VLOOKUP($B113,'Pwood & PB List'!$B$4:$V$158,9,FALSE),IF('Summary Sheet'!$M$4=""PB w/ Wood Drawers"",VLOOKUP($B113,'Pwood & PB List'!$B$4:$V$158,13,FALSE),IF('Summary Sheet'!$M$4=""PB w/ PB Drawers"",VLOOKUP($B113,'Pwood & PB List'!$B$4:$V$158,17,FALSE))))",MAW-W3630,"IF('Summary Sheet'!$M$4=""Plywood"",VLOOKUP($B113,'Pwood & PB List'!$B$4:$V$158,9,FALSE),IF('Summary Sheet'!$M$4=""PB w/ Wood Drawers"",VLOOKUP($B113,'Pwood & PB List'!$B$4:$V$158,13,FALSE),IF('Summary Sheet'!$M$4=""PB w/ PB Drawers"",VLOOKUP($B113,'Pwood & PB List'!$B$4:$V$158,17,FALSE))))",MAG-W3630,"IF('Summary Sheet'!$M$4=""Plywood"",VLOOKUP($B113,'Pwood & PB List'!$B$4:$V$158,9,FALSE),IF('Summary Sheet'!$M$4=""PB w/ Wood Drawers"",VLOOKUP($B113,'Pwood & PB List'!$B$4:$V$158,13,FALSE),IF('Summary Sheet'!$M$4=""PB w/ PB Drawers"",VLOOKUP($B113,'Pwood & PB List'!$B$4:$V$158,17,FALSE))))",MAB-W3630,"IF('Summary Sheet'!$M$4=""Plywood"",VLOOKUP($B113,'Pwood & PB List'!$B$4:$V$158,9,FALSE),IF('Summary Sheet'!$M$4=""PB w/ Wood Drawers"",VLOOKUP($B113,'Pwood & PB List'!$B$4:$V$158,13,FALSE),IF('Summary Sheet'!$M$4=""PB w/ PB Drawers"",VLOOKUP($B113,'Pwood & PB List'!$B$4:$V$158,17,FALSE))))",GLB-W3630,2,
114,"Wall Cabinet: 36"" W x 36"" H, 2 Doors & 2 Shelves",W3636,"IF('Summary Sheet'!$M$4=""Plywood"",VLOOKUP($B114,'Pwood & PB List'!$B$4:$V$158,9,FALSE),IF('Summary Sheet'!$M$4=""PB w/ Wood Drawers"",VLOOKUP($B114,'Pwood & PB List'!$B$4:$V$158,13,FALSE),IF('Summary Sheet'!$M$4=""PB w/ PB Drawers"",VLOOKUP($B114,'Pwood & PB List'!$B$4:$V$158,17,FALSE))))",GLW-W3636,"IF('Summary Sheet'!$M$4=""Plywood"",VLOOKUP($B114,'Pwood & PB List'!$B$4:$V$158,10,FALSE),IF('Summary Sheet'!$M$4=""PB w/ Wood Drawers"",VLOOKUP($B114,'Pwood & PB List'!$B$4:$V$158,14,FALSE),IF('Summary Sheet'!$M$4=""PB w/ PB Drawers"",VLOOKUP($B114,'Pwood & PB List'!$B$4:$V$158,18,FALSE))))",SLO-W3636,"IF('Summary Sheet'!$M$4=""Plywood"",VLOOKUP($B114,'Pwood & PB List'!$B$4:$V$158,11,FALSE),IF('Summary Sheet'!$M$4=""PB w/ Wood Drawers"",VLOOKUP($B114,'Pwood & PB List'!$B$4:$V$158,15,FALSE),IF('Summary Sheet'!$M$4=""PB w/ PB Drawers"",VLOOKUP($B114,'Pwood & PB List'!$B$4:$V$158,19,FALSE))))",BLW-W3636,"IF('Summary Sheet'!$M$4=""Plywood"",VLOOKUP($B114,'Pwood & PB List'!$B$4:$V$158,10,FALSE),IF('Summary Sheet'!$M$4=""PB w/ Wood Drawers"",VLOOKUP($B114,'Pwood & PB List'!$B$4:$V$158,14,FALSE),IF('Summary Sheet'!$M$4=""PB w/ PB Drawers"",VLOOKUP($B114,'Pwood & PB List'!$B$4:$V$158,18,FALSE))))",WEO-W3636,"IF('Summary Sheet'!$M$4=""Plywood"",VLOOKUP($B114,'Pwood & PB List'!$B$4:$V$158,9,FALSE),IF('Summary Sheet'!$M$4=""PB w/ Wood Drawers"",VLOOKUP($B114,'Pwood & PB List'!$B$4:$V$158,13,FALSE),IF('Summary Sheet'!$M$4=""PB w/ PB Drawers"",VLOOKUP($B114,'Pwood & PB List'!$B$4:$V$158,17,FALSE))))",GLG-W3636,"IF('Summary Sheet'!$M$4=""Plywood"",VLOOKUP($B114,'Pwood & PB List'!$B$4:$V$158,12,FALSE),IF('Summary Sheet'!$M$4=""PB w/ Wood Drawers"",VLOOKUP($B114,'Pwood & PB List'!$B$4:$V$158,16,FALSE),IF('Summary Sheet'!$M$4=""PB w/ PB Drawers"",VLOOKUP($B114,'Pwood & PB List'!$B$4:$V$158,20,FALSE))))",NAO-W3636,"IF('Summary Sheet'!$M$4=""Plywood"",VLOOKUP($B114,'Pwood & PB List'!$B$4:$V$158,12,FALSE),IF('Summary Sheet'!$M$4=""PB w/ Wood Drawers"",VLOOKUP($B114,'Pwood & PB List'!$B$4:$V$158,16,FALSE),IF('Summary Sheet'!$M$4=""PB w/ PB Drawers"",VLOOKUP($B114,'Pwood & PB List'!$B$4:$V$158,20,FALSE))))",WHO-W3636,"IF('Summary Sheet'!$M$4=""Plywood"",VLOOKUP($B114,'Pwood & PB List'!$B$4:$V$158,9,FALSE),IF('Summary Sheet'!$M$4=""PB w/ Wood Drawers"",VLOOKUP($B114,'Pwood & PB List'!$B$4:$V$158,13,FALSE),IF('Summary Sheet'!$M$4=""PB w/ PB Drawers"",VLOOKUP($B114,'Pwood & PB List'!$B$4:$V$158,17,FALSE))))",MAW-W3636,"IF('Summary Sheet'!$M$4=""Plywood"",VLOOKUP($B114,'Pwood & PB List'!$B$4:$V$158,9,FALSE),IF('Summary Sheet'!$M$4=""PB w/ Wood Drawers"",VLOOKUP($B114,'Pwood & PB List'!$B$4:$V$158,13,FALSE),IF('Summary Sheet'!$M$4=""PB w/ PB Drawers"",VLOOKUP($B114,'Pwood & PB List'!$B$4:$V$158,17,FALSE))))",MAG-W3636,"IF('Summary Sheet'!$M$4=""Plywood"",VLOOKUP($B114,'Pwood & PB List'!$B$4:$V$158,9,FALSE),IF('Summary Sheet'!$M$4=""PB w/ Wood Drawers"",VLOOKUP($B114,'Pwood & PB List'!$B$4:$V$158,13,FALSE),IF('Summary Sheet'!$M$4=""PB w/ PB Drawers"",VLOOKUP($B114,'Pwood & PB List'!$B$4:$V$158,17,FALSE))))",MAB-W3636,"IF('Summary Sheet'!$M$4=""Plywood"",VLOOKUP($B114,'Pwood & PB List'!$B$4:$V$158,9,FALSE),IF('Summary Sheet'!$M$4=""PB w/ Wood Drawers"",VLOOKUP($B114,'Pwood & PB List'!$B$4:$V$158,13,FALSE),IF('Summary Sheet'!$M$4=""PB w/ PB Drawers"",VLOOKUP($B114,'Pwood & PB List'!$B$4:$V$158,17,FALSE))))",GLB-W3636,2,
115,"Wall Cabinet: 36"" W x 42"" H, 2 Doors & 3 Shelves",W3642,"IF('Summary Sheet'!$M$4=""Plywood"",VLOOKUP($B115,'Pwood & PB List'!$B$4:$V$158,9,FALSE),IF('Summary Sheet'!$M$4=""PB w/ Wood Drawers"",VLOOKUP($B115,'Pwood & PB List'!$B$4:$V$158,13,FALSE),IF('Summary Sheet'!$M$4=""PB w/ PB Drawers"",VLOOKUP($B115,'Pwood & PB List'!$B$4:$V$158,17,FALSE))))",GLW-W3642,"IF('Summary Sheet'!$M$4=""Plywood"",VLOOKUP($B115,'Pwood & PB List'!$B$4:$V$158,10,FALSE),IF('Summary Sheet'!$M$4=""PB w/ Wood Drawers"",VLOOKUP($B115,'Pwood & PB List'!$B$4:$V$158,14,FALSE),IF('Summary Sheet'!$M$4=""PB w/ PB Drawers"",VLOOKUP($B115,'Pwood & PB List'!$B$4:$V$158,18,FALSE))))",SLO-W3642,"IF('Summary Sheet'!$M$4=""Plywood"",VLOOKUP($B115,'Pwood & PB List'!$B$4:$V$158,11,FALSE),IF('Summary Sheet'!$M$4=""PB w/ Wood Drawers"",VLOOKUP($B115,'Pwood & PB List'!$B$4:$V$158,15,FALSE),IF('Summary Sheet'!$M$4=""PB w/ PB Drawers"",VLOOKUP($B115,'Pwood & PB List'!$B$4:$V$158,19,FALSE))))",BLW-W3642,"IF('Summary Sheet'!$M$4=""Plywood"",VLOOKUP($B115,'Pwood & PB List'!$B$4:$V$158,10,FALSE),IF('Summary Sheet'!$M$4=""PB w/ Wood Drawers"",VLOOKUP($B115,'Pwood & PB List'!$B$4:$V$158,14,FALSE),IF('Summary Sheet'!$M$4=""PB w/ PB Drawers"",VLOOKUP($B115,'Pwood & PB List'!$B$4:$V$158,18,FALSE))))",WEO-W3642,"IF('Summary Sheet'!$M$4=""Plywood"",VLOOKUP($B115,'Pwood & PB List'!$B$4:$V$158,9,FALSE),IF('Summary Sheet'!$M$4=""PB w/ Wood Drawers"",VLOOKUP($B115,'Pwood & PB List'!$B$4:$V$158,13,FALSE),IF('Summary Sheet'!$M$4=""PB w/ PB Drawers"",VLOOKUP($B115,'Pwood & PB List'!$B$4:$V$158,17,FALSE))))",GLG-W3642,"IF('Summary Sheet'!$M$4=""Plywood"",VLOOKUP($B115,'Pwood & PB List'!$B$4:$V$158,12,FALSE),IF('Summary Sheet'!$M$4=""PB w/ Wood Drawers"",VLOOKUP($B115,'Pwood & PB List'!$B$4:$V$158,16,FALSE),IF('Summary Sheet'!$M$4=""PB w/ PB Drawers"",VLOOKUP($B115,'Pwood & PB List'!$B$4:$V$158,20,FALSE))))",NAO-W3642,"IF('Summary Sheet'!$M$4=""Plywood"",VLOOKUP($B115,'Pwood & PB List'!$B$4:$V$158,12,FALSE),IF('Summary Sheet'!$M$4=""PB w/ Wood Drawers"",VLOOKUP($B115,'Pwood & PB List'!$B$4:$V$158,16,FALSE),IF('Summary Sheet'!$M$4=""PB w/ PB Drawers"",VLOOKUP($B115,'Pwood & PB List'!$B$4:$V$158,20,FALSE))))",WHO-W3642,"IF('Summary Sheet'!$M$4=""Plywood"",VLOOKUP($B115,'Pwood & PB List'!$B$4:$V$158,9,FALSE),IF('Summary Sheet'!$M$4=""PB w/ Wood Drawers"",VLOOKUP($B115,'Pwood & PB List'!$B$4:$V$158,13,FALSE),IF('Summary Sheet'!$M$4=""PB w/ PB Drawers"",VLOOKUP($B115,'Pwood & PB List'!$B$4:$V$158,17,FALSE))))",MAW-W3642,"IF('Summary Sheet'!$M$4=""Plywood"",VLOOKUP($B115,'Pwood & PB List'!$B$4:$V$158,9,FALSE),IF('Summary Sheet'!$M$4=""PB w/ Wood Drawers"",VLOOKUP($B115,'Pwood & PB List'!$B$4:$V$158,13,FALSE),IF('Summary Sheet'!$M$4=""PB w/ PB Drawers"",VLOOKUP($B115,'Pwood & PB List'!$B$4:$V$158,17,FALSE))))",MAG-W3642,"IF('Summary Sheet'!$M$4=""Plywood"",VLOOKUP($B115,'Pwood & PB List'!$B$4:$V$158,9,FALSE),IF('Summary Sheet'!$M$4=""PB w/ Wood Drawers"",VLOOKUP($B115,'Pwood & PB List'!$B$4:$V$158,13,FALSE),IF('Summary Sheet'!$M$4=""PB w/ PB Drawers"",VLOOKUP($B115,'Pwood & PB List'!$B$4:$V$158,17,FALSE))))",MAB-W3642,"IF('Summary Sheet'!$M$4=""Plywood"",VLOOKUP($B115,'Pwood & PB List'!$B$4:$V$158,9,FALSE),IF('Summary Sheet'!$M$4=""PB w/ Wood Drawers"",VLOOKUP($B115,'Pwood & PB List'!$B$4:$V$158,13,FALSE),IF('Summary Sheet'!$M$4=""PB w/ PB Drawers"",VLOOKUP($B115,'Pwood & PB List'!$B$4:$V$158,17,FALSE))))",GLB-W3642,2,
116,"Wall Diagonal Cabinets, 13"" Depth",,,,,,,,,,,,,,,,,,,,,,,,,
117,"Wall Diagonal Corner: 24"" Wide x 30"" High, 1 Door & 2 Shelves",WDC2430,"IF('Summary Sheet'!$M$4=""Plywood"",VLOOKUP($B117,'Pwood & PB List'!$B$4:$V$158,9,FALSE),IF('Summary Sheet'!$M$4=""PB w/ Wood Drawers"",VLOOKUP($B117,'Pwood & PB List'!$B$4:$V$158,13,FALSE),IF('Summary Sheet'!$M$4=""PB w/ PB Drawers"",VLOOKUP($B117,'Pwood & PB List'!$B$4:$V$158,17,FALSE))))","CONCATENATE(""GLW-"",B117)","IF('Summary Sheet'!$M$4=""Plywood"",VLOOKUP($B117,'Pwood & PB List'!$B$4:$V$158,10,FALSE),IF('Summary Sheet'!$M$4=""PB w/ Wood Drawers"",VLOOKUP($B117,'Pwood & PB List'!$B$4:$V$158,14,FALSE),IF('Summary Sheet'!$M$4=""PB w/ PB Drawers"",VLOOKUP($B117,'Pwood & PB List'!$B$4:$V$158,18,FALSE))))","CONCATENATE(""SLO-"",B117)","IF('Summary Sheet'!$M$4=""Plywood"",VLOOKUP($B117,'Pwood & PB List'!$B$4:$V$158,11,FALSE),IF('Summary Sheet'!$M$4=""PB w/ Wood Drawers"",VLOOKUP($B117,'Pwood & PB List'!$B$4:$V$158,15,FALSE),IF('Summary Sheet'!$M$4=""PB w/ PB Drawers"",VLOOKUP($B117,'Pwood & PB List'!$B$4:$V$158,19,FALSE))))","CONCATENATE(""BLW-"",B117)","IF('Summary Sheet'!$M$4=""Plywood"",VLOOKUP($B117,'Pwood & PB List'!$B$4:$V$158,10,FALSE),IF('Summary Sheet'!$M$4=""PB w/ Wood Drawers"",VLOOKUP($B117,'Pwood & PB List'!$B$4:$V$158,14,FALSE),IF('Summary Sheet'!$M$4=""PB w/ PB Drawers"",VLOOKUP($B117,'Pwood & PB List'!$B$4:$V$158,18,FALSE))))","CONCATENATE(""WEO-"",B117)","IF('Summary Sheet'!$M$4=""Plywood"",VLOOKUP($B117,'Pwood & PB List'!$B$4:$V$158,9,FALSE),IF('Summary Sheet'!$M$4=""PB w/ Wood Drawers"",VLOOKUP($B117,'Pwood & PB List'!$B$4:$V$158,13,FALSE),IF('Summary Sheet'!$M$4=""PB w/ PB Drawers"",VLOOKUP($B117,'Pwood & PB List'!$B$4:$V$158,17,FALSE))))","CONCATENATE(""GLG-"",B117)","IF('Summary Sheet'!$M$4=""Plywood"",VLOOKUP($B117,'Pwood & PB List'!$B$4:$V$158,12,FALSE),IF('Summary Sheet'!$M$4=""PB w/ Wood Drawers"",VLOOKUP($B117,'Pwood & PB List'!$B$4:$V$158,16,FALSE),IF('Summary Sheet'!$M$4=""PB w/ PB Drawers"",VLOOKUP($B117,'Pwood & PB List'!$B$4:$V$158,20,FALSE))))","CONCATENATE(""NAO-"",B117)","IF('Summary Sheet'!$M$4=""Plywood"",VLOOKUP($B117,'Pwood & PB List'!$B$4:$V$158,12,FALSE),IF('Summary Sheet'!$M$4=""PB w/ Wood Drawers"",VLOOKUP($B117,'Pwood & PB List'!$B$4:$V$158,16,FALSE),IF('Summary Sheet'!$M$4=""PB w/ PB Drawers"",VLOOKUP($B117,'Pwood & PB List'!$B$4:$V$158,20,FALSE))))","CONCATENATE(""WHO-"",B117)","IF('Summary Sheet'!$M$4=""Plywood"",VLOOKUP($B117,'Pwood & PB List'!$B$4:$V$158,9,FALSE),IF('Summary Sheet'!$M$4=""PB w/ Wood Drawers"",VLOOKUP($B117,'Pwood & PB List'!$B$4:$V$158,13,FALSE),IF('Summary Sheet'!$M$4=""PB w/ PB Drawers"",VLOOKUP($B117,'Pwood & PB List'!$B$4:$V$158,17,FALSE))))","CONCATENATE(""MAW-"",B117)","IF('Summary Sheet'!$M$4=""Plywood"",VLOOKUP($B117,'Pwood & PB List'!$B$4:$V$158,9,FALSE),IF('Summary Sheet'!$M$4=""PB w/ Wood Drawers"",VLOOKUP($B117,'Pwood & PB List'!$B$4:$V$158,13,FALSE),IF('Summary Sheet'!$M$4=""PB w/ PB Drawers"",VLOOKUP($B117,'Pwood & PB List'!$B$4:$V$158,17,FALSE))))","CONCATENATE(""MAG-"",B117)","IF('Summary Sheet'!$M$4=""Plywood"",VLOOKUP($B117,'Pwood & PB List'!$B$4:$V$158,9,FALSE),IF('Summary Sheet'!$M$4=""PB w/ Wood Drawers"",VLOOKUP($B117,'Pwood & PB List'!$B$4:$V$158,13,FALSE),IF('Summary Sheet'!$M$4=""PB w/ PB Drawers"",VLOOKUP($B117,'Pwood & PB List'!$B$4:$V$158,17,FALSE))))","CONCATENATE(""MAB-"",B117)","IF('Summary Sheet'!$M$4=""Plywood"",VLOOKUP($B117,'Pwood & PB List'!$B$4:$V$158,9,FALSE),IF('Summary Sheet'!$M$4=""PB w/ Wood Drawers"",VLOOKUP($B117,'Pwood & PB List'!$B$4:$V$158,13,FALSE),IF('Summary Sheet'!$M$4=""PB w/ PB Drawers"",VLOOKUP($B117,'Pwood & PB List'!$B$4:$V$158,17,FALSE))))","CONCATENATE(""GLB-"",B117)",1,
118,"Wall Diagonal Corner: 24"" Wide x 36"" High, 1 Door & 2 Shelves",WDC2436,"IF('Summary Sheet'!$M$4=""Plywood"",VLOOKUP($B118,'Pwood & PB List'!$B$4:$V$158,9,FALSE),IF('Summary Sheet'!$M$4=""PB w/ Wood Drawers"",VLOOKUP($B118,'Pwood & PB List'!$B$4:$V$158,13,FALSE),IF('Summary Sheet'!$M$4=""PB w/ PB Drawers"",VLOOKUP($B118,'Pwood & PB List'!$B$4:$V$158,17,FALSE))))",GLW-WDC2436,"IF('Summary Sheet'!$M$4=""Plywood"",VLOOKUP($B118,'Pwood & PB List'!$B$4:$V$158,10,FALSE),IF('Summary Sheet'!$M$4=""PB w/ Wood Drawers"",VLOOKUP($B118,'Pwood & PB List'!$B$4:$V$158,14,FALSE),IF('Summary Sheet'!$M$4=""PB w/ PB Drawers"",VLOOKUP($B118,'Pwood & PB List'!$B$4:$V$158,18,FALSE))))",SLO-WDC2436,"IF('Summary Sheet'!$M$4=""Plywood"",VLOOKUP($B118,'Pwood & PB List'!$B$4:$V$158,11,FALSE),IF('Summary Sheet'!$M$4=""PB w/ Wood Drawers"",VLOOKUP($B118,'Pwood & PB List'!$B$4:$V$158,15,FALSE),IF('Summary Sheet'!$M$4=""PB w/ PB Drawers"",VLOOKUP($B118,'Pwood & PB List'!$B$4:$V$158,19,FALSE))))",BLW-WDC2436,"IF('Summary Sheet'!$M$4=""Plywood"",VLOOKUP($B118,'Pwood & PB List'!$B$4:$V$158,10,FALSE),IF('Summary Sheet'!$M$4=""PB w/ Wood Drawers"",VLOOKUP($B118,'Pwood & PB List'!$B$4:$V$158,14,FALSE),IF('Summary Sheet'!$M$4=""PB w/ PB Drawers"",VLOOKUP($B118,'Pwood & PB List'!$B$4:$V$158,18,FALSE))))",WEO-WDC2436,"IF('Summary Sheet'!$M$4=""Plywood"",VLOOKUP($B118,'Pwood & PB List'!$B$4:$V$158,9,FALSE),IF('Summary Sheet'!$M$4=""PB w/ Wood Drawers"",VLOOKUP($B118,'Pwood & PB List'!$B$4:$V$158,13,FALSE),IF('Summary Sheet'!$M$4=""PB w/ PB Drawers"",VLOOKUP($B118,'Pwood & PB List'!$B$4:$V$158,17,FALSE))))",GLG-WDC2436,"IF('Summary Sheet'!$M$4=""Plywood"",VLOOKUP($B118,'Pwood & PB List'!$B$4:$V$158,12,FALSE),IF('Summary Sheet'!$M$4=""PB w/ Wood Drawers"",VLOOKUP($B118,'Pwood & PB List'!$B$4:$V$158,16,FALSE),IF('Summary Sheet'!$M$4=""PB w/ PB Drawers"",VLOOKUP($B118,'Pwood & PB List'!$B$4:$V$158,20,FALSE))))",NAO-WDC2436,"IF('Summary Sheet'!$M$4=""Plywood"",VLOOKUP($B118,'Pwood & PB List'!$B$4:$V$158,12,FALSE),IF('Summary Sheet'!$M$4=""PB w/ Wood Drawers"",VLOOKUP($B118,'Pwood & PB List'!$B$4:$V$158,16,FALSE),IF('Summary Sheet'!$M$4=""PB w/ PB Drawers"",VLOOKUP($B118,'Pwood & PB List'!$B$4:$V$158,20,FALSE))))",WHO-WDC2436,"IF('Summary Sheet'!$M$4=""Plywood"",VLOOKUP($B118,'Pwood & PB List'!$B$4:$V$158,9,FALSE),IF('Summary Sheet'!$M$4=""PB w/ Wood Drawers"",VLOOKUP($B118,'Pwood & PB List'!$B$4:$V$158,13,FALSE),IF('Summary Sheet'!$M$4=""PB w/ PB Drawers"",VLOOKUP($B118,'Pwood & PB List'!$B$4:$V$158,17,FALSE))))",MAW-WDC2436,"IF('Summary Sheet'!$M$4=""Plywood"",VLOOKUP($B118,'Pwood & PB List'!$B$4:$V$158,9,FALSE),IF('Summary Sheet'!$M$4=""PB w/ Wood Drawers"",VLOOKUP($B118,'Pwood & PB List'!$B$4:$V$158,13,FALSE),IF('Summary Sheet'!$M$4=""PB w/ PB Drawers"",VLOOKUP($B118,'Pwood & PB List'!$B$4:$V$158,17,FALSE))))",MAG-WDC2436,"IF('Summary Sheet'!$M$4=""Plywood"",VLOOKUP($B118,'Pwood & PB List'!$B$4:$V$158,9,FALSE),IF('Summary Sheet'!$M$4=""PB w/ Wood Drawers"",VLOOKUP($B118,'Pwood & PB List'!$B$4:$V$158,13,FALSE),IF('Summary Sheet'!$M$4=""PB w/ PB Drawers"",VLOOKUP($B118,'Pwood & PB List'!$B$4:$V$158,17,FALSE))))",MAB-WDC2436,"IF('Summary Sheet'!$M$4=""Plywood"",VLOOKUP($B118,'Pwood & PB List'!$B$4:$V$158,9,FALSE),IF('Summary Sheet'!$M$4=""PB w/ Wood Drawers"",VLOOKUP($B118,'Pwood & PB List'!$B$4:$V$158,13,FALSE),IF('Summary Sheet'!$M$4=""PB w/ PB Drawers"",VLOOKUP($B118,'Pwood & PB List'!$B$4:$V$158,17,FALSE))))",GLB-WDC2436,1,
119,"Wall Diagonal Corner: 24"" Wide x 30"" High, 1 Door & 3 Shelves",WDC2442,"IF('Summary Sheet'!$M$4=""Plywood"",VLOOKUP($B119,'Pwood & PB List'!$B$4:$V$158,9,FALSE),IF('Summary Sheet'!$M$4=""PB w/ Wood Drawers"",VLOOKUP($B119,'Pwood & PB List'!$B$4:$V$158,13,FALSE),IF('Summary Sheet'!$M$4=""PB w/ PB Drawers"",VLOOKUP($B119,'Pwood & PB List'!$B$4:$V$158,17,FALSE))))",GLW-WDC2442,"IF('Summary Sheet'!$M$4=""Plywood"",VLOOKUP($B119,'Pwood & PB List'!$B$4:$V$158,10,FALSE),IF('Summary Sheet'!$M$4=""PB w/ Wood Drawers"",VLOOKUP($B119,'Pwood & PB List'!$B$4:$V$158,14,FALSE),IF('Summary Sheet'!$M$4=""PB w/ PB Drawers"",VLOOKUP($B119,'Pwood & PB List'!$B$4:$V$158,18,FALSE))))",SLO-WDC2442,"IF('Summary Sheet'!$M$4=""Plywood"",VLOOKUP($B119,'Pwood & PB List'!$B$4:$V$158,11,FALSE),IF('Summary Sheet'!$M$4=""PB w/ Wood Drawers"",VLOOKUP($B119,'Pwood & PB List'!$B$4:$V$158,15,FALSE),IF('Summary Sheet'!$M$4=""PB w/ PB Drawers"",VLOOKUP($B119,'Pwood & PB List'!$B$4:$V$158,19,FALSE))))",BLW-WDC2442,"IF('Summary Sheet'!$M$4=""Plywood"",VLOOKUP($B119,'Pwood & PB List'!$B$4:$V$158,10,FALSE),IF('Summary Sheet'!$M$4=""PB w/ Wood Drawers"",VLOOKUP($B119,'Pwood & PB List'!$B$4:$V$158,14,FALSE),IF('Summary Sheet'!$M$4=""PB w/ PB Drawers"",VLOOKUP($B119,'Pwood & PB List'!$B$4:$V$158,18,FALSE))))",WEO-WDC2442,"IF('Summary Sheet'!$M$4=""Plywood"",VLOOKUP($B119,'Pwood & PB List'!$B$4:$V$158,9,FALSE),IF('Summary Sheet'!$M$4=""PB w/ Wood Drawers"",VLOOKUP($B119,'Pwood & PB List'!$B$4:$V$158,13,FALSE),IF('Summary Sheet'!$M$4=""PB w/ PB Drawers"",VLOOKUP($B119,'Pwood & PB List'!$B$4:$V$158,17,FALSE))))",GLG-WDC2442,"IF('Summary Sheet'!$M$4=""Plywood"",VLOOKUP($B119,'Pwood & PB List'!$B$4:$V$158,12,FALSE),IF('Summary Sheet'!$M$4=""PB w/ Wood Drawers"",VLOOKUP($B119,'Pwood & PB List'!$B$4:$V$158,16,FALSE),IF('Summary Sheet'!$M$4=""PB w/ PB Drawers"",VLOOKUP($B119,'Pwood & PB List'!$B$4:$V$158,20,FALSE))))",NAO-WDC2442,"IF('Summary Sheet'!$M$4=""Plywood"",VLOOKUP($B119,'Pwood & PB List'!$B$4:$V$158,12,FALSE),IF('Summary Sheet'!$M$4=""PB w/ Wood Drawers"",VLOOKUP($B119,'Pwood & PB List'!$B$4:$V$158,16,FALSE),IF('Summary Sheet'!$M$4=""PB w/ PB Drawers"",VLOOKUP($B119,'Pwood & PB List'!$B$4:$V$158,20,FALSE))))",WHO-WDC2442,"IF('Summary Sheet'!$M$4=""Plywood"",VLOOKUP($B119,'Pwood & PB List'!$B$4:$V$158,9,FALSE),IF('Summary Sheet'!$M$4=""PB w/ Wood Drawers"",VLOOKUP($B119,'Pwood & PB List'!$B$4:$V$158,13,FALSE),IF('Summary Sheet'!$M$4=""PB w/ PB Drawers"",VLOOKUP($B119,'Pwood & PB List'!$B$4:$V$158,17,FALSE))))",MAW-WDC2442,"IF('Summary Sheet'!$M$4=""Plywood"",VLOOKUP($B119,'Pwood & PB List'!$B$4:$V$158,9,FALSE),IF('Summary Sheet'!$M$4=""PB w/ Wood Drawers"",VLOOKUP($B119,'Pwood & PB List'!$B$4:$V$158,13,FALSE),IF('Summary Sheet'!$M$4=""PB w/ PB Drawers"",VLOOKUP($B119,'Pwood & PB List'!$B$4:$V$158,17,FALSE))))",MAG-WDC2442,"IF('Summary Sheet'!$M$4=""Plywood"",VLOOKUP($B119,'Pwood & PB List'!$B$4:$V$158,9,FALSE),IF('Summary Sheet'!$M$4=""PB w/ Wood Drawers"",VLOOKUP($B119,'Pwood & PB List'!$B$4:$V$158,13,FALSE),IF('Summary Sheet'!$M$4=""PB w/ PB Drawers"",VLOOKUP($B119,'Pwood & PB List'!$B$4:$V$158,17,FALSE))))",MAB-WDC2442,"IF('Summary Sheet'!$M$4=""Plywood"",VLOOKUP($B119,'Pwood & PB List'!$B$4:$V$158,9,FALSE),IF('Summary Sheet'!$M$4=""PB w/ Wood Drawers"",VLOOKUP($B119,'Pwood & PB List'!$B$4:$V$158,13,FALSE),IF('Summary Sheet'!$M$4=""PB w/ PB Drawers"",VLOOKUP($B119,'Pwood & PB List'!$B$4:$V$158,17,FALSE))))",GLB-WDC2442,1,
120,"Wall Diagonal Corner: 27"" Wide x 30"" High, 1 Door & 2 Shelves",WDC2730,"IF('Summary Sheet'!$M$4=""Plywood"",VLOOKUP($B120,'Pwood & PB List'!$B$4:$V$158,9,FALSE),IF('Summary Sheet'!$M$4=""PB w/ Wood Drawers"",VLOOKUP($B120,'Pwood & PB List'!$B$4:$V$158,13,FALSE),IF('Summary Sheet'!$M$4=""PB w/ PB Drawers"",VLOOKUP($B120,'Pwood & PB List'!$B$4:$V$158,17,FALSE))))",GLW-WDC2730,"IF('Summary Sheet'!$M$4=""Plywood"",VLOOKUP($B120,'Pwood & PB List'!$B$4:$V$158,10,FALSE),IF('Summary Sheet'!$M$4=""PB w/ Wood Drawers"",VLOOKUP($B120,'Pwood & PB List'!$B$4:$V$158,14,FALSE),IF('Summary Sheet'!$M$4=""PB w/ PB Drawers"",VLOOKUP($B120,'Pwood & PB List'!$B$4:$V$158,18,FALSE))))",SLO-WDC2730,"IF('Summary Sheet'!$M$4=""Plywood"",VLOOKUP($B120,'Pwood & PB List'!$B$4:$V$158,11,FALSE),IF('Summary Sheet'!$M$4=""PB w/ Wood Drawers"",VLOOKUP($B120,'Pwood & PB List'!$B$4:$V$158,15,FALSE),IF('Summary Sheet'!$M$4=""PB w/ PB Drawers"",VLOOKUP($B120,'Pwood & PB List'!$B$4:$V$158,19,FALSE))))",BLW-WDC2730,"IF('Summary Sheet'!$M$4=""Plywood"",VLOOKUP($B120,'Pwood & PB List'!$B$4:$V$158,10,FALSE),IF('Summary Sheet'!$M$4=""PB w/ Wood Drawers"",VLOOKUP($B120,'Pwood & PB List'!$B$4:$V$158,14,FALSE),IF('Summary Sheet'!$M$4=""PB w/ PB Drawers"",VLOOKUP($B120,'Pwood & PB List'!$B$4:$V$158,18,FALSE))))",WEO-WDC2730,"IF('Summary Sheet'!$M$4=""Plywood"",VLOOKUP($B120,'Pwood & PB List'!$B$4:$V$158,9,FALSE),IF('Summary Sheet'!$M$4=""PB w/ Wood Drawers"",VLOOKUP($B120,'Pwood & PB List'!$B$4:$V$158,13,FALSE),IF('Summary Sheet'!$M$4=""PB w/ PB Drawers"",VLOOKUP($B120,'Pwood & PB List'!$B$4:$V$158,17,FALSE))))",GLG-WDC2730,"IF('Summary Sheet'!$M$4=""Plywood"",VLOOKUP($B120,'Pwood & PB List'!$B$4:$V$158,12,FALSE),IF('Summary Sheet'!$M$4=""PB w/ Wood Drawers"",VLOOKUP($B120,'Pwood & PB List'!$B$4:$V$158,16,FALSE),IF('Summary Sheet'!$M$4=""PB w/ PB Drawers"",VLOOKUP($B120,'Pwood & PB List'!$B$4:$V$158,20,FALSE))))",NAO-WDC2730,"IF('Summary Sheet'!$M$4=""Plywood"",VLOOKUP($B120,'Pwood & PB List'!$B$4:$V$158,12,FALSE),IF('Summary Sheet'!$M$4=""PB w/ Wood Drawers"",VLOOKUP($B120,'Pwood & PB List'!$B$4:$V$158,16,FALSE),IF('Summary Sheet'!$M$4=""PB w/ PB Drawers"",VLOOKUP($B120,'Pwood & PB List'!$B$4:$V$158,20,FALSE))))",WHO-WDC2730,"IF('Summary Sheet'!$M$4=""Plywood"",VLOOKUP($B120,'Pwood & PB List'!$B$4:$V$158,9,FALSE),IF('Summary Sheet'!$M$4=""PB w/ Wood Drawers"",VLOOKUP($B120,'Pwood & PB List'!$B$4:$V$158,13,FALSE),IF('Summary Sheet'!$M$4=""PB w/ PB Drawers"",VLOOKUP($B120,'Pwood & PB List'!$B$4:$V$158,17,FALSE))))",MAW-WDC2730,"IF('Summary Sheet'!$M$4=""Plywood"",VLOOKUP($B120,'Pwood & PB List'!$B$4:$V$158,9,FALSE),IF('Summary Sheet'!$M$4=""PB w/ Wood Drawers"",VLOOKUP($B120,'Pwood & PB List'!$B$4:$V$158,13,FALSE),IF('Summary Sheet'!$M$4=""PB w/ PB Drawers"",VLOOKUP($B120,'Pwood & PB List'!$B$4:$V$158,17,FALSE))))",MAG-WDC2730,"IF('Summary Sheet'!$M$4=""Plywood"",VLOOKUP($B120,'Pwood & PB List'!$B$4:$V$158,9,FALSE),IF('Summary Sheet'!$M$4=""PB w/ Wood Drawers"",VLOOKUP($B120,'Pwood & PB List'!$B$4:$V$158,13,FALSE),IF('Summary Sheet'!$M$4=""PB w/ PB Drawers"",VLOOKUP($B120,'Pwood & PB List'!$B$4:$V$158,17,FALSE))))",MAB-WDC2730,"IF('Summary Sheet'!$M$4=""Plywood"",VLOOKUP($B120,'Pwood & PB List'!$B$4:$V$158,9,FALSE),IF('Summary Sheet'!$M$4=""PB w/ Wood Drawers"",VLOOKUP($B120,'Pwood & PB List'!$B$4:$V$158,13,FALSE),IF('Summary Sheet'!$M$4=""PB w/ PB Drawers"",VLOOKUP($B120,'Pwood & PB List'!$B$4:$V$158,17,FALSE))))",GLB-WDC2730,1,
121,"Wall Diagonal Corner: 27"" Wide x 36"" High, 1 Door & 2 Shelves",WDC2736,"IF('Summary Sheet'!$M$4=""Plywood"",VLOOKUP($B121,'Pwood & PB List'!$B$4:$V$158,9,FALSE),IF('Summary Sheet'!$M$4=""PB w/ Wood Drawers"",VLOOKUP($B121,'Pwood & PB List'!$B$4:$V$158,13,FALSE),IF('Summary Sheet'!$M$4=""PB w/ PB Drawers"",VLOOKUP($B121,'Pwood & PB List'!$B$4:$V$158,17,FALSE))))",GLW-WDC2736,"IF('Summary Sheet'!$M$4=""Plywood"",VLOOKUP($B121,'Pwood & PB List'!$B$4:$V$158,10,FALSE),IF('Summary Sheet'!$M$4=""PB w/ Wood Drawers"",VLOOKUP($B121,'Pwood & PB List'!$B$4:$V$158,14,FALSE),IF('Summary Sheet'!$M$4=""PB w/ PB Drawers"",VLOOKUP($B121,'Pwood & PB List'!$B$4:$V$158,18,FALSE))))",SLO-WDC2736,"IF('Summary Sheet'!$M$4=""Plywood"",VLOOKUP($B121,'Pwood & PB List'!$B$4:$V$158,11,FALSE),IF('Summary Sheet'!$M$4=""PB w/ Wood Drawers"",VLOOKUP($B121,'Pwood & PB List'!$B$4:$V$158,15,FALSE),IF('Summary Sheet'!$M$4=""PB w/ PB Drawers"",VLOOKUP($B121,'Pwood & PB List'!$B$4:$V$158,19,FALSE))))",BLW-WDC2736,"IF('Summary Sheet'!$M$4=""Plywood"",VLOOKUP($B121,'Pwood & PB List'!$B$4:$V$158,10,FALSE),IF('Summary Sheet'!$M$4=""PB w/ Wood Drawers"",VLOOKUP($B121,'Pwood & PB List'!$B$4:$V$158,14,FALSE),IF('Summary Sheet'!$M$4=""PB w/ PB Drawers"",VLOOKUP($B121,'Pwood & PB List'!$B$4:$V$158,18,FALSE))))",WEO-WDC2736,"IF('Summary Sheet'!$M$4=""Plywood"",VLOOKUP($B121,'Pwood & PB List'!$B$4:$V$158,9,FALSE),IF('Summary Sheet'!$M$4=""PB w/ Wood Drawers"",VLOOKUP($B121,'Pwood & PB List'!$B$4:$V$158,13,FALSE),IF('Summary Sheet'!$M$4=""PB w/ PB Drawers"",VLOOKUP($B121,'Pwood & PB List'!$B$4:$V$158,17,FALSE))))",GLG-WDC2736,"IF('Summary Sheet'!$M$4=""Plywood"",VLOOKUP($B121,'Pwood & PB List'!$B$4:$V$158,12,FALSE),IF('Summary Sheet'!$M$4=""PB w/ Wood Drawers"",VLOOKUP($B121,'Pwood & PB List'!$B$4:$V$158,16,FALSE),IF('Summary Sheet'!$M$4=""PB w/ PB Drawers"",VLOOKUP($B121,'Pwood & PB List'!$B$4:$V$158,20,FALSE))))",NAO-WDC2736,"IF('Summary Sheet'!$M$4=""Plywood"",VLOOKUP($B121,'Pwood & PB List'!$B$4:$V$158,12,FALSE),IF('Summary Sheet'!$M$4=""PB w/ Wood Drawers"",VLOOKUP($B121,'Pwood & PB List'!$B$4:$V$158,16,FALSE),IF('Summary Sheet'!$M$4=""PB w/ PB Drawers"",VLOOKUP($B121,'Pwood & PB List'!$B$4:$V$158,20,FALSE))))",WHO-WDC2736,"IF('Summary Sheet'!$M$4=""Plywood"",VLOOKUP($B121,'Pwood & PB List'!$B$4:$V$158,9,FALSE),IF('Summary Sheet'!$M$4=""PB w/ Wood Drawers"",VLOOKUP($B121,'Pwood & PB List'!$B$4:$V$158,13,FALSE),IF('Summary Sheet'!$M$4=""PB w/ PB Drawers"",VLOOKUP($B121,'Pwood & PB List'!$B$4:$V$158,17,FALSE))))",MAW-WDC2736,"IF('Summary Sheet'!$M$4=""Plywood"",VLOOKUP($B121,'Pwood & PB List'!$B$4:$V$158,9,FALSE),IF('Summary Sheet'!$M$4=""PB w/ Wood Drawers"",VLOOKUP($B121,'Pwood & PB List'!$B$4:$V$158,13,FALSE),IF('Summary Sheet'!$M$4=""PB w/ PB Drawers"",VLOOKUP($B121,'Pwood & PB List'!$B$4:$V$158,17,FALSE))))",MAG-WDC2736,"IF('Summary Sheet'!$M$4=""Plywood"",VLOOKUP($B121,'Pwood & PB List'!$B$4:$V$158,9,FALSE),IF('Summary Sheet'!$M$4=""PB w/ Wood Drawers"",VLOOKUP($B121,'Pwood & PB List'!$B$4:$V$158,13,FALSE),IF('Summary Sheet'!$M$4=""PB w/ PB Drawers"",VLOOKUP($B121,'Pwood & PB List'!$B$4:$V$158,17,FALSE))))",MAB-WDC2736,"IF('Summary Sheet'!$M$4=""Plywood"",VLOOKUP($B121,'Pwood & PB List'!$B$4:$V$158,9,FALSE),IF('Summary Sheet'!$M$4=""PB w/ Wood Drawers"",VLOOKUP($B121,'Pwood & PB List'!$B$4:$V$158,13,FALSE),IF('Summary Sheet'!$M$4=""PB w/ PB Drawers"",VLOOKUP($B121,'Pwood & PB List'!$B$4:$V$158,17,FALSE))))",GLB-WDC2736,1,
122,"Wall Diagonal Corner: 27"" Wide x 30"" High, 1 Door & 3 Shelves",WDC2742,"IF('Summary Sheet'!$M$4=""Plywood"",VLOOKUP($B122,'Pwood & PB List'!$B$4:$V$158,9,FALSE),IF('Summary Sheet'!$M$4=""PB w/ Wood Drawers"",VLOOKUP($B122,'Pwood & PB List'!$B$4:$V$158,13,FALSE),IF('Summary Sheet'!$M$4=""PB w/ PB Drawers"",VLOOKUP($B122,'Pwood & PB List'!$B$4:$V$158,17,FALSE))))",GLW-WDC2742,"IF('Summary Sheet'!$M$4=""Plywood"",VLOOKUP($B122,'Pwood & PB List'!$B$4:$V$158,10,FALSE),IF('Summary Sheet'!$M$4=""PB w/ Wood Drawers"",VLOOKUP($B122,'Pwood & PB List'!$B$4:$V$158,14,FALSE),IF('Summary Sheet'!$M$4=""PB w/ PB Drawers"",VLOOKUP($B122,'Pwood & PB List'!$B$4:$V$158,18,FALSE))))",SLO-WDC2742,"IF('Summary Sheet'!$M$4=""Plywood"",VLOOKUP($B122,'Pwood & PB List'!$B$4:$V$158,11,FALSE),IF('Summary Sheet'!$M$4=""PB w/ Wood Drawers"",VLOOKUP($B122,'Pwood & PB List'!$B$4:$V$158,15,FALSE),IF('Summary Sheet'!$M$4=""PB w/ PB Drawers"",VLOOKUP($B122,'Pwood & PB List'!$B$4:$V$158,19,FALSE))))",BLW-WDC2742,"IF('Summary Sheet'!$M$4=""Plywood"",VLOOKUP($B122,'Pwood & PB List'!$B$4:$V$158,10,FALSE),IF('Summary Sheet'!$M$4=""PB w/ Wood Drawers"",VLOOKUP($B122,'Pwood & PB List'!$B$4:$V$158,14,FALSE),IF('Summary Sheet'!$M$4=""PB w/ PB Drawers"",VLOOKUP($B122,'Pwood & PB List'!$B$4:$V$158,18,FALSE))))",WEO-WDC2742,"IF('Summary Sheet'!$M$4=""Plywood"",VLOOKUP($B122,'Pwood & PB List'!$B$4:$V$158,9,FALSE),IF('Summary Sheet'!$M$4=""PB w/ Wood Drawers"",VLOOKUP($B122,'Pwood & PB List'!$B$4:$V$158,13,FALSE),IF('Summary Sheet'!$M$4=""PB w/ PB Drawers"",VLOOKUP($B122,'Pwood & PB List'!$B$4:$V$158,17,FALSE))))",GLG-WDC2742,"IF('Summary Sheet'!$M$4=""Plywood"",VLOOKUP($B122,'Pwood & PB List'!$B$4:$V$158,12,FALSE),IF('Summary Sheet'!$M$4=""PB w/ Wood Drawers"",VLOOKUP($B122,'Pwood & PB List'!$B$4:$V$158,16,FALSE),IF('Summary Sheet'!$M$4=""PB w/ PB Drawers"",VLOOKUP($B122,'Pwood & PB List'!$B$4:$V$158,20,FALSE))))",NAO-WDC2742,"IF('Summary Sheet'!$M$4=""Plywood"",VLOOKUP($B122,'Pwood & PB List'!$B$4:$V$158,12,FALSE),IF('Summary Sheet'!$M$4=""PB w/ Wood Drawers"",VLOOKUP($B122,'Pwood & PB List'!$B$4:$V$158,16,FALSE),IF('Summary Sheet'!$M$4=""PB w/ PB Drawers"",VLOOKUP($B122,'Pwood & PB List'!$B$4:$V$158,20,FALSE))))",WHO-WDC2742,"IF('Summary Sheet'!$M$4=""Plywood"",VLOOKUP($B122,'Pwood & PB List'!$B$4:$V$158,9,FALSE),IF('Summary Sheet'!$M$4=""PB w/ Wood Drawers"",VLOOKUP($B122,'Pwood & PB List'!$B$4:$V$158,13,FALSE),IF('Summary Sheet'!$M$4=""PB w/ PB Drawers"",VLOOKUP($B122,'Pwood & PB List'!$B$4:$V$158,17,FALSE))))",MAW-WDC2742,"IF('Summary Sheet'!$M$4=""Plywood"",VLOOKUP($B122,'Pwood & PB List'!$B$4:$V$158,9,FALSE),IF('Summary Sheet'!$M$4=""PB w/ Wood Drawers"",VLOOKUP($B122,'Pwood & PB List'!$B$4:$V$158,13,FALSE),IF('Summary Sheet'!$M$4=""PB w/ PB Drawers"",VLOOKUP($B122,'Pwood & PB List'!$B$4:$V$158,17,FALSE))))",MAG-WDC2742,"IF('Summary Sheet'!$M$4=""Plywood"",VLOOKUP($B122,'Pwood & PB List'!$B$4:$V$158,9,FALSE),IF('Summary Sheet'!$M$4=""PB w/ Wood Drawers"",VLOOKUP($B122,'Pwood & PB List'!$B$4:$V$158,13,FALSE),IF('Summary Sheet'!$M$4=""PB w/ PB Drawers"",VLOOKUP($B122,'Pwood & PB List'!$B$4:$V$158,17,FALSE))))",MAB-WDC2742,"IF('Summary Sheet'!$M$4=""Plywood"",VLOOKUP($B122,'Pwood & PB List'!$B$4:$V$158,9,FALSE),IF('Summary Sheet'!$M$4=""PB w/ Wood Drawers"",VLOOKUP($B122,'Pwood & PB List'!$B$4:$V$158,13,FALSE),IF('Summary Sheet'!$M$4=""PB w/ PB Drawers"",VLOOKUP($B122,'Pwood & PB List'!$B$4:$V$158,17,FALSE))))",GLB-WDC2742,1,
123,"Wall Easy Reach Cabinets, 13"" Depth, Lazy-Susan-Style Hinges",,,,,,,,,,,,,,,,,,,,,,,,,
124,"Wall Easy Reach Cabinet: 24"" W x 30"" H, 2 Doors & 2 Shelves",WER2430,"IF('Summary Sheet'!$M$4=""Plywood"",VLOOKUP($B124,'Pwood & PB List'!$B$4:$V$158,9,FALSE),IF('Summary Sheet'!$M$4=""PB w/ Wood Drawers"",VLOOKUP($B124,'Pwood & PB List'!$B$4:$V$158,13,FALSE),IF('Summary Sheet'!$M$4=""PB w/ PB Drawers"",VLOOKUP($B124,'Pwood & PB List'!$B$4:$V$158,17,FALSE))))","CONCATENATE(""GLW-"",B124)","IF('Summary Sheet'!$M$4=""Plywood"",VLOOKUP($B124,'Pwood & PB List'!$B$4:$V$158,10,FALSE),IF('Summary Sheet'!$M$4=""PB w/ Wood Drawers"",VLOOKUP($B124,'Pwood & PB List'!$B$4:$V$158,14,FALSE),IF('Summary Sheet'!$M$4=""PB w/ PB Drawers"",VLOOKUP($B124,'Pwood & PB List'!$B$4:$V$158,18,FALSE))))","CONCATENATE(""SLO-"",B124)","IF('Summary Sheet'!$M$4=""Plywood"",VLOOKUP($B124,'Pwood & PB List'!$B$4:$V$158,11,FALSE),IF('Summary Sheet'!$M$4=""PB w/ Wood Drawers"",VLOOKUP($B124,'Pwood & PB List'!$B$4:$V$158,15,FALSE),IF('Summary Sheet'!$M$4=""PB w/ PB Drawers"",VLOOKUP($B124,'Pwood & PB List'!$B$4:$V$158,19,FALSE))))","CONCATENATE(""BLW-"",B124)","IF('Summary Sheet'!$M$4=""Plywood"",VLOOKUP($B124,'Pwood & PB List'!$B$4:$V$158,10,FALSE),IF('Summary Sheet'!$M$4=""PB w/ Wood Drawers"",VLOOKUP($B124,'Pwood & PB List'!$B$4:$V$158,14,FALSE),IF('Summary Sheet'!$M$4=""PB w/ PB Drawers"",VLOOKUP($B124,'Pwood & PB List'!$B$4:$V$158,18,FALSE))))","CONCATENATE(""WEO-"",B124)","IF('Summary Sheet'!$M$4=""Plywood"",VLOOKUP($B124,'Pwood & PB List'!$B$4:$V$158,9,FALSE),IF('Summary Sheet'!$M$4=""PB w/ Wood Drawers"",VLOOKUP($B124,'Pwood & PB List'!$B$4:$V$158,13,FALSE),IF('Summary Sheet'!$M$4=""PB w/ PB Drawers"",VLOOKUP($B124,'Pwood & PB List'!$B$4:$V$158,17,FALSE))))","CONCATENATE(""GLG-"",B124)","IF('Summary Sheet'!$M$4=""Plywood"",VLOOKUP($B124,'Pwood & PB List'!$B$4:$V$158,12,FALSE),IF('Summary Sheet'!$M$4=""PB w/ Wood Drawers"",VLOOKUP($B124,'Pwood & PB List'!$B$4:$V$158,16,FALSE),IF('Summary Sheet'!$M$4=""PB w/ PB Drawers"",VLOOKUP($B124,'Pwood & PB List'!$B$4:$V$158,20,FALSE))))","CONCATENATE(""NAO-"",B124)","IF('Summary Sheet'!$M$4=""Plywood"",VLOOKUP($B124,'Pwood & PB List'!$B$4:$V$158,12,FALSE),IF('Summary Sheet'!$M$4=""PB w/ Wood Drawers"",VLOOKUP($B124,'Pwood & PB List'!$B$4:$V$158,16,FALSE),IF('Summary Sheet'!$M$4=""PB w/ PB Drawers"",VLOOKUP($B124,'Pwood & PB List'!$B$4:$V$158,20,FALSE))))","CONCATENATE(""WHO-"",B124)","IF('Summary Sheet'!$M$4=""Plywood"",VLOOKUP($B124,'Pwood & PB List'!$B$4:$V$158,9,FALSE),IF('Summary Sheet'!$M$4=""PB w/ Wood Drawers"",VLOOKUP($B124,'Pwood & PB List'!$B$4:$V$158,13,FALSE),IF('Summary Sheet'!$M$4=""PB w/ PB Drawers"",VLOOKUP($B124,'Pwood & PB List'!$B$4:$V$158,17,FALSE))))","CONCATENATE(""MAW-"",B124)","IF('Summary Sheet'!$M$4=""Plywood"",VLOOKUP($B124,'Pwood & PB List'!$B$4:$V$158,9,FALSE),IF('Summary Sheet'!$M$4=""PB w/ Wood Drawers"",VLOOKUP($B124,'Pwood & PB List'!$B$4:$V$158,13,FALSE),IF('Summary Sheet'!$M$4=""PB w/ PB Drawers"",VLOOKUP($B124,'Pwood & PB List'!$B$4:$V$158,17,FALSE))))","CONCATENATE(""MAG-"",B124)","IF('Summary Sheet'!$M$4=""Plywood"",VLOOKUP($B124,'Pwood & PB List'!$B$4:$V$158,9,FALSE),IF('Summary Sheet'!$M$4=""PB w/ Wood Drawers"",VLOOKUP($B124,'Pwood & PB List'!$B$4:$V$158,13,FALSE),IF('Summary Sheet'!$M$4=""PB w/ PB Drawers"",VLOOKUP($B124,'Pwood & PB List'!$B$4:$V$158,17,FALSE))))","CONCATENATE(""MAB-"",B124)","IF('Summary Sheet'!$M$4=""Plywood"",VLOOKUP($B124,'Pwood & PB List'!$B$4:$V$158,9,FALSE),IF('Summary Sheet'!$M$4=""PB w/ Wood Drawers"",VLOOKUP($B124,'Pwood & PB List'!$B$4:$V$158,13,FALSE),IF('Summary Sheet'!$M$4=""PB w/ PB Drawers"",VLOOKUP($B124,'Pwood & PB List'!$B$4:$V$158,17,FALSE))))","CONCATENATE(""GLB-"",B124)",1,
125,"Wall Easy Reach Cabinet: 24"" W x 36"" H, 2 Doors & 2 Shelves",WER2436,"IF('Summary Sheet'!$M$4=""Plywood"",VLOOKUP($B125,'Pwood & PB List'!$B$4:$V$158,9,FALSE),IF('Summary Sheet'!$M$4=""PB w/ Wood Drawers"",VLOOKUP($B125,'Pwood & PB List'!$B$4:$V$158,13,FALSE),IF('Summary Sheet'!$M$4=""PB w/ PB Drawers"",VLOOKUP($B125,'Pwood & PB List'!$B$4:$V$158,17,FALSE))))",GLW-WER2436,"IF('Summary Sheet'!$M$4=""Plywood"",VLOOKUP($B125,'Pwood & PB List'!$B$4:$V$158,10,FALSE),IF('Summary Sheet'!$M$4=""PB w/ Wood Drawers"",VLOOKUP($B125,'Pwood & PB List'!$B$4:$V$158,14,FALSE),IF('Summary Sheet'!$M$4=""PB w/ PB Drawers"",VLOOKUP($B125,'Pwood & PB List'!$B$4:$V$158,18,FALSE))))",SLO-WER2436,"IF('Summary Sheet'!$M$4=""Plywood"",VLOOKUP($B125,'Pwood & PB List'!$B$4:$V$158,11,FALSE),IF('Summary Sheet'!$M$4=""PB w/ Wood Drawers"",VLOOKUP($B125,'Pwood & PB List'!$B$4:$V$158,15,FALSE),IF('Summary Sheet'!$M$4=""PB w/ PB Drawers"",VLOOKUP($B125,'Pwood & PB List'!$B$4:$V$158,19,FALSE))))",BLW-WER2436,"IF('Summary Sheet'!$M$4=""Plywood"",VLOOKUP($B125,'Pwood & PB List'!$B$4:$V$158,10,FALSE),IF('Summary Sheet'!$M$4=""PB w/ Wood Drawers"",VLOOKUP($B125,'Pwood & PB List'!$B$4:$V$158,14,FALSE),IF('Summary Sheet'!$M$4=""PB w/ PB Drawers"",VLOOKUP($B125,'Pwood & PB List'!$B$4:$V$158,18,FALSE))))",WEO-WER2436,"IF('Summary Sheet'!$M$4=""Plywood"",VLOOKUP($B125,'Pwood & PB List'!$B$4:$V$158,9,FALSE),IF('Summary Sheet'!$M$4=""PB w/ Wood Drawers"",VLOOKUP($B125,'Pwood & PB List'!$B$4:$V$158,13,FALSE),IF('Summary Sheet'!$M$4=""PB w/ PB Drawers"",VLOOKUP($B125,'Pwood & PB List'!$B$4:$V$158,17,FALSE))))",GLG-WER2436,"IF('Summary Sheet'!$M$4=""Plywood"",VLOOKUP($B125,'Pwood & PB List'!$B$4:$V$158,12,FALSE),IF('Summary Sheet'!$M$4=""PB w/ Wood Drawers"",VLOOKUP($B125,'Pwood & PB List'!$B$4:$V$158,16,FALSE),IF('Summary Sheet'!$M$4=""PB w/ PB Drawers"",VLOOKUP($B125,'Pwood & PB List'!$B$4:$V$158,20,FALSE))))",NAO-WER2436,"IF('Summary Sheet'!$M$4=""Plywood"",VLOOKUP($B125,'Pwood & PB List'!$B$4:$V$158,12,FALSE),IF('Summary Sheet'!$M$4=""PB w/ Wood Drawers"",VLOOKUP($B125,'Pwood & PB List'!$B$4:$V$158,16,FALSE),IF('Summary Sheet'!$M$4=""PB w/ PB Drawers"",VLOOKUP($B125,'Pwood & PB List'!$B$4:$V$158,20,FALSE))))",WHO-WER2436,"IF('Summary Sheet'!$M$4=""Plywood"",VLOOKUP($B125,'Pwood & PB List'!$B$4:$V$158,9,FALSE),IF('Summary Sheet'!$M$4=""PB w/ Wood Drawers"",VLOOKUP($B125,'Pwood & PB List'!$B$4:$V$158,13,FALSE),IF('Summary Sheet'!$M$4=""PB w/ PB Drawers"",VLOOKUP($B125,'Pwood & PB List'!$B$4:$V$158,17,FALSE))))",MAW-WER2436,"IF('Summary Sheet'!$M$4=""Plywood"",VLOOKUP($B125,'Pwood & PB List'!$B$4:$V$158,9,FALSE),IF('Summary Sheet'!$M$4=""PB w/ Wood Drawers"",VLOOKUP($B125,'Pwood & PB List'!$B$4:$V$158,13,FALSE),IF('Summary Sheet'!$M$4=""PB w/ PB Drawers"",VLOOKUP($B125,'Pwood & PB List'!$B$4:$V$158,17,FALSE))))",MAG-WER2436,"IF('Summary Sheet'!$M$4=""Plywood"",VLOOKUP($B125,'Pwood & PB List'!$B$4:$V$158,9,FALSE),IF('Summary Sheet'!$M$4=""PB w/ Wood Drawers"",VLOOKUP($B125,'Pwood & PB List'!$B$4:$V$158,13,FALSE),IF('Summary Sheet'!$M$4=""PB w/ PB Drawers"",VLOOKUP($B125,'Pwood & PB List'!$B$4:$V$158,17,FALSE))))",MAB-WER2436,"IF('Summary Sheet'!$M$4=""Plywood"",VLOOKUP($B125,'Pwood & PB List'!$B$4:$V$158,9,FALSE),IF('Summary Sheet'!$M$4=""PB w/ Wood Drawers"",VLOOKUP($B125,'Pwood & PB List'!$B$4:$V$158,13,FALSE),IF('Summary Sheet'!$M$4=""PB w/ PB Drawers"",VLOOKUP($B125,'Pwood & PB List'!$B$4:$V$158,17,FALSE))))",GLB-WER2436,1,
126,"Wall Easy Reach Cabinet: 24"" W x 42"" H, 2 Doors & 3 Shelves",WER2442,"IF('Summary Sheet'!$M$4=""Plywood"",VLOOKUP($B126,'Pwood & PB List'!$B$4:$V$158,9,FALSE),IF('Summary Sheet'!$M$4=""PB w/ Wood Drawers"",VLOOKUP($B126,'Pwood & PB List'!$B$4:$V$158,13,FALSE),IF('Summary Sheet'!$M$4=""PB w/ PB Drawers"",VLOOKUP($B126,'Pwood & PB List'!$B$4:$V$158,17,FALSE))))",GLW-WER2442,"IF('Summary Sheet'!$M$4=""Plywood"",VLOOKUP($B126,'Pwood & PB List'!$B$4:$V$158,10,FALSE),IF('Summary Sheet'!$M$4=""PB w/ Wood Drawers"",VLOOKUP($B126,'Pwood & PB List'!$B$4:$V$158,14,FALSE),IF('Summary Sheet'!$M$4=""PB w/ PB Drawers"",VLOOKUP($B126,'Pwood & PB List'!$B$4:$V$158,18,FALSE))))",SLO-WER2442,"IF('Summary Sheet'!$M$4=""Plywood"",VLOOKUP($B126,'Pwood & PB List'!$B$4:$V$158,11,FALSE),IF('Summary Sheet'!$M$4=""PB w/ Wood Drawers"",VLOOKUP($B126,'Pwood & PB List'!$B$4:$V$158,15,FALSE),IF('Summary Sheet'!$M$4=""PB w/ PB Drawers"",VLOOKUP($B126,'Pwood & PB List'!$B$4:$V$158,19,FALSE))))",BLW-WER2442,"IF('Summary Sheet'!$M$4=""Plywood"",VLOOKUP($B126,'Pwood & PB List'!$B$4:$V$158,10,FALSE),IF('Summary Sheet'!$M$4=""PB w/ Wood Drawers"",VLOOKUP($B126,'Pwood & PB List'!$B$4:$V$158,14,FALSE),IF('Summary Sheet'!$M$4=""PB w/ PB Drawers"",VLOOKUP($B126,'Pwood & PB List'!$B$4:$V$158,18,FALSE))))",WEO-WER2442,"IF('Summary Sheet'!$M$4=""Plywood"",VLOOKUP($B126,'Pwood & PB List'!$B$4:$V$158,9,FALSE),IF('Summary Sheet'!$M$4=""PB w/ Wood Drawers"",VLOOKUP($B126,'Pwood & PB List'!$B$4:$V$158,13,FALSE),IF('Summary Sheet'!$M$4=""PB w/ PB Drawers"",VLOOKUP($B126,'Pwood & PB List'!$B$4:$V$158,17,FALSE))))",GLG-WER2442,"IF('Summary Sheet'!$M$4=""Plywood"",VLOOKUP($B126,'Pwood & PB List'!$B$4:$V$158,12,FALSE),IF('Summary Sheet'!$M$4=""PB w/ Wood Drawers"",VLOOKUP($B126,'Pwood & PB List'!$B$4:$V$158,16,FALSE),IF('Summary Sheet'!$M$4=""PB w/ PB Drawers"",VLOOKUP($B126,'Pwood & PB List'!$B$4:$V$158,20,FALSE))))",NAO-WER2442,"IF('Summary Sheet'!$M$4=""Plywood"",VLOOKUP($B126,'Pwood & PB List'!$B$4:$V$158,12,FALSE),IF('Summary Sheet'!$M$4=""PB w/ Wood Drawers"",VLOOKUP($B126,'Pwood & PB List'!$B$4:$V$158,16,FALSE),IF('Summary Sheet'!$M$4=""PB w/ PB Drawers"",VLOOKUP($B126,'Pwood & PB List'!$B$4:$V$158,20,FALSE))))",WHO-WER2442,"IF('Summary Sheet'!$M$4=""Plywood"",VLOOKUP($B126,'Pwood & PB List'!$B$4:$V$158,9,FALSE),IF('Summary Sheet'!$M$4=""PB w/ Wood Drawers"",VLOOKUP($B126,'Pwood & PB List'!$B$4:$V$158,13,FALSE),IF('Summary Sheet'!$M$4=""PB w/ PB Drawers"",VLOOKUP($B126,'Pwood & PB List'!$B$4:$V$158,17,FALSE))))",MAW-WER2442,"IF('Summary Sheet'!$M$4=""Plywood"",VLOOKUP($B126,'Pwood & PB List'!$B$4:$V$158,9,FALSE),IF('Summary Sheet'!$M$4=""PB w/ Wood Drawers"",VLOOKUP($B126,'Pwood & PB List'!$B$4:$V$158,13,FALSE),IF('Summary Sheet'!$M$4=""PB w/ PB Drawers"",VLOOKUP($B126,'Pwood & PB List'!$B$4:$V$158,17,FALSE))))",MAG-WER2442,"IF('Summary Sheet'!$M$4=""Plywood"",VLOOKUP($B126,'Pwood & PB List'!$B$4:$V$158,9,FALSE),IF('Summary Sheet'!$M$4=""PB w/ Wood Drawers"",VLOOKUP($B126,'Pwood & PB List'!$B$4:$V$158,13,FALSE),IF('Summary Sheet'!$M$4=""PB w/ PB Drawers"",VLOOKUP($B126,'Pwood & PB List'!$B$4:$V$158,17,FALSE))))",MAB-WER2442,"IF('Summary Sheet'!$M$4=""Plywood"",VLOOKUP($B126,'Pwood & PB List'!$B$4:$V$158,9,FALSE),IF('Summary Sheet'!$M$4=""PB w/ Wood Drawers"",VLOOKUP($B126,'Pwood & PB List'!$B$4:$V$158,13,FALSE),IF('Summary Sheet'!$M$4=""PB w/ PB Drawers"",VLOOKUP($B126,'Pwood & PB List'!$B$4:$V$158,17,FALSE))))",GLB-WER2442,1,
127,"Wall Blind Corner Cabinets, 13"" Depth",,,,,,,,,,,,,,,,,,,,,,,,,
128,"Wall Blind Corner Cabinet: 27"" W x 30"" H, 2 Shelves",WBC2730,"IF('Summary Sheet'!$M$4=""Plywood"",VLOOKUP($B128,'Pwood & PB List'!$B$4:$V$158,9,FALSE),IF('Summary Sheet'!$M$4=""PB w/ Wood Drawers"",VLOOKUP($B128,'Pwood & PB List'!$B$4:$V$158,13,FALSE),IF('Summary Sheet'!$M$4=""PB w/ PB Drawers"",VLOOKUP($B128,'Pwood & PB List'!$B$4:$V$158,17,FALSE))))","CONCATENATE(""GLW-"",B128)","IF('Summary Sheet'!$M$4=""Plywood"",VLOOKUP($B128,'Pwood & PB List'!$B$4:$V$158,10,FALSE),IF('Summary Sheet'!$M$4=""PB w/ Wood Drawers"",VLOOKUP($B128,'Pwood & PB List'!$B$4:$V$158,14,FALSE),IF('Summary Sheet'!$M$4=""PB w/ PB Drawers"",VLOOKUP($B128,'Pwood & PB List'!$B$4:$V$158,18,FALSE))))","CONCATENATE(""SLO-"",B128)","IF('Summary Sheet'!$M$4=""Plywood"",VLOOKUP($B128,'Pwood & PB List'!$B$4:$V$158,11,FALSE),IF('Summary Sheet'!$M$4=""PB w/ Wood Drawers"",VLOOKUP($B128,'Pwood & PB List'!$B$4:$V$158,15,FALSE),IF('Summary Sheet'!$M$4=""PB w/ PB Drawers"",VLOOKUP($B128,'Pwood & PB List'!$B$4:$V$158,19,FALSE))))","CONCATENATE(""BLW-"",B128)","IF('Summary Sheet'!$M$4=""Plywood"",VLOOKUP($B128,'Pwood & PB List'!$B$4:$V$158,10,FALSE),IF('Summary Sheet'!$M$4=""PB w/ Wood Drawers"",VLOOKUP($B128,'Pwood & PB List'!$B$4:$V$158,14,FALSE),IF('Summary Sheet'!$M$4=""PB w/ PB Drawers"",VLOOKUP($B128,'Pwood & PB List'!$B$4:$V$158,18,FALSE))))","CONCATENATE(""WEO-"",B128)","IF('Summary Sheet'!$M$4=""Plywood"",VLOOKUP($B128,'Pwood & PB List'!$B$4:$V$158,9,FALSE),IF('Summary Sheet'!$M$4=""PB w/ Wood Drawers"",VLOOKUP($B128,'Pwood & PB List'!$B$4:$V$158,13,FALSE),IF('Summary Sheet'!$M$4=""PB w/ PB Drawers"",VLOOKUP($B128,'Pwood & PB List'!$B$4:$V$158,17,FALSE))))","CONCATENATE(""GLG-"",B128)","IF('Summary Sheet'!$M$4=""Plywood"",VLOOKUP($B128,'Pwood & PB List'!$B$4:$V$158,12,FALSE),IF('Summary Sheet'!$M$4=""PB w/ Wood Drawers"",VLOOKUP($B128,'Pwood & PB List'!$B$4:$V$158,16,FALSE),IF('Summary Sheet'!$M$4=""PB w/ PB Drawers"",VLOOKUP($B128,'Pwood & PB List'!$B$4:$V$158,20,FALSE))))","CONCATENATE(""NAO-"",B128)","IF('Summary Sheet'!$M$4=""Plywood"",VLOOKUP($B128,'Pwood & PB List'!$B$4:$V$158,12,FALSE),IF('Summary Sheet'!$M$4=""PB w/ Wood Drawers"",VLOOKUP($B128,'Pwood & PB List'!$B$4:$V$158,16,FALSE),IF('Summary Sheet'!$M$4=""PB w/ PB Drawers"",VLOOKUP($B128,'Pwood & PB List'!$B$4:$V$158,20,FALSE))))","CONCATENATE(""WHO-"",B128)","IF('Summary Sheet'!$M$4=""Plywood"",VLOOKUP($B128,'Pwood & PB List'!$B$4:$V$158,9,FALSE),IF('Summary Sheet'!$M$4=""PB w/ Wood Drawers"",VLOOKUP($B128,'Pwood & PB List'!$B$4:$V$158,13,FALSE),IF('Summary Sheet'!$M$4=""PB w/ PB Drawers"",VLOOKUP($B128,'Pwood & PB List'!$B$4:$V$158,17,FALSE))))","CONCATENATE(""MAW-"",B128)","IF('Summary Sheet'!$M$4=""Plywood"",VLOOKUP($B128,'Pwood & PB List'!$B$4:$V$158,9,FALSE),IF('Summary Sheet'!$M$4=""PB w/ Wood Drawers"",VLOOKUP($B128,'Pwood & PB List'!$B$4:$V$158,13,FALSE),IF('Summary Sheet'!$M$4=""PB w/ PB Drawers"",VLOOKUP($B128,'Pwood & PB List'!$B$4:$V$158,17,FALSE))))","CONCATENATE(""MAG-"",B128)","IF('Summary Sheet'!$M$4=""Plywood"",VLOOKUP($B128,'Pwood & PB List'!$B$4:$V$158,9,FALSE),IF('Summary Sheet'!$M$4=""PB w/ Wood Drawers"",VLOOKUP($B128,'Pwood & PB List'!$B$4:$V$158,13,FALSE),IF('Summary Sheet'!$M$4=""PB w/ PB Drawers"",VLOOKUP($B128,'Pwood & PB List'!$B$4:$V$158,17,FALSE))))","CONCATENATE(""MAB-"",B128)","IF('Summary Sheet'!$M$4=""Plywood"",VLOOKUP($B128,'Pwood & PB List'!$B$4:$V$158,9,FALSE),IF('Summary Sheet'!$M$4=""PB w/ Wood Drawers"",VLOOKUP($B128,'Pwood & PB List'!$B$4:$V$158,13,FALSE),IF('Summary Sheet'!$M$4=""PB w/ PB Drawers"",VLOOKUP($B128,'Pwood & PB List'!$B$4:$V$158,17,FALSE))))","CONCATENATE(""GLB-"",B128)",1,
129,"Wall Blind Corner Cabinet: 27"" W x 36"" H, 2 Shelves",WBC2736,"IF('Summary Sheet'!$M$4=""Plywood"",VLOOKUP($B129,'Pwood & PB List'!$B$4:$V$158,9,FALSE),IF('Summary Sheet'!$M$4=""PB w/ Wood Drawers"",VLOOKUP($B129,'Pwood & PB List'!$B$4:$V$158,13,FALSE),IF('Summary Sheet'!$M$4=""PB w/ PB Drawers"",VLOOKUP($B129,'Pwood & PB List'!$B$4:$V$158,17,FALSE))))",GLW-WBC2736,"IF('Summary Sheet'!$M$4=""Plywood"",VLOOKUP($B129,'Pwood & PB List'!$B$4:$V$158,10,FALSE),IF('Summary Sheet'!$M$4=""PB w/ Wood Drawers"",VLOOKUP($B129,'Pwood & PB List'!$B$4:$V$158,14,FALSE),IF('Summary Sheet'!$M$4=""PB w/ PB Drawers"",VLOOKUP($B129,'Pwood & PB List'!$B$4:$V$158,18,FALSE))))",SLO-WBC2736,"IF('Summary Sheet'!$M$4=""Plywood"",VLOOKUP($B129,'Pwood & PB List'!$B$4:$V$158,11,FALSE),IF('Summary Sheet'!$M$4=""PB w/ Wood Drawers"",VLOOKUP($B129,'Pwood & PB List'!$B$4:$V$158,15,FALSE),IF('Summary Sheet'!$M$4=""PB w/ PB Drawers"",VLOOKUP($B129,'Pwood & PB List'!$B$4:$V$158,19,FALSE))))",BLW-WBC2736,"IF('Summary Sheet'!$M$4=""Plywood"",VLOOKUP($B129,'Pwood & PB List'!$B$4:$V$158,10,FALSE),IF('Summary Sheet'!$M$4=""PB w/ Wood Drawers"",VLOOKUP($B129,'Pwood & PB List'!$B$4:$V$158,14,FALSE),IF('Summary Sheet'!$M$4=""PB w/ PB Drawers"",VLOOKUP($B129,'Pwood & PB List'!$B$4:$V$158,18,FALSE))))",WEO-WBC2736,"IF('Summary Sheet'!$M$4=""Plywood"",VLOOKUP($B129,'Pwood & PB List'!$B$4:$V$158,9,FALSE),IF('Summary Sheet'!$M$4=""PB w/ Wood Drawers"",VLOOKUP($B129,'Pwood & PB List'!$B$4:$V$158,13,FALSE),IF('Summary Sheet'!$M$4=""PB w/ PB Drawers"",VLOOKUP($B129,'Pwood & PB List'!$B$4:$V$158,17,FALSE))))",GLG-WBC2736,"IF('Summary Sheet'!$M$4=""Plywood"",VLOOKUP($B129,'Pwood & PB List'!$B$4:$V$158,12,FALSE),IF('Summary Sheet'!$M$4=""PB w/ Wood Drawers"",VLOOKUP($B129,'Pwood & PB List'!$B$4:$V$158,16,FALSE),IF('Summary Sheet'!$M$4=""PB w/ PB Drawers"",VLOOKUP($B129,'Pwood & PB List'!$B$4:$V$158,20,FALSE))))",NAO-WBC2736,"IF('Summary Sheet'!$M$4=""Plywood"",VLOOKUP($B129,'Pwood & PB List'!$B$4:$V$158,12,FALSE),IF('Summary Sheet'!$M$4=""PB w/ Wood Drawers"",VLOOKUP($B129,'Pwood & PB List'!$B$4:$V$158,16,FALSE),IF('Summary Sheet'!$M$4=""PB w/ PB Drawers"",VLOOKUP($B129,'Pwood & PB List'!$B$4:$V$158,20,FALSE))))",WHO-WBC2736,"IF('Summary Sheet'!$M$4=""Plywood"",VLOOKUP($B129,'Pwood & PB List'!$B$4:$V$158,9,FALSE),IF('Summary Sheet'!$M$4=""PB w/ Wood Drawers"",VLOOKUP($B129,'Pwood & PB List'!$B$4:$V$158,13,FALSE),IF('Summary Sheet'!$M$4=""PB w/ PB Drawers"",VLOOKUP($B129,'Pwood & PB List'!$B$4:$V$158,17,FALSE))))",MAW-WBC2736,"IF('Summary Sheet'!$M$4=""Plywood"",VLOOKUP($B129,'Pwood & PB List'!$B$4:$V$158,9,FALSE),IF('Summary Sheet'!$M$4=""PB w/ Wood Drawers"",VLOOKUP($B129,'Pwood & PB List'!$B$4:$V$158,13,FALSE),IF('Summary Sheet'!$M$4=""PB w/ PB Drawers"",VLOOKUP($B129,'Pwood & PB List'!$B$4:$V$158,17,FALSE))))",MAG-WBC2736,"IF('Summary Sheet'!$M$4=""Plywood"",VLOOKUP($B129,'Pwood & PB List'!$B$4:$V$158,9,FALSE),IF('Summary Sheet'!$M$4=""PB w/ Wood Drawers"",VLOOKUP($B129,'Pwood & PB List'!$B$4:$V$158,13,FALSE),IF('Summary Sheet'!$M$4=""PB w/ PB Drawers"",VLOOKUP($B129,'Pwood & PB List'!$B$4:$V$158,17,FALSE))))",MAB-WBC2736,"IF('Summary Sheet'!$M$4=""Plywood"",VLOOKUP($B129,'Pwood & PB List'!$B$4:$V$158,9,FALSE),IF('Summary Sheet'!$M$4=""PB w/ Wood Drawers"",VLOOKUP($B129,'Pwood & PB List'!$B$4:$V$158,13,FALSE),IF('Summary Sheet'!$M$4=""PB w/ PB Drawers"",VLOOKUP($B129,'Pwood & PB List'!$B$4:$V$158,17,FALSE))))",GLB-WBC2736,1,
130,"Wall Blind Corner Cabinet: 27"" W x 42"" H, 3 Shelves",WBC2742,"IF('Summary Sheet'!$M$4=""Plywood"",VLOOKUP($B130,'Pwood & PB List'!$B$4:$V$158,9,FALSE),IF('Summary Sheet'!$M$4=""PB w/ Wood Drawers"",VLOOKUP($B130,'Pwood & PB List'!$B$4:$V$158,13,FALSE),IF('Summary Sheet'!$M$4=""PB w/ PB Drawers"",VLOOKUP($B130,'Pwood & PB List'!$B$4:$V$158,17,FALSE))))",GLW-WBC2742,"IF('Summary Sheet'!$M$4=""Plywood"",VLOOKUP($B130,'Pwood & PB List'!$B$4:$V$158,10,FALSE),IF('Summary Sheet'!$M$4=""PB w/ Wood Drawers"",VLOOKUP($B130,'Pwood & PB List'!$B$4:$V$158,14,FALSE),IF('Summary Sheet'!$M$4=""PB w/ PB Drawers"",VLOOKUP($B130,'Pwood & PB List'!$B$4:$V$158,18,FALSE))))",SLO-WBC2742,"IF('Summary Sheet'!$M$4=""Plywood"",VLOOKUP($B130,'Pwood & PB List'!$B$4:$V$158,11,FALSE),IF('Summary Sheet'!$M$4=""PB w/ Wood Drawers"",VLOOKUP($B130,'Pwood & PB List'!$B$4:$V$158,15,FALSE),IF('Summary Sheet'!$M$4=""PB w/ PB Drawers"",VLOOKUP($B130,'Pwood & PB List'!$B$4:$V$158,19,FALSE))))",BLW-WBC2742,"IF('Summary Sheet'!$M$4=""Plywood"",VLOOKUP($B130,'Pwood & PB List'!$B$4:$V$158,10,FALSE),IF('Summary Sheet'!$M$4=""PB w/ Wood Drawers"",VLOOKUP($B130,'Pwood & PB List'!$B$4:$V$158,14,FALSE),IF('Summary Sheet'!$M$4=""PB w/ PB Drawers"",VLOOKUP($B130,'Pwood & PB List'!$B$4:$V$158,18,FALSE))))",WEO-WBC2742,"IF('Summary Sheet'!$M$4=""Plywood"",VLOOKUP($B130,'Pwood & PB List'!$B$4:$V$158,9,FALSE),IF('Summary Sheet'!$M$4=""PB w/ Wood Drawers"",VLOOKUP($B130,'Pwood & PB List'!$B$4:$V$158,13,FALSE),IF('Summary Sheet'!$M$4=""PB w/ PB Drawers"",VLOOKUP($B130,'Pwood & PB List'!$B$4:$V$158,17,FALSE))))",GLG-WBC2742,"IF('Summary Sheet'!$M$4=""Plywood"",VLOOKUP($B130,'Pwood & PB List'!$B$4:$V$158,12,FALSE),IF('Summary Sheet'!$M$4=""PB w/ Wood Drawers"",VLOOKUP($B130,'Pwood & PB List'!$B$4:$V$158,16,FALSE),IF('Summary Sheet'!$M$4=""PB w/ PB Drawers"",VLOOKUP($B130,'Pwood & PB List'!$B$4:$V$158,20,FALSE))))",NAO-WBC2742,"IF('Summary Sheet'!$M$4=""Plywood"",VLOOKUP($B130,'Pwood & PB List'!$B$4:$V$158,12,FALSE),IF('Summary Sheet'!$M$4=""PB w/ Wood Drawers"",VLOOKUP($B130,'Pwood & PB List'!$B$4:$V$158,16,FALSE),IF('Summary Sheet'!$M$4=""PB w/ PB Drawers"",VLOOKUP($B130,'Pwood & PB List'!$B$4:$V$158,20,FALSE))))",WHO-WBC2742,"IF('Summary Sheet'!$M$4=""Plywood"",VLOOKUP($B130,'Pwood & PB List'!$B$4:$V$158,9,FALSE),IF('Summary Sheet'!$M$4=""PB w/ Wood Drawers"",VLOOKUP($B130,'Pwood & PB List'!$B$4:$V$158,13,FALSE),IF('Summary Sheet'!$M$4=""PB w/ PB Drawers"",VLOOKUP($B130,'Pwood & PB List'!$B$4:$V$158,17,FALSE))))",MAW-WBC2742,"IF('Summary Sheet'!$M$4=""Plywood"",VLOOKUP($B130,'Pwood & PB List'!$B$4:$V$158,9,FALSE),IF('Summary Sheet'!$M$4=""PB w/ Wood Drawers"",VLOOKUP($B130,'Pwood & PB List'!$B$4:$V$158,13,FALSE),IF('Summary Sheet'!$M$4=""PB w/ PB Drawers"",VLOOKUP($B130,'Pwood & PB List'!$B$4:$V$158,17,FALSE))))",MAG-WBC2742,"IF('Summary Sheet'!$M$4=""Plywood"",VLOOKUP($B130,'Pwood & PB List'!$B$4:$V$158,9,FALSE),IF('Summary Sheet'!$M$4=""PB w/ Wood Drawers"",VLOOKUP($B130,'Pwood & PB List'!$B$4:$V$158,13,FALSE),IF('Summary Sheet'!$M$4=""PB w/ PB Drawers"",VLOOKUP($B130,'Pwood & PB List'!$B$4:$V$158,17,FALSE))))",MAB-WBC2742,"IF('Summary Sheet'!$M$4=""Plywood"",VLOOKUP($B130,'Pwood & PB List'!$B$4:$V$158,9,FALSE),IF('Summary Sheet'!$M$4=""PB w/ Wood Drawers"",VLOOKUP($B130,'Pwood & PB List'!$B$4:$V$158,13,FALSE),IF('Summary Sheet'!$M$4=""PB w/ PB Drawers"",VLOOKUP($B130,'Pwood & PB List'!$B$4:$V$158,17,FALSE))))",GLB-WBC2742,1,
131,"Wall Blind Corner Cabinet: 36"" W x 30"" H, 2 Shelves",WBC3630,"IF('Summary Sheet'!$M$4=""Plywood"",VLOOKUP($B131,'Pwood & PB List'!$B$4:$V$158,9,FALSE),IF('Summary Sheet'!$M$4=""PB w/ Wood Drawers"",VLOOKUP($B131,'Pwood & PB List'!$B$4:$V$158,13,FALSE),IF('Summary Sheet'!$M$4=""PB w/ PB Drawers"",VLOOKUP($B131,'Pwood & PB List'!$B$4:$V$158,17,FALSE))))",GLW-WBC3630,"IF('Summary Sheet'!$M$4=""Plywood"",VLOOKUP($B131,'Pwood & PB List'!$B$4:$V$158,10,FALSE),IF('Summary Sheet'!$M$4=""PB w/ Wood Drawers"",VLOOKUP($B131,'Pwood & PB List'!$B$4:$V$158,14,FALSE),IF('Summary Sheet'!$M$4=""PB w/ PB Drawers"",VLOOKUP($B131,'Pwood & PB List'!$B$4:$V$158,18,FALSE))))",SLO-WBC3630,"IF('Summary Sheet'!$M$4=""Plywood"",VLOOKUP($B131,'Pwood & PB List'!$B$4:$V$158,11,FALSE),IF('Summary Sheet'!$M$4=""PB w/ Wood Drawers"",VLOOKUP($B131,'Pwood & PB List'!$B$4:$V$158,15,FALSE),IF('Summary Sheet'!$M$4=""PB w/ PB Drawers"",VLOOKUP($B131,'Pwood & PB List'!$B$4:$V$158,19,FALSE))))",BLW-WBC3630,"IF('Summary Sheet'!$M$4=""Plywood"",VLOOKUP($B131,'Pwood & PB List'!$B$4:$V$158,10,FALSE),IF('Summary Sheet'!$M$4=""PB w/ Wood Drawers"",VLOOKUP($B131,'Pwood & PB List'!$B$4:$V$158,14,FALSE),IF('Summary Sheet'!$M$4=""PB w/ PB Drawers"",VLOOKUP($B131,'Pwood & PB List'!$B$4:$V$158,18,FALSE))))",WEO-WBC3630,"IF('Summary Sheet'!$M$4=""Plywood"",VLOOKUP($B131,'Pwood & PB List'!$B$4:$V$158,9,FALSE),IF('Summary Sheet'!$M$4=""PB w/ Wood Drawers"",VLOOKUP($B131,'Pwood & PB List'!$B$4:$V$158,13,FALSE),IF('Summary Sheet'!$M$4=""PB w/ PB Drawers"",VLOOKUP($B131,'Pwood & PB List'!$B$4:$V$158,17,FALSE))))",GLG-WBC3630,"IF('Summary Sheet'!$M$4=""Plywood"",VLOOKUP($B131,'Pwood & PB List'!$B$4:$V$158,12,FALSE),IF('Summary Sheet'!$M$4=""PB w/ Wood Drawers"",VLOOKUP($B131,'Pwood & PB List'!$B$4:$V$158,16,FALSE),IF('Summary Sheet'!$M$4=""PB w/ PB Drawers"",VLOOKUP($B131,'Pwood & PB List'!$B$4:$V$158,20,FALSE))))",NAO-WBC3630,"IF('Summary Sheet'!$M$4=""Plywood"",VLOOKUP($B131,'Pwood & PB List'!$B$4:$V$158,12,FALSE),IF('Summary Sheet'!$M$4=""PB w/ Wood Drawers"",VLOOKUP($B131,'Pwood & PB List'!$B$4:$V$158,16,FALSE),IF('Summary Sheet'!$M$4=""PB w/ PB Drawers"",VLOOKUP($B131,'Pwood & PB List'!$B$4:$V$158,20,FALSE))))",WHO-WBC3630,"IF('Summary Sheet'!$M$4=""Plywood"",VLOOKUP($B131,'Pwood & PB List'!$B$4:$V$158,9,FALSE),IF('Summary Sheet'!$M$4=""PB w/ Wood Drawers"",VLOOKUP($B131,'Pwood & PB List'!$B$4:$V$158,13,FALSE),IF('Summary Sheet'!$M$4=""PB w/ PB Drawers"",VLOOKUP($B131,'Pwood & PB List'!$B$4:$V$158,17,FALSE))))",MAW-WBC3630,"IF('Summary Sheet'!$M$4=""Plywood"",VLOOKUP($B131,'Pwood & PB List'!$B$4:$V$158,9,FALSE),IF('Summary Sheet'!$M$4=""PB w/ Wood Drawers"",VLOOKUP($B131,'Pwood & PB List'!$B$4:$V$158,13,FALSE),IF('Summary Sheet'!$M$4=""PB w/ PB Drawers"",VLOOKUP($B131,'Pwood & PB List'!$B$4:$V$158,17,FALSE))))",MAG-WBC3630,"IF('Summary Sheet'!$M$4=""Plywood"",VLOOKUP($B131,'Pwood & PB List'!$B$4:$V$158,9,FALSE),IF('Summary Sheet'!$M$4=""PB w/ Wood Drawers"",VLOOKUP($B131,'Pwood & PB List'!$B$4:$V$158,13,FALSE),IF('Summary Sheet'!$M$4=""PB w/ PB Drawers"",VLOOKUP($B131,'Pwood & PB List'!$B$4:$V$158,17,FALSE))))",MAB-WBC3630,"IF('Summary Sheet'!$M$4=""Plywood"",VLOOKUP($B131,'Pwood & PB List'!$B$4:$V$158,9,FALSE),IF('Summary Sheet'!$M$4=""PB w/ Wood Drawers"",VLOOKUP($B131,'Pwood & PB List'!$B$4:$V$158,13,FALSE),IF('Summary Sheet'!$M$4=""PB w/ PB Drawers"",VLOOKUP($B131,'Pwood & PB List'!$B$4:$V$158,17,FALSE))))",GLB-WBC3630,1,
132,"Wall Blind Corner Cabinet: 36"" W x 36"" H, 2 Shelves",WBC3636,"IF('Summary Sheet'!$M$4=""Plywood"",VLOOKUP($B132,'Pwood & PB List'!$B$4:$V$158,9,FALSE),IF('Summary Sheet'!$M$4=""PB w/ Wood Drawers"",VLOOKUP($B132,'Pwood & PB List'!$B$4:$V$158,13,FALSE),IF('Summary Sheet'!$M$4=""PB w/ PB Drawers"",VLOOKUP($B132,'Pwood & PB List'!$B$4:$V$158,17,FALSE))))",GLW-WBC3636,"IF('Summary Sheet'!$M$4=""Plywood"",VLOOKUP($B132,'Pwood & PB List'!$B$4:$V$158,10,FALSE),IF('Summary Sheet'!$M$4=""PB w/ Wood Drawers"",VLOOKUP($B132,'Pwood & PB List'!$B$4:$V$158,14,FALSE),IF('Summary Sheet'!$M$4=""PB w/ PB Drawers"",VLOOKUP($B132,'Pwood & PB List'!$B$4:$V$158,18,FALSE))))",SLO-WBC3636,"IF('Summary Sheet'!$M$4=""Plywood"",VLOOKUP($B132,'Pwood & PB List'!$B$4:$V$158,11,FALSE),IF('Summary Sheet'!$M$4=""PB w/ Wood Drawers"",VLOOKUP($B132,'Pwood & PB List'!$B$4:$V$158,15,FALSE),IF('Summary Sheet'!$M$4=""PB w/ PB Drawers"",VLOOKUP($B132,'Pwood & PB List'!$B$4:$V$158,19,FALSE))))",BLW-WBC3636,"IF('Summary Sheet'!$M$4=""Plywood"",VLOOKUP($B132,'Pwood & PB List'!$B$4:$V$158,10,FALSE),IF('Summary Sheet'!$M$4=""PB w/ Wood Drawers"",VLOOKUP($B132,'Pwood & PB List'!$B$4:$V$158,14,FALSE),IF('Summary Sheet'!$M$4=""PB w/ PB Drawers"",VLOOKUP($B132,'Pwood & PB List'!$B$4:$V$158,18,FALSE))))",WEO-WBC3636,"IF('Summary Sheet'!$M$4=""Plywood"",VLOOKUP($B132,'Pwood & PB List'!$B$4:$V$158,9,FALSE),IF('Summary Sheet'!$M$4=""PB w/ Wood Drawers"",VLOOKUP($B132,'Pwood & PB List'!$B$4:$V$158,13,FALSE),IF('Summary Sheet'!$M$4=""PB w/ PB Drawers"",VLOOKUP($B132,'Pwood & PB List'!$B$4:$V$158,17,FALSE))))",GLG-WBC3636,"IF('Summary Sheet'!$M$4=""Plywood"",VLOOKUP($B132,'Pwood & PB List'!$B$4:$V$158,12,FALSE),IF('Summary Sheet'!$M$4=""PB w/ Wood Drawers"",VLOOKUP($B132,'Pwood & PB List'!$B$4:$V$158,16,FALSE),IF('Summary Sheet'!$M$4=""PB w/ PB Drawers"",VLOOKUP($B132,'Pwood & PB List'!$B$4:$V$158,20,FALSE))))",NAO-WBC3636,"IF('Summary Sheet'!$M$4=""Plywood"",VLOOKUP($B132,'Pwood & PB List'!$B$4:$V$158,12,FALSE),IF('Summary Sheet'!$M$4=""PB w/ Wood Drawers"",VLOOKUP($B132,'Pwood & PB List'!$B$4:$V$158,16,FALSE),IF('Summary Sheet'!$M$4=""PB w/ PB Drawers"",VLOOKUP($B132,'Pwood & PB List'!$B$4:$V$158,20,FALSE))))",WHO-WBC3636,"IF('Summary Sheet'!$M$4=""Plywood"",VLOOKUP($B132,'Pwood & PB List'!$B$4:$V$158,9,FALSE),IF('Summary Sheet'!$M$4=""PB w/ Wood Drawers"",VLOOKUP($B132,'Pwood & PB List'!$B$4:$V$158,13,FALSE),IF('Summary Sheet'!$M$4=""PB w/ PB Drawers"",VLOOKUP($B132,'Pwood & PB List'!$B$4:$V$158,17,FALSE))))",MAW-WBC3636,"IF('Summary Sheet'!$M$4=""Plywood"",VLOOKUP($B132,'Pwood & PB List'!$B$4:$V$158,9,FALSE),IF('Summary Sheet'!$M$4=""PB w/ Wood Drawers"",VLOOKUP($B132,'Pwood & PB List'!$B$4:$V$158,13,FALSE),IF('Summary Sheet'!$M$4=""PB w/ PB Drawers"",VLOOKUP($B132,'Pwood & PB List'!$B$4:$V$158,17,FALSE))))",MAG-WBC3636,"IF('Summary Sheet'!$M$4=""Plywood"",VLOOKUP($B132,'Pwood & PB List'!$B$4:$V$158,9,FALSE),IF('Summary Sheet'!$M$4=""PB w/ Wood Drawers"",VLOOKUP($B132,'Pwood & PB List'!$B$4:$V$158,13,FALSE),IF('Summary Sheet'!$M$4=""PB w/ PB Drawers"",VLOOKUP($B132,'Pwood & PB List'!$B$4:$V$158,17,FALSE))))",MAB-WBC3636,"IF('Summary Sheet'!$M$4=""Plywood"",VLOOKUP($B132,'Pwood & PB List'!$B$4:$V$158,9,FALSE),IF('Summary Sheet'!$M$4=""PB w/ Wood Drawers"",VLOOKUP($B132,'Pwood & PB List'!$B$4:$V$158,13,FALSE),IF('Summary Sheet'!$M$4=""PB w/ PB Drawers"",VLOOKUP($B132,'Pwood & PB List'!$B$4:$V$158,17,FALSE))))",GLB-WBC3636,1,
133,"Wall Blind Corner Cabinet: 36"" W x 42"" H, 3 Shelves",WBC3642,"IF('Summary Sheet'!$M$4=""Plywood"",VLOOKUP($B133,'Pwood & PB List'!$B$4:$V$158,9,FALSE),IF('Summary Sheet'!$M$4=""PB w/ Wood Drawers"",VLOOKUP($B133,'Pwood & PB List'!$B$4:$V$158,13,FALSE),IF('Summary Sheet'!$M$4=""PB w/ PB Drawers"",VLOOKUP($B133,'Pwood & PB List'!$B$4:$V$158,17,FALSE))))",GLW-WBC3642,"IF('Summary Sheet'!$M$4=""Plywood"",VLOOKUP($B133,'Pwood & PB List'!$B$4:$V$158,10,FALSE),IF('Summary Sheet'!$M$4=""PB w/ Wood Drawers"",VLOOKUP($B133,'Pwood & PB List'!$B$4:$V$158,14,FALSE),IF('Summary Sheet'!$M$4=""PB w/ PB Drawers"",VLOOKUP($B133,'Pwood & PB List'!$B$4:$V$158,18,FALSE))))",SLO-WBC3642,"IF('Summary Sheet'!$M$4=""Plywood"",VLOOKUP($B133,'Pwood & PB List'!$B$4:$V$158,11,FALSE),IF('Summary Sheet'!$M$4=""PB w/ Wood Drawers"",VLOOKUP($B133,'Pwood & PB List'!$B$4:$V$158,15,FALSE),IF('Summary Sheet'!$M$4=""PB w/ PB Drawers"",VLOOKUP($B133,'Pwood & PB List'!$B$4:$V$158,19,FALSE))))",BLW-WBC3642,"IF('Summary Sheet'!$M$4=""Plywood"",VLOOKUP($B133,'Pwood & PB List'!$B$4:$V$158,10,FALSE),IF('Summary Sheet'!$M$4=""PB w/ Wood Drawers"",VLOOKUP($B133,'Pwood & PB List'!$B$4:$V$158,14,FALSE),IF('Summary Sheet'!$M$4=""PB w/ PB Drawers"",VLOOKUP($B133,'Pwood & PB List'!$B$4:$V$158,18,FALSE))))",WEO-WBC3642,"IF('Summary Sheet'!$M$4=""Plywood"",VLOOKUP($B133,'Pwood & PB List'!$B$4:$V$158,9,FALSE),IF('Summary Sheet'!$M$4=""PB w/ Wood Drawers"",VLOOKUP($B133,'Pwood & PB List'!$B$4:$V$158,13,FALSE),IF('Summary Sheet'!$M$4=""PB w/ PB Drawers"",VLOOKUP($B133,'Pwood & PB List'!$B$4:$V$158,17,FALSE))))",GLG-WBC3642,"IF('Summary Sheet'!$M$4=""Plywood"",VLOOKUP($B133,'Pwood & PB List'!$B$4:$V$158,12,FALSE),IF('Summary Sheet'!$M$4=""PB w/ Wood Drawers"",VLOOKUP($B133,'Pwood & PB List'!$B$4:$V$158,16,FALSE),IF('Summary Sheet'!$M$4=""PB w/ PB Drawers"",VLOOKUP($B133,'Pwood & PB List'!$B$4:$V$158,20,FALSE))))",NAO-WBC3642,"IF('Summary Sheet'!$M$4=""Plywood"",VLOOKUP($B133,'Pwood & PB List'!$B$4:$V$158,12,FALSE),IF('Summary Sheet'!$M$4=""PB w/ Wood Drawers"",VLOOKUP($B133,'Pwood & PB List'!$B$4:$V$158,16,FALSE),IF('Summary Sheet'!$M$4=""PB w/ PB Drawers"",VLOOKUP($B133,'Pwood & PB List'!$B$4:$V$158,20,FALSE))))",WHO-WBC3642,"IF('Summary Sheet'!$M$4=""Plywood"",VLOOKUP($B133,'Pwood & PB List'!$B$4:$V$158,9,FALSE),IF('Summary Sheet'!$M$4=""PB w/ Wood Drawers"",VLOOKUP($B133,'Pwood & PB List'!$B$4:$V$158,13,FALSE),IF('Summary Sheet'!$M$4=""PB w/ PB Drawers"",VLOOKUP($B133,'Pwood & PB List'!$B$4:$V$158,17,FALSE))))",MAW-WBC3642,"IF('Summary Sheet'!$M$4=""Plywood"",VLOOKUP($B133,'Pwood & PB List'!$B$4:$V$158,9,FALSE),IF('Summary Sheet'!$M$4=""PB w/ Wood Drawers"",VLOOKUP($B133,'Pwood & PB List'!$B$4:$V$158,13,FALSE),IF('Summary Sheet'!$M$4=""PB w/ PB Drawers"",VLOOKUP($B133,'Pwood & PB List'!$B$4:$V$158,17,FALSE))))",MAG-WBC3642,"IF('Summary Sheet'!$M$4=""Plywood"",VLOOKUP($B133,'Pwood & PB List'!$B$4:$V$158,9,FALSE),IF('Summary Sheet'!$M$4=""PB w/ Wood Drawers"",VLOOKUP($B133,'Pwood & PB List'!$B$4:$V$158,13,FALSE),IF('Summary Sheet'!$M$4=""PB w/ PB Drawers"",VLOOKUP($B133,'Pwood & PB List'!$B$4:$V$158,17,FALSE))))",MAB-WBC3642,"IF('Summary Sheet'!$M$4=""Plywood"",VLOOKUP($B133,'Pwood & PB List'!$B$4:$V$158,9,FALSE),IF('Summary Sheet'!$M$4=""PB w/ Wood Drawers"",VLOOKUP($B133,'Pwood & PB List'!$B$4:$V$158,13,FALSE),IF('Summary Sheet'!$M$4=""PB w/ PB Drawers"",VLOOKUP($B133,'Pwood & PB List'!$B$4:$V$158,17,FALSE))))",GLB-WBC3642,1,
134,"Wall Bi-Fold Lift Cabinets, 13"" Depth",,,,,,,,,,,,,,,,,,,,,,,,,
135,"Wall Bi-Fold Lift Cabinet: 24"" W x 30"" H, 2 Lift-up Doors",WBF2430,"IF('Summary Sheet'!$M$4=""Plywood"",VLOOKUP($B135,'Pwood & PB List'!$B$4:$V$158,9,FALSE),IF('Summary Sheet'!$M$4=""PB w/ Wood Drawers"",VLOOKUP($B135,'Pwood & PB List'!$B$4:$V$158,13,FALSE),IF('Summary Sheet'!$M$4=""PB w/ PB Drawers"",VLOOKUP($B135,'Pwood & PB List'!$B$4:$V$158,17,FALSE))))","CONCATENATE(""GLW-"",B135)","IF('Summary Sheet'!$M$4=""Plywood"",VLOOKUP($B135,'Pwood & PB List'!$B$4:$V$158,10,FALSE),IF('Summary Sheet'!$M$4=""PB w/ Wood Drawers"",VLOOKUP($B135,'Pwood & PB List'!$B$4:$V$158,14,FALSE),IF('Summary Sheet'!$M$4=""PB w/ PB Drawers"",VLOOKUP($B135,'Pwood & PB List'!$B$4:$V$158,18,FALSE))))","CONCATENATE(""SLO-"",B135)","IF('Summary Sheet'!$M$4=""Plywood"",VLOOKUP($B135,'Pwood & PB List'!$B$4:$V$158,11,FALSE),IF('Summary Sheet'!$M$4=""PB w/ Wood Drawers"",VLOOKUP($B135,'Pwood & PB List'!$B$4:$V$158,15,FALSE),IF('Summary Sheet'!$M$4=""PB w/ PB Drawers"",VLOOKUP($B135,'Pwood & PB List'!$B$4:$V$158,19,FALSE))))","CONCATENATE(""BLW-"",B135)","IF('Summary Sheet'!$M$4=""Plywood"",VLOOKUP($B135,'Pwood & PB List'!$B$4:$V$158,10,FALSE),IF('Summary Sheet'!$M$4=""PB w/ Wood Drawers"",VLOOKUP($B135,'Pwood & PB List'!$B$4:$V$158,14,FALSE),IF('Summary Sheet'!$M$4=""PB w/ PB Drawers"",VLOOKUP($B135,'Pwood & PB List'!$B$4:$V$158,18,FALSE))))","CONCATENATE(""WEO-"",B135)","IF('Summary Sheet'!$M$4=""Plywood"",VLOOKUP($B135,'Pwood & PB List'!$B$4:$V$158,9,FALSE),IF('Summary Sheet'!$M$4=""PB w/ Wood Drawers"",VLOOKUP($B135,'Pwood & PB List'!$B$4:$V$158,13,FALSE),IF('Summary Sheet'!$M$4=""PB w/ PB Drawers"",VLOOKUP($B135,'Pwood & PB List'!$B$4:$V$158,17,FALSE))))","CONCATENATE(""GLG-"",B135)","IF('Summary Sheet'!$M$4=""Plywood"",VLOOKUP($B135,'Pwood & PB List'!$B$4:$V$158,12,FALSE),IF('Summary Sheet'!$M$4=""PB w/ Wood Drawers"",VLOOKUP($B135,'Pwood & PB List'!$B$4:$V$158,16,FALSE),IF('Summary Sheet'!$M$4=""PB w/ PB Drawers"",VLOOKUP($B135,'Pwood & PB List'!$B$4:$V$158,20,FALSE))))","CONCATENATE(""NAO-"",B135)","IF('Summary Sheet'!$M$4=""Plywood"",VLOOKUP($B135,'Pwood & PB List'!$B$4:$V$158,12,FALSE),IF('Summary Sheet'!$M$4=""PB w/ Wood Drawers"",VLOOKUP($B135,'Pwood & PB List'!$B$4:$V$158,16,FALSE),IF('Summary Sheet'!$M$4=""PB w/ PB Drawers"",VLOOKUP($B135,'Pwood & PB List'!$B$4:$V$158,20,FALSE))))","CONCATENATE(""WHO-"",B135)","IF('Summary Sheet'!$M$4=""Plywood"",VLOOKUP($B135,'Pwood & PB List'!$B$4:$V$158,9,FALSE),IF('Summary Sheet'!$M$4=""PB w/ Wood Drawers"",VLOOKUP($B135,'Pwood & PB List'!$B$4:$V$158,13,FALSE),IF('Summary Sheet'!$M$4=""PB w/ PB Drawers"",VLOOKUP($B135,'Pwood & PB List'!$B$4:$V$158,17,FALSE))))","CONCATENATE(""MAW-"",B135)","IF('Summary Sheet'!$M$4=""Plywood"",VLOOKUP($B135,'Pwood & PB List'!$B$4:$V$158,9,FALSE),IF('Summary Sheet'!$M$4=""PB w/ Wood Drawers"",VLOOKUP($B135,'Pwood & PB List'!$B$4:$V$158,13,FALSE),IF('Summary Sheet'!$M$4=""PB w/ PB Drawers"",VLOOKUP($B135,'Pwood & PB List'!$B$4:$V$158,17,FALSE))))","CONCATENATE(""MAG-"",B135)","IF('Summary Sheet'!$M$4=""Plywood"",VLOOKUP($B135,'Pwood & PB List'!$B$4:$V$158,9,FALSE),IF('Summary Sheet'!$M$4=""PB w/ Wood Drawers"",VLOOKUP($B135,'Pwood & PB List'!$B$4:$V$158,13,FALSE),IF('Summary Sheet'!$M$4=""PB w/ PB Drawers"",VLOOKUP($B135,'Pwood & PB List'!$B$4:$V$158,17,FALSE))))","CONCATENATE(""MAB-"",B135)","IF('Summary Sheet'!$M$4=""Plywood"",VLOOKUP($B135,'Pwood & PB List'!$B$4:$V$158,9,FALSE),IF('Summary Sheet'!$M$4=""PB w/ Wood Drawers"",VLOOKUP($B135,'Pwood & PB List'!$B$4:$V$158,13,FALSE),IF('Summary Sheet'!$M$4=""PB w/ PB Drawers"",VLOOKUP($B135,'Pwood & PB List'!$B$4:$V$158,17,FALSE))))","CONCATENATE(""GLB-"",B135)",2,
136,"Wall Bi-Fold Lift Cabinet: 27"" W x 30"" H, 2 Lift-up Doors",WBF2730,"IF('Summary Sheet'!$M$4=""Plywood"",VLOOKUP($B136,'Pwood & PB List'!$B$4:$V$158,9,FALSE),IF('Summary Sheet'!$M$4=""PB w/ Wood Drawers"",VLOOKUP($B136,'Pwood & PB List'!$B$4:$V$158,13,FALSE),IF('Summary Sheet'!$M$4=""PB w/ PB Drawers"",VLOOKUP($B136,'Pwood & PB List'!$B$4:$V$158,17,FALSE))))",GLW-WBF2730,"IF('Summary Sheet'!$M$4=""Plywood"",VLOOKUP($B136,'Pwood & PB List'!$B$4:$V$158,10,FALSE),IF('Summary Sheet'!$M$4=""PB w/ Wood Drawers"",VLOOKUP($B136,'Pwood & PB List'!$B$4:$V$158,14,FALSE),IF('Summary Sheet'!$M$4=""PB w/ PB Drawers"",VLOOKUP($B136,'Pwood & PB List'!$B$4:$V$158,18,FALSE))))",SLO-WBF2730,"IF('Summary Sheet'!$M$4=""Plywood"",VLOOKUP($B136,'Pwood & PB List'!$B$4:$V$158,11,FALSE),IF('Summary Sheet'!$M$4=""PB w/ Wood Drawers"",VLOOKUP($B136,'Pwood & PB List'!$B$4:$V$158,15,FALSE),IF('Summary Sheet'!$M$4=""PB w/ PB Drawers"",VLOOKUP($B136,'Pwood & PB List'!$B$4:$V$158,19,FALSE))))",BLW-WBF2730,"IF('Summary Sheet'!$M$4=""Plywood"",VLOOKUP($B136,'Pwood & PB List'!$B$4:$V$158,10,FALSE),IF('Summary Sheet'!$M$4=""PB w/ Wood Drawers"",VLOOKUP($B136,'Pwood & PB List'!$B$4:$V$158,14,FALSE),IF('Summary Sheet'!$M$4=""PB w/ PB Drawers"",VLOOKUP($B136,'Pwood & PB List'!$B$4:$V$158,18,FALSE))))",WEO-WBF2730,"IF('Summary Sheet'!$M$4=""Plywood"",VLOOKUP($B136,'Pwood & PB List'!$B$4:$V$158,9,FALSE),IF('Summary Sheet'!$M$4=""PB w/ Wood Drawers"",VLOOKUP($B136,'Pwood & PB List'!$B$4:$V$158,13,FALSE),IF('Summary Sheet'!$M$4=""PB w/ PB Drawers"",VLOOKUP($B136,'Pwood & PB List'!$B$4:$V$158,17,FALSE))))",GLG-WBF2730,"IF('Summary Sheet'!$M$4=""Plywood"",VLOOKUP($B136,'Pwood & PB List'!$B$4:$V$158,12,FALSE),IF('Summary Sheet'!$M$4=""PB w/ Wood Drawers"",VLOOKUP($B136,'Pwood & PB List'!$B$4:$V$158,16,FALSE),IF('Summary Sheet'!$M$4=""PB w/ PB Drawers"",VLOOKUP($B136,'Pwood & PB List'!$B$4:$V$158,20,FALSE))))",NAO-WBF2730,"IF('Summary Sheet'!$M$4=""Plywood"",VLOOKUP($B136,'Pwood & PB List'!$B$4:$V$158,12,FALSE),IF('Summary Sheet'!$M$4=""PB w/ Wood Drawers"",VLOOKUP($B136,'Pwood & PB List'!$B$4:$V$158,16,FALSE),IF('Summary Sheet'!$M$4=""PB w/ PB Drawers"",VLOOKUP($B136,'Pwood & PB List'!$B$4:$V$158,20,FALSE))))",WHO-WBF2730,"IF('Summary Sheet'!$M$4=""Plywood"",VLOOKUP($B136,'Pwood & PB List'!$B$4:$V$158,9,FALSE),IF('Summary Sheet'!$M$4=""PB w/ Wood Drawers"",VLOOKUP($B136,'Pwood & PB List'!$B$4:$V$158,13,FALSE),IF('Summary Sheet'!$M$4=""PB w/ PB Drawers"",VLOOKUP($B136,'Pwood & PB List'!$B$4:$V$158,17,FALSE))))",MAW-WBF2730,"IF('Summary Sheet'!$M$4=""Plywood"",VLOOKUP($B136,'Pwood & PB List'!$B$4:$V$158,9,FALSE),IF('Summary Sheet'!$M$4=""PB w/ Wood Drawers"",VLOOKUP($B136,'Pwood & PB List'!$B$4:$V$158,13,FALSE),IF('Summary Sheet'!$M$4=""PB w/ PB Drawers"",VLOOKUP($B136,'Pwood & PB List'!$B$4:$V$158,17,FALSE))))",MAG-WBF2730,"IF('Summary Sheet'!$M$4=""Plywood"",VLOOKUP($B136,'Pwood & PB List'!$B$4:$V$158,9,FALSE),IF('Summary Sheet'!$M$4=""PB w/ Wood Drawers"",VLOOKUP($B136,'Pwood & PB List'!$B$4:$V$158,13,FALSE),IF('Summary Sheet'!$M$4=""PB w/ PB Drawers"",VLOOKUP($B136,'Pwood & PB List'!$B$4:$V$158,17,FALSE))))",MAB-WBF2730,"IF('Summary Sheet'!$M$4=""Plywood"",VLOOKUP($B136,'Pwood & PB List'!$B$4:$V$158,9,FALSE),IF('Summary Sheet'!$M$4=""PB w/ Wood Drawers"",VLOOKUP($B136,'Pwood & PB List'!$B$4:$V$158,13,FALSE),IF('Summary Sheet'!$M$4=""PB w/ PB Drawers"",VLOOKUP($B136,'Pwood & PB List'!$B$4:$V$158,17,FALSE))))",GLB-WBF2730,2,
137,"Wall Bi-Fold Lift Cabinet: 30"" W x 30"" H, 2 Lift-up Doors",WBF3030,"IF('Summary Sheet'!$M$4=""Plywood"",VLOOKUP($B137,'Pwood & PB List'!$B$4:$V$158,9,FALSE),IF('Summary Sheet'!$M$4=""PB w/ Wood Drawers"",VLOOKUP($B137,'Pwood & PB List'!$B$4:$V$158,13,FALSE),IF('Summary Sheet'!$M$4=""PB w/ PB Drawers"",VLOOKUP($B137,'Pwood & PB List'!$B$4:$V$158,17,FALSE))))",GLW-WBF3030,"IF('Summary Sheet'!$M$4=""Plywood"",VLOOKUP($B137,'Pwood & PB List'!$B$4:$V$158,10,FALSE),IF('Summary Sheet'!$M$4=""PB w/ Wood Drawers"",VLOOKUP($B137,'Pwood & PB List'!$B$4:$V$158,14,FALSE),IF('Summary Sheet'!$M$4=""PB w/ PB Drawers"",VLOOKUP($B137,'Pwood & PB List'!$B$4:$V$158,18,FALSE))))",SLO-WBF3030,"IF('Summary Sheet'!$M$4=""Plywood"",VLOOKUP($B137,'Pwood & PB List'!$B$4:$V$158,11,FALSE),IF('Summary Sheet'!$M$4=""PB w/ Wood Drawers"",VLOOKUP($B137,'Pwood & PB List'!$B$4:$V$158,15,FALSE),IF('Summary Sheet'!$M$4=""PB w/ PB Drawers"",VLOOKUP($B137,'Pwood & PB List'!$B$4:$V$158,19,FALSE))))",BLW-WBF3030,"IF('Summary Sheet'!$M$4=""Plywood"",VLOOKUP($B137,'Pwood & PB List'!$B$4:$V$158,10,FALSE),IF('Summary Sheet'!$M$4=""PB w/ Wood Drawers"",VLOOKUP($B137,'Pwood & PB List'!$B$4:$V$158,14,FALSE),IF('Summary Sheet'!$M$4=""PB w/ PB Drawers"",VLOOKUP($B137,'Pwood & PB List'!$B$4:$V$158,18,FALSE))))",WEO-WBF3030,"IF('Summary Sheet'!$M$4=""Plywood"",VLOOKUP($B137,'Pwood & PB List'!$B$4:$V$158,9,FALSE),IF('Summary Sheet'!$M$4=""PB w/ Wood Drawers"",VLOOKUP($B137,'Pwood & PB List'!$B$4:$V$158,13,FALSE),IF('Summary Sheet'!$M$4=""PB w/ PB Drawers"",VLOOKUP($B137,'Pwood & PB List'!$B$4:$V$158,17,FALSE))))",GLG-WBF3030,"IF('Summary Sheet'!$M$4=""Plywood"",VLOOKUP($B137,'Pwood & PB List'!$B$4:$V$158,12,FALSE),IF('Summary Sheet'!$M$4=""PB w/ Wood Drawers"",VLOOKUP($B137,'Pwood & PB List'!$B$4:$V$158,16,FALSE),IF('Summary Sheet'!$M$4=""PB w/ PB Drawers"",VLOOKUP($B137,'Pwood & PB List'!$B$4:$V$158,20,FALSE))))",NAO-WBF3030,"IF('Summary Sheet'!$M$4=""Plywood"",VLOOKUP($B137,'Pwood & PB List'!$B$4:$V$158,12,FALSE),IF('Summary Sheet'!$M$4=""PB w/ Wood Drawers"",VLOOKUP($B137,'Pwood & PB List'!$B$4:$V$158,16,FALSE),IF('Summary Sheet'!$M$4=""PB w/ PB Drawers"",VLOOKUP($B137,'Pwood & PB List'!$B$4:$V$158,20,FALSE))))",WHO-WBF3030,"IF('Summary Sheet'!$M$4=""Plywood"",VLOOKUP($B137,'Pwood & PB List'!$B$4:$V$158,9,FALSE),IF('Summary Sheet'!$M$4=""PB w/ Wood Drawers"",VLOOKUP($B137,'Pwood & PB List'!$B$4:$V$158,13,FALSE),IF('Summary Sheet'!$M$4=""PB w/ PB Drawers"",VLOOKUP($B137,'Pwood & PB List'!$B$4:$V$158,17,FALSE))))",MAW-WBF3030,"IF('Summary Sheet'!$M$4=""Plywood"",VLOOKUP($B137,'Pwood & PB List'!$B$4:$V$158,9,FALSE),IF('Summary Sheet'!$M$4=""PB w/ Wood Drawers"",VLOOKUP($B137,'Pwood & PB List'!$B$4:$V$158,13,FALSE),IF('Summary Sheet'!$M$4=""PB w/ PB Drawers"",VLOOKUP($B137,'Pwood & PB List'!$B$4:$V$158,17,FALSE))))",MAG-WBF3030,"IF('Summary Sheet'!$M$4=""Plywood"",VLOOKUP($B137,'Pwood & PB List'!$B$4:$V$158,9,FALSE),IF('Summary Sheet'!$M$4=""PB w/ Wood Drawers"",VLOOKUP($B137,'Pwood & PB List'!$B$4:$V$158,13,FALSE),IF('Summary Sheet'!$M$4=""PB w/ PB Drawers"",VLOOKUP($B137,'Pwood & PB List'!$B$4:$V$158,17,FALSE))))",MAB-WBF3030,"IF('Summary Sheet'!$M$4=""Plywood"",VLOOKUP($B137,'Pwood & PB List'!$B$4:$V$158,9,FALSE),IF('Summary Sheet'!$M$4=""PB w/ Wood Drawers"",VLOOKUP($B137,'Pwood & PB List'!$B$4:$V$158,13,FALSE),IF('Summary Sheet'!$M$4=""PB w/ PB Drawers"",VLOOKUP($B137,'Pwood & PB List'!$B$4:$V$158,17,FALSE))))",GLB-WBF3030,2,
138,"Wall Bi-Fold Lift Cabinet: 36"" W x 30"" H, 2 Lift-up Doors",WBF3630,"IF('Summary Sheet'!$M$4=""Plywood"",VLOOKUP($B138,'Pwood & PB List'!$B$4:$V$158,9,FALSE),IF('Summary Sheet'!$M$4=""PB w/ Wood Drawers"",VLOOKUP($B138,'Pwood & PB List'!$B$4:$V$158,13,FALSE),IF('Summary Sheet'!$M$4=""PB w/ PB Drawers"",VLOOKUP($B138,'Pwood & PB List'!$B$4:$V$158,17,FALSE))))",GLW-WBF3630,"IF('Summary Sheet'!$M$4=""Plywood"",VLOOKUP($B138,'Pwood & PB List'!$B$4:$V$158,10,FALSE),IF('Summary Sheet'!$M$4=""PB w/ Wood Drawers"",VLOOKUP($B138,'Pwood & PB List'!$B$4:$V$158,14,FALSE),IF('Summary Sheet'!$M$4=""PB w/ PB Drawers"",VLOOKUP($B138,'Pwood & PB List'!$B$4:$V$158,18,FALSE))))",SLO-WBF3630,"IF('Summary Sheet'!$M$4=""Plywood"",VLOOKUP($B138,'Pwood & PB List'!$B$4:$V$158,11,FALSE),IF('Summary Sheet'!$M$4=""PB w/ Wood Drawers"",VLOOKUP($B138,'Pwood & PB List'!$B$4:$V$158,15,FALSE),IF('Summary Sheet'!$M$4=""PB w/ PB Drawers"",VLOOKUP($B138,'Pwood & PB List'!$B$4:$V$158,19,FALSE))))",BLW-WBF3630,"IF('Summary Sheet'!$M$4=""Plywood"",VLOOKUP($B138,'Pwood & PB List'!$B$4:$V$158,10,FALSE),IF('Summary Sheet'!$M$4=""PB w/ Wood Drawers"",VLOOKUP($B138,'Pwood & PB List'!$B$4:$V$158,14,FALSE),IF('Summary Sheet'!$M$4=""PB w/ PB Drawers"",VLOOKUP($B138,'Pwood & PB List'!$B$4:$V$158,18,FALSE))))",WEO-WBF3630,"IF('Summary Sheet'!$M$4=""Plywood"",VLOOKUP($B138,'Pwood & PB List'!$B$4:$V$158,9,FALSE),IF('Summary Sheet'!$M$4=""PB w/ Wood Drawers"",VLOOKUP($B138,'Pwood & PB List'!$B$4:$V$158,13,FALSE),IF('Summary Sheet'!$M$4=""PB w/ PB Drawers"",VLOOKUP($B138,'Pwood & PB List'!$B$4:$V$158,17,FALSE))))",GLG-WBF3630,"IF('Summary Sheet'!$M$4=""Plywood"",VLOOKUP($B138,'Pwood & PB List'!$B$4:$V$158,12,FALSE),IF('Summary Sheet'!$M$4=""PB w/ Wood Drawers"",VLOOKUP($B138,'Pwood & PB List'!$B$4:$V$158,16,FALSE),IF('Summary Sheet'!$M$4=""PB w/ PB Drawers"",VLOOKUP($B138,'Pwood & PB List'!$B$4:$V$158,20,FALSE))))",NAO-WBF3630,"IF('Summary Sheet'!$M$4=""Plywood"",VLOOKUP($B138,'Pwood & PB List'!$B$4:$V$158,12,FALSE),IF('Summary Sheet'!$M$4=""PB w/ Wood Drawers"",VLOOKUP($B138,'Pwood & PB List'!$B$4:$V$158,16,FALSE),IF('Summary Sheet'!$M$4=""PB w/ PB Drawers"",VLOOKUP($B138,'Pwood & PB List'!$B$4:$V$158,20,FALSE))))",WHO-WBF3630,"IF('Summary Sheet'!$M$4=""Plywood"",VLOOKUP($B138,'Pwood & PB List'!$B$4:$V$158,9,FALSE),IF('Summary Sheet'!$M$4=""PB w/ Wood Drawers"",VLOOKUP($B138,'Pwood & PB List'!$B$4:$V$158,13,FALSE),IF('Summary Sheet'!$M$4=""PB w/ PB Drawers"",VLOOKUP($B138,'Pwood & PB List'!$B$4:$V$158,17,FALSE))))",MAW-WBF3630,"IF('Summary Sheet'!$M$4=""Plywood"",VLOOKUP($B138,'Pwood & PB List'!$B$4:$V$158,9,FALSE),IF('Summary Sheet'!$M$4=""PB w/ Wood Drawers"",VLOOKUP($B138,'Pwood & PB List'!$B$4:$V$158,13,FALSE),IF('Summary Sheet'!$M$4=""PB w/ PB Drawers"",VLOOKUP($B138,'Pwood & PB List'!$B$4:$V$158,17,FALSE))))",MAG-WBF3630,"IF('Summary Sheet'!$M$4=""Plywood"",VLOOKUP($B138,'Pwood & PB List'!$B$4:$V$158,9,FALSE),IF('Summary Sheet'!$M$4=""PB w/ Wood Drawers"",VLOOKUP($B138,'Pwood & PB List'!$B$4:$V$158,13,FALSE),IF('Summary Sheet'!$M$4=""PB w/ PB Drawers"",VLOOKUP($B138,'Pwood & PB List'!$B$4:$V$158,17,FALSE))))",MAB-WBF3630,"IF('Summary Sheet'!$M$4=""Plywood"",VLOOKUP($B138,'Pwood & PB List'!$B$4:$V$158,9,FALSE),IF('Summary Sheet'!$M$4=""PB w/ Wood Drawers"",VLOOKUP($B138,'Pwood & PB List'!$B$4:$V$158,13,FALSE),IF('Summary Sheet'!$M$4=""PB w/ PB Drawers"",VLOOKUP($B138,'Pwood & PB List'!$B$4:$V$158,17,FALSE))))",GLB-WBF3630,2,
139,"Wall Bi-Fold Lift Cabinet: 36"" W x 30"" H, 2 Lift-up Doors",WBF3630,"IF('Summary Sheet'!$M$4=""Plywood"",VLOOKUP($B139,'Pwood & PB List'!$B$4:$V$158,9,FALSE),IF('Summary Sheet'!$M$4=""PB w/ Wood Drawers"",VLOOKUP($B139,'Pwood & PB List'!$B$4:$V$158,13,FALSE),IF('Summary Sheet'!$M$4=""PB w/ PB Drawers"",VLOOKUP($B139,'Pwood & PB List'!$B$4:$V$158,17,FALSE))))",GLW-WBF3630,"IF('Summary Sheet'!$M$4=""Plywood"",VLOOKUP($B139,'Pwood & PB List'!$B$4:$V$158,10,FALSE),IF('Summary Sheet'!$M$4=""PB w/ Wood Drawers"",VLOOKUP($B139,'Pwood & PB List'!$B$4:$V$158,14,FALSE),IF('Summary Sheet'!$M$4=""PB w/ PB Drawers"",VLOOKUP($B139,'Pwood & PB List'!$B$4:$V$158,18,FALSE))))",SLO-WBF3630,"IF('Summary Sheet'!$M$4=""Plywood"",VLOOKUP($B139,'Pwood & PB List'!$B$4:$V$158,11,FALSE),IF('Summary Sheet'!$M$4=""PB w/ Wood Drawers"",VLOOKUP($B139,'Pwood & PB List'!$B$4:$V$158,15,FALSE),IF('Summary Sheet'!$M$4=""PB w/ PB Drawers"",VLOOKUP($B139,'Pwood & PB List'!$B$4:$V$158,19,FALSE))))",BLW-WBF3630,"IF('Summary Sheet'!$M$4=""Plywood"",VLOOKUP($B139,'Pwood & PB List'!$B$4:$V$158,10,FALSE),IF('Summary Sheet'!$M$4=""PB w/ Wood Drawers"",VLOOKUP($B139,'Pwood & PB List'!$B$4:$V$158,14,FALSE),IF('Summary Sheet'!$M$4=""PB w/ PB Drawers"",VLOOKUP($B139,'Pwood & PB List'!$B$4:$V$158,18,FALSE))))",WEO-WBF3630,"IF('Summary Sheet'!$M$4=""Plywood"",VLOOKUP($B139,'Pwood & PB List'!$B$4:$V$158,9,FALSE),IF('Summary Sheet'!$M$4=""PB w/ Wood Drawers"",VLOOKUP($B139,'Pwood & PB List'!$B$4:$V$158,13,FALSE),IF('Summary Sheet'!$M$4=""PB w/ PB Drawers"",VLOOKUP($B139,'Pwood & PB List'!$B$4:$V$158,17,FALSE))))",GLG-WBF3630,"IF('Summary Sheet'!$M$4=""Plywood"",VLOOKUP($B139,'Pwood & PB List'!$B$4:$V$158,12,FALSE),IF('Summary Sheet'!$M$4=""PB w/ Wood Drawers"",VLOOKUP($B139,'Pwood & PB List'!$B$4:$V$158,16,FALSE),IF('Summary Sheet'!$M$4=""PB w/ PB Drawers"",VLOOKUP($B139,'Pwood & PB List'!$B$4:$V$158,20,FALSE))))",NAO-WBF3630,"IF('Summary Sheet'!$M$4=""Plywood"",VLOOKUP($B139,'Pwood & PB List'!$B$4:$V$158,12,FALSE),IF('Summary Sheet'!$M$4=""PB w/ Wood Drawers"",VLOOKUP($B139,'Pwood & PB List'!$B$4:$V$158,16,FALSE),IF('Summary Sheet'!$M$4=""PB w/ PB Drawers"",VLOOKUP($B139,'Pwood & PB List'!$B$4:$V$158,20,FALSE))))",WHO-WBF3630,"IF('Summary Sheet'!$M$4=""Plywood"",VLOOKUP($B139,'Pwood & PB List'!$B$4:$V$158,9,FALSE),IF('Summary Sheet'!$M$4=""PB w/ Wood Drawers"",VLOOKUP($B139,'Pwood & PB List'!$B$4:$V$158,13,FALSE),IF('Summary Sheet'!$M$4=""PB w/ PB Drawers"",VLOOKUP($B139,'Pwood & PB List'!$B$4:$V$158,17,FALSE))))",MAW-WBF3630,"IF('Summary Sheet'!$M$4=""Plywood"",VLOOKUP($B139,'Pwood & PB List'!$B$4:$V$158,9,FALSE),IF('Summary Sheet'!$M$4=""PB w/ Wood Drawers"",VLOOKUP($B139,'Pwood & PB List'!$B$4:$V$158,13,FALSE),IF('Summary Sheet'!$M$4=""PB w/ PB Drawers"",VLOOKUP($B139,'Pwood & PB List'!$B$4:$V$158,17,FALSE))))",MAG-WBF3630,"IF('Summary Sheet'!$M$4=""Plywood"",VLOOKUP($B139,'Pwood & PB List'!$B$4:$V$158,9,FALSE),IF('Summary Sheet'!$M$4=""PB w/ Wood Drawers"",VLOOKUP($B139,'Pwood & PB List'!$B$4:$V$158,13,FALSE),IF('Summary Sheet'!$M$4=""PB w/ PB Drawers"",VLOOKUP($B139,'Pwood & PB List'!$B$4:$V$158,17,FALSE))))",MAB-WBF3630,"IF('Summary Sheet'!$M$4=""Plywood"",VLOOKUP($B139,'Pwood & PB List'!$B$4:$V$158,9,FALSE),IF('Summary Sheet'!$M$4=""PB w/ Wood Drawers"",VLOOKUP($B139,'Pwood & PB List'!$B$4:$V$158,13,FALSE),IF('Summary Sheet'!$M$4=""PB w/ PB Drawers"",VLOOKUP($B139,'Pwood & PB List'!$B$4:$V$158,17,FALSE))))",GLB-WBF3630,2,
140,"Wall Bridge Cabinets, 13"" Depth",,,,,,,,,,,,,,,,,,,,,,,,,
141,"Wall Cabinet: 30"" W x 12"" H, 2 Doors",W3012,"IF('Summary Sheet'!$M$4=""Plywood"",VLOOKUP($B141,'Pwood & PB List'!$B$4:$V$158,9,FALSE),IF('Summary Sheet'!$M$4=""PB w/ Wood Drawers"",VLOOKUP($B141,'Pwood & PB List'!$B$4:$V$158,13,FALSE),IF('Summary Sheet'!$M$4=""PB w/ PB Drawers"",VLOOKUP($B141,'Pwood & PB List'!$B$4:$V$158,17,FALSE))))","CONCATENATE(""GLW-"",B141)","IF('Summary Sheet'!$M$4=""Plywood"",VLOOKUP($B141,'Pwood & PB List'!$B$4:$V$158,10,FALSE),IF('Summary Sheet'!$M$4=""PB w/ Wood Drawers"",VLOOKUP($B141,'Pwood & PB List'!$B$4:$V$158,14,FALSE),IF('Summary Sheet'!$M$4=""PB w/ PB Drawers"",VLOOKUP($B141,'Pwood & PB List'!$B$4:$V$158,18,FALSE))))","CONCATENATE(""SLO-"",B141)","IF('Summary Sheet'!$M$4=""Plywood"",VLOOKUP($B141,'Pwood & PB List'!$B$4:$V$158,11,FALSE),IF('Summary Sheet'!$M$4=""PB w/ Wood Drawers"",VLOOKUP($B141,'Pwood & PB List'!$B$4:$V$158,15,FALSE),IF('Summary Sheet'!$M$4=""PB w/ PB Drawers"",VLOOKUP($B141,'Pwood & PB List'!$B$4:$V$158,19,FALSE))))","CONCATENATE(""BLW-"",B141)","IF('Summary Sheet'!$M$4=""Plywood"",VLOOKUP($B141,'Pwood & PB List'!$B$4:$V$158,10,FALSE),IF('Summary Sheet'!$M$4=""PB w/ Wood Drawers"",VLOOKUP($B141,'Pwood & PB List'!$B$4:$V$158,14,FALSE),IF('Summary Sheet'!$M$4=""PB w/ PB Drawers"",VLOOKUP($B141,'Pwood & PB List'!$B$4:$V$158,18,FALSE))))","CONCATENATE(""WEO-"",B141)","IF('Summary Sheet'!$M$4=""Plywood"",VLOOKUP($B141,'Pwood & PB List'!$B$4:$V$158,9,FALSE),IF('Summary Sheet'!$M$4=""PB w/ Wood Drawers"",VLOOKUP($B141,'Pwood & PB List'!$B$4:$V$158,13,FALSE),IF('Summary Sheet'!$M$4=""PB w/ PB Drawers"",VLOOKUP($B141,'Pwood & PB List'!$B$4:$V$158,17,FALSE))))","CONCATENATE(""GLG-"",B141)","IF('Summary Sheet'!$M$4=""Plywood"",VLOOKUP($B141,'Pwood & PB List'!$B$4:$V$158,12,FALSE),IF('Summary Sheet'!$M$4=""PB w/ Wood Drawers"",VLOOKUP($B141,'Pwood & PB List'!$B$4:$V$158,16,FALSE),IF('Summary Sheet'!$M$4=""PB w/ PB Drawers"",VLOOKUP($B141,'Pwood & PB List'!$B$4:$V$158,20,FALSE))))","CONCATENATE(""NAO-"",B141)","IF('Summary Sheet'!$M$4=""Plywood"",VLOOKUP($B141,'Pwood & PB List'!$B$4:$V$158,12,FALSE),IF('Summary Sheet'!$M$4=""PB w/ Wood Drawers"",VLOOKUP($B141,'Pwood & PB List'!$B$4:$V$158,16,FALSE),IF('Summary Sheet'!$M$4=""PB w/ PB Drawers"",VLOOKUP($B141,'Pwood & PB List'!$B$4:$V$158,20,FALSE))))","CONCATENATE(""WHO-"",B141)","IF('Summary Sheet'!$M$4=""Plywood"",VLOOKUP($B141,'Pwood & PB List'!$B$4:$V$158,9,FALSE),IF('Summary Sheet'!$M$4=""PB w/ Wood Drawers"",VLOOKUP($B141,'Pwood & PB List'!$B$4:$V$158,13,FALSE),IF('Summary Sheet'!$M$4=""PB w/ PB Drawers"",VLOOKUP($B141,'Pwood & PB List'!$B$4:$V$158,17,FALSE))))","CONCATENATE(""MAW-"",B141)","IF('Summary Sheet'!$M$4=""Plywood"",VLOOKUP($B141,'Pwood & PB List'!$B$4:$V$158,9,FALSE),IF('Summary Sheet'!$M$4=""PB w/ Wood Drawers"",VLOOKUP($B141,'Pwood & PB List'!$B$4:$V$158,13,FALSE),IF('Summary Sheet'!$M$4=""PB w/ PB Drawers"",VLOOKUP($B141,'Pwood & PB List'!$B$4:$V$158,17,FALSE))))","CONCATENATE(""MAG-"",B141)","IF('Summary Sheet'!$M$4=""Plywood"",VLOOKUP($B141,'Pwood & PB List'!$B$4:$V$158,9,FALSE),IF('Summary Sheet'!$M$4=""PB w/ Wood Drawers"",VLOOKUP($B141,'Pwood & PB List'!$B$4:$V$158,13,FALSE),IF('Summary Sheet'!$M$4=""PB w/ PB Drawers"",VLOOKUP($B141,'Pwood & PB List'!$B$4:$V$158,17,FALSE))))","CONCATENATE(""MAB-"",B141)","IF('Summary Sheet'!$M$4=""Plywood"",VLOOKUP($B141,'Pwood & PB List'!$B$4:$V$158,9,FALSE),IF('Summary Sheet'!$M$4=""PB w/ Wood Drawers"",VLOOKUP($B141,'Pwood & PB List'!$B$4:$V$158,13,FALSE),IF('Summary Sheet'!$M$4=""PB w/ PB Drawers"",VLOOKUP($B141,'Pwood & PB List'!$B$4:$V$158,17,FALSE))))","CONCATENATE(""GLB-"",B141)",2,
142,"Wall Cabinet: 30"" W x 15"" H, 2 Doors",W3015,"IF('Summary Sheet'!$M$4=""Plywood"",VLOOKUP($B142,'Pwood & PB List'!$B$4:$V$158,9,FALSE),IF('Summary Sheet'!$M$4=""PB w/ Wood Drawers"",VLOOKUP($B142,'Pwood & PB List'!$B$4:$V$158,13,FALSE),IF('Summary Sheet'!$M$4=""PB w/ PB Drawers"",VLOOKUP($B142,'Pwood & PB List'!$B$4:$V$158,17,FALSE))))",GLW-W3015,"IF('Summary Sheet'!$M$4=""Plywood"",VLOOKUP($B142,'Pwood & PB List'!$B$4:$V$158,10,FALSE),IF('Summary Sheet'!$M$4=""PB w/ Wood Drawers"",VLOOKUP($B142,'Pwood & PB List'!$B$4:$V$158,14,FALSE),IF('Summary Sheet'!$M$4=""PB w/ PB Drawers"",VLOOKUP($B142,'Pwood & PB List'!$B$4:$V$158,18,FALSE))))",SLO-W3015,"IF('Summary Sheet'!$M$4=""Plywood"",VLOOKUP($B142,'Pwood & PB List'!$B$4:$V$158,11,FALSE),IF('Summary Sheet'!$M$4=""PB w/ Wood Drawers"",VLOOKUP($B142,'Pwood & PB List'!$B$4:$V$158,15,FALSE),IF('Summary Sheet'!$M$4=""PB w/ PB Drawers"",VLOOKUP($B142,'Pwood & PB List'!$B$4:$V$158,19,FALSE))))",BLW-W3015,"IF('Summary Sheet'!$M$4=""Plywood"",VLOOKUP($B142,'Pwood & PB List'!$B$4:$V$158,10,FALSE),IF('Summary Sheet'!$M$4=""PB w/ Wood Drawers"",VLOOKUP($B142,'Pwood & PB List'!$B$4:$V$158,14,FALSE),IF('Summary Sheet'!$M$4=""PB w/ PB Drawers"",VLOOKUP($B142,'Pwood & PB List'!$B$4:$V$158,18,FALSE))))",WEO-W3015,"IF('Summary Sheet'!$M$4=""Plywood"",VLOOKUP($B142,'Pwood & PB List'!$B$4:$V$158,9,FALSE),IF('Summary Sheet'!$M$4=""PB w/ Wood Drawers"",VLOOKUP($B142,'Pwood & PB List'!$B$4:$V$158,13,FALSE),IF('Summary Sheet'!$M$4=""PB w/ PB Drawers"",VLOOKUP($B142,'Pwood & PB List'!$B$4:$V$158,17,FALSE))))",GLG-W3015,"IF('Summary Sheet'!$M$4=""Plywood"",VLOOKUP($B142,'Pwood & PB List'!$B$4:$V$158,12,FALSE),IF('Summary Sheet'!$M$4=""PB w/ Wood Drawers"",VLOOKUP($B142,'Pwood & PB List'!$B$4:$V$158,16,FALSE),IF('Summary Sheet'!$M$4=""PB w/ PB Drawers"",VLOOKUP($B142,'Pwood & PB List'!$B$4:$V$158,20,FALSE))))",NAO-W3015,"IF('Summary Sheet'!$M$4=""Plywood"",VLOOKUP($B142,'Pwood & PB List'!$B$4:$V$158,12,FALSE),IF('Summary Sheet'!$M$4=""PB w/ Wood Drawers"",VLOOKUP($B142,'Pwood & PB List'!$B$4:$V$158,16,FALSE),IF('Summary Sheet'!$M$4=""PB w/ PB Drawers"",VLOOKUP($B142,'Pwood & PB List'!$B$4:$V$158,20,FALSE))))",WHO-W3015,"IF('Summary Sheet'!$M$4=""Plywood"",VLOOKUP($B142,'Pwood & PB List'!$B$4:$V$158,9,FALSE),IF('Summary Sheet'!$M$4=""PB w/ Wood Drawers"",VLOOKUP($B142,'Pwood & PB List'!$B$4:$V$158,13,FALSE),IF('Summary Sheet'!$M$4=""PB w/ PB Drawers"",VLOOKUP($B142,'Pwood & PB List'!$B$4:$V$158,17,FALSE))))",MAW-W3015,"IF('Summary Sheet'!$M$4=""Plywood"",VLOOKUP($B142,'Pwood & PB List'!$B$4:$V$158,9,FALSE),IF('Summary Sheet'!$M$4=""PB w/ Wood Drawers"",VLOOKUP($B142,'Pwood & PB List'!$B$4:$V$158,13,FALSE),IF('Summary Sheet'!$M$4=""PB w/ PB Drawers"",VLOOKUP($B142,'Pwood & PB List'!$B$4:$V$158,17,FALSE))))",MAG-W3015,"IF('Summary Sheet'!$M$4=""Plywood"",VLOOKUP($B142,'Pwood & PB List'!$B$4:$V$158,9,FALSE),IF('Summary Sheet'!$M$4=""PB w/ Wood Drawers"",VLOOKUP($B142,'Pwood & PB List'!$B$4:$V$158,13,FALSE),IF('Summary Sheet'!$M$4=""PB w/ PB Drawers"",VLOOKUP($B142,'Pwood & PB List'!$B$4:$V$158,17,FALSE))))",MAB-W3015,"IF('Summary Sheet'!$M$4=""Plywood"",VLOOKUP($B142,'Pwood & PB List'!$B$4:$V$158,9,FALSE),IF('Summary Sheet'!$M$4=""PB w/ Wood Drawers"",VLOOKUP($B142,'Pwood & PB List'!$B$4:$V$158,13,FALSE),IF('Summary Sheet'!$M$4=""PB w/ PB Drawers"",VLOOKUP($B142,'Pwood & PB List'!$B$4:$V$158,17,FALSE))))",GLB-W3015,2,
143,"Wall Cabinet: 30"" W x 18"" H, 2 Doors",W3018,"IF('Summary Sheet'!$M$4=""Plywood"",VLOOKUP($B143,'Pwood & PB List'!$B$4:$V$158,9,FALSE),IF('Summary Sheet'!$M$4=""PB w/ Wood Drawers"",VLOOKUP($B143,'Pwood & PB List'!$B$4:$V$158,13,FALSE),IF('Summary Sheet'!$M$4=""PB w/ PB Drawers"",VLOOKUP($B143,'Pwood & PB List'!$B$4:$V$158,17,FALSE))))",GLW-W3018,"IF('Summary Sheet'!$M$4=""Plywood"",VLOOKUP($B143,'Pwood & PB List'!$B$4:$V$158,10,FALSE),IF('Summary Sheet'!$M$4=""PB w/ Wood Drawers"",VLOOKUP($B143,'Pwood & PB List'!$B$4:$V$158,14,FALSE),IF('Summary Sheet'!$M$4=""PB w/ PB Drawers"",VLOOKUP($B143,'Pwood & PB List'!$B$4:$V$158,18,FALSE))))",SLO-W3018,"IF('Summary Sheet'!$M$4=""Plywood"",VLOOKUP($B143,'Pwood & PB List'!$B$4:$V$158,11,FALSE),IF('Summary Sheet'!$M$4=""PB w/ Wood Drawers"",VLOOKUP($B143,'Pwood & PB List'!$B$4:$V$158,15,FALSE),IF('Summary Sheet'!$M$4=""PB w/ PB Drawers"",VLOOKUP($B143,'Pwood & PB List'!$B$4:$V$158,19,FALSE))))",BLW-W3018,"IF('Summary Sheet'!$M$4=""Plywood"",VLOOKUP($B143,'Pwood & PB List'!$B$4:$V$158,10,FALSE),IF('Summary Sheet'!$M$4=""PB w/ Wood Drawers"",VLOOKUP($B143,'Pwood & PB List'!$B$4:$V$158,14,FALSE),IF('Summary Sheet'!$M$4=""PB w/ PB Drawers"",VLOOKUP($B143,'Pwood & PB List'!$B$4:$V$158,18,FALSE))))",WEO-W3018,"IF('Summary Sheet'!$M$4=""Plywood"",VLOOKUP($B143,'Pwood & PB List'!$B$4:$V$158,9,FALSE),IF('Summary Sheet'!$M$4=""PB w/ Wood Drawers"",VLOOKUP($B143,'Pwood & PB List'!$B$4:$V$158,13,FALSE),IF('Summary Sheet'!$M$4=""PB w/ PB Drawers"",VLOOKUP($B143,'Pwood & PB List'!$B$4:$V$158,17,FALSE))))",GLG-W3018,"IF('Summary Sheet'!$M$4=""Plywood"",VLOOKUP($B143,'Pwood & PB List'!$B$4:$V$158,12,FALSE),IF('Summary Sheet'!$M$4=""PB w/ Wood Drawers"",VLOOKUP($B143,'Pwood & PB List'!$B$4:$V$158,16,FALSE),IF('Summary Sheet'!$M$4=""PB w/ PB Drawers"",VLOOKUP($B143,'Pwood & PB List'!$B$4:$V$158,20,FALSE))))",NAO-W3018,"IF('Summary Sheet'!$M$4=""Plywood"",VLOOKUP($B143,'Pwood & PB List'!$B$4:$V$158,12,FALSE),IF('Summary Sheet'!$M$4=""PB w/ Wood Drawers"",VLOOKUP($B143,'Pwood & PB List'!$B$4:$V$158,16,FALSE),IF('Summary Sheet'!$M$4=""PB w/ PB Drawers"",VLOOKUP($B143,'Pwood & PB List'!$B$4:$V$158,20,FALSE))))",WHO-W3018,"IF('Summary Sheet'!$M$4=""Plywood"",VLOOKUP($B143,'Pwood & PB List'!$B$4:$V$158,9,FALSE),IF('Summary Sheet'!$M$4=""PB w/ Wood Drawers"",VLOOKUP($B143,'Pwood & PB List'!$B$4:$V$158,13,FALSE),IF('Summary Sheet'!$M$4=""PB w/ PB Drawers"",VLOOKUP($B143,'Pwood & PB List'!$B$4:$V$158,17,FALSE))))",MAW-W3018,"IF('Summary Sheet'!$M$4=""Plywood"",VLOOKUP($B143,'Pwood & PB List'!$B$4:$V$158,9,FALSE),IF('Summary Sheet'!$M$4=""PB w/ Wood Drawers"",VLOOKUP($B143,'Pwood & PB List'!$B$4:$V$158,13,FALSE),IF('Summary Sheet'!$M$4=""PB w/ PB Drawers"",VLOOKUP($B143,'Pwood & PB List'!$B$4:$V$158,17,FALSE))))",MAG-W3018,"IF('Summary Sheet'!$M$4=""Plywood"",VLOOKUP($B143,'Pwood & PB List'!$B$4:$V$158,9,FALSE),IF('Summary Sheet'!$M$4=""PB w/ Wood Drawers"",VLOOKUP($B143,'Pwood & PB List'!$B$4:$V$158,13,FALSE),IF('Summary Sheet'!$M$4=""PB w/ PB Drawers"",VLOOKUP($B143,'Pwood & PB List'!$B$4:$V$158,17,FALSE))))",MAB-W3018,"IF('Summary Sheet'!$M$4=""Plywood"",VLOOKUP($B143,'Pwood & PB List'!$B$4:$V$158,9,FALSE),IF('Summary Sheet'!$M$4=""PB w/ Wood Drawers"",VLOOKUP($B143,'Pwood & PB List'!$B$4:$V$158,13,FALSE),IF('Summary Sheet'!$M$4=""PB w/ PB Drawers"",VLOOKUP($B143,'Pwood & PB List'!$B$4:$V$158,17,FALSE))))",GLB-W3018,2,
144,"Wall Cabinet: 30"" W x 21"" H, 2 Doors",W3021,"IF('Summary Sheet'!$M$4=""Plywood"",VLOOKUP($B144,'Pwood & PB List'!$B$4:$V$158,9,FALSE),IF('Summary Sheet'!$M$4=""PB w/ Wood Drawers"",VLOOKUP($B144,'Pwood & PB List'!$B$4:$V$158,13,FALSE),IF('Summary Sheet'!$M$4=""PB w/ PB Drawers"",VLOOKUP($B144,'Pwood & PB List'!$B$4:$V$158,17,FALSE))))",GLW-W3021,"IF('Summary Sheet'!$M$4=""Plywood"",VLOOKUP($B144,'Pwood & PB List'!$B$4:$V$158,10,FALSE),IF('Summary Sheet'!$M$4=""PB w/ Wood Drawers"",VLOOKUP($B144,'Pwood & PB List'!$B$4:$V$158,14,FALSE),IF('Summary Sheet'!$M$4=""PB w/ PB Drawers"",VLOOKUP($B144,'Pwood & PB List'!$B$4:$V$158,18,FALSE))))",SLO-W3021,"IF('Summary Sheet'!$M$4=""Plywood"",VLOOKUP($B144,'Pwood & PB List'!$B$4:$V$158,11,FALSE),IF('Summary Sheet'!$M$4=""PB w/ Wood Drawers"",VLOOKUP($B144,'Pwood & PB List'!$B$4:$V$158,15,FALSE),IF('Summary Sheet'!$M$4=""PB w/ PB Drawers"",VLOOKUP($B144,'Pwood & PB List'!$B$4:$V$158,19,FALSE))))",BLW-W3021,"IF('Summary Sheet'!$M$4=""Plywood"",VLOOKUP($B144,'Pwood & PB List'!$B$4:$V$158,10,FALSE),IF('Summary Sheet'!$M$4=""PB w/ Wood Drawers"",VLOOKUP($B144,'Pwood & PB List'!$B$4:$V$158,14,FALSE),IF('Summary Sheet'!$M$4=""PB w/ PB Drawers"",VLOOKUP($B144,'Pwood & PB List'!$B$4:$V$158,18,FALSE))))",WEO-W3021,"IF('Summary Sheet'!$M$4=""Plywood"",VLOOKUP($B144,'Pwood & PB List'!$B$4:$V$158,9,FALSE),IF('Summary Sheet'!$M$4=""PB w/ Wood Drawers"",VLOOKUP($B144,'Pwood & PB List'!$B$4:$V$158,13,FALSE),IF('Summary Sheet'!$M$4=""PB w/ PB Drawers"",VLOOKUP($B144,'Pwood & PB List'!$B$4:$V$158,17,FALSE))))",GLG-W3021,"IF('Summary Sheet'!$M$4=""Plywood"",VLOOKUP($B144,'Pwood & PB List'!$B$4:$V$158,12,FALSE),IF('Summary Sheet'!$M$4=""PB w/ Wood Drawers"",VLOOKUP($B144,'Pwood & PB List'!$B$4:$V$158,16,FALSE),IF('Summary Sheet'!$M$4=""PB w/ PB Drawers"",VLOOKUP($B144,'Pwood & PB List'!$B$4:$V$158,20,FALSE))))",NAO-W3021,"IF('Summary Sheet'!$M$4=""Plywood"",VLOOKUP($B144,'Pwood & PB List'!$B$4:$V$158,12,FALSE),IF('Summary Sheet'!$M$4=""PB w/ Wood Drawers"",VLOOKUP($B144,'Pwood & PB List'!$B$4:$V$158,16,FALSE),IF('Summary Sheet'!$M$4=""PB w/ PB Drawers"",VLOOKUP($B144,'Pwood & PB List'!$B$4:$V$158,20,FALSE))))",WHO-W3021,"IF('Summary Sheet'!$M$4=""Plywood"",VLOOKUP($B144,'Pwood & PB List'!$B$4:$V$158,9,FALSE),IF('Summary Sheet'!$M$4=""PB w/ Wood Drawers"",VLOOKUP($B144,'Pwood & PB List'!$B$4:$V$158,13,FALSE),IF('Summary Sheet'!$M$4=""PB w/ PB Drawers"",VLOOKUP($B144,'Pwood & PB List'!$B$4:$V$158,17,FALSE))))",MAW-W3021,"IF('Summary Sheet'!$M$4=""Plywood"",VLOOKUP($B144,'Pwood & PB List'!$B$4:$V$158,9,FALSE),IF('Summary Sheet'!$M$4=""PB w/ Wood Drawers"",VLOOKUP($B144,'Pwood & PB List'!$B$4:$V$158,13,FALSE),IF('Summary Sheet'!$M$4=""PB w/ PB Drawers"",VLOOKUP($B144,'Pwood & PB List'!$B$4:$V$158,17,FALSE))))",MAG-W3021,"IF('Summary Sheet'!$M$4=""Plywood"",VLOOKUP($B144,'Pwood & PB List'!$B$4:$V$158,9,FALSE),IF('Summary Sheet'!$M$4=""PB w/ Wood Drawers"",VLOOKUP($B144,'Pwood & PB List'!$B$4:$V$158,13,FALSE),IF('Summary Sheet'!$M$4=""PB w/ PB Drawers"",VLOOKUP($B144,'Pwood & PB List'!$B$4:$V$158,17,FALSE))))",MAB-W3021,"IF('Summary Sheet'!$M$4=""Plywood"",VLOOKUP($B144,'Pwood & PB List'!$B$4:$V$158,9,FALSE),IF('Summary Sheet'!$M$4=""PB w/ Wood Drawers"",VLOOKUP($B144,'Pwood & PB List'!$B$4:$V$158,13,FALSE),IF('Summary Sheet'!$M$4=""PB w/ PB Drawers"",VLOOKUP($B144,'Pwood & PB List'!$B$4:$V$158,17,FALSE))))",GLB-W3021,2,
145,"Wall Cabinet: 30"" W x 24"" H, 2 Doors",W3024,"IF('Summary Sheet'!$M$4=""Plywood"",VLOOKUP($B145,'Pwood & PB List'!$B$4:$V$158,9,FALSE),IF('Summary Sheet'!$M$4=""PB w/ Wood Drawers"",VLOOKUP($B145,'Pwood & PB List'!$B$4:$V$158,13,FALSE),IF('Summary Sheet'!$M$4=""PB w/ PB Drawers"",VLOOKUP($B145,'Pwood & PB List'!$B$4:$V$158,17,FALSE))))",GLW-W3024,"IF('Summary Sheet'!$M$4=""Plywood"",VLOOKUP($B145,'Pwood & PB List'!$B$4:$V$158,10,FALSE),IF('Summary Sheet'!$M$4=""PB w/ Wood Drawers"",VLOOKUP($B145,'Pwood & PB List'!$B$4:$V$158,14,FALSE),IF('Summary Sheet'!$M$4=""PB w/ PB Drawers"",VLOOKUP($B145,'Pwood & PB List'!$B$4:$V$158,18,FALSE))))",SLO-W3024,"IF('Summary Sheet'!$M$4=""Plywood"",VLOOKUP($B145,'Pwood & PB List'!$B$4:$V$158,11,FALSE),IF('Summary Sheet'!$M$4=""PB w/ Wood Drawers"",VLOOKUP($B145,'Pwood & PB List'!$B$4:$V$158,15,FALSE),IF('Summary Sheet'!$M$4=""PB w/ PB Drawers"",VLOOKUP($B145,'Pwood & PB List'!$B$4:$V$158,19,FALSE))))",BLW-W3024,"IF('Summary Sheet'!$M$4=""Plywood"",VLOOKUP($B145,'Pwood & PB List'!$B$4:$V$158,10,FALSE),IF('Summary Sheet'!$M$4=""PB w/ Wood Drawers"",VLOOKUP($B145,'Pwood & PB List'!$B$4:$V$158,14,FALSE),IF('Summary Sheet'!$M$4=""PB w/ PB Drawers"",VLOOKUP($B145,'Pwood & PB List'!$B$4:$V$158,18,FALSE))))",WEO-W3024,"IF('Summary Sheet'!$M$4=""Plywood"",VLOOKUP($B145,'Pwood & PB List'!$B$4:$V$158,9,FALSE),IF('Summary Sheet'!$M$4=""PB w/ Wood Drawers"",VLOOKUP($B145,'Pwood & PB List'!$B$4:$V$158,13,FALSE),IF('Summary Sheet'!$M$4=""PB w/ PB Drawers"",VLOOKUP($B145,'Pwood & PB List'!$B$4:$V$158,17,FALSE))))",GLG-W3024,"IF('Summary Sheet'!$M$4=""Plywood"",VLOOKUP($B145,'Pwood & PB List'!$B$4:$V$158,12,FALSE),IF('Summary Sheet'!$M$4=""PB w/ Wood Drawers"",VLOOKUP($B145,'Pwood & PB List'!$B$4:$V$158,16,FALSE),IF('Summary Sheet'!$M$4=""PB w/ PB Drawers"",VLOOKUP($B145,'Pwood & PB List'!$B$4:$V$158,20,FALSE))))",NAO-W3024,"IF('Summary Sheet'!$M$4=""Plywood"",VLOOKUP($B145,'Pwood & PB List'!$B$4:$V$158,12,FALSE),IF('Summary Sheet'!$M$4=""PB w/ Wood Drawers"",VLOOKUP($B145,'Pwood & PB List'!$B$4:$V$158,16,FALSE),IF('Summary Sheet'!$M$4=""PB w/ PB Drawers"",VLOOKUP($B145,'Pwood & PB List'!$B$4:$V$158,20,FALSE))))",WHO-W3024,"IF('Summary Sheet'!$M$4=""Plywood"",VLOOKUP($B145,'Pwood & PB List'!$B$4:$V$158,9,FALSE),IF('Summary Sheet'!$M$4=""PB w/ Wood Drawers"",VLOOKUP($B145,'Pwood & PB List'!$B$4:$V$158,13,FALSE),IF('Summary Sheet'!$M$4=""PB w/ PB Drawers"",VLOOKUP($B145,'Pwood & PB List'!$B$4:$V$158,17,FALSE))))",MAW-W3024,"IF('Summary Sheet'!$M$4=""Plywood"",VLOOKUP($B145,'Pwood & PB List'!$B$4:$V$158,9,FALSE),IF('Summary Sheet'!$M$4=""PB w/ Wood Drawers"",VLOOKUP($B145,'Pwood & PB List'!$B$4:$V$158,13,FALSE),IF('Summary Sheet'!$M$4=""PB w/ PB Drawers"",VLOOKUP($B145,'Pwood & PB List'!$B$4:$V$158,17,FALSE))))",MAG-W3024,"IF('Summary Sheet'!$M$4=""Plywood"",VLOOKUP($B145,'Pwood & PB List'!$B$4:$V$158,9,FALSE),IF('Summary Sheet'!$M$4=""PB w/ Wood Drawers"",VLOOKUP($B145,'Pwood & PB List'!$B$4:$V$158,13,FALSE),IF('Summary Sheet'!$M$4=""PB w/ PB Drawers"",VLOOKUP($B145,'Pwood & PB List'!$B$4:$V$158,17,FALSE))))",MAB-W3024,"IF('Summary Sheet'!$M$4=""Plywood"",VLOOKUP($B145,'Pwood & PB List'!$B$4:$V$158,9,FALSE),IF('Summary Sheet'!$M$4=""PB w/ Wood Drawers"",VLOOKUP($B145,'Pwood & PB List'!$B$4:$V$158,13,FALSE),IF('Summary Sheet'!$M$4=""PB w/ PB Drawers"",VLOOKUP($B145,'Pwood & PB List'!$B$4:$V$158,17,FALSE))))",GLB-W3024,2,
146,"Wall Cabinet: 36"" W x 12"" H, 2 Doors",W3612,"IF('Summary Sheet'!$M$4=""Plywood"",VLOOKUP($B146,'Pwood & PB List'!$B$4:$V$158,9,FALSE),IF('Summary Sheet'!$M$4=""PB w/ Wood Drawers"",VLOOKUP($B146,'Pwood & PB List'!$B$4:$V$158,13,FALSE),IF('Summary Sheet'!$M$4=""PB w/ PB Drawers"",VLOOKUP($B146,'Pwood & PB List'!$B$4:$V$158,17,FALSE))))",GLW-W3612,"IF('Summary Sheet'!$M$4=""Plywood"",VLOOKUP($B146,'Pwood & PB List'!$B$4:$V$158,10,FALSE),IF('Summary Sheet'!$M$4=""PB w/ Wood Drawers"",VLOOKUP($B146,'Pwood & PB List'!$B$4:$V$158,14,FALSE),IF('Summary Sheet'!$M$4=""PB w/ PB Drawers"",VLOOKUP($B146,'Pwood & PB List'!$B$4:$V$158,18,FALSE))))",SLO-W3612,"IF('Summary Sheet'!$M$4=""Plywood"",VLOOKUP($B146,'Pwood & PB List'!$B$4:$V$158,11,FALSE),IF('Summary Sheet'!$M$4=""PB w/ Wood Drawers"",VLOOKUP($B146,'Pwood & PB List'!$B$4:$V$158,15,FALSE),IF('Summary Sheet'!$M$4=""PB w/ PB Drawers"",VLOOKUP($B146,'Pwood & PB List'!$B$4:$V$158,19,FALSE))))",BLW-W3612,"IF('Summary Sheet'!$M$4=""Plywood"",VLOOKUP($B146,'Pwood & PB List'!$B$4:$V$158,10,FALSE),IF('Summary Sheet'!$M$4=""PB w/ Wood Drawers"",VLOOKUP($B146,'Pwood & PB List'!$B$4:$V$158,14,FALSE),IF('Summary Sheet'!$M$4=""PB w/ PB Drawers"",VLOOKUP($B146,'Pwood & PB List'!$B$4:$V$158,18,FALSE))))",WEO-W3612,"IF('Summary Sheet'!$M$4=""Plywood"",VLOOKUP($B146,'Pwood & PB List'!$B$4:$V$158,9,FALSE),IF('Summary Sheet'!$M$4=""PB w/ Wood Drawers"",VLOOKUP($B146,'Pwood & PB List'!$B$4:$V$158,13,FALSE),IF('Summary Sheet'!$M$4=""PB w/ PB Drawers"",VLOOKUP($B146,'Pwood & PB List'!$B$4:$V$158,17,FALSE))))",GLG-W3612,"IF('Summary Sheet'!$M$4=""Plywood"",VLOOKUP($B146,'Pwood & PB List'!$B$4:$V$158,12,FALSE),IF('Summary Sheet'!$M$4=""PB w/ Wood Drawers"",VLOOKUP($B146,'Pwood & PB List'!$B$4:$V$158,16,FALSE),IF('Summary Sheet'!$M$4=""PB w/ PB Drawers"",VLOOKUP($B146,'Pwood & PB List'!$B$4:$V$158,20,FALSE))))",NAO-W3612,"IF('Summary Sheet'!$M$4=""Plywood"",VLOOKUP($B146,'Pwood & PB List'!$B$4:$V$158,12,FALSE),IF('Summary Sheet'!$M$4=""PB w/ Wood Drawers"",VLOOKUP($B146,'Pwood & PB List'!$B$4:$V$158,16,FALSE),IF('Summary Sheet'!$M$4=""PB w/ PB Drawers"",VLOOKUP($B146,'Pwood & PB List'!$B$4:$V$158,20,FALSE))))",WHO-W3612,"IF('Summary Sheet'!$M$4=""Plywood"",VLOOKUP($B146,'Pwood & PB List'!$B$4:$V$158,9,FALSE),IF('Summary Sheet'!$M$4=""PB w/ Wood Drawers"",VLOOKUP($B146,'Pwood & PB List'!$B$4:$V$158,13,FALSE),IF('Summary Sheet'!$M$4=""PB w/ PB Drawers"",VLOOKUP($B146,'Pwood & PB List'!$B$4:$V$158,17,FALSE))))",MAW-W3612,"IF('Summary Sheet'!$M$4=""Plywood"",VLOOKUP($B146,'Pwood & PB List'!$B$4:$V$158,9,FALSE),IF('Summary Sheet'!$M$4=""PB w/ Wood Drawers"",VLOOKUP($B146,'Pwood & PB List'!$B$4:$V$158,13,FALSE),IF('Summary Sheet'!$M$4=""PB w/ PB Drawers"",VLOOKUP($B146,'Pwood & PB List'!$B$4:$V$158,17,FALSE))))",MAG-W3612,"IF('Summary Sheet'!$M$4=""Plywood"",VLOOKUP($B146,'Pwood & PB List'!$B$4:$V$158,9,FALSE),IF('Summary Sheet'!$M$4=""PB w/ Wood Drawers"",VLOOKUP($B146,'Pwood & PB List'!$B$4:$V$158,13,FALSE),IF('Summary Sheet'!$M$4=""PB w/ PB Drawers"",VLOOKUP($B146,'Pwood & PB List'!$B$4:$V$158,17,FALSE))))",MAB-W3612,"IF('Summary Sheet'!$M$4=""Plywood"",VLOOKUP($B146,'Pwood & PB List'!$B$4:$V$158,9,FALSE),IF('Summary Sheet'!$M$4=""PB w/ Wood Drawers"",VLOOKUP($B146,'Pwood & PB List'!$B$4:$V$158,13,FALSE),IF('Summary Sheet'!$M$4=""PB w/ PB Drawers"",VLOOKUP($B146,'Pwood & PB List'!$B$4:$V$158,17,FALSE))))",GLB-W3612,2,
147,"Wall Cabinet: 36"" W x 15"" H, 2 Doors",W3615,"IF('Summary Sheet'!$M$4=""Plywood"",VLOOKUP($B147,'Pwood & PB List'!$B$4:$V$158,9,FALSE),IF('Summary Sheet'!$M$4=""PB w/ Wood Drawers"",VLOOKUP($B147,'Pwood & PB List'!$B$4:$V$158,13,FALSE),IF('Summary Sheet'!$M$4=""PB w/ PB Drawers"",VLOOKUP($B147,'Pwood & PB List'!$B$4:$V$158,17,FALSE))))",GLW-W3615,"IF('Summary Sheet'!$M$4=""Plywood"",VLOOKUP($B147,'Pwood & PB List'!$B$4:$V$158,10,FALSE),IF('Summary Sheet'!$M$4=""PB w/ Wood Drawers"",VLOOKUP($B147,'Pwood & PB List'!$B$4:$V$158,14,FALSE),IF('Summary Sheet'!$M$4=""PB w/ PB Drawers"",VLOOKUP($B147,'Pwood & PB List'!$B$4:$V$158,18,FALSE))))",SLO-W3615,"IF('Summary Sheet'!$M$4=""Plywood"",VLOOKUP($B147,'Pwood & PB List'!$B$4:$V$158,11,FALSE),IF('Summary Sheet'!$M$4=""PB w/ Wood Drawers"",VLOOKUP($B147,'Pwood & PB List'!$B$4:$V$158,15,FALSE),IF('Summary Sheet'!$M$4=""PB w/ PB Drawers"",VLOOKUP($B147,'Pwood & PB List'!$B$4:$V$158,19,FALSE))))",BLW-W3615,"IF('Summary Sheet'!$M$4=""Plywood"",VLOOKUP($B147,'Pwood & PB List'!$B$4:$V$158,10,FALSE),IF('Summary Sheet'!$M$4=""PB w/ Wood Drawers"",VLOOKUP($B147,'Pwood & PB List'!$B$4:$V$158,14,FALSE),IF('Summary Sheet'!$M$4=""PB w/ PB Drawers"",VLOOKUP($B147,'Pwood & PB List'!$B$4:$V$158,18,FALSE))))",WEO-W3615,"IF('Summary Sheet'!$M$4=""Plywood"",VLOOKUP($B147,'Pwood & PB List'!$B$4:$V$158,9,FALSE),IF('Summary Sheet'!$M$4=""PB w/ Wood Drawers"",VLOOKUP($B147,'Pwood & PB List'!$B$4:$V$158,13,FALSE),IF('Summary Sheet'!$M$4=""PB w/ PB Drawers"",VLOOKUP($B147,'Pwood & PB List'!$B$4:$V$158,17,FALSE))))",GLG-W3615,"IF('Summary Sheet'!$M$4=""Plywood"",VLOOKUP($B147,'Pwood & PB List'!$B$4:$V$158,12,FALSE),IF('Summary Sheet'!$M$4=""PB w/ Wood Drawers"",VLOOKUP($B147,'Pwood & PB List'!$B$4:$V$158,16,FALSE),IF('Summary Sheet'!$M$4=""PB w/ PB Drawers"",VLOOKUP($B147,'Pwood & PB List'!$B$4:$V$158,20,FALSE))))",NAO-W3615,"IF('Summary Sheet'!$M$4=""Plywood"",VLOOKUP($B147,'Pwood & PB List'!$B$4:$V$158,12,FALSE),IF('Summary Sheet'!$M$4=""PB w/ Wood Drawers"",VLOOKUP($B147,'Pwood & PB List'!$B$4:$V$158,16,FALSE),IF('Summary Sheet'!$M$4=""PB w/ PB Drawers"",VLOOKUP($B147,'Pwood & PB List'!$B$4:$V$158,20,FALSE))))",WHO-W3615,"IF('Summary Sheet'!$M$4=""Plywood"",VLOOKUP($B147,'Pwood & PB List'!$B$4:$V$158,9,FALSE),IF('Summary Sheet'!$M$4=""PB w/ Wood Drawers"",VLOOKUP($B147,'Pwood & PB List'!$B$4:$V$158,13,FALSE),IF('Summary Sheet'!$M$4=""PB w/ PB Drawers"",VLOOKUP($B147,'Pwood & PB List'!$B$4:$V$158,17,FALSE))))",MAW-W3615,"IF('Summary Sheet'!$M$4=""Plywood"",VLOOKUP($B147,'Pwood & PB List'!$B$4:$V$158,9,FALSE),IF('Summary Sheet'!$M$4=""PB w/ Wood Drawers"",VLOOKUP($B147,'Pwood & PB List'!$B$4:$V$158,13,FALSE),IF('Summary Sheet'!$M$4=""PB w/ PB Drawers"",VLOOKUP($B147,'Pwood & PB List'!$B$4:$V$158,17,FALSE))))",MAG-W3615,"IF('Summary Sheet'!$M$4=""Plywood"",VLOOKUP($B147,'Pwood & PB List'!$B$4:$V$158,9,FALSE),IF('Summary Sheet'!$M$4=""PB w/ Wood Drawers"",VLOOKUP($B147,'Pwood & PB List'!$B$4:$V$158,13,FALSE),IF('Summary Sheet'!$M$4=""PB w/ PB Drawers"",VLOOKUP($B147,'Pwood & PB List'!$B$4:$V$158,17,FALSE))))",MAB-W3615,"IF('Summary Sheet'!$M$4=""Plywood"",VLOOKUP($B147,'Pwood & PB List'!$B$4:$V$158,9,FALSE),IF('Summary Sheet'!$M$4=""PB w/ Wood Drawers"",VLOOKUP($B147,'Pwood & PB List'!$B$4:$V$158,13,FALSE),IF('Summary Sheet'!$M$4=""PB w/ PB Drawers"",VLOOKUP($B147,'Pwood & PB List'!$B$4:$V$158,17,FALSE))))",GLB-W3615,2,
148,"Wall Cabinet: 36"" W x 18"" H, 2 Doors",W3618,"IF('Summary Sheet'!$M$4=""Plywood"",VLOOKUP($B148,'Pwood & PB List'!$B$4:$V$158,9,FALSE),IF('Summary Sheet'!$M$4=""PB w/ Wood Drawers"",VLOOKUP($B148,'Pwood & PB List'!$B$4:$V$158,13,FALSE),IF('Summary Sheet'!$M$4=""PB w/ PB Drawers"",VLOOKUP($B148,'Pwood & PB List'!$B$4:$V$158,17,FALSE))))",GLW-W3618,"IF('Summary Sheet'!$M$4=""Plywood"",VLOOKUP($B148,'Pwood & PB List'!$B$4:$V$158,10,FALSE),IF('Summary Sheet'!$M$4=""PB w/ Wood Drawers"",VLOOKUP($B148,'Pwood & PB List'!$B$4:$V$158,14,FALSE),IF('Summary Sheet'!$M$4=""PB w/ PB Drawers"",VLOOKUP($B148,'Pwood & PB List'!$B$4:$V$158,18,FALSE))))",SLO-W3618,"IF('Summary Sheet'!$M$4=""Plywood"",VLOOKUP($B148,'Pwood & PB List'!$B$4:$V$158,11,FALSE),IF('Summary Sheet'!$M$4=""PB w/ Wood Drawers"",VLOOKUP($B148,'Pwood & PB List'!$B$4:$V$158,15,FALSE),IF('Summary Sheet'!$M$4=""PB w/ PB Drawers"",VLOOKUP($B148,'Pwood & PB List'!$B$4:$V$158,19,FALSE))))",BLW-W3618,"IF('Summary Sheet'!$M$4=""Plywood"",VLOOKUP($B148,'Pwood & PB List'!$B$4:$V$158,10,FALSE),IF('Summary Sheet'!$M$4=""PB w/ Wood Drawers"",VLOOKUP($B148,'Pwood & PB List'!$B$4:$V$158,14,FALSE),IF('Summary Sheet'!$M$4=""PB w/ PB Drawers"",VLOOKUP($B148,'Pwood & PB List'!$B$4:$V$158,18,FALSE))))",WEO-W3618,"IF('Summary Sheet'!$M$4=""Plywood"",VLOOKUP($B148,'Pwood & PB List'!$B$4:$V$158,9,FALSE),IF('Summary Sheet'!$M$4=""PB w/ Wood Drawers"",VLOOKUP($B148,'Pwood & PB List'!$B$4:$V$158,13,FALSE),IF('Summary Sheet'!$M$4=""PB w/ PB Drawers"",VLOOKUP($B148,'Pwood & PB List'!$B$4:$V$158,17,FALSE))))",GLG-W3618,"IF('Summary Sheet'!$M$4=""Plywood"",VLOOKUP($B148,'Pwood & PB List'!$B$4:$V$158,12,FALSE),IF('Summary Sheet'!$M$4=""PB w/ Wood Drawers"",VLOOKUP($B148,'Pwood & PB List'!$B$4:$V$158,16,FALSE),IF('Summary Sheet'!$M$4=""PB w/ PB Drawers"",VLOOKUP($B148,'Pwood & PB List'!$B$4:$V$158,20,FALSE))))",NAO-W3618,"IF('Summary Sheet'!$M$4=""Plywood"",VLOOKUP($B148,'Pwood & PB List'!$B$4:$V$158,12,FALSE),IF('Summary Sheet'!$M$4=""PB w/ Wood Drawers"",VLOOKUP($B148,'Pwood & PB List'!$B$4:$V$158,16,FALSE),IF('Summary Sheet'!$M$4=""PB w/ PB Drawers"",VLOOKUP($B148,'Pwood & PB List'!$B$4:$V$158,20,FALSE))))",WHO-W3618,"IF('Summary Sheet'!$M$4=""Plywood"",VLOOKUP($B148,'Pwood & PB List'!$B$4:$V$158,9,FALSE),IF('Summary Sheet'!$M$4=""PB w/ Wood Drawers"",VLOOKUP($B148,'Pwood & PB List'!$B$4:$V$158,13,FALSE),IF('Summary Sheet'!$M$4=""PB w/ PB Drawers"",VLOOKUP($B148,'Pwood & PB List'!$B$4:$V$158,17,FALSE))))",MAW-W3618,"IF('Summary Sheet'!$M$4=""Plywood"",VLOOKUP($B148,'Pwood & PB List'!$B$4:$V$158,9,FALSE),IF('Summary Sheet'!$M$4=""PB w/ Wood Drawers"",VLOOKUP($B148,'Pwood & PB List'!$B$4:$V$158,13,FALSE),IF('Summary Sheet'!$M$4=""PB w/ PB Drawers"",VLOOKUP($B148,'Pwood & PB List'!$B$4:$V$158,17,FALSE))))",MAG-W3618,"IF('Summary Sheet'!$M$4=""Plywood"",VLOOKUP($B148,'Pwood & PB List'!$B$4:$V$158,9,FALSE),IF('Summary Sheet'!$M$4=""PB w/ Wood Drawers"",VLOOKUP($B148,'Pwood & PB List'!$B$4:$V$158,13,FALSE),IF('Summary Sheet'!$M$4=""PB w/ PB Drawers"",VLOOKUP($B148,'Pwood & PB List'!$B$4:$V$158,17,FALSE))))",MAB-W3618,"IF('Summary Sheet'!$M$4=""Plywood"",VLOOKUP($B148,'Pwood & PB List'!$B$4:$V$158,9,FALSE),IF('Summary Sheet'!$M$4=""PB w/ Wood Drawers"",VLOOKUP($B148,'Pwood & PB List'!$B$4:$V$158,13,FALSE),IF('Summary Sheet'!$M$4=""PB w/ PB Drawers"",VLOOKUP($B148,'Pwood & PB List'!$B$4:$V$158,17,FALSE))))",GLB-W3618,2,
149,"Wall Cabinet: 36"" W x 21"" H, 2 Doors",W3621,"IF('Summary Sheet'!$M$4=""Plywood"",VLOOKUP($B149,'Pwood & PB List'!$B$4:$V$158,9,FALSE),IF('Summary Sheet'!$M$4=""PB w/ Wood Drawers"",VLOOKUP($B149,'Pwood & PB List'!$B$4:$V$158,13,FALSE),IF('Summary Sheet'!$M$4=""PB w/ PB Drawers"",VLOOKUP($B149,'Pwood & PB List'!$B$4:$V$158,17,FALSE))))",GLW-W3621,"IF('Summary Sheet'!$M$4=""Plywood"",VLOOKUP($B149,'Pwood & PB List'!$B$4:$V$158,10,FALSE),IF('Summary Sheet'!$M$4=""PB w/ Wood Drawers"",VLOOKUP($B149,'Pwood & PB List'!$B$4:$V$158,14,FALSE),IF('Summary Sheet'!$M$4=""PB w/ PB Drawers"",VLOOKUP($B149,'Pwood & PB List'!$B$4:$V$158,18,FALSE))))",SLO-W3621,"IF('Summary Sheet'!$M$4=""Plywood"",VLOOKUP($B149,'Pwood & PB List'!$B$4:$V$158,11,FALSE),IF('Summary Sheet'!$M$4=""PB w/ Wood Drawers"",VLOOKUP($B149,'Pwood & PB List'!$B$4:$V$158,15,FALSE),IF('Summary Sheet'!$M$4=""PB w/ PB Drawers"",VLOOKUP($B149,'Pwood & PB List'!$B$4:$V$158,19,FALSE))))",BLW-W3621,"IF('Summary Sheet'!$M$4=""Plywood"",VLOOKUP($B149,'Pwood & PB List'!$B$4:$V$158,10,FALSE),IF('Summary Sheet'!$M$4=""PB w/ Wood Drawers"",VLOOKUP($B149,'Pwood & PB List'!$B$4:$V$158,14,FALSE),IF('Summary Sheet'!$M$4=""PB w/ PB Drawers"",VLOOKUP($B149,'Pwood & PB List'!$B$4:$V$158,18,FALSE))))",WEO-W3621,"IF('Summary Sheet'!$M$4=""Plywood"",VLOOKUP($B149,'Pwood & PB List'!$B$4:$V$158,9,FALSE),IF('Summary Sheet'!$M$4=""PB w/ Wood Drawers"",VLOOKUP($B149,'Pwood & PB List'!$B$4:$V$158,13,FALSE),IF('Summary Sheet'!$M$4=""PB w/ PB Drawers"",VLOOKUP($B149,'Pwood & PB List'!$B$4:$V$158,17,FALSE))))",GLG-W3621,"IF('Summary Sheet'!$M$4=""Plywood"",VLOOKUP($B149,'Pwood & PB List'!$B$4:$V$158,12,FALSE),IF('Summary Sheet'!$M$4=""PB w/ Wood Drawers"",VLOOKUP($B149,'Pwood & PB List'!$B$4:$V$158,16,FALSE),IF('Summary Sheet'!$M$4=""PB w/ PB Drawers"",VLOOKUP($B149,'Pwood & PB List'!$B$4:$V$158,20,FALSE))))",NAO-W3621,"IF('Summary Sheet'!$M$4=""Plywood"",VLOOKUP($B149,'Pwood & PB List'!$B$4:$V$158,12,FALSE),IF('Summary Sheet'!$M$4=""PB w/ Wood Drawers"",VLOOKUP($B149,'Pwood & PB List'!$B$4:$V$158,16,FALSE),IF('Summary Sheet'!$M$4=""PB w/ PB Drawers"",VLOOKUP($B149,'Pwood & PB List'!$B$4:$V$158,20,FALSE))))",WHO-W3621,"IF('Summary Sheet'!$M$4=""Plywood"",VLOOKUP($B149,'Pwood & PB List'!$B$4:$V$158,9,FALSE),IF('Summary Sheet'!$M$4=""PB w/ Wood Drawers"",VLOOKUP($B149,'Pwood & PB List'!$B$4:$V$158,13,FALSE),IF('Summary Sheet'!$M$4=""PB w/ PB Drawers"",VLOOKUP($B149,'Pwood & PB List'!$B$4:$V$158,17,FALSE))))",MAW-W3621,"IF('Summary Sheet'!$M$4=""Plywood"",VLOOKUP($B149,'Pwood & PB List'!$B$4:$V$158,9,FALSE),IF('Summary Sheet'!$M$4=""PB w/ Wood Drawers"",VLOOKUP($B149,'Pwood & PB List'!$B$4:$V$158,13,FALSE),IF('Summary Sheet'!$M$4=""PB w/ PB Drawers"",VLOOKUP($B149,'Pwood & PB List'!$B$4:$V$158,17,FALSE))))",MAG-W3621,"IF('Summary Sheet'!$M$4=""Plywood"",VLOOKUP($B149,'Pwood & PB List'!$B$4:$V$158,9,FALSE),IF('Summary Sheet'!$M$4=""PB w/ Wood Drawers"",VLOOKUP($B149,'Pwood & PB List'!$B$4:$V$158,13,FALSE),IF('Summary Sheet'!$M$4=""PB w/ PB Drawers"",VLOOKUP($B149,'Pwood & PB List'!$B$4:$V$158,17,FALSE))))",MAB-W3621,"IF('Summary Sheet'!$M$4=""Plywood"",VLOOKUP($B149,'Pwood & PB List'!$B$4:$V$158,9,FALSE),IF('Summary Sheet'!$M$4=""PB w/ Wood Drawers"",VLOOKUP($B149,'Pwood & PB List'!$B$4:$V$158,13,FALSE),IF('Summary Sheet'!$M$4=""PB w/ PB Drawers"",VLOOKUP($B149,'Pwood & PB List'!$B$4:$V$158,17,FALSE))))",GLB-W3621,2,
150,"Wall Cabinet: 36"" W x 24"" H, 2 Doors",W3624,"IF('Summary Sheet'!$M$4=""Plywood"",VLOOKUP($B150,'Pwood & PB List'!$B$4:$V$158,9,FALSE),IF('Summary Sheet'!$M$4=""PB w/ Wood Drawers"",VLOOKUP($B150,'Pwood & PB List'!$B$4:$V$158,13,FALSE),IF('Summary Sheet'!$M$4=""PB w/ PB Drawers"",VLOOKUP($B150,'Pwood & PB List'!$B$4:$V$158,17,FALSE))))",GLW-W3624,"IF('Summary Sheet'!$M$4=""Plywood"",VLOOKUP($B150,'Pwood & PB List'!$B$4:$V$158,10,FALSE),IF('Summary Sheet'!$M$4=""PB w/ Wood Drawers"",VLOOKUP($B150,'Pwood & PB List'!$B$4:$V$158,14,FALSE),IF('Summary Sheet'!$M$4=""PB w/ PB Drawers"",VLOOKUP($B150,'Pwood & PB List'!$B$4:$V$158,18,FALSE))))",SLO-W3624,"IF('Summary Sheet'!$M$4=""Plywood"",VLOOKUP($B150,'Pwood & PB List'!$B$4:$V$158,11,FALSE),IF('Summary Sheet'!$M$4=""PB w/ Wood Drawers"",VLOOKUP($B150,'Pwood & PB List'!$B$4:$V$158,15,FALSE),IF('Summary Sheet'!$M$4=""PB w/ PB Drawers"",VLOOKUP($B150,'Pwood & PB List'!$B$4:$V$158,19,FALSE))))",BLW-W3624,"IF('Summary Sheet'!$M$4=""Plywood"",VLOOKUP($B150,'Pwood & PB List'!$B$4:$V$158,10,FALSE),IF('Summary Sheet'!$M$4=""PB w/ Wood Drawers"",VLOOKUP($B150,'Pwood & PB List'!$B$4:$V$158,14,FALSE),IF('Summary Sheet'!$M$4=""PB w/ PB Drawers"",VLOOKUP($B150,'Pwood & PB List'!$B$4:$V$158,18,FALSE))))",WEO-W3624,"IF('Summary Sheet'!$M$4=""Plywood"",VLOOKUP($B150,'Pwood & PB List'!$B$4:$V$158,9,FALSE),IF('Summary Sheet'!$M$4=""PB w/ Wood Drawers"",VLOOKUP($B150,'Pwood & PB List'!$B$4:$V$158,13,FALSE),IF('Summary Sheet'!$M$4=""PB w/ PB Drawers"",VLOOKUP($B150,'Pwood & PB List'!$B$4:$V$158,17,FALSE))))",GLG-W3624,"IF('Summary Sheet'!$M$4=""Plywood"",VLOOKUP($B150,'Pwood & PB List'!$B$4:$V$158,12,FALSE),IF('Summary Sheet'!$M$4=""PB w/ Wood Drawers"",VLOOKUP($B150,'Pwood & PB List'!$B$4:$V$158,16,FALSE),IF('Summary Sheet'!$M$4=""PB w/ PB Drawers"",VLOOKUP($B150,'Pwood & PB List'!$B$4:$V$158,20,FALSE))))",NAO-W3624,"IF('Summary Sheet'!$M$4=""Plywood"",VLOOKUP($B150,'Pwood & PB List'!$B$4:$V$158,12,FALSE),IF('Summary Sheet'!$M$4=""PB w/ Wood Drawers"",VLOOKUP($B150,'Pwood & PB List'!$B$4:$V$158,16,FALSE),IF('Summary Sheet'!$M$4=""PB w/ PB Drawers"",VLOOKUP($B150,'Pwood & PB List'!$B$4:$V$158,20,FALSE))))",WHO-W3624,"IF('Summary Sheet'!$M$4=""Plywood"",VLOOKUP($B150,'Pwood & PB List'!$B$4:$V$158,9,FALSE),IF('Summary Sheet'!$M$4=""PB w/ Wood Drawers"",VLOOKUP($B150,'Pwood & PB List'!$B$4:$V$158,13,FALSE),IF('Summary Sheet'!$M$4=""PB w/ PB Drawers"",VLOOKUP($B150,'Pwood & PB List'!$B$4:$V$158,17,FALSE))))",MAW-W3624,"IF('Summary Sheet'!$M$4=""Plywood"",VLOOKUP($B150,'Pwood & PB List'!$B$4:$V$158,9,FALSE),IF('Summary Sheet'!$M$4=""PB w/ Wood Drawers"",VLOOKUP($B150,'Pwood & PB List'!$B$4:$V$158,13,FALSE),IF('Summary Sheet'!$M$4=""PB w/ PB Drawers"",VLOOKUP($B150,'Pwood & PB List'!$B$4:$V$158,17,FALSE))))",MAG-W3624,"IF('Summary Sheet'!$M$4=""Plywood"",VLOOKUP($B150,'Pwood & PB List'!$B$4:$V$158,9,FALSE),IF('Summary Sheet'!$M$4=""PB w/ Wood Drawers"",VLOOKUP($B150,'Pwood & PB List'!$B$4:$V$158,13,FALSE),IF('Summary Sheet'!$M$4=""PB w/ PB Drawers"",VLOOKUP($B150,'Pwood & PB List'!$B$4:$V$158,17,FALSE))))",MAB-W3624,"IF('Summary Sheet'!$M$4=""Plywood"",VLOOKUP($B150,'Pwood & PB List'!$B$4:$V$158,9,FALSE),IF('Summary Sheet'!$M$4=""PB w/ Wood Drawers"",VLOOKUP($B150,'Pwood & PB List'!$B$4:$V$158,13,FALSE),IF('Summary Sheet'!$M$4=""PB w/ PB Drawers"",VLOOKUP($B150,'Pwood & PB List'!$B$4:$V$158,17,FALSE))))",GLB-W3624,2,
151,"Wall Refrigerator Cabinets, 24"" Depth",,,,,,,,,,,,,,,,,,,,,,,,,
152,"Wall Cabinet: 30"" W x 12"" H x 24"" D, 2 Doors",W301224,"IF('Summary Sheet'!$M$4=""Plywood"",VLOOKUP($B152,'Pwood & PB List'!$B$4:$V$158,9,FALSE),IF('Summary Sheet'!$M$4=""PB w/ Wood Drawers"",VLOOKUP($B152,'Pwood & PB List'!$B$4:$V$158,13,FALSE),IF('Summary Sheet'!$M$4=""PB w/ PB Drawers"",VLOOKUP($B152,'Pwood & PB List'!$B$4:$V$158,17,FALSE))))","CONCATENATE(""GLW-"",B152)","IF('Summary Sheet'!$M$4=""Plywood"",VLOOKUP($B152,'Pwood & PB List'!$B$4:$V$158,10,FALSE),IF('Summary Sheet'!$M$4=""PB w/ Wood Drawers"",VLOOKUP($B152,'Pwood & PB List'!$B$4:$V$158,14,FALSE),IF('Summary Sheet'!$M$4=""PB w/ PB Drawers"",VLOOKUP($B152,'Pwood & PB List'!$B$4:$V$158,18,FALSE))))","CONCATENATE(""SLO-"",B152)","IF('Summary Sheet'!$M$4=""Plywood"",VLOOKUP($B152,'Pwood & PB List'!$B$4:$V$158,11,FALSE),IF('Summary Sheet'!$M$4=""PB w/ Wood Drawers"",VLOOKUP($B152,'Pwood & PB List'!$B$4:$V$158,15,FALSE),IF('Summary Sheet'!$M$4=""PB w/ PB Drawers"",VLOOKUP($B152,'Pwood & PB List'!$B$4:$V$158,19,FALSE))))","CONCATENATE(""BLW-"",B152)","IF('Summary Sheet'!$M$4=""Plywood"",VLOOKUP($B152,'Pwood & PB List'!$B$4:$V$158,10,FALSE),IF('Summary Sheet'!$M$4=""PB w/ Wood Drawers"",VLOOKUP($B152,'Pwood & PB List'!$B$4:$V$158,14,FALSE),IF('Summary Sheet'!$M$4=""PB w/ PB Drawers"",VLOOKUP($B152,'Pwood & PB List'!$B$4:$V$158,18,FALSE))))","CONCATENATE(""WEO-"",B152)","IF('Summary Sheet'!$M$4=""Plywood"",VLOOKUP($B152,'Pwood & PB List'!$B$4:$V$158,9,FALSE),IF('Summary Sheet'!$M$4=""PB w/ Wood Drawers"",VLOOKUP($B152,'Pwood & PB List'!$B$4:$V$158,13,FALSE),IF('Summary Sheet'!$M$4=""PB w/ PB Drawers"",VLOOKUP($B152,'Pwood & PB List'!$B$4:$V$158,17,FALSE))))","CONCATENATE(""GLG-"",B152)","IF('Summary Sheet'!$M$4=""Plywood"",VLOOKUP($B152,'Pwood & PB List'!$B$4:$V$158,12,FALSE),IF('Summary Sheet'!$M$4=""PB w/ Wood Drawers"",VLOOKUP($B152,'Pwood & PB List'!$B$4:$V$158,16,FALSE),IF('Summary Sheet'!$M$4=""PB w/ PB Drawers"",VLOOKUP($B152,'Pwood & PB List'!$B$4:$V$158,20,FALSE))))","CONCATENATE(""NAO-"",B152)","IF('Summary Sheet'!$M$4=""Plywood"",VLOOKUP($B152,'Pwood & PB List'!$B$4:$V$158,12,FALSE),IF('Summary Sheet'!$M$4=""PB w/ Wood Drawers"",VLOOKUP($B152,'Pwood & PB List'!$B$4:$V$158,16,FALSE),IF('Summary Sheet'!$M$4=""PB w/ PB Drawers"",VLOOKUP($B152,'Pwood & PB List'!$B$4:$V$158,20,FALSE))))","CONCATENATE(""WHO-"",B152)","IF('Summary Sheet'!$M$4=""Plywood"",VLOOKUP($B152,'Pwood & PB List'!$B$4:$V$158,9,FALSE),IF('Summary Sheet'!$M$4=""PB w/ Wood Drawers"",VLOOKUP($B152,'Pwood & PB List'!$B$4:$V$158,13,FALSE),IF('Summary Sheet'!$M$4=""PB w/ PB Drawers"",VLOOKUP($B152,'Pwood & PB List'!$B$4:$V$158,17,FALSE))))","CONCATENATE(""MAW-"",B152)","IF('Summary Sheet'!$M$4=""Plywood"",VLOOKUP($B152,'Pwood & PB List'!$B$4:$V$158,9,FALSE),IF('Summary Sheet'!$M$4=""PB w/ Wood Drawers"",VLOOKUP($B152,'Pwood & PB List'!$B$4:$V$158,13,FALSE),IF('Summary Sheet'!$M$4=""PB w/ PB Drawers"",VLOOKUP($B152,'Pwood & PB List'!$B$4:$V$158,17,FALSE))))","CONCATENATE(""MAG-"",B152)","IF('Summary Sheet'!$M$4=""Plywood"",VLOOKUP($B152,'Pwood & PB List'!$B$4:$V$158,9,FALSE),IF('Summary Sheet'!$M$4=""PB w/ Wood Drawers"",VLOOKUP($B152,'Pwood & PB List'!$B$4:$V$158,13,FALSE),IF('Summary Sheet'!$M$4=""PB w/ PB Drawers"",VLOOKUP($B152,'Pwood & PB List'!$B$4:$V$158,17,FALSE))))","CONCATENATE(""MAB-"",B152)","IF('Summary Sheet'!$M$4=""Plywood"",VLOOKUP($B152,'Pwood & PB List'!$B$4:$V$158,9,FALSE),IF('Summary Sheet'!$M$4=""PB w/ Wood Drawers"",VLOOKUP($B152,'Pwood & PB List'!$B$4:$V$158,13,FALSE),IF('Summary Sheet'!$M$4=""PB w/ PB Drawers"",VLOOKUP($B152,'Pwood & PB List'!$B$4:$V$158,17,FALSE))))","CONCATENATE(""GLB-"",B152)",2,
153,"Wall Cabinet: 30"" W x 15"" H x 24"" D, 2 Doors",W301524,"IF('Summary Sheet'!$M$4=""Plywood"",VLOOKUP($B153,'Pwood & PB List'!$B$4:$V$158,9,FALSE),IF('Summary Sheet'!$M$4=""PB w/ Wood Drawers"",VLOOKUP($B153,'Pwood & PB List'!$B$4:$V$158,13,FALSE),IF('Summary Sheet'!$M$4=""PB w/ PB Drawers"",VLOOKUP($B153,'Pwood & PB List'!$B$4:$V$158,17,FALSE))))",GLW-W301524,"IF('Summary Sheet'!$M$4=""Plywood"",VLOOKUP($B153,'Pwood & PB List'!$B$4:$V$158,10,FALSE),IF('Summary Sheet'!$M$4=""PB w/ Wood Drawers"",VLOOKUP($B153,'Pwood & PB List'!$B$4:$V$158,14,FALSE),IF('Summary Sheet'!$M$4=""PB w/ PB Drawers"",VLOOKUP($B153,'Pwood & PB List'!$B$4:$V$158,18,FALSE))))",SLO-W301524,"IF('Summary Sheet'!$M$4=""Plywood"",VLOOKUP($B153,'Pwood & PB List'!$B$4:$V$158,11,FALSE),IF('Summary Sheet'!$M$4=""PB w/ Wood Drawers"",VLOOKUP($B153,'Pwood & PB List'!$B$4:$V$158,15,FALSE),IF('Summary Sheet'!$M$4=""PB w/ PB Drawers"",VLOOKUP($B153,'Pwood & PB List'!$B$4:$V$158,19,FALSE))))",BLW-W301524,"IF('Summary Sheet'!$M$4=""Plywood"",VLOOKUP($B153,'Pwood & PB List'!$B$4:$V$158,10,FALSE),IF('Summary Sheet'!$M$4=""PB w/ Wood Drawers"",VLOOKUP($B153,'Pwood & PB List'!$B$4:$V$158,14,FALSE),IF('Summary Sheet'!$M$4=""PB w/ PB Drawers"",VLOOKUP($B153,'Pwood & PB List'!$B$4:$V$158,18,FALSE))))",WEO-W301524,"IF('Summary Sheet'!$M$4=""Plywood"",VLOOKUP($B153,'Pwood & PB List'!$B$4:$V$158,9,FALSE),IF('Summary Sheet'!$M$4=""PB w/ Wood Drawers"",VLOOKUP($B153,'Pwood & PB List'!$B$4:$V$158,13,FALSE),IF('Summary Sheet'!$M$4=""PB w/ PB Drawers"",VLOOKUP($B153,'Pwood & PB List'!$B$4:$V$158,17,FALSE))))",GLG-W301524,"IF('Summary Sheet'!$M$4=""Plywood"",VLOOKUP($B153,'Pwood & PB List'!$B$4:$V$158,12,FALSE),IF('Summary Sheet'!$M$4=""PB w/ Wood Drawers"",VLOOKUP($B153,'Pwood & PB List'!$B$4:$V$158,16,FALSE),IF('Summary Sheet'!$M$4=""PB w/ PB Drawers"",VLOOKUP($B153,'Pwood & PB List'!$B$4:$V$158,20,FALSE))))",NAO-W301524,"IF('Summary Sheet'!$M$4=""Plywood"",VLOOKUP($B153,'Pwood & PB List'!$B$4:$V$158,12,FALSE),IF('Summary Sheet'!$M$4=""PB w/ Wood Drawers"",VLOOKUP($B153,'Pwood & PB List'!$B$4:$V$158,16,FALSE),IF('Summary Sheet'!$M$4=""PB w/ PB Drawers"",VLOOKUP($B153,'Pwood & PB List'!$B$4:$V$158,20,FALSE))))",WHO-W301524,"IF('Summary Sheet'!$M$4=""Plywood"",VLOOKUP($B153,'Pwood & PB List'!$B$4:$V$158,9,FALSE),IF('Summary Sheet'!$M$4=""PB w/ Wood Drawers"",VLOOKUP($B153,'Pwood & PB List'!$B$4:$V$158,13,FALSE),IF('Summary Sheet'!$M$4=""PB w/ PB Drawers"",VLOOKUP($B153,'Pwood & PB List'!$B$4:$V$158,17,FALSE))))",MAW-W301524,"IF('Summary Sheet'!$M$4=""Plywood"",VLOOKUP($B153,'Pwood & PB List'!$B$4:$V$158,9,FALSE),IF('Summary Sheet'!$M$4=""PB w/ Wood Drawers"",VLOOKUP($B153,'Pwood & PB List'!$B$4:$V$158,13,FALSE),IF('Summary Sheet'!$M$4=""PB w/ PB Drawers"",VLOOKUP($B153,'Pwood & PB List'!$B$4:$V$158,17,FALSE))))",MAG-W301524,"IF('Summary Sheet'!$M$4=""Plywood"",VLOOKUP($B153,'Pwood & PB List'!$B$4:$V$158,9,FALSE),IF('Summary Sheet'!$M$4=""PB w/ Wood Drawers"",VLOOKUP($B153,'Pwood & PB List'!$B$4:$V$158,13,FALSE),IF('Summary Sheet'!$M$4=""PB w/ PB Drawers"",VLOOKUP($B153,'Pwood & PB List'!$B$4:$V$158,17,FALSE))))",MAB-W301524,"IF('Summary Sheet'!$M$4=""Plywood"",VLOOKUP($B153,'Pwood & PB List'!$B$4:$V$158,9,FALSE),IF('Summary Sheet'!$M$4=""PB w/ Wood Drawers"",VLOOKUP($B153,'Pwood & PB List'!$B$4:$V$158,13,FALSE),IF('Summary Sheet'!$M$4=""PB w/ PB Drawers"",VLOOKUP($B153,'Pwood & PB List'!$B$4:$V$158,17,FALSE))))",GLB-W301524,2,
154,"Wall Cabinet: 30"" W x 18"" H x 24"" D, 2 Doors",W301824,"IF('Summary Sheet'!$M$4=""Plywood"",VLOOKUP($B154,'Pwood & PB List'!$B$4:$V$158,9,FALSE),IF('Summary Sheet'!$M$4=""PB w/ Wood Drawers"",VLOOKUP($B154,'Pwood & PB List'!$B$4:$V$158,13,FALSE),IF('Summary Sheet'!$M$4=""PB w/ PB Drawers"",VLOOKUP($B154,'Pwood & PB List'!$B$4:$V$158,17,FALSE))))",GLW-W301824,"IF('Summary Sheet'!$M$4=""Plywood"",VLOOKUP($B154,'Pwood & PB List'!$B$4:$V$158,10,FALSE),IF('Summary Sheet'!$M$4=""PB w/ Wood Drawers"",VLOOKUP($B154,'Pwood & PB List'!$B$4:$V$158,14,FALSE),IF('Summary Sheet'!$M$4=""PB w/ PB Drawers"",VLOOKUP($B154,'Pwood & PB List'!$B$4:$V$158,18,FALSE))))",SLO-W301824,"IF('Summary Sheet'!$M$4=""Plywood"",VLOOKUP($B154,'Pwood & PB List'!$B$4:$V$158,11,FALSE),IF('Summary Sheet'!$M$4=""PB w/ Wood Drawers"",VLOOKUP($B154,'Pwood & PB List'!$B$4:$V$158,15,FALSE),IF('Summary Sheet'!$M$4=""PB w/ PB Drawers"",VLOOKUP($B154,'Pwood & PB List'!$B$4:$V$158,19,FALSE))))",BLW-W301824,"IF('Summary Sheet'!$M$4=""Plywood"",VLOOKUP($B154,'Pwood & PB List'!$B$4:$V$158,10,FALSE),IF('Summary Sheet'!$M$4=""PB w/ Wood Drawers"",VLOOKUP($B154,'Pwood & PB List'!$B$4:$V$158,14,FALSE),IF('Summary Sheet'!$M$4=""PB w/ PB Drawers"",VLOOKUP($B154,'Pwood & PB List'!$B$4:$V$158,18,FALSE))))",WEO-W301824,"IF('Summary Sheet'!$M$4=""Plywood"",VLOOKUP($B154,'Pwood & PB List'!$B$4:$V$158,9,FALSE),IF('Summary Sheet'!$M$4=""PB w/ Wood Drawers"",VLOOKUP($B154,'Pwood & PB List'!$B$4:$V$158,13,FALSE),IF('Summary Sheet'!$M$4=""PB w/ PB Drawers"",VLOOKUP($B154,'Pwood & PB List'!$B$4:$V$158,17,FALSE))))",GLG-W301824,"IF('Summary Sheet'!$M$4=""Plywood"",VLOOKUP($B154,'Pwood & PB List'!$B$4:$V$158,12,FALSE),IF('Summary Sheet'!$M$4=""PB w/ Wood Drawers"",VLOOKUP($B154,'Pwood & PB List'!$B$4:$V$158,16,FALSE),IF('Summary Sheet'!$M$4=""PB w/ PB Drawers"",VLOOKUP($B154,'Pwood & PB List'!$B$4:$V$158,20,FALSE))))",NAO-W301824,"IF('Summary Sheet'!$M$4=""Plywood"",VLOOKUP($B154,'Pwood & PB List'!$B$4:$V$158,12,FALSE),IF('Summary Sheet'!$M$4=""PB w/ Wood Drawers"",VLOOKUP($B154,'Pwood & PB List'!$B$4:$V$158,16,FALSE),IF('Summary Sheet'!$M$4=""PB w/ PB Drawers"",VLOOKUP($B154,'Pwood & PB List'!$B$4:$V$158,20,FALSE))))",WHO-W301824,"IF('Summary Sheet'!$M$4=""Plywood"",VLOOKUP($B154,'Pwood & PB List'!$B$4:$V$158,9,FALSE),IF('Summary Sheet'!$M$4=""PB w/ Wood Drawers"",VLOOKUP($B154,'Pwood & PB List'!$B$4:$V$158,13,FALSE),IF('Summary Sheet'!$M$4=""PB w/ PB Drawers"",VLOOKUP($B154,'Pwood & PB List'!$B$4:$V$158,17,FALSE))))",MAW-W301824,"IF('Summary Sheet'!$M$4=""Plywood"",VLOOKUP($B154,'Pwood & PB List'!$B$4:$V$158,9,FALSE),IF('Summary Sheet'!$M$4=""PB w/ Wood Drawers"",VLOOKUP($B154,'Pwood & PB List'!$B$4:$V$158,13,FALSE),IF('Summary Sheet'!$M$4=""PB w/ PB Drawers"",VLOOKUP($B154,'Pwood & PB List'!$B$4:$V$158,17,FALSE))))",MAG-W301824,"IF('Summary Sheet'!$M$4=""Plywood"",VLOOKUP($B154,'Pwood & PB List'!$B$4:$V$158,9,FALSE),IF('Summary Sheet'!$M$4=""PB w/ Wood Drawers"",VLOOKUP($B154,'Pwood & PB List'!$B$4:$V$158,13,FALSE),IF('Summary Sheet'!$M$4=""PB w/ PB Drawers"",VLOOKUP($B154,'Pwood & PB List'!$B$4:$V$158,17,FALSE))))",MAB-W301824,"IF('Summary Sheet'!$M$4=""Plywood"",VLOOKUP($B154,'Pwood & PB List'!$B$4:$V$158,9,FALSE),IF('Summary Sheet'!$M$4=""PB w/ Wood Drawers"",VLOOKUP($B154,'Pwood & PB List'!$B$4:$V$158,13,FALSE),IF('Summary Sheet'!$M$4=""PB w/ PB Drawers"",VLOOKUP($B154,'Pwood & PB List'!$B$4:$V$158,17,FALSE))))",GLB-W301824,2,
155,"Wall Cabinet: 30"" W x 21"" H x 24"" D, 2 Doors",W302124,"IF('Summary Sheet'!$M$4=""Plywood"",VLOOKUP($B155,'Pwood & PB List'!$B$4:$V$158,9,FALSE),IF('Summary Sheet'!$M$4=""PB w/ Wood Drawers"",VLOOKUP($B155,'Pwood & PB List'!$B$4:$V$158,13,FALSE),IF('Summary Sheet'!$M$4=""PB w/ PB Drawers"",VLOOKUP($B155,'Pwood & PB List'!$B$4:$V$158,17,FALSE))))",GLW-W302124,"IF('Summary Sheet'!$M$4=""Plywood"",VLOOKUP($B155,'Pwood & PB List'!$B$4:$V$158,10,FALSE),IF('Summary Sheet'!$M$4=""PB w/ Wood Drawers"",VLOOKUP($B155,'Pwood & PB List'!$B$4:$V$158,14,FALSE),IF('Summary Sheet'!$M$4=""PB w/ PB Drawers"",VLOOKUP($B155,'Pwood & PB List'!$B$4:$V$158,18,FALSE))))",SLO-W302124,"IF('Summary Sheet'!$M$4=""Plywood"",VLOOKUP($B155,'Pwood & PB List'!$B$4:$V$158,11,FALSE),IF('Summary Sheet'!$M$4=""PB w/ Wood Drawers"",VLOOKUP($B155,'Pwood & PB List'!$B$4:$V$158,15,FALSE),IF('Summary Sheet'!$M$4=""PB w/ PB Drawers"",VLOOKUP($B155,'Pwood & PB List'!$B$4:$V$158,19,FALSE))))",BLW-W302124,"IF('Summary Sheet'!$M$4=""Plywood"",VLOOKUP($B155,'Pwood & PB List'!$B$4:$V$158,10,FALSE),IF('Summary Sheet'!$M$4=""PB w/ Wood Drawers"",VLOOKUP($B155,'Pwood & PB List'!$B$4:$V$158,14,FALSE),IF('Summary Sheet'!$M$4=""PB w/ PB Drawers"",VLOOKUP($B155,'Pwood & PB List'!$B$4:$V$158,18,FALSE))))",WEO-W302124,"IF('Summary Sheet'!$M$4=""Plywood"",VLOOKUP($B155,'Pwood & PB List'!$B$4:$V$158,9,FALSE),IF('Summary Sheet'!$M$4=""PB w/ Wood Drawers"",VLOOKUP($B155,'Pwood & PB List'!$B$4:$V$158,13,FALSE),IF('Summary Sheet'!$M$4=""PB w/ PB Drawers"",VLOOKUP($B155,'Pwood & PB List'!$B$4:$V$158,17,FALSE))))",GLG-W302124,"IF('Summary Sheet'!$M$4=""Plywood"",VLOOKUP($B155,'Pwood & PB List'!$B$4:$V$158,12,FALSE),IF('Summary Sheet'!$M$4=""PB w/ Wood Drawers"",VLOOKUP($B155,'Pwood & PB List'!$B$4:$V$158,16,FALSE),IF('Summary Sheet'!$M$4=""PB w/ PB Drawers"",VLOOKUP($B155,'Pwood & PB List'!$B$4:$V$158,20,FALSE))))",NAO-W302124,"IF('Summary Sheet'!$M$4=""Plywood"",VLOOKUP($B155,'Pwood & PB List'!$B$4:$V$158,12,FALSE),IF('Summary Sheet'!$M$4=""PB w/ Wood Drawers"",VLOOKUP($B155,'Pwood & PB List'!$B$4:$V$158,16,FALSE),IF('Summary Sheet'!$M$4=""PB w/ PB Drawers"",VLOOKUP($B155,'Pwood & PB List'!$B$4:$V$158,20,FALSE))))",WHO-W302124,"IF('Summary Sheet'!$M$4=""Plywood"",VLOOKUP($B155,'Pwood & PB List'!$B$4:$V$158,9,FALSE),IF('Summary Sheet'!$M$4=""PB w/ Wood Drawers"",VLOOKUP($B155,'Pwood & PB List'!$B$4:$V$158,13,FALSE),IF('Summary Sheet'!$M$4=""PB w/ PB Drawers"",VLOOKUP($B155,'Pwood & PB List'!$B$4:$V$158,17,FALSE))))",MAW-W302124,"IF('Summary Sheet'!$M$4=""Plywood"",VLOOKUP($B155,'Pwood & PB List'!$B$4:$V$158,9,FALSE),IF('Summary Sheet'!$M$4=""PB w/ Wood Drawers"",VLOOKUP($B155,'Pwood & PB List'!$B$4:$V$158,13,FALSE),IF('Summary Sheet'!$M$4=""PB w/ PB Drawers"",VLOOKUP($B155,'Pwood & PB List'!$B$4:$V$158,17,FALSE))))",MAG-W302124,"IF('Summary Sheet'!$M$4=""Plywood"",VLOOKUP($B155,'Pwood & PB List'!$B$4:$V$158,9,FALSE),IF('Summary Sheet'!$M$4=""PB w/ Wood Drawers"",VLOOKUP($B155,'Pwood & PB List'!$B$4:$V$158,13,FALSE),IF('Summary Sheet'!$M$4=""PB w/ PB Drawers"",VLOOKUP($B155,'Pwood & PB List'!$B$4:$V$158,17,FALSE))))",MAB-W302124,"IF('Summary Sheet'!$M$4=""Plywood"",VLOOKUP($B155,'Pwood & PB List'!$B$4:$V$158,9,FALSE),IF('Summary Sheet'!$M$4=""PB w/ Wood Drawers"",VLOOKUP($B155,'Pwood & PB List'!$B$4:$V$158,13,FALSE),IF('Summary Sheet'!$M$4=""PB w/ PB Drawers"",VLOOKUP($B155,'Pwood & PB List'!$B$4:$V$158,17,FALSE))))",GLB-W302124,2,
156,"Wall Cabinet: 30"" W x 24"" H x 24"" D, 2 Doors",W302424,"IF('Summary Sheet'!$M$4=""Plywood"",VLOOKUP($B156,'Pwood & PB List'!$B$4:$V$158,9,FALSE),IF('Summary Sheet'!$M$4=""PB w/ Wood Drawers"",VLOOKUP($B156,'Pwood & PB List'!$B$4:$V$158,13,FALSE),IF('Summary Sheet'!$M$4=""PB w/ PB Drawers"",VLOOKUP($B156,'Pwood & PB List'!$B$4:$V$158,17,FALSE))))",GLW-W302424,"IF('Summary Sheet'!$M$4=""Plywood"",VLOOKUP($B156,'Pwood & PB List'!$B$4:$V$158,10,FALSE),IF('Summary Sheet'!$M$4=""PB w/ Wood Drawers"",VLOOKUP($B156,'Pwood & PB List'!$B$4:$V$158,14,FALSE),IF('Summary Sheet'!$M$4=""PB w/ PB Drawers"",VLOOKUP($B156,'Pwood & PB List'!$B$4:$V$158,18,FALSE))))",SLO-W302424,"IF('Summary Sheet'!$M$4=""Plywood"",VLOOKUP($B156,'Pwood & PB List'!$B$4:$V$158,11,FALSE),IF('Summary Sheet'!$M$4=""PB w/ Wood Drawers"",VLOOKUP($B156,'Pwood & PB List'!$B$4:$V$158,15,FALSE),IF('Summary Sheet'!$M$4=""PB w/ PB Drawers"",VLOOKUP($B156,'Pwood & PB List'!$B$4:$V$158,19,FALSE))))",BLW-W302424,"IF('Summary Sheet'!$M$4=""Plywood"",VLOOKUP($B156,'Pwood & PB List'!$B$4:$V$158,10,FALSE),IF('Summary Sheet'!$M$4=""PB w/ Wood Drawers"",VLOOKUP($B156,'Pwood & PB List'!$B$4:$V$158,14,FALSE),IF('Summary Sheet'!$M$4=""PB w/ PB Drawers"",VLOOKUP($B156,'Pwood & PB List'!$B$4:$V$158,18,FALSE))))",WEO-W302424,"IF('Summary Sheet'!$M$4=""Plywood"",VLOOKUP($B156,'Pwood & PB List'!$B$4:$V$158,9,FALSE),IF('Summary Sheet'!$M$4=""PB w/ Wood Drawers"",VLOOKUP($B156,'Pwood & PB List'!$B$4:$V$158,13,FALSE),IF('Summary Sheet'!$M$4=""PB w/ PB Drawers"",VLOOKUP($B156,'Pwood & PB List'!$B$4:$V$158,17,FALSE))))",GLG-W302424,"IF('Summary Sheet'!$M$4=""Plywood"",VLOOKUP($B156,'Pwood & PB List'!$B$4:$V$158,12,FALSE),IF('Summary Sheet'!$M$4=""PB w/ Wood Drawers"",VLOOKUP($B156,'Pwood & PB List'!$B$4:$V$158,16,FALSE),IF('Summary Sheet'!$M$4=""PB w/ PB Drawers"",VLOOKUP($B156,'Pwood & PB List'!$B$4:$V$158,20,FALSE))))",NAO-W302424,"IF('Summary Sheet'!$M$4=""Plywood"",VLOOKUP($B156,'Pwood & PB List'!$B$4:$V$158,12,FALSE),IF('Summary Sheet'!$M$4=""PB w/ Wood Drawers"",VLOOKUP($B156,'Pwood & PB List'!$B$4:$V$158,16,FALSE),IF('Summary Sheet'!$M$4=""PB w/ PB Drawers"",VLOOKUP($B156,'Pwood & PB List'!$B$4:$V$158,20,FALSE))))",WHO-W302424,"IF('Summary Sheet'!$M$4=""Plywood"",VLOOKUP($B156,'Pwood & PB List'!$B$4:$V$158,9,FALSE),IF('Summary Sheet'!$M$4=""PB w/ Wood Drawers"",VLOOKUP($B156,'Pwood & PB List'!$B$4:$V$158,13,FALSE),IF('Summary Sheet'!$M$4=""PB w/ PB Drawers"",VLOOKUP($B156,'Pwood & PB List'!$B$4:$V$158,17,FALSE))))",MAW-W302424,"IF('Summary Sheet'!$M$4=""Plywood"",VLOOKUP($B156,'Pwood & PB List'!$B$4:$V$158,9,FALSE),IF('Summary Sheet'!$M$4=""PB w/ Wood Drawers"",VLOOKUP($B156,'Pwood & PB List'!$B$4:$V$158,13,FALSE),IF('Summary Sheet'!$M$4=""PB w/ PB Drawers"",VLOOKUP($B156,'Pwood & PB List'!$B$4:$V$158,17,FALSE))))",MAG-W302424,"IF('Summary Sheet'!$M$4=""Plywood"",VLOOKUP($B156,'Pwood & PB List'!$B$4:$V$158,9,FALSE),IF('Summary Sheet'!$M$4=""PB w/ Wood Drawers"",VLOOKUP($B156,'Pwood & PB List'!$B$4:$V$158,13,FALSE),IF('Summary Sheet'!$M$4=""PB w/ PB Drawers"",VLOOKUP($B156,'Pwood & PB List'!$B$4:$V$158,17,FALSE))))",MAB-W302424,"IF('Summary Sheet'!$M$4=""Plywood"",VLOOKUP($B156,'Pwood & PB List'!$B$4:$V$158,9,FALSE),IF('Summary Sheet'!$M$4=""PB w/ Wood Drawers"",VLOOKUP($B156,'Pwood & PB List'!$B$4:$V$158,13,FALSE),IF('Summary Sheet'!$M$4=""PB w/ PB Drawers"",VLOOKUP($B156,'Pwood & PB List'!$B$4:$V$158,17,FALSE))))",GLB-W302424,2,
157,"Wall Cabinet: 36"" W x 12"" H x 24"" D, 2 Doors",W361224,"IF('Summary Sheet'!$M$4=""Plywood"",VLOOKUP($B157,'Pwood & PB List'!$B$4:$V$158,9,FALSE),IF('Summary Sheet'!$M$4=""PB w/ Wood Drawers"",VLOOKUP($B157,'Pwood & PB List'!$B$4:$V$158,13,FALSE),IF('Summary Sheet'!$M$4=""PB w/ PB Drawers"",VLOOKUP($B157,'Pwood & PB List'!$B$4:$V$158,17,FALSE))))",GLW-W361224,"IF('Summary Sheet'!$M$4=""Plywood"",VLOOKUP($B157,'Pwood & PB List'!$B$4:$V$158,10,FALSE),IF('Summary Sheet'!$M$4=""PB w/ Wood Drawers"",VLOOKUP($B157,'Pwood & PB List'!$B$4:$V$158,14,FALSE),IF('Summary Sheet'!$M$4=""PB w/ PB Drawers"",VLOOKUP($B157,'Pwood & PB List'!$B$4:$V$158,18,FALSE))))",SLO-W361224,"IF('Summary Sheet'!$M$4=""Plywood"",VLOOKUP($B157,'Pwood & PB List'!$B$4:$V$158,11,FALSE),IF('Summary Sheet'!$M$4=""PB w/ Wood Drawers"",VLOOKUP($B157,'Pwood & PB List'!$B$4:$V$158,15,FALSE),IF('Summary Sheet'!$M$4=""PB w/ PB Drawers"",VLOOKUP($B157,'Pwood & PB List'!$B$4:$V$158,19,FALSE))))",BLW-W361224,"IF('Summary Sheet'!$M$4=""Plywood"",VLOOKUP($B157,'Pwood & PB List'!$B$4:$V$158,10,FALSE),IF('Summary Sheet'!$M$4=""PB w/ Wood Drawers"",VLOOKUP($B157,'Pwood & PB List'!$B$4:$V$158,14,FALSE),IF('Summary Sheet'!$M$4=""PB w/ PB Drawers"",VLOOKUP($B157,'Pwood & PB List'!$B$4:$V$158,18,FALSE))))",WEO-W361224,"IF('Summary Sheet'!$M$4=""Plywood"",VLOOKUP($B157,'Pwood & PB List'!$B$4:$V$158,9,FALSE),IF('Summary Sheet'!$M$4=""PB w/ Wood Drawers"",VLOOKUP($B157,'Pwood & PB List'!$B$4:$V$158,13,FALSE),IF('Summary Sheet'!$M$4=""PB w/ PB Drawers"",VLOOKUP($B157,'Pwood & PB List'!$B$4:$V$158,17,FALSE))))",GLG-W361224,"IF('Summary Sheet'!$M$4=""Plywood"",VLOOKUP($B157,'Pwood & PB List'!$B$4:$V$158,12,FALSE),IF('Summary Sheet'!$M$4=""PB w/ Wood Drawers"",VLOOKUP($B157,'Pwood & PB List'!$B$4:$V$158,16,FALSE),IF('Summary Sheet'!$M$4=""PB w/ PB Drawers"",VLOOKUP($B157,'Pwood & PB List'!$B$4:$V$158,20,FALSE))))",NAO-W361224,"IF('Summary Sheet'!$M$4=""Plywood"",VLOOKUP($B157,'Pwood & PB List'!$B$4:$V$158,12,FALSE),IF('Summary Sheet'!$M$4=""PB w/ Wood Drawers"",VLOOKUP($B157,'Pwood & PB List'!$B$4:$V$158,16,FALSE),IF('Summary Sheet'!$M$4=""PB w/ PB Drawers"",VLOOKUP($B157,'Pwood & PB List'!$B$4:$V$158,20,FALSE))))",WHO-W361224,"IF('Summary Sheet'!$M$4=""Plywood"",VLOOKUP($B157,'Pwood & PB List'!$B$4:$V$158,9,FALSE),IF('Summary Sheet'!$M$4=""PB w/ Wood Drawers"",VLOOKUP($B157,'Pwood & PB List'!$B$4:$V$158,13,FALSE),IF('Summary Sheet'!$M$4=""PB w/ PB Drawers"",VLOOKUP($B157,'Pwood & PB List'!$B$4:$V$158,17,FALSE))))",MAW-W361224,"IF('Summary Sheet'!$M$4=""Plywood"",VLOOKUP($B157,'Pwood & PB List'!$B$4:$V$158,9,FALSE),IF('Summary Sheet'!$M$4=""PB w/ Wood Drawers"",VLOOKUP($B157,'Pwood & PB List'!$B$4:$V$158,13,FALSE),IF('Summary Sheet'!$M$4=""PB w/ PB Drawers"",VLOOKUP($B157,'Pwood & PB List'!$B$4:$V$158,17,FALSE))))",MAG-W361224,"IF('Summary Sheet'!$M$4=""Plywood"",VLOOKUP($B157,'Pwood & PB List'!$B$4:$V$158,9,FALSE),IF('Summary Sheet'!$M$4=""PB w/ Wood Drawers"",VLOOKUP($B157,'Pwood & PB List'!$B$4:$V$158,13,FALSE),IF('Summary Sheet'!$M$4=""PB w/ PB Drawers"",VLOOKUP($B157,'Pwood & PB List'!$B$4:$V$158,17,FALSE))))",MAB-W361224,"IF('Summary Sheet'!$M$4=""Plywood"",VLOOKUP($B157,'Pwood & PB List'!$B$4:$V$158,9,FALSE),IF('Summary Sheet'!$M$4=""PB w/ Wood Drawers"",VLOOKUP($B157,'Pwood & PB List'!$B$4:$V$158,13,FALSE),IF('Summary Sheet'!$M$4=""PB w/ PB Drawers"",VLOOKUP($B157,'Pwood & PB List'!$B$4:$V$158,17,FALSE))))",GLB-W361224,2,
158,"Wall Cabinet: 36"" W x 15"" H x 24"" D, 2 Doors",W361524,"IF('Summary Sheet'!$M$4=""Plywood"",VLOOKUP($B158,'Pwood & PB List'!$B$4:$V$158,9,FALSE),IF('Summary Sheet'!$M$4=""PB w/ Wood Drawers"",VLOOKUP($B158,'Pwood & PB List'!$B$4:$V$158,13,FALSE),IF('Summary Sheet'!$M$4=""PB w/ PB Drawers"",VLOOKUP($B158,'Pwood & PB List'!$B$4:$V$158,17,FALSE))))",GLW-W361524,"IF('Summary Sheet'!$M$4=""Plywood"",VLOOKUP($B158,'Pwood & PB List'!$B$4:$V$158,10,FALSE),IF('Summary Sheet'!$M$4=""PB w/ Wood Drawers"",VLOOKUP($B158,'Pwood & PB List'!$B$4:$V$158,14,FALSE),IF('Summary Sheet'!$M$4=""PB w/ PB Drawers"",VLOOKUP($B158,'Pwood & PB List'!$B$4:$V$158,18,FALSE))))",SLO-W361524,"IF('Summary Sheet'!$M$4=""Plywood"",VLOOKUP($B158,'Pwood & PB List'!$B$4:$V$158,11,FALSE),IF('Summary Sheet'!$M$4=""PB w/ Wood Drawers"",VLOOKUP($B158,'Pwood & PB List'!$B$4:$V$158,15,FALSE),IF('Summary Sheet'!$M$4=""PB w/ PB Drawers"",VLOOKUP($B158,'Pwood & PB List'!$B$4:$V$158,19,FALSE))))",BLW-W361524,"IF('Summary Sheet'!$M$4=""Plywood"",VLOOKUP($B158,'Pwood & PB List'!$B$4:$V$158,10,FALSE),IF('Summary Sheet'!$M$4=""PB w/ Wood Drawers"",VLOOKUP($B158,'Pwood & PB List'!$B$4:$V$158,14,FALSE),IF('Summary Sheet'!$M$4=""PB w/ PB Drawers"",VLOOKUP($B158,'Pwood & PB List'!$B$4:$V$158,18,FALSE))))",WEO-W361524,"IF('Summary Sheet'!$M$4=""Plywood"",VLOOKUP($B158,'Pwood & PB List'!$B$4:$V$158,9,FALSE),IF('Summary Sheet'!$M$4=""PB w/ Wood Drawers"",VLOOKUP($B158,'Pwood & PB List'!$B$4:$V$158,13,FALSE),IF('Summary Sheet'!$M$4=""PB w/ PB Drawers"",VLOOKUP($B158,'Pwood & PB List'!$B$4:$V$158,17,FALSE))))",GLG-W361524,"IF('Summary Sheet'!$M$4=""Plywood"",VLOOKUP($B158,'Pwood & PB List'!$B$4:$V$158,12,FALSE),IF('Summary Sheet'!$M$4=""PB w/ Wood Drawers"",VLOOKUP($B158,'Pwood & PB List'!$B$4:$V$158,16,FALSE),IF('Summary Sheet'!$M$4=""PB w/ PB Drawers"",VLOOKUP($B158,'Pwood & PB List'!$B$4:$V$158,20,FALSE))))",NAO-W361524,"IF('Summary Sheet'!$M$4=""Plywood"",VLOOKUP($B158,'Pwood & PB List'!$B$4:$V$158,12,FALSE),IF('Summary Sheet'!$M$4=""PB w/ Wood Drawers"",VLOOKUP($B158,'Pwood & PB List'!$B$4:$V$158,16,FALSE),IF('Summary Sheet'!$M$4=""PB w/ PB Drawers"",VLOOKUP($B158,'Pwood & PB List'!$B$4:$V$158,20,FALSE))))",WHO-W361524,"IF('Summary Sheet'!$M$4=""Plywood"",VLOOKUP($B158,'Pwood & PB List'!$B$4:$V$158,9,FALSE),IF('Summary Sheet'!$M$4=""PB w/ Wood Drawers"",VLOOKUP($B158,'Pwood & PB List'!$B$4:$V$158,13,FALSE),IF('Summary Sheet'!$M$4=""PB w/ PB Drawers"",VLOOKUP($B158,'Pwood & PB List'!$B$4:$V$158,17,FALSE))))",MAW-W361524,"IF('Summary Sheet'!$M$4=""Plywood"",VLOOKUP($B158,'Pwood & PB List'!$B$4:$V$158,9,FALSE),IF('Summary Sheet'!$M$4=""PB w/ Wood Drawers"",VLOOKUP($B158,'Pwood & PB List'!$B$4:$V$158,13,FALSE),IF('Summary Sheet'!$M$4=""PB w/ PB Drawers"",VLOOKUP($B158,'Pwood & PB List'!$B$4:$V$158,17,FALSE))))",MAG-W361524,"IF('Summary Sheet'!$M$4=""Plywood"",VLOOKUP($B158,'Pwood & PB List'!$B$4:$V$158,9,FALSE),IF('Summary Sheet'!$M$4=""PB w/ Wood Drawers"",VLOOKUP($B158,'Pwood & PB List'!$B$4:$V$158,13,FALSE),IF('Summary Sheet'!$M$4=""PB w/ PB Drawers"",VLOOKUP($B158,'Pwood & PB List'!$B$4:$V$158,17,FALSE))))",MAB-W361524,"IF('Summary Sheet'!$M$4=""Plywood"",VLOOKUP($B158,'Pwood & PB List'!$B$4:$V$158,9,FALSE),IF('Summary Sheet'!$M$4=""PB w/ Wood Drawers"",VLOOKUP($B158,'Pwood & PB List'!$B$4:$V$158,13,FALSE),IF('Summary Sheet'!$M$4=""PB w/ PB Drawers"",VLOOKUP($B158,'Pwood & PB List'!$B$4:$V$158,17,FALSE))))",GLB-W361524,2,
159,"Wall Cabinet: 36"" W x 18"" H x 24"" D, 2 Doors",W361824,"IF('Summary Sheet'!$M$4=""Plywood"",VLOOKUP($B159,'Pwood & PB List'!$B$4:$V$158,9,FALSE),IF('Summary Sheet'!$M$4=""PB w/ Wood Drawers"",VLOOKUP($B159,'Pwood & PB List'!$B$4:$V$158,13,FALSE),IF('Summary Sheet'!$M$4=""PB w/ PB Drawers"",VLOOKUP($B159,'Pwood & PB List'!$B$4:$V$158,17,FALSE))))",GLW-W361824,"IF('Summary Sheet'!$M$4=""Plywood"",VLOOKUP($B159,'Pwood & PB List'!$B$4:$V$158,10,FALSE),IF('Summary Sheet'!$M$4=""PB w/ Wood Drawers"",VLOOKUP($B159,'Pwood & PB List'!$B$4:$V$158,14,FALSE),IF('Summary Sheet'!$M$4=""PB w/ PB Drawers"",VLOOKUP($B159,'Pwood & PB List'!$B$4:$V$158,18,FALSE))))",SLO-W361824,"IF('Summary Sheet'!$M$4=""Plywood"",VLOOKUP($B159,'Pwood & PB List'!$B$4:$V$158,11,FALSE),IF('Summary Sheet'!$M$4=""PB w/ Wood Drawers"",VLOOKUP($B159,'Pwood & PB List'!$B$4:$V$158,15,FALSE),IF('Summary Sheet'!$M$4=""PB w/ PB Drawers"",VLOOKUP($B159,'Pwood & PB List'!$B$4:$V$158,19,FALSE))))",BLW-W361824,"IF('Summary Sheet'!$M$4=""Plywood"",VLOOKUP($B159,'Pwood & PB List'!$B$4:$V$158,10,FALSE),IF('Summary Sheet'!$M$4=""PB w/ Wood Drawers"",VLOOKUP($B159,'Pwood & PB List'!$B$4:$V$158,14,FALSE),IF('Summary Sheet'!$M$4=""PB w/ PB Drawers"",VLOOKUP($B159,'Pwood & PB List'!$B$4:$V$158,18,FALSE))))",WEO-W361824,"IF('Summary Sheet'!$M$4=""Plywood"",VLOOKUP($B159,'Pwood & PB List'!$B$4:$V$158,9,FALSE),IF('Summary Sheet'!$M$4=""PB w/ Wood Drawers"",VLOOKUP($B159,'Pwood & PB List'!$B$4:$V$158,13,FALSE),IF('Summary Sheet'!$M$4=""PB w/ PB Drawers"",VLOOKUP($B159,'Pwood & PB List'!$B$4:$V$158,17,FALSE))))",GLG-W361824,"IF('Summary Sheet'!$M$4=""Plywood"",VLOOKUP($B159,'Pwood & PB List'!$B$4:$V$158,12,FALSE),IF('Summary Sheet'!$M$4=""PB w/ Wood Drawers"",VLOOKUP($B159,'Pwood & PB List'!$B$4:$V$158,16,FALSE),IF('Summary Sheet'!$M$4=""PB w/ PB Drawers"",VLOOKUP($B159,'Pwood & PB List'!$B$4:$V$158,20,FALSE))))",NAO-W361824,"IF('Summary Sheet'!$M$4=""Plywood"",VLOOKUP($B159,'Pwood & PB List'!$B$4:$V$158,12,FALSE),IF('Summary Sheet'!$M$4=""PB w/ Wood Drawers"",VLOOKUP($B159,'Pwood & PB List'!$B$4:$V$158,16,FALSE),IF('Summary Sheet'!$M$4=""PB w/ PB Drawers"",VLOOKUP($B159,'Pwood & PB List'!$B$4:$V$158,20,FALSE))))",WHO-W361824,"IF('Summary Sheet'!$M$4=""Plywood"",VLOOKUP($B159,'Pwood & PB List'!$B$4:$V$158,9,FALSE),IF('Summary Sheet'!$M$4=""PB w/ Wood Drawers"",VLOOKUP($B159,'Pwood & PB List'!$B$4:$V$158,13,FALSE),IF('Summary Sheet'!$M$4=""PB w/ PB Drawers"",VLOOKUP($B159,'Pwood & PB List'!$B$4:$V$158,17,FALSE))))",MAW-W361824,"IF('Summary Sheet'!$M$4=""Plywood"",VLOOKUP($B159,'Pwood & PB List'!$B$4:$V$158,9,FALSE),IF('Summary Sheet'!$M$4=""PB w/ Wood Drawers"",VLOOKUP($B159,'Pwood & PB List'!$B$4:$V$158,13,FALSE),IF('Summary Sheet'!$M$4=""PB w/ PB Drawers"",VLOOKUP($B159,'Pwood & PB List'!$B$4:$V$158,17,FALSE))))",MAG-W361824,"IF('Summary Sheet'!$M$4=""Plywood"",VLOOKUP($B159,'Pwood & PB List'!$B$4:$V$158,9,FALSE),IF('Summary Sheet'!$M$4=""PB w/ Wood Drawers"",VLOOKUP($B159,'Pwood & PB List'!$B$4:$V$158,13,FALSE),IF('Summary Sheet'!$M$4=""PB w/ PB Drawers"",VLOOKUP($B159,'Pwood & PB List'!$B$4:$V$158,17,FALSE))))",MAB-W361824,"IF('Summary Sheet'!$M$4=""Plywood"",VLOOKUP($B159,'Pwood & PB List'!$B$4:$V$158,9,FALSE),IF('Summary Sheet'!$M$4=""PB w/ Wood Drawers"",VLOOKUP($B159,'Pwood & PB List'!$B$4:$V$158,13,FALSE),IF('Summary Sheet'!$M$4=""PB w/ PB Drawers"",VLOOKUP($B159,'Pwood & PB List'!$B$4:$V$158,17,FALSE))))",GLB-W361824,2,
160,"Wall Cabinet: 36"" W x 21"" H x 24"" D, 2 Doors",W362124,"IF('Summary Sheet'!$M$4=""Plywood"",VLOOKUP($B160,'Pwood & PB List'!$B$4:$V$158,9,FALSE),IF('Summary Sheet'!$M$4=""PB w/ Wood Drawers"",VLOOKUP($B160,'Pwood & PB List'!$B$4:$V$158,13,FALSE),IF('Summary Sheet'!$M$4=""PB w/ PB Drawers"",VLOOKUP($B160,'Pwood & PB List'!$B$4:$V$158,17,FALSE))))",GLW-W362124,"IF('Summary Sheet'!$M$4=""Plywood"",VLOOKUP($B160,'Pwood & PB List'!$B$4:$V$158,10,FALSE),IF('Summary Sheet'!$M$4=""PB w/ Wood Drawers"",VLOOKUP($B160,'Pwood & PB List'!$B$4:$V$158,14,FALSE),IF('Summary Sheet'!$M$4=""PB w/ PB Drawers"",VLOOKUP($B160,'Pwood & PB List'!$B$4:$V$158,18,FALSE))))",SLO-W362124,"IF('Summary Sheet'!$M$4=""Plywood"",VLOOKUP($B160,'Pwood & PB List'!$B$4:$V$158,11,FALSE),IF('Summary Sheet'!$M$4=""PB w/ Wood Drawers"",VLOOKUP($B160,'Pwood & PB List'!$B$4:$V$158,15,FALSE),IF('Summary Sheet'!$M$4=""PB w/ PB Drawers"",VLOOKUP($B160,'Pwood & PB List'!$B$4:$V$158,19,FALSE))))",BLW-W362124,"IF('Summary Sheet'!$M$4=""Plywood"",VLOOKUP($B160,'Pwood & PB List'!$B$4:$V$158,10,FALSE),IF('Summary Sheet'!$M$4=""PB w/ Wood Drawers"",VLOOKUP($B160,'Pwood & PB List'!$B$4:$V$158,14,FALSE),IF('Summary Sheet'!$M$4=""PB w/ PB Drawers"",VLOOKUP($B160,'Pwood & PB List'!$B$4:$V$158,18,FALSE))))",WEO-W362124,"IF('Summary Sheet'!$M$4=""Plywood"",VLOOKUP($B160,'Pwood & PB List'!$B$4:$V$158,9,FALSE),IF('Summary Sheet'!$M$4=""PB w/ Wood Drawers"",VLOOKUP($B160,'Pwood & PB List'!$B$4:$V$158,13,FALSE),IF('Summary Sheet'!$M$4=""PB w/ PB Drawers"",VLOOKUP($B160,'Pwood & PB List'!$B$4:$V$158,17,FALSE))))",GLG-W362124,"IF('Summary Sheet'!$M$4=""Plywood"",VLOOKUP($B160,'Pwood & PB List'!$B$4:$V$158,12,FALSE),IF('Summary Sheet'!$M$4=""PB w/ Wood Drawers"",VLOOKUP($B160,'Pwood & PB List'!$B$4:$V$158,16,FALSE),IF('Summary Sheet'!$M$4=""PB w/ PB Drawers"",VLOOKUP($B160,'Pwood & PB List'!$B$4:$V$158,20,FALSE))))",NAO-W362124,"IF('Summary Sheet'!$M$4=""Plywood"",VLOOKUP($B160,'Pwood & PB List'!$B$4:$V$158,12,FALSE),IF('Summary Sheet'!$M$4=""PB w/ Wood Drawers"",VLOOKUP($B160,'Pwood & PB List'!$B$4:$V$158,16,FALSE),IF('Summary Sheet'!$M$4=""PB w/ PB Drawers"",VLOOKUP($B160,'Pwood & PB List'!$B$4:$V$158,20,FALSE))))",WHO-W362124,"IF('Summary Sheet'!$M$4=""Plywood"",VLOOKUP($B160,'Pwood & PB List'!$B$4:$V$158,9,FALSE),IF('Summary Sheet'!$M$4=""PB w/ Wood Drawers"",VLOOKUP($B160,'Pwood & PB List'!$B$4:$V$158,13,FALSE),IF('Summary Sheet'!$M$4=""PB w/ PB Drawers"",VLOOKUP($B160,'Pwood & PB List'!$B$4:$V$158,17,FALSE))))",MAW-W362124,"IF('Summary Sheet'!$M$4=""Plywood"",VLOOKUP($B160,'Pwood & PB List'!$B$4:$V$158,9,FALSE),IF('Summary Sheet'!$M$4=""PB w/ Wood Drawers"",VLOOKUP($B160,'Pwood & PB List'!$B$4:$V$158,13,FALSE),IF('Summary Sheet'!$M$4=""PB w/ PB Drawers"",VLOOKUP($B160,'Pwood & PB List'!$B$4:$V$158,17,FALSE))))",MAG-W362124,"IF('Summary Sheet'!$M$4=""Plywood"",VLOOKUP($B160,'Pwood & PB List'!$B$4:$V$158,9,FALSE),IF('Summary Sheet'!$M$4=""PB w/ Wood Drawers"",VLOOKUP($B160,'Pwood & PB List'!$B$4:$V$158,13,FALSE),IF('Summary Sheet'!$M$4=""PB w/ PB Drawers"",VLOOKUP($B160,'Pwood & PB List'!$B$4:$V$158,17,FALSE))))",MAB-W362124,"IF('Summary Sheet'!$M$4=""Plywood"",VLOOKUP($B160,'Pwood & PB List'!$B$4:$V$158,9,FALSE),IF('Summary Sheet'!$M$4=""PB w/ Wood Drawers"",VLOOKUP($B160,'Pwood & PB List'!$B$4:$V$158,13,FALSE),IF('Summary Sheet'!$M$4=""PB w/ PB Drawers"",VLOOKUP($B160,'Pwood & PB List'!$B$4:$V$158,17,FALSE))))",GLB-W362124,2,
161,"Wall Cabinet: 36"" W x 24"" H x 24"" D, 2 Doors",W362424,"IF('Summary Sheet'!$M$4=""Plywood"",VLOOKUP($B161,'Pwood & PB List'!$B$4:$V$158,9,FALSE),IF('Summary Sheet'!$M$4=""PB w/ Wood Drawers"",VLOOKUP($B161,'Pwood & PB List'!$B$4:$V$158,13,FALSE),IF('Summary Sheet'!$M$4=""PB w/ PB Drawers"",VLOOKUP($B161,'Pwood & PB List'!$B$4:$V$158,17,FALSE))))",GLW-W362424,"IF('Summary Sheet'!$M$4=""Plywood"",VLOOKUP($B161,'Pwood & PB List'!$B$4:$V$158,10,FALSE),IF('Summary Sheet'!$M$4=""PB w/ Wood Drawers"",VLOOKUP($B161,'Pwood & PB List'!$B$4:$V$158,14,FALSE),IF('Summary Sheet'!$M$4=""PB w/ PB Drawers"",VLOOKUP($B161,'Pwood & PB List'!$B$4:$V$158,18,FALSE))))",SLO-W362424,"IF('Summary Sheet'!$M$4=""Plywood"",VLOOKUP($B161,'Pwood & PB List'!$B$4:$V$158,11,FALSE),IF('Summary Sheet'!$M$4=""PB w/ Wood Drawers"",VLOOKUP($B161,'Pwood & PB List'!$B$4:$V$158,15,FALSE),IF('Summary Sheet'!$M$4=""PB w/ PB Drawers"",VLOOKUP($B161,'Pwood & PB List'!$B$4:$V$158,19,FALSE))))",BLW-W362424,"IF('Summary Sheet'!$M$4=""Plywood"",VLOOKUP($B161,'Pwood & PB List'!$B$4:$V$158,10,FALSE),IF('Summary Sheet'!$M$4=""PB w/ Wood Drawers"",VLOOKUP($B161,'Pwood & PB List'!$B$4:$V$158,14,FALSE),IF('Summary Sheet'!$M$4=""PB w/ PB Drawers"",VLOOKUP($B161,'Pwood & PB List'!$B$4:$V$158,18,FALSE))))",WEO-W362424,"IF('Summary Sheet'!$M$4=""Plywood"",VLOOKUP($B161,'Pwood & PB List'!$B$4:$V$158,9,FALSE),IF('Summary Sheet'!$M$4=""PB w/ Wood Drawers"",VLOOKUP($B161,'Pwood & PB List'!$B$4:$V$158,13,FALSE),IF('Summary Sheet'!$M$4=""PB w/ PB Drawers"",VLOOKUP($B161,'Pwood & PB List'!$B$4:$V$158,17,FALSE))))",GLG-W362424,"IF('Summary Sheet'!$M$4=""Plywood"",VLOOKUP($B161,'Pwood & PB List'!$B$4:$V$158,12,FALSE),IF('Summary Sheet'!$M$4=""PB w/ Wood Drawers"",VLOOKUP($B161,'Pwood & PB List'!$B$4:$V$158,16,FALSE),IF('Summary Sheet'!$M$4=""PB w/ PB Drawers"",VLOOKUP($B161,'Pwood & PB List'!$B$4:$V$158,20,FALSE))))",NAO-W362424,"IF('Summary Sheet'!$M$4=""Plywood"",VLOOKUP($B161,'Pwood & PB List'!$B$4:$V$158,12,FALSE),IF('Summary Sheet'!$M$4=""PB w/ Wood Drawers"",VLOOKUP($B161,'Pwood & PB List'!$B$4:$V$158,16,FALSE),IF('Summary Sheet'!$M$4=""PB w/ PB Drawers"",VLOOKUP($B161,'Pwood & PB List'!$B$4:$V$158,20,FALSE))))",WHO-W362424,"IF('Summary Sheet'!$M$4=""Plywood"",VLOOKUP($B161,'Pwood & PB List'!$B$4:$V$158,9,FALSE),IF('Summary Sheet'!$M$4=""PB w/ Wood Drawers"",VLOOKUP($B161,'Pwood & PB List'!$B$4:$V$158,13,FALSE),IF('Summary Sheet'!$M$4=""PB w/ PB Drawers"",VLOOKUP($B161,'Pwood & PB List'!$B$4:$V$158,17,FALSE))))",MAW-W362424,"IF('Summary Sheet'!$M$4=""Plywood"",VLOOKUP($B161,'Pwood & PB List'!$B$4:$V$158,9,FALSE),IF('Summary Sheet'!$M$4=""PB w/ Wood Drawers"",VLOOKUP($B161,'Pwood & PB List'!$B$4:$V$158,13,FALSE),IF('Summary Sheet'!$M$4=""PB w/ PB Drawers"",VLOOKUP($B161,'Pwood & PB List'!$B$4:$V$158,17,FALSE))))",MAG-W362424,"IF('Summary Sheet'!$M$4=""Plywood"",VLOOKUP($B161,'Pwood & PB List'!$B$4:$V$158,9,FALSE),IF('Summary Sheet'!$M$4=""PB w/ Wood Drawers"",VLOOKUP($B161,'Pwood & PB List'!$B$4:$V$158,13,FALSE),IF('Summary Sheet'!$M$4=""PB w/ PB Drawers"",VLOOKUP($B161,'Pwood & PB List'!$B$4:$V$158,17,FALSE))))",MAB-W362424,"IF('Summary Sheet'!$M$4=""Plywood"",VLOOKUP($B161,'Pwood & PB List'!$B$4:$V$158,9,FALSE),IF('Summary Sheet'!$M$4=""PB w/ Wood Drawers"",VLOOKUP($B161,'Pwood & PB List'!$B$4:$V$158,13,FALSE),IF('Summary Sheet'!$M$4=""PB w/ PB Drawers"",VLOOKUP($B161,'Pwood & PB List'!$B$4:$V$158,17,FALSE))))",GLB-W362424,2,
162,"Wall Stay Lift Cabinets, 13"" Depth",,,,,,,,,,,,,,,,,,,,,,,,,
163,"Wall Stay Lift Cabinet: 30"" W x 12"" H, 1 Vertical Open Door",WSL3012,"IF('Summary Sheet'!$M$4=""Plywood"",VLOOKUP($B163,'Pwood & PB List'!$B$4:$V$158,9,FALSE),IF('Summary Sheet'!$M$4=""PB w/ Wood Drawers"",VLOOKUP($B163,'Pwood & PB List'!$B$4:$V$158,13,FALSE),IF('Summary Sheet'!$M$4=""PB w/ PB Drawers"",VLOOKUP($B163,'Pwood & PB List'!$B$4:$V$158,17,FALSE))))","CONCATENATE(""GLW-"",B163)","IF('Summary Sheet'!$M$4=""Plywood"",VLOOKUP($B163,'Pwood & PB List'!$B$4:$V$158,10,FALSE),IF('Summary Sheet'!$M$4=""PB w/ Wood Drawers"",VLOOKUP($B163,'Pwood & PB List'!$B$4:$V$158,14,FALSE),IF('Summary Sheet'!$M$4=""PB w/ PB Drawers"",VLOOKUP($B163,'Pwood & PB List'!$B$4:$V$158,18,FALSE))))","CONCATENATE(""SLO-"",B163)","IF('Summary Sheet'!$M$4=""Plywood"",VLOOKUP($B163,'Pwood & PB List'!$B$4:$V$158,11,FALSE),IF('Summary Sheet'!$M$4=""PB w/ Wood Drawers"",VLOOKUP($B163,'Pwood & PB List'!$B$4:$V$158,15,FALSE),IF('Summary Sheet'!$M$4=""PB w/ PB Drawers"",VLOOKUP($B163,'Pwood & PB List'!$B$4:$V$158,19,FALSE))))","CONCATENATE(""BLW-"",B163)","IF('Summary Sheet'!$M$4=""Plywood"",VLOOKUP($B163,'Pwood & PB List'!$B$4:$V$158,10,FALSE),IF('Summary Sheet'!$M$4=""PB w/ Wood Drawers"",VLOOKUP($B163,'Pwood & PB List'!$B$4:$V$158,14,FALSE),IF('Summary Sheet'!$M$4=""PB w/ PB Drawers"",VLOOKUP($B163,'Pwood & PB List'!$B$4:$V$158,18,FALSE))))","CONCATENATE(""WEO-"",B163)","IF('Summary Sheet'!$M$4=""Plywood"",VLOOKUP($B163,'Pwood & PB List'!$B$4:$V$158,9,FALSE),IF('Summary Sheet'!$M$4=""PB w/ Wood Drawers"",VLOOKUP($B163,'Pwood & PB List'!$B$4:$V$158,13,FALSE),IF('Summary Sheet'!$M$4=""PB w/ PB Drawers"",VLOOKUP($B163,'Pwood & PB List'!$B$4:$V$158,17,FALSE))))","CONCATENATE(""GLG-"",B163)","IF('Summary Sheet'!$M$4=""Plywood"",VLOOKUP($B163,'Pwood & PB List'!$B$4:$V$158,12,FALSE),IF('Summary Sheet'!$M$4=""PB w/ Wood Drawers"",VLOOKUP($B163,'Pwood & PB List'!$B$4:$V$158,16,FALSE),IF('Summary Sheet'!$M$4=""PB w/ PB Drawers"",VLOOKUP($B163,'Pwood & PB List'!$B$4:$V$158,20,FALSE))))","CONCATENATE(""NAO-"",B163)","IF('Summary Sheet'!$M$4=""Plywood"",VLOOKUP($B163,'Pwood & PB List'!$B$4:$V$158,12,FALSE),IF('Summary Sheet'!$M$4=""PB w/ Wood Drawers"",VLOOKUP($B163,'Pwood & PB List'!$B$4:$V$158,16,FALSE),IF('Summary Sheet'!$M$4=""PB w/ PB Drawers"",VLOOKUP($B163,'Pwood & PB List'!$B$4:$V$158,20,FALSE))))","CONCATENATE(""WHO-"",B163)","IF('Summary Sheet'!$M$4=""Plywood"",VLOOKUP($B163,'Pwood & PB List'!$B$4:$V$158,9,FALSE),IF('Summary Sheet'!$M$4=""PB w/ Wood Drawers"",VLOOKUP($B163,'Pwood & PB List'!$B$4:$V$158,13,FALSE),IF('Summary Sheet'!$M$4=""PB w/ PB Drawers"",VLOOKUP($B163,'Pwood & PB List'!$B$4:$V$158,17,FALSE))))","CONCATENATE(""MAW-"",B163)","IF('Summary Sheet'!$M$4=""Plywood"",VLOOKUP($B163,'Pwood & PB List'!$B$4:$V$158,9,FALSE),IF('Summary Sheet'!$M$4=""PB w/ Wood Drawers"",VLOOKUP($B163,'Pwood & PB List'!$B$4:$V$158,13,FALSE),IF('Summary Sheet'!$M$4=""PB w/ PB Drawers"",VLOOKUP($B163,'Pwood & PB List'!$B$4:$V$158,17,FALSE))))","CONCATENATE(""MAG-"",B163)","IF('Summary Sheet'!$M$4=""Plywood"",VLOOKUP($B163,'Pwood & PB List'!$B$4:$V$158,9,FALSE),IF('Summary Sheet'!$M$4=""PB w/ Wood Drawers"",VLOOKUP($B163,'Pwood & PB List'!$B$4:$V$158,13,FALSE),IF('Summary Sheet'!$M$4=""PB w/ PB Drawers"",VLOOKUP($B163,'Pwood & PB List'!$B$4:$V$158,17,FALSE))))","CONCATENATE(""MAB-"",B163)","IF('Summary Sheet'!$M$4=""Plywood"",VLOOKUP($B163,'Pwood & PB List'!$B$4:$V$158,9,FALSE),IF('Summary Sheet'!$M$4=""PB w/ Wood Drawers"",VLOOKUP($B163,'Pwood & PB List'!$B$4:$V$158,13,FALSE),IF('Summary Sheet'!$M$4=""PB w/ PB Drawers"",VLOOKUP($B163,'Pwood & PB List'!$B$4:$V$158,17,FALSE))))","CONCATENATE(""GLB-"",B163)",1,
164,"Wall Stay Lift Cabinet: 30"" W x 15"" H, 1 Vertical Open Door",WSL3015,"IF('Summary Sheet'!$M$4=""Plywood"",VLOOKUP($B164,'Pwood & PB List'!$B$4:$V$158,9,FALSE),IF('Summary Sheet'!$M$4=""PB w/ Wood Drawers"",VLOOKUP($B164,'Pwood & PB List'!$B$4:$V$158,13,FALSE),IF('Summary Sheet'!$M$4=""PB w/ PB Drawers"",VLOOKUP($B164,'Pwood & PB List'!$B$4:$V$158,17,FALSE))))",GLW-WSL3015,"IF('Summary Sheet'!$M$4=""Plywood"",VLOOKUP($B164,'Pwood & PB List'!$B$4:$V$158,10,FALSE),IF('Summary Sheet'!$M$4=""PB w/ Wood Drawers"",VLOOKUP($B164,'Pwood & PB List'!$B$4:$V$158,14,FALSE),IF('Summary Sheet'!$M$4=""PB w/ PB Drawers"",VLOOKUP($B164,'Pwood & PB List'!$B$4:$V$158,18,FALSE))))",SLO-WSL3015,"IF('Summary Sheet'!$M$4=""Plywood"",VLOOKUP($B164,'Pwood & PB List'!$B$4:$V$158,11,FALSE),IF('Summary Sheet'!$M$4=""PB w/ Wood Drawers"",VLOOKUP($B164,'Pwood & PB List'!$B$4:$V$158,15,FALSE),IF('Summary Sheet'!$M$4=""PB w/ PB Drawers"",VLOOKUP($B164,'Pwood & PB List'!$B$4:$V$158,19,FALSE))))",BLW-WSL3015,"IF('Summary Sheet'!$M$4=""Plywood"",VLOOKUP($B164,'Pwood & PB List'!$B$4:$V$158,10,FALSE),IF('Summary Sheet'!$M$4=""PB w/ Wood Drawers"",VLOOKUP($B164,'Pwood & PB List'!$B$4:$V$158,14,FALSE),IF('Summary Sheet'!$M$4=""PB w/ PB Drawers"",VLOOKUP($B164,'Pwood & PB List'!$B$4:$V$158,18,FALSE))))",WEO-WSL3015,"IF('Summary Sheet'!$M$4=""Plywood"",VLOOKUP($B164,'Pwood & PB List'!$B$4:$V$158,9,FALSE),IF('Summary Sheet'!$M$4=""PB w/ Wood Drawers"",VLOOKUP($B164,'Pwood & PB List'!$B$4:$V$158,13,FALSE),IF('Summary Sheet'!$M$4=""PB w/ PB Drawers"",VLOOKUP($B164,'Pwood & PB List'!$B$4:$V$158,17,FALSE))))",GLG-WSL3015,"IF('Summary Sheet'!$M$4=""Plywood"",VLOOKUP($B164,'Pwood & PB List'!$B$4:$V$158,12,FALSE),IF('Summary Sheet'!$M$4=""PB w/ Wood Drawers"",VLOOKUP($B164,'Pwood & PB List'!$B$4:$V$158,16,FALSE),IF('Summary Sheet'!$M$4=""PB w/ PB Drawers"",VLOOKUP($B164,'Pwood & PB List'!$B$4:$V$158,20,FALSE))))",NAO-WSL3015,"IF('Summary Sheet'!$M$4=""Plywood"",VLOOKUP($B164,'Pwood & PB List'!$B$4:$V$158,12,FALSE),IF('Summary Sheet'!$M$4=""PB w/ Wood Drawers"",VLOOKUP($B164,'Pwood & PB List'!$B$4:$V$158,16,FALSE),IF('Summary Sheet'!$M$4=""PB w/ PB Drawers"",VLOOKUP($B164,'Pwood & PB List'!$B$4:$V$158,20,FALSE))))",WHO-WSL3015,"IF('Summary Sheet'!$M$4=""Plywood"",VLOOKUP($B164,'Pwood & PB List'!$B$4:$V$158,9,FALSE),IF('Summary Sheet'!$M$4=""PB w/ Wood Drawers"",VLOOKUP($B164,'Pwood & PB List'!$B$4:$V$158,13,FALSE),IF('Summary Sheet'!$M$4=""PB w/ PB Drawers"",VLOOKUP($B164,'Pwood & PB List'!$B$4:$V$158,17,FALSE))))",MAW-WSL3015,"IF('Summary Sheet'!$M$4=""Plywood"",VLOOKUP($B164,'Pwood & PB List'!$B$4:$V$158,9,FALSE),IF('Summary Sheet'!$M$4=""PB w/ Wood Drawers"",VLOOKUP($B164,'Pwood & PB List'!$B$4:$V$158,13,FALSE),IF('Summary Sheet'!$M$4=""PB w/ PB Drawers"",VLOOKUP($B164,'Pwood & PB List'!$B$4:$V$158,17,FALSE))))",MAG-WSL3015,"IF('Summary Sheet'!$M$4=""Plywood"",VLOOKUP($B164,'Pwood & PB List'!$B$4:$V$158,9,FALSE),IF('Summary Sheet'!$M$4=""PB w/ Wood Drawers"",VLOOKUP($B164,'Pwood & PB List'!$B$4:$V$158,13,FALSE),IF('Summary Sheet'!$M$4=""PB w/ PB Drawers"",VLOOKUP($B164,'Pwood & PB List'!$B$4:$V$158,17,FALSE))))",MAB-WSL3015,"IF('Summary Sheet'!$M$4=""Plywood"",VLOOKUP($B164,'Pwood & PB List'!$B$4:$V$158,9,FALSE),IF('Summary Sheet'!$M$4=""PB w/ Wood Drawers"",VLOOKUP($B164,'Pwood & PB List'!$B$4:$V$158,13,FALSE),IF('Summary Sheet'!$M$4=""PB w/ PB Drawers"",VLOOKUP($B164,'Pwood & PB List'!$B$4:$V$158,17,FALSE))))",GLB-WSL3015,1,
165,"Wall Stay Lift Cabinet: 30"" W x 18"" H, 1 Vertical Open Door",WSL3018,"IF('Summary Sheet'!$M$4=""Plywood"",VLOOKUP($B165,'Pwood & PB List'!$B$4:$V$158,9,FALSE),IF('Summary Sheet'!$M$4=""PB w/ Wood Drawers"",VLOOKUP($B165,'Pwood & PB List'!$B$4:$V$158,13,FALSE),IF('Summary Sheet'!$M$4=""PB w/ PB Drawers"",VLOOKUP($B165,'Pwood & PB List'!$B$4:$V$158,17,FALSE))))",GLW-WSL3018,"IF('Summary Sheet'!$M$4=""Plywood"",VLOOKUP($B165,'Pwood & PB List'!$B$4:$V$158,10,FALSE),IF('Summary Sheet'!$M$4=""PB w/ Wood Drawers"",VLOOKUP($B165,'Pwood & PB List'!$B$4:$V$158,14,FALSE),IF('Summary Sheet'!$M$4=""PB w/ PB Drawers"",VLOOKUP($B165,'Pwood & PB List'!$B$4:$V$158,18,FALSE))))",SLO-WSL3018,"IF('Summary Sheet'!$M$4=""Plywood"",VLOOKUP($B165,'Pwood & PB List'!$B$4:$V$158,11,FALSE),IF('Summary Sheet'!$M$4=""PB w/ Wood Drawers"",VLOOKUP($B165,'Pwood & PB List'!$B$4:$V$158,15,FALSE),IF('Summary Sheet'!$M$4=""PB w/ PB Drawers"",VLOOKUP($B165,'Pwood & PB List'!$B$4:$V$158,19,FALSE))))",BLW-WSL3018,"IF('Summary Sheet'!$M$4=""Plywood"",VLOOKUP($B165,'Pwood & PB List'!$B$4:$V$158,10,FALSE),IF('Summary Sheet'!$M$4=""PB w/ Wood Drawers"",VLOOKUP($B165,'Pwood & PB List'!$B$4:$V$158,14,FALSE),IF('Summary Sheet'!$M$4=""PB w/ PB Drawers"",VLOOKUP($B165,'Pwood & PB List'!$B$4:$V$158,18,FALSE))))",WEO-WSL3018,"IF('Summary Sheet'!$M$4=""Plywood"",VLOOKUP($B165,'Pwood & PB List'!$B$4:$V$158,9,FALSE),IF('Summary Sheet'!$M$4=""PB w/ Wood Drawers"",VLOOKUP($B165,'Pwood & PB List'!$B$4:$V$158,13,FALSE),IF('Summary Sheet'!$M$4=""PB w/ PB Drawers"",VLOOKUP($B165,'Pwood & PB List'!$B$4:$V$158,17,FALSE))))",GLG-WSL3018,"IF('Summary Sheet'!$M$4=""Plywood"",VLOOKUP($B165,'Pwood & PB List'!$B$4:$V$158,12,FALSE),IF('Summary Sheet'!$M$4=""PB w/ Wood Drawers"",VLOOKUP($B165,'Pwood & PB List'!$B$4:$V$158,16,FALSE),IF('Summary Sheet'!$M$4=""PB w/ PB Drawers"",VLOOKUP($B165,'Pwood & PB List'!$B$4:$V$158,20,FALSE))))",NAO-WSL3018,"IF('Summary Sheet'!$M$4=""Plywood"",VLOOKUP($B165,'Pwood & PB List'!$B$4:$V$158,12,FALSE),IF('Summary Sheet'!$M$4=""PB w/ Wood Drawers"",VLOOKUP($B165,'Pwood & PB List'!$B$4:$V$158,16,FALSE),IF('Summary Sheet'!$M$4=""PB w/ PB Drawers"",VLOOKUP($B165,'Pwood & PB List'!$B$4:$V$158,20,FALSE))))",WHO-WSL3018,"IF('Summary Sheet'!$M$4=""Plywood"",VLOOKUP($B165,'Pwood & PB List'!$B$4:$V$158,9,FALSE),IF('Summary Sheet'!$M$4=""PB w/ Wood Drawers"",VLOOKUP($B165,'Pwood & PB List'!$B$4:$V$158,13,FALSE),IF('Summary Sheet'!$M$4=""PB w/ PB Drawers"",VLOOKUP($B165,'Pwood & PB List'!$B$4:$V$158,17,FALSE))))",MAW-WSL3018,"IF('Summary Sheet'!$M$4=""Plywood"",VLOOKUP($B165,'Pwood & PB List'!$B$4:$V$158,9,FALSE),IF('Summary Sheet'!$M$4=""PB w/ Wood Drawers"",VLOOKUP($B165,'Pwood & PB List'!$B$4:$V$158,13,FALSE),IF('Summary Sheet'!$M$4=""PB w/ PB Drawers"",VLOOKUP($B165,'Pwood & PB List'!$B$4:$V$158,17,FALSE))))",MAG-WSL3018,"IF('Summary Sheet'!$M$4=""Plywood"",VLOOKUP($B165,'Pwood & PB List'!$B$4:$V$158,9,FALSE),IF('Summary Sheet'!$M$4=""PB w/ Wood Drawers"",VLOOKUP($B165,'Pwood & PB List'!$B$4:$V$158,13,FALSE),IF('Summary Sheet'!$M$4=""PB w/ PB Drawers"",VLOOKUP($B165,'Pwood & PB List'!$B$4:$V$158,17,FALSE))))",MAB-WSL3018,"IF('Summary Sheet'!$M$4=""Plywood"",VLOOKUP($B165,'Pwood & PB List'!$B$4:$V$158,9,FALSE),IF('Summary Sheet'!$M$4=""PB w/ Wood Drawers"",VLOOKUP($B165,'Pwood & PB List'!$B$4:$V$158,13,FALSE),IF('Summary Sheet'!$M$4=""PB w/ PB Drawers"",VLOOKUP($B165,'Pwood & PB List'!$B$4:$V$158,17,FALSE))))",GLB-WSL3018,1,
166,"Wall Stay Lift Cabinet: 30"" W x 21"" H, 1 Vertical Open Door",WSL3021,"IF('Summary Sheet'!$M$4=""Plywood"",VLOOKUP($B166,'Pwood & PB List'!$B$4:$V$158,9,FALSE),IF('Summary Sheet'!$M$4=""PB w/ Wood Drawers"",VLOOKUP($B166,'Pwood & PB List'!$B$4:$V$158,13,FALSE),IF('Summary Sheet'!$M$4=""PB w/ PB Drawers"",VLOOKUP($B166,'Pwood & PB List'!$B$4:$V$158,17,FALSE))))",GLW-WSL3021,"IF('Summary Sheet'!$M$4=""Plywood"",VLOOKUP($B166,'Pwood & PB List'!$B$4:$V$158,10,FALSE),IF('Summary Sheet'!$M$4=""PB w/ Wood Drawers"",VLOOKUP($B166,'Pwood & PB List'!$B$4:$V$158,14,FALSE),IF('Summary Sheet'!$M$4=""PB w/ PB Drawers"",VLOOKUP($B166,'Pwood & PB List'!$B$4:$V$158,18,FALSE))))",SLO-WSL3021,"IF('Summary Sheet'!$M$4=""Plywood"",VLOOKUP($B166,'Pwood & PB List'!$B$4:$V$158,11,FALSE),IF('Summary Sheet'!$M$4=""PB w/ Wood Drawers"",VLOOKUP($B166,'Pwood & PB List'!$B$4:$V$158,15,FALSE),IF('Summary Sheet'!$M$4=""PB w/ PB Drawers"",VLOOKUP($B166,'Pwood & PB List'!$B$4:$V$158,19,FALSE))))",BLW-WSL3021,"IF('Summary Sheet'!$M$4=""Plywood"",VLOOKUP($B166,'Pwood & PB List'!$B$4:$V$158,10,FALSE),IF('Summary Sheet'!$M$4=""PB w/ Wood Drawers"",VLOOKUP($B166,'Pwood & PB List'!$B$4:$V$158,14,FALSE),IF('Summary Sheet'!$M$4=""PB w/ PB Drawers"",VLOOKUP($B166,'Pwood & PB List'!$B$4:$V$158,18,FALSE))))",WEO-WSL3021,"IF('Summary Sheet'!$M$4=""Plywood"",VLOOKUP($B166,'Pwood & PB List'!$B$4:$V$158,9,FALSE),IF('Summary Sheet'!$M$4=""PB w/ Wood Drawers"",VLOOKUP($B166,'Pwood & PB List'!$B$4:$V$158,13,FALSE),IF('Summary Sheet'!$M$4=""PB w/ PB Drawers"",VLOOKUP($B166,'Pwood & PB List'!$B$4:$V$158,17,FALSE))))",GLG-WSL3021,"IF('Summary Sheet'!$M$4=""Plywood"",VLOOKUP($B166,'Pwood & PB List'!$B$4:$V$158,12,FALSE),IF('Summary Sheet'!$M$4=""PB w/ Wood Drawers"",VLOOKUP($B166,'Pwood & PB List'!$B$4:$V$158,16,FALSE),IF('Summary Sheet'!$M$4=""PB w/ PB Drawers"",VLOOKUP($B166,'Pwood & PB List'!$B$4:$V$158,20,FALSE))))",NAO-WSL3021,"IF('Summary Sheet'!$M$4=""Plywood"",VLOOKUP($B166,'Pwood & PB List'!$B$4:$V$158,12,FALSE),IF('Summary Sheet'!$M$4=""PB w/ Wood Drawers"",VLOOKUP($B166,'Pwood & PB List'!$B$4:$V$158,16,FALSE),IF('Summary Sheet'!$M$4=""PB w/ PB Drawers"",VLOOKUP($B166,'Pwood & PB List'!$B$4:$V$158,20,FALSE))))",WHO-WSL3021,"IF('Summary Sheet'!$M$4=""Plywood"",VLOOKUP($B166,'Pwood & PB List'!$B$4:$V$158,9,FALSE),IF('Summary Sheet'!$M$4=""PB w/ Wood Drawers"",VLOOKUP($B166,'Pwood & PB List'!$B$4:$V$158,13,FALSE),IF('Summary Sheet'!$M$4=""PB w/ PB Drawers"",VLOOKUP($B166,'Pwood & PB List'!$B$4:$V$158,17,FALSE))))",MAW-WSL3021,"IF('Summary Sheet'!$M$4=""Plywood"",VLOOKUP($B166,'Pwood & PB List'!$B$4:$V$158,9,FALSE),IF('Summary Sheet'!$M$4=""PB w/ Wood Drawers"",VLOOKUP($B166,'Pwood & PB List'!$B$4:$V$158,13,FALSE),IF('Summary Sheet'!$M$4=""PB w/ PB Drawers"",VLOOKUP($B166,'Pwood & PB List'!$B$4:$V$158,17,FALSE))))",MAG-WSL3021,"IF('Summary Sheet'!$M$4=""Plywood"",VLOOKUP($B166,'Pwood & PB List'!$B$4:$V$158,9,FALSE),IF('Summary Sheet'!$M$4=""PB w/ Wood Drawers"",VLOOKUP($B166,'Pwood & PB List'!$B$4:$V$158,13,FALSE),IF('Summary Sheet'!$M$4=""PB w/ PB Drawers"",VLOOKUP($B166,'Pwood & PB List'!$B$4:$V$158,17,FALSE))))",MAB-WSL3021,"IF('Summary Sheet'!$M$4=""Plywood"",VLOOKUP($B166,'Pwood & PB List'!$B$4:$V$158,9,FALSE),IF('Summary Sheet'!$M$4=""PB w/ Wood Drawers"",VLOOKUP($B166,'Pwood & PB List'!$B$4:$V$158,13,FALSE),IF('Summary Sheet'!$M$4=""PB w/ PB Drawers"",VLOOKUP($B166,'Pwood & PB List'!$B$4:$V$158,17,FALSE))))",GLB-WSL3021,1,
167,"Wall Stay Lift Cabinet: 36"" W x 12"" H, 1 Vertical Open Door",WSL3612,"IF('Summary Sheet'!$M$4=""Plywood"",VLOOKUP($B167,'Pwood & PB List'!$B$4:$V$158,9,FALSE),IF('Summary Sheet'!$M$4=""PB w/ Wood Drawers"",VLOOKUP($B167,'Pwood & PB List'!$B$4:$V$158,13,FALSE),IF('Summary Sheet'!$M$4=""PB w/ PB Drawers"",VLOOKUP($B167,'Pwood & PB List'!$B$4:$V$158,17,FALSE))))",GLW-WSL3612,"IF('Summary Sheet'!$M$4=""Plywood"",VLOOKUP($B167,'Pwood & PB List'!$B$4:$V$158,10,FALSE),IF('Summary Sheet'!$M$4=""PB w/ Wood Drawers"",VLOOKUP($B167,'Pwood & PB List'!$B$4:$V$158,14,FALSE),IF('Summary Sheet'!$M$4=""PB w/ PB Drawers"",VLOOKUP($B167,'Pwood & PB List'!$B$4:$V$158,18,FALSE))))",SLO-WSL3612,"IF('Summary Sheet'!$M$4=""Plywood"",VLOOKUP($B167,'Pwood & PB List'!$B$4:$V$158,11,FALSE),IF('Summary Sheet'!$M$4=""PB w/ Wood Drawers"",VLOOKUP($B167,'Pwood & PB List'!$B$4:$V$158,15,FALSE),IF('Summary Sheet'!$M$4=""PB w/ PB Drawers"",VLOOKUP($B167,'Pwood & PB List'!$B$4:$V$158,19,FALSE))))",BLW-WSL3612,"IF('Summary Sheet'!$M$4=""Plywood"",VLOOKUP($B167,'Pwood & PB List'!$B$4:$V$158,10,FALSE),IF('Summary Sheet'!$M$4=""PB w/ Wood Drawers"",VLOOKUP($B167,'Pwood & PB List'!$B$4:$V$158,14,FALSE),IF('Summary Sheet'!$M$4=""PB w/ PB Drawers"",VLOOKUP($B167,'Pwood & PB List'!$B$4:$V$158,18,FALSE))))",WEO-WSL3612,"IF('Summary Sheet'!$M$4=""Plywood"",VLOOKUP($B167,'Pwood & PB List'!$B$4:$V$158,9,FALSE),IF('Summary Sheet'!$M$4=""PB w/ Wood Drawers"",VLOOKUP($B167,'Pwood & PB List'!$B$4:$V$158,13,FALSE),IF('Summary Sheet'!$M$4=""PB w/ PB Drawers"",VLOOKUP($B167,'Pwood & PB List'!$B$4:$V$158,17,FALSE))))",GLG-WSL3612,"IF('Summary Sheet'!$M$4=""Plywood"",VLOOKUP($B167,'Pwood & PB List'!$B$4:$V$158,12,FALSE),IF('Summary Sheet'!$M$4=""PB w/ Wood Drawers"",VLOOKUP($B167,'Pwood & PB List'!$B$4:$V$158,16,FALSE),IF('Summary Sheet'!$M$4=""PB w/ PB Drawers"",VLOOKUP($B167,'Pwood & PB List'!$B$4:$V$158,20,FALSE))))",NAO-WSL3612,"IF('Summary Sheet'!$M$4=""Plywood"",VLOOKUP($B167,'Pwood & PB List'!$B$4:$V$158,12,FALSE),IF('Summary Sheet'!$M$4=""PB w/ Wood Drawers"",VLOOKUP($B167,'Pwood & PB List'!$B$4:$V$158,16,FALSE),IF('Summary Sheet'!$M$4=""PB w/ PB Drawers"",VLOOKUP($B167,'Pwood & PB List'!$B$4:$V$158,20,FALSE))))",WHO-WSL3612,"IF('Summary Sheet'!$M$4=""Plywood"",VLOOKUP($B167,'Pwood & PB List'!$B$4:$V$158,9,FALSE),IF('Summary Sheet'!$M$4=""PB w/ Wood Drawers"",VLOOKUP($B167,'Pwood & PB List'!$B$4:$V$158,13,FALSE),IF('Summary Sheet'!$M$4=""PB w/ PB Drawers"",VLOOKUP($B167,'Pwood & PB List'!$B$4:$V$158,17,FALSE))))",MAW-WSL3612,"IF('Summary Sheet'!$M$4=""Plywood"",VLOOKUP($B167,'Pwood & PB List'!$B$4:$V$158,9,FALSE),IF('Summary Sheet'!$M$4=""PB w/ Wood Drawers"",VLOOKUP($B167,'Pwood & PB List'!$B$4:$V$158,13,FALSE),IF('Summary Sheet'!$M$4=""PB w/ PB Drawers"",VLOOKUP($B167,'Pwood & PB List'!$B$4:$V$158,17,FALSE))))",MAG-WSL3612,"IF('Summary Sheet'!$M$4=""Plywood"",VLOOKUP($B167,'Pwood & PB List'!$B$4:$V$158,9,FALSE),IF('Summary Sheet'!$M$4=""PB w/ Wood Drawers"",VLOOKUP($B167,'Pwood & PB List'!$B$4:$V$158,13,FALSE),IF('Summary Sheet'!$M$4=""PB w/ PB Drawers"",VLOOKUP($B167,'Pwood & PB List'!$B$4:$V$158,17,FALSE))))",MAB-WSL3612,"IF('Summary Sheet'!$M$4=""Plywood"",VLOOKUP($B167,'Pwood & PB List'!$B$4:$V$158,9,FALSE),IF('Summary Sheet'!$M$4=""PB w/ Wood Drawers"",VLOOKUP($B167,'Pwood & PB List'!$B$4:$V$158,13,FALSE),IF('Summary Sheet'!$M$4=""PB w/ PB Drawers"",VLOOKUP($B167,'Pwood & PB List'!$B$4:$V$158,17,FALSE))))",GLB-WSL3612,1,
168,"Wall Stay Lift Cabinet: 36"" W x 15"" H, 1 Vertical Open Door",WSL3615,"IF('Summary Sheet'!$M$4=""Plywood"",VLOOKUP($B168,'Pwood & PB List'!$B$4:$V$158,9,FALSE),IF('Summary Sheet'!$M$4=""PB w/ Wood Drawers"",VLOOKUP($B168,'Pwood & PB List'!$B$4:$V$158,13,FALSE),IF('Summary Sheet'!$M$4=""PB w/ PB Drawers"",VLOOKUP($B168,'Pwood & PB List'!$B$4:$V$158,17,FALSE))))",GLW-WSL3615,"IF('Summary Sheet'!$M$4=""Plywood"",VLOOKUP($B168,'Pwood & PB List'!$B$4:$V$158,10,FALSE),IF('Summary Sheet'!$M$4=""PB w/ Wood Drawers"",VLOOKUP($B168,'Pwood & PB List'!$B$4:$V$158,14,FALSE),IF('Summary Sheet'!$M$4=""PB w/ PB Drawers"",VLOOKUP($B168,'Pwood & PB List'!$B$4:$V$158,18,FALSE))))",SLO-WSL3615,"IF('Summary Sheet'!$M$4=""Plywood"",VLOOKUP($B168,'Pwood & PB List'!$B$4:$V$158,11,FALSE),IF('Summary Sheet'!$M$4=""PB w/ Wood Drawers"",VLOOKUP($B168,'Pwood & PB List'!$B$4:$V$158,15,FALSE),IF('Summary Sheet'!$M$4=""PB w/ PB Drawers"",VLOOKUP($B168,'Pwood & PB List'!$B$4:$V$158,19,FALSE))))",BLW-WSL3615,"IF('Summary Sheet'!$M$4=""Plywood"",VLOOKUP($B168,'Pwood & PB List'!$B$4:$V$158,10,FALSE),IF('Summary Sheet'!$M$4=""PB w/ Wood Drawers"",VLOOKUP($B168,'Pwood & PB List'!$B$4:$V$158,14,FALSE),IF('Summary Sheet'!$M$4=""PB w/ PB Drawers"",VLOOKUP($B168,'Pwood & PB List'!$B$4:$V$158,18,FALSE))))",WEO-WSL3615,"IF('Summary Sheet'!$M$4=""Plywood"",VLOOKUP($B168,'Pwood & PB List'!$B$4:$V$158,9,FALSE),IF('Summary Sheet'!$M$4=""PB w/ Wood Drawers"",VLOOKUP($B168,'Pwood & PB List'!$B$4:$V$158,13,FALSE),IF('Summary Sheet'!$M$4=""PB w/ PB Drawers"",VLOOKUP($B168,'Pwood & PB List'!$B$4:$V$158,17,FALSE))))",GLG-WSL3615,"IF('Summary Sheet'!$M$4=""Plywood"",VLOOKUP($B168,'Pwood & PB List'!$B$4:$V$158,12,FALSE),IF('Summary Sheet'!$M$4=""PB w/ Wood Drawers"",VLOOKUP($B168,'Pwood & PB List'!$B$4:$V$158,16,FALSE),IF('Summary Sheet'!$M$4=""PB w/ PB Drawers"",VLOOKUP($B168,'Pwood & PB List'!$B$4:$V$158,20,FALSE))))",NAO-WSL3615,"IF('Summary Sheet'!$M$4=""Plywood"",VLOOKUP($B168,'Pwood & PB List'!$B$4:$V$158,12,FALSE),IF('Summary Sheet'!$M$4=""PB w/ Wood Drawers"",VLOOKUP($B168,'Pwood & PB List'!$B$4:$V$158,16,FALSE),IF('Summary Sheet'!$M$4=""PB w/ PB Drawers"",VLOOKUP($B168,'Pwood & PB List'!$B$4:$V$158,20,FALSE))))",WHO-WSL3615,"IF('Summary Sheet'!$M$4=""Plywood"",VLOOKUP($B168,'Pwood & PB List'!$B$4:$V$158,9,FALSE),IF('Summary Sheet'!$M$4=""PB w/ Wood Drawers"",VLOOKUP($B168,'Pwood & PB List'!$B$4:$V$158,13,FALSE),IF('Summary Sheet'!$M$4=""PB w/ PB Drawers"",VLOOKUP($B168,'Pwood & PB List'!$B$4:$V$158,17,FALSE))))",MAW-WSL3615,"IF('Summary Sheet'!$M$4=""Plywood"",VLOOKUP($B168,'Pwood & PB List'!$B$4:$V$158,9,FALSE),IF('Summary Sheet'!$M$4=""PB w/ Wood Drawers"",VLOOKUP($B168,'Pwood & PB List'!$B$4:$V$158,13,FALSE),IF('Summary Sheet'!$M$4=""PB w/ PB Drawers"",VLOOKUP($B168,'Pwood & PB List'!$B$4:$V$158,17,FALSE))))",MAG-WSL3615,"IF('Summary Sheet'!$M$4=""Plywood"",VLOOKUP($B168,'Pwood & PB List'!$B$4:$V$158,9,FALSE),IF('Summary Sheet'!$M$4=""PB w/ Wood Drawers"",VLOOKUP($B168,'Pwood & PB List'!$B$4:$V$158,13,FALSE),IF('Summary Sheet'!$M$4=""PB w/ PB Drawers"",VLOOKUP($B168,'Pwood & PB List'!$B$4:$V$158,17,FALSE))))",MAB-WSL3615,"IF('Summary Sheet'!$M$4=""Plywood"",VLOOKUP($B168,'Pwood & PB List'!$B$4:$V$158,9,FALSE),IF('Summary Sheet'!$M$4=""PB w/ Wood Drawers"",VLOOKUP($B168,'Pwood & PB List'!$B$4:$V$158,13,FALSE),IF('Summary Sheet'!$M$4=""PB w/ PB Drawers"",VLOOKUP($B168,'Pwood & PB List'!$B$4:$V$158,17,FALSE))))",GLB-WSL3615,1,
169,"Wall Stay Lift Cabinet: 36"" W x 18"" H, 1 Vertical Open Door",WSL3618,"IF('Summary Sheet'!$M$4=""Plywood"",VLOOKUP($B169,'Pwood & PB List'!$B$4:$V$158,9,FALSE),IF('Summary Sheet'!$M$4=""PB w/ Wood Drawers"",VLOOKUP($B169,'Pwood & PB List'!$B$4:$V$158,13,FALSE),IF('Summary Sheet'!$M$4=""PB w/ PB Drawers"",VLOOKUP($B169,'Pwood & PB List'!$B$4:$V$158,17,FALSE))))",GLW-WSL3618,"IF('Summary Sheet'!$M$4=""Plywood"",VLOOKUP($B169,'Pwood & PB List'!$B$4:$V$158,10,FALSE),IF('Summary Sheet'!$M$4=""PB w/ Wood Drawers"",VLOOKUP($B169,'Pwood & PB List'!$B$4:$V$158,14,FALSE),IF('Summary Sheet'!$M$4=""PB w/ PB Drawers"",VLOOKUP($B169,'Pwood & PB List'!$B$4:$V$158,18,FALSE))))",SLO-WSL3618,"IF('Summary Sheet'!$M$4=""Plywood"",VLOOKUP($B169,'Pwood & PB List'!$B$4:$V$158,11,FALSE),IF('Summary Sheet'!$M$4=""PB w/ Wood Drawers"",VLOOKUP($B169,'Pwood & PB List'!$B$4:$V$158,15,FALSE),IF('Summary Sheet'!$M$4=""PB w/ PB Drawers"",VLOOKUP($B169,'Pwood & PB List'!$B$4:$V$158,19,FALSE))))",BLW-WSL3618,"IF('Summary Sheet'!$M$4=""Plywood"",VLOOKUP($B169,'Pwood & PB List'!$B$4:$V$158,10,FALSE),IF('Summary Sheet'!$M$4=""PB w/ Wood Drawers"",VLOOKUP($B169,'Pwood & PB List'!$B$4:$V$158,14,FALSE),IF('Summary Sheet'!$M$4=""PB w/ PB Drawers"",VLOOKUP($B169,'Pwood & PB List'!$B$4:$V$158,18,FALSE))))",WEO-WSL3618,"IF('Summary Sheet'!$M$4=""Plywood"",VLOOKUP($B169,'Pwood & PB List'!$B$4:$V$158,9,FALSE),IF('Summary Sheet'!$M$4=""PB w/ Wood Drawers"",VLOOKUP($B169,'Pwood & PB List'!$B$4:$V$158,13,FALSE),IF('Summary Sheet'!$M$4=""PB w/ PB Drawers"",VLOOKUP($B169,'Pwood & PB List'!$B$4:$V$158,17,FALSE))))",GLG-WSL3618,"IF('Summary Sheet'!$M$4=""Plywood"",VLOOKUP($B169,'Pwood & PB List'!$B$4:$V$158,12,FALSE),IF('Summary Sheet'!$M$4=""PB w/ Wood Drawers"",VLOOKUP($B169,'Pwood & PB List'!$B$4:$V$158,16,FALSE),IF('Summary Sheet'!$M$4=""PB w/ PB Drawers"",VLOOKUP($B169,'Pwood & PB List'!$B$4:$V$158,20,FALSE))))",NAO-WSL3618,"IF('Summary Sheet'!$M$4=""Plywood"",VLOOKUP($B169,'Pwood & PB List'!$B$4:$V$158,12,FALSE),IF('Summary Sheet'!$M$4=""PB w/ Wood Drawers"",VLOOKUP($B169,'Pwood & PB List'!$B$4:$V$158,16,FALSE),IF('Summary Sheet'!$M$4=""PB w/ PB Drawers"",VLOOKUP($B169,'Pwood & PB List'!$B$4:$V$158,20,FALSE))))",WHO-WSL3618,"IF('Summary Sheet'!$M$4=""Plywood"",VLOOKUP($B169,'Pwood & PB List'!$B$4:$V$158,9,FALSE),IF('Summary Sheet'!$M$4=""PB w/ Wood Drawers"",VLOOKUP($B169,'Pwood & PB List'!$B$4:$V$158,13,FALSE),IF('Summary Sheet'!$M$4=""PB w/ PB Drawers"",VLOOKUP($B169,'Pwood & PB List'!$B$4:$V$158,17,FALSE))))",MAW-WSL3618,"IF('Summary Sheet'!$M$4=""Plywood"",VLOOKUP($B169,'Pwood & PB List'!$B$4:$V$158,9,FALSE),IF('Summary Sheet'!$M$4=""PB w/ Wood Drawers"",VLOOKUP($B169,'Pwood & PB List'!$B$4:$V$158,13,FALSE),IF('Summary Sheet'!$M$4=""PB w/ PB Drawers"",VLOOKUP($B169,'Pwood & PB List'!$B$4:$V$158,17,FALSE))))",MAG-WSL3618,"IF('Summary Sheet'!$M$4=""Plywood"",VLOOKUP($B169,'Pwood & PB List'!$B$4:$V$158,9,FALSE),IF('Summary Sheet'!$M$4=""PB w/ Wood Drawers"",VLOOKUP($B169,'Pwood & PB List'!$B$4:$V$158,13,FALSE),IF('Summary Sheet'!$M$4=""PB w/ PB Drawers"",VLOOKUP($B169,'Pwood & PB List'!$B$4:$V$158,17,FALSE))))",MAB-WSL3618,"IF('Summary Sheet'!$M$4=""Plywood"",VLOOKUP($B169,'Pwood & PB List'!$B$4:$V$158,9,FALSE),IF('Summary Sheet'!$M$4=""PB w/ Wood Drawers"",VLOOKUP($B169,'Pwood & PB List'!$B$4:$V$158,13,FALSE),IF('Summary Sheet'!$M$4=""PB w/ PB Drawers"",VLOOKUP($B169,'Pwood & PB List'!$B$4:$V$158,17,FALSE))))",GLB-WSL3618,1,
170,"Wall Stay Lift Cabinet: 36"" W x 21"" H, 1 Vertical Open Door",WSL3621,"IF('Summary Sheet'!$M$4=""Plywood"",VLOOKUP($B170,'Pwood & PB List'!$B$4:$V$158,9,FALSE),IF('Summary Sheet'!$M$4=""PB w/ Wood Drawers"",VLOOKUP($B170,'Pwood & PB List'!$B$4:$V$158,13,FALSE),IF('Summary Sheet'!$M$4=""PB w/ PB Drawers"",VLOOKUP($B170,'Pwood & PB List'!$B$4:$V$158,17,FALSE))))",GLW-WSL3621,"IF('Summary Sheet'!$M$4=""Plywood"",VLOOKUP($B170,'Pwood & PB List'!$B$4:$V$158,10,FALSE),IF('Summary Sheet'!$M$4=""PB w/ Wood Drawers"",VLOOKUP($B170,'Pwood & PB List'!$B$4:$V$158,14,FALSE),IF('Summary Sheet'!$M$4=""PB w/ PB Drawers"",VLOOKUP($B170,'Pwood & PB List'!$B$4:$V$158,18,FALSE))))",SLO-WSL3621,"IF('Summary Sheet'!$M$4=""Plywood"",VLOOKUP($B170,'Pwood & PB List'!$B$4:$V$158,11,FALSE),IF('Summary Sheet'!$M$4=""PB w/ Wood Drawers"",VLOOKUP($B170,'Pwood & PB List'!$B$4:$V$158,15,FALSE),IF('Summary Sheet'!$M$4=""PB w/ PB Drawers"",VLOOKUP($B170,'Pwood & PB List'!$B$4:$V$158,19,FALSE))))",BLW-WSL3621,"IF('Summary Sheet'!$M$4=""Plywood"",VLOOKUP($B170,'Pwood & PB List'!$B$4:$V$158,10,FALSE),IF('Summary Sheet'!$M$4=""PB w/ Wood Drawers"",VLOOKUP($B170,'Pwood & PB List'!$B$4:$V$158,14,FALSE),IF('Summary Sheet'!$M$4=""PB w/ PB Drawers"",VLOOKUP($B170,'Pwood & PB List'!$B$4:$V$158,18,FALSE))))",WEO-WSL3621,"IF('Summary Sheet'!$M$4=""Plywood"",VLOOKUP($B170,'Pwood & PB List'!$B$4:$V$158,9,FALSE),IF('Summary Sheet'!$M$4=""PB w/ Wood Drawers"",VLOOKUP($B170,'Pwood & PB List'!$B$4:$V$158,13,FALSE),IF('Summary Sheet'!$M$4=""PB w/ PB Drawers"",VLOOKUP($B170,'Pwood & PB List'!$B$4:$V$158,17,FALSE))))",GLG-WSL3621,"IF('Summary Sheet'!$M$4=""Plywood"",VLOOKUP($B170,'Pwood & PB List'!$B$4:$V$158,12,FALSE),IF('Summary Sheet'!$M$4=""PB w/ Wood Drawers"",VLOOKUP($B170,'Pwood & PB List'!$B$4:$V$158,16,FALSE),IF('Summary Sheet'!$M$4=""PB w/ PB Drawers"",VLOOKUP($B170,'Pwood & PB List'!$B$4:$V$158,20,FALSE))))",NAO-WSL3621,"IF('Summary Sheet'!$M$4=""Plywood"",VLOOKUP($B170,'Pwood & PB List'!$B$4:$V$158,12,FALSE),IF('Summary Sheet'!$M$4=""PB w/ Wood Drawers"",VLOOKUP($B170,'Pwood & PB List'!$B$4:$V$158,16,FALSE),IF('Summary Sheet'!$M$4=""PB w/ PB Drawers"",VLOOKUP($B170,'Pwood & PB List'!$B$4:$V$158,20,FALSE))))",WHO-WSL3621,"IF('Summary Sheet'!$M$4=""Plywood"",VLOOKUP($B170,'Pwood & PB List'!$B$4:$V$158,9,FALSE),IF('Summary Sheet'!$M$4=""PB w/ Wood Drawers"",VLOOKUP($B170,'Pwood & PB List'!$B$4:$V$158,13,FALSE),IF('Summary Sheet'!$M$4=""PB w/ PB Drawers"",VLOOKUP($B170,'Pwood & PB List'!$B$4:$V$158,17,FALSE))))",MAW-WSL3621,"IF('Summary Sheet'!$M$4=""Plywood"",VLOOKUP($B170,'Pwood & PB List'!$B$4:$V$158,9,FALSE),IF('Summary Sheet'!$M$4=""PB w/ Wood Drawers"",VLOOKUP($B170,'Pwood & PB List'!$B$4:$V$158,13,FALSE),IF('Summary Sheet'!$M$4=""PB w/ PB Drawers"",VLOOKUP($B170,'Pwood & PB List'!$B$4:$V$158,17,FALSE))))",MAG-WSL3621,"IF('Summary Sheet'!$M$4=""Plywood"",VLOOKUP($B170,'Pwood & PB List'!$B$4:$V$158,9,FALSE),IF('Summary Sheet'!$M$4=""PB w/ Wood Drawers"",VLOOKUP($B170,'Pwood & PB List'!$B$4:$V$158,13,FALSE),IF('Summary Sheet'!$M$4=""PB w/ PB Drawers"",VLOOKUP($B170,'Pwood & PB List'!$B$4:$V$158,17,FALSE))))",MAB-WSL3621,"IF('Summary Sheet'!$M$4=""Plywood"",VLOOKUP($B170,'Pwood & PB List'!$B$4:$V$158,9,FALSE),IF('Summary Sheet'!$M$4=""PB w/ Wood Drawers"",VLOOKUP($B170,'Pwood & PB List'!$B$4:$V$158,13,FALSE),IF('Summary Sheet'!$M$4=""PB w/ PB Drawers"",VLOOKUP($B170,'Pwood & PB List'!$B$4:$V$158,17,FALSE))))",GLB-WSL3621,1,
171,"Roll Out Trays (Fits in cabinet of same width, ex. ROT24 in B24",,,,,,,,,,,,,,,,,,,,,,,,,
172,"Roll Out Tray: 15""",ROT15,"IF('Summary Sheet'!$M$4=""Plywood"",VLOOKUP($B172,'Pwood & PB List'!$B$4:$V$158,9,FALSE),IF('Summary Sheet'!$M$4=""PB w/ Wood Drawers"",VLOOKUP($B172,'Pwood & PB List'!$B$4:$V$158,13,FALSE),IF('Summary Sheet'!$M$4=""PB w/ PB Drawers"",VLOOKUP($B172,'Pwood & PB List'!$B$4:$V$158,17,FALSE))))",ROT15,"IF('Summary Sheet'!$M$4=""Plywood"",VLOOKUP($B172,'Pwood & PB List'!$B$4:$V$158,10,FALSE),IF('Summary Sheet'!$M$4=""PB w/ Wood Drawers"",VLOOKUP($B172,'Pwood & PB List'!$B$4:$V$158,14,FALSE),IF('Summary Sheet'!$M$4=""PB w/ PB Drawers"",VLOOKUP($B172,'Pwood & PB List'!$B$4:$V$158,18,FALSE))))",ROT15,"IF('Summary Sheet'!$M$4=""Plywood"",VLOOKUP($B172,'Pwood & PB List'!$B$4:$V$158,11,FALSE),IF('Summary Sheet'!$M$4=""PB w/ Wood Drawers"",VLOOKUP($B172,'Pwood & PB List'!$B$4:$V$158,15,FALSE),IF('Summary Sheet'!$M$4=""PB w/ PB Drawers"",VLOOKUP($B172,'Pwood & PB List'!$B$4:$V$158,19,FALSE))))",ROT15,"IF('Summary Sheet'!$M$4=""Plywood"",VLOOKUP($B172,'Pwood & PB List'!$B$4:$V$158,10,FALSE),IF('Summary Sheet'!$M$4=""PB w/ Wood Drawers"",VLOOKUP($B172,'Pwood & PB List'!$B$4:$V$158,14,FALSE),IF('Summary Sheet'!$M$4=""PB w/ PB Drawers"",VLOOKUP($B172,'Pwood & PB List'!$B$4:$V$158,18,FALSE))))",ROT15,"IF('Summary Sheet'!$M$4=""Plywood"",VLOOKUP($B172,'Pwood & PB List'!$B$4:$V$158,9,FALSE),IF('Summary Sheet'!$M$4=""PB w/ Wood Drawers"",VLOOKUP($B172,'Pwood & PB List'!$B$4:$V$158,13,FALSE),IF('Summary Sheet'!$M$4=""PB w/ PB Drawers"",VLOOKUP($B172,'Pwood & PB List'!$B$4:$V$158,17,FALSE))))",ROT15,"IF('Summary Sheet'!$M$4=""Plywood"",VLOOKUP($B172,'Pwood & PB List'!$B$4:$V$158,12,FALSE),IF('Summary Sheet'!$M$4=""PB w/ Wood Drawers"",VLOOKUP($B172,'Pwood & PB List'!$B$4:$V$158,16,FALSE),IF('Summary Sheet'!$M$4=""PB w/ PB Drawers"",VLOOKUP($B172,'Pwood & PB List'!$B$4:$V$158,20,FALSE))))",ROT15,"IF('Summary Sheet'!$M$4=""Plywood"",VLOOKUP($B172,'Pwood & PB List'!$B$4:$V$158,12,FALSE),IF('Summary Sheet'!$M$4=""PB w/ Wood Drawers"",VLOOKUP($B172,'Pwood & PB List'!$B$4:$V$158,16,FALSE),IF('Summary Sheet'!$M$4=""PB w/ PB Drawers"",VLOOKUP($B172,'Pwood & PB List'!$B$4:$V$158,20,FALSE))))",ROT15,"IF('Summary Sheet'!$M$4=""Plywood"",VLOOKUP($B172,'Pwood & PB List'!$B$4:$V$158,9,FALSE),IF('Summary Sheet'!$M$4=""PB w/ Wood Drawers"",VLOOKUP($B172,'Pwood & PB List'!$B$4:$V$158,13,FALSE),IF('Summary Sheet'!$M$4=""PB w/ PB Drawers"",VLOOKUP($B172,'Pwood & PB List'!$B$4:$V$158,17,FALSE))))",ROT15,"IF('Summary Sheet'!$M$4=""Plywood"",VLOOKUP($B172,'Pwood & PB List'!$B$4:$V$158,9,FALSE),IF('Summary Sheet'!$M$4=""PB w/ Wood Drawers"",VLOOKUP($B172,'Pwood & PB List'!$B$4:$V$158,13,FALSE),IF('Summary Sheet'!$M$4=""PB w/ PB Drawers"",VLOOKUP($B172,'Pwood & PB List'!$B$4:$V$158,17,FALSE))))",ROT15,"IF('Summary Sheet'!$M$4=""Plywood"",VLOOKUP($B172,'Pwood & PB List'!$B$4:$V$158,9,FALSE),IF('Summary Sheet'!$M$4=""PB w/ Wood Drawers"",VLOOKUP($B172,'Pwood & PB List'!$B$4:$V$158,13,FALSE),IF('Summary Sheet'!$M$4=""PB w/ PB Drawers"",VLOOKUP($B172,'Pwood & PB List'!$B$4:$V$158,17,FALSE))))",ROT15,"IF('Summary Sheet'!$M$4=""Plywood"",VLOOKUP($B172,'Pwood & PB List'!$B$4:$V$158,9,FALSE),IF('Summary Sheet'!$M$4=""PB w/ Wood Drawers"",VLOOKUP($B172,'Pwood & PB List'!$B$4:$V$158,13,FALSE),IF('Summary Sheet'!$M$4=""PB w/ PB Drawers"",VLOOKUP($B172,'Pwood & PB List'!$B$4:$V$158,17,FALSE))))",ROT15,0,
173,"Roll Out Tray: 18""",ROT18,"IF('Summary Sheet'!$M$4=""Plywood"",VLOOKUP($B173,'Pwood & PB List'!$B$4:$V$158,9,FALSE),IF('Summary Sheet'!$M$4=""PB w/ Wood Drawers"",VLOOKUP($B173,'Pwood & PB List'!$B$4:$V$158,13,FALSE),IF('Summary Sheet'!$M$4=""PB w/ PB Drawers"",VLOOKUP($B173,'Pwood & PB List'!$B$4:$V$158,17,FALSE))))",ROT18,"IF('Summary Sheet'!$M$4=""Plywood"",VLOOKUP($B173,'Pwood & PB List'!$B$4:$V$158,10,FALSE),IF('Summary Sheet'!$M$4=""PB w/ Wood Drawers"",VLOOKUP($B173,'Pwood & PB List'!$B$4:$V$158,14,FALSE),IF('Summary Sheet'!$M$4=""PB w/ PB Drawers"",VLOOKUP($B173,'Pwood & PB List'!$B$4:$V$158,18,FALSE))))",ROT18,"IF('Summary Sheet'!$M$4=""Plywood"",VLOOKUP($B173,'Pwood & PB List'!$B$4:$V$158,11,FALSE),IF('Summary Sheet'!$M$4=""PB w/ Wood Drawers"",VLOOKUP($B173,'Pwood & PB List'!$B$4:$V$158,15,FALSE),IF('Summary Sheet'!$M$4=""PB w/ PB Drawers"",VLOOKUP($B173,'Pwood & PB List'!$B$4:$V$158,19,FALSE))))",ROT18,"IF('Summary Sheet'!$M$4=""Plywood"",VLOOKUP($B173,'Pwood & PB List'!$B$4:$V$158,10,FALSE),IF('Summary Sheet'!$M$4=""PB w/ Wood Drawers"",VLOOKUP($B173,'Pwood & PB List'!$B$4:$V$158,14,FALSE),IF('Summary Sheet'!$M$4=""PB w/ PB Drawers"",VLOOKUP($B173,'Pwood & PB List'!$B$4:$V$158,18,FALSE))))",ROT18,"IF('Summary Sheet'!$M$4=""Plywood"",VLOOKUP($B173,'Pwood & PB List'!$B$4:$V$158,9,FALSE),IF('Summary Sheet'!$M$4=""PB w/ Wood Drawers"",VLOOKUP($B173,'Pwood & PB List'!$B$4:$V$158,13,FALSE),IF('Summary Sheet'!$M$4=""PB w/ PB Drawers"",VLOOKUP($B173,'Pwood & PB List'!$B$4:$V$158,17,FALSE))))",ROT18,"IF('Summary Sheet'!$M$4=""Plywood"",VLOOKUP($B173,'Pwood & PB List'!$B$4:$V$158,12,FALSE),IF('Summary Sheet'!$M$4=""PB w/ Wood Drawers"",VLOOKUP($B173,'Pwood & PB List'!$B$4:$V$158,16,FALSE),IF('Summary Sheet'!$M$4=""PB w/ PB Drawers"",VLOOKUP($B173,'Pwood & PB List'!$B$4:$V$158,20,FALSE))))",ROT18,"IF('Summary Sheet'!$M$4=""Plywood"",VLOOKUP($B173,'Pwood & PB List'!$B$4:$V$158,12,FALSE),IF('Summary Sheet'!$M$4=""PB w/ Wood Drawers"",VLOOKUP($B173,'Pwood & PB List'!$B$4:$V$158,16,FALSE),IF('Summary Sheet'!$M$4=""PB w/ PB Drawers"",VLOOKUP($B173,'Pwood & PB List'!$B$4:$V$158,20,FALSE))))",ROT18,"IF('Summary Sheet'!$M$4=""Plywood"",VLOOKUP($B173,'Pwood & PB List'!$B$4:$V$158,9,FALSE),IF('Summary Sheet'!$M$4=""PB w/ Wood Drawers"",VLOOKUP($B173,'Pwood & PB List'!$B$4:$V$158,13,FALSE),IF('Summary Sheet'!$M$4=""PB w/ PB Drawers"",VLOOKUP($B173,'Pwood & PB List'!$B$4:$V$158,17,FALSE))))",ROT18,"IF('Summary Sheet'!$M$4=""Plywood"",VLOOKUP($B173,'Pwood & PB List'!$B$4:$V$158,9,FALSE),IF('Summary Sheet'!$M$4=""PB w/ Wood Drawers"",VLOOKUP($B173,'Pwood & PB List'!$B$4:$V$158,13,FALSE),IF('Summary Sheet'!$M$4=""PB w/ PB Drawers"",VLOOKUP($B173,'Pwood & PB List'!$B$4:$V$158,17,FALSE))))",ROT18,"IF('Summary Sheet'!$M$4=""Plywood"",VLOOKUP($B173,'Pwood & PB List'!$B$4:$V$158,9,FALSE),IF('Summary Sheet'!$M$4=""PB w/ Wood Drawers"",VLOOKUP($B173,'Pwood & PB List'!$B$4:$V$158,13,FALSE),IF('Summary Sheet'!$M$4=""PB w/ PB Drawers"",VLOOKUP($B173,'Pwood & PB List'!$B$4:$V$158,17,FALSE))))",ROT18,"IF('Summary Sheet'!$M$4=""Plywood"",VLOOKUP($B173,'Pwood & PB List'!$B$4:$V$158,9,FALSE),IF('Summary Sheet'!$M$4=""PB w/ Wood Drawers"",VLOOKUP($B173,'Pwood & PB List'!$B$4:$V$158,13,FALSE),IF('Summary Sheet'!$M$4=""PB w/ PB Drawers"",VLOOKUP($B173,'Pwood & PB List'!$B$4:$V$158,17,FALSE))))",ROT18,0,
174,"Roll Out Tray: 21""",ROT21,"IF('Summary Sheet'!$M$4=""Plywood"",VLOOKUP($B174,'Pwood & PB List'!$B$4:$V$158,9,FALSE),IF('Summary Sheet'!$M$4=""PB w/ Wood Drawers"",VLOOKUP($B174,'Pwood & PB List'!$B$4:$V$158,13,FALSE),IF('Summary Sheet'!$M$4=""PB w/ PB Drawers"",VLOOKUP($B174,'Pwood & PB List'!$B$4:$V$158,17,FALSE))))",ROT21,"IF('Summary Sheet'!$M$4=""Plywood"",VLOOKUP($B174,'Pwood & PB List'!$B$4:$V$158,10,FALSE),IF('Summary Sheet'!$M$4=""PB w/ Wood Drawers"",VLOOKUP($B174,'Pwood & PB List'!$B$4:$V$158,14,FALSE),IF('Summary Sheet'!$M$4=""PB w/ PB Drawers"",VLOOKUP($B174,'Pwood & PB List'!$B$4:$V$158,18,FALSE))))",ROT21,"IF('Summary Sheet'!$M$4=""Plywood"",VLOOKUP($B174,'Pwood & PB List'!$B$4:$V$158,11,FALSE),IF('Summary Sheet'!$M$4=""PB w/ Wood Drawers"",VLOOKUP($B174,'Pwood & PB List'!$B$4:$V$158,15,FALSE),IF('Summary Sheet'!$M$4=""PB w/ PB Drawers"",VLOOKUP($B174,'Pwood & PB List'!$B$4:$V$158,19,FALSE))))",ROT21,"IF('Summary Sheet'!$M$4=""Plywood"",VLOOKUP($B174,'Pwood & PB List'!$B$4:$V$158,10,FALSE),IF('Summary Sheet'!$M$4=""PB w/ Wood Drawers"",VLOOKUP($B174,'Pwood & PB List'!$B$4:$V$158,14,FALSE),IF('Summary Sheet'!$M$4=""PB w/ PB Drawers"",VLOOKUP($B174,'Pwood & PB List'!$B$4:$V$158,18,FALSE))))",ROT21,"IF('Summary Sheet'!$M$4=""Plywood"",VLOOKUP($B174,'Pwood & PB List'!$B$4:$V$158,9,FALSE),IF('Summary Sheet'!$M$4=""PB w/ Wood Drawers"",VLOOKUP($B174,'Pwood & PB List'!$B$4:$V$158,13,FALSE),IF('Summary Sheet'!$M$4=""PB w/ PB Drawers"",VLOOKUP($B174,'Pwood & PB List'!$B$4:$V$158,17,FALSE))))",ROT21,"IF('Summary Sheet'!$M$4=""Plywood"",VLOOKUP($B174,'Pwood & PB List'!$B$4:$V$158,12,FALSE),IF('Summary Sheet'!$M$4=""PB w/ Wood Drawers"",VLOOKUP($B174,'Pwood & PB List'!$B$4:$V$158,16,FALSE),IF('Summary Sheet'!$M$4=""PB w/ PB Drawers"",VLOOKUP($B174,'Pwood & PB List'!$B$4:$V$158,20,FALSE))))",ROT21,"IF('Summary Sheet'!$M$4=""Plywood"",VLOOKUP($B174,'Pwood & PB List'!$B$4:$V$158,12,FALSE),IF('Summary Sheet'!$M$4=""PB w/ Wood Drawers"",VLOOKUP($B174,'Pwood & PB List'!$B$4:$V$158,16,FALSE),IF('Summary Sheet'!$M$4=""PB w/ PB Drawers"",VLOOKUP($B174,'Pwood & PB List'!$B$4:$V$158,20,FALSE))))",ROT21,"IF('Summary Sheet'!$M$4=""Plywood"",VLOOKUP($B174,'Pwood & PB List'!$B$4:$V$158,9,FALSE),IF('Summary Sheet'!$M$4=""PB w/ Wood Drawers"",VLOOKUP($B174,'Pwood & PB List'!$B$4:$V$158,13,FALSE),IF('Summary Sheet'!$M$4=""PB w/ PB Drawers"",VLOOKUP($B174,'Pwood & PB List'!$B$4:$V$158,17,FALSE))))",ROT21,"IF('Summary Sheet'!$M$4=""Plywood"",VLOOKUP($B174,'Pwood & PB List'!$B$4:$V$158,9,FALSE),IF('Summary Sheet'!$M$4=""PB w/ Wood Drawers"",VLOOKUP($B174,'Pwood & PB List'!$B$4:$V$158,13,FALSE),IF('Summary Sheet'!$M$4=""PB w/ PB Drawers"",VLOOKUP($B174,'Pwood & PB List'!$B$4:$V$158,17,FALSE))))",ROT21,"IF('Summary Sheet'!$M$4=""Plywood"",VLOOKUP($B174,'Pwood & PB List'!$B$4:$V$158,9,FALSE),IF('Summary Sheet'!$M$4=""PB w/ Wood Drawers"",VLOOKUP($B174,'Pwood & PB List'!$B$4:$V$158,13,FALSE),IF('Summary Sheet'!$M$4=""PB w/ PB Drawers"",VLOOKUP($B174,'Pwood & PB List'!$B$4:$V$158,17,FALSE))))",ROT21,"IF('Summary Sheet'!$M$4=""Plywood"",VLOOKUP($B174,'Pwood & PB List'!$B$4:$V$158,9,FALSE),IF('Summary Sheet'!$M$4=""PB w/ Wood Drawers"",VLOOKUP($B174,'Pwood & PB List'!$B$4:$V$158,13,FALSE),IF('Summary Sheet'!$M$4=""PB w/ PB Drawers"",VLOOKUP($B174,'Pwood & PB List'!$B$4:$V$158,17,FALSE))))",ROT21,0,
175,"Roll Out Tray: 24""",ROT24,"IF('Summary Sheet'!$M$4=""Plywood"",VLOOKUP($B175,'Pwood & PB List'!$B$4:$V$158,9,FALSE),IF('Summary Sheet'!$M$4=""PB w/ Wood Drawers"",VLOOKUP($B175,'Pwood & PB List'!$B$4:$V$158,13,FALSE),IF('Summary Sheet'!$M$4=""PB w/ PB Drawers"",VLOOKUP($B175,'Pwood & PB List'!$B$4:$V$158,17,FALSE))))",ROT24,"IF('Summary Sheet'!$M$4=""Plywood"",VLOOKUP($B175,'Pwood & PB List'!$B$4:$V$158,10,FALSE),IF('Summary Sheet'!$M$4=""PB w/ Wood Drawers"",VLOOKUP($B175,'Pwood & PB List'!$B$4:$V$158,14,FALSE),IF('Summary Sheet'!$M$4=""PB w/ PB Drawers"",VLOOKUP($B175,'Pwood & PB List'!$B$4:$V$158,18,FALSE))))",ROT24,"IF('Summary Sheet'!$M$4=""Plywood"",VLOOKUP($B175,'Pwood & PB List'!$B$4:$V$158,11,FALSE),IF('Summary Sheet'!$M$4=""PB w/ Wood Drawers"",VLOOKUP($B175,'Pwood & PB List'!$B$4:$V$158,15,FALSE),IF('Summary Sheet'!$M$4=""PB w/ PB Drawers"",VLOOKUP($B175,'Pwood & PB List'!$B$4:$V$158,19,FALSE))))",ROT24,"IF('Summary Sheet'!$M$4=""Plywood"",VLOOKUP($B175,'Pwood & PB List'!$B$4:$V$158,10,FALSE),IF('Summary Sheet'!$M$4=""PB w/ Wood Drawers"",VLOOKUP($B175,'Pwood & PB List'!$B$4:$V$158,14,FALSE),IF('Summary Sheet'!$M$4=""PB w/ PB Drawers"",VLOOKUP($B175,'Pwood & PB List'!$B$4:$V$158,18,FALSE))))",ROT24,"IF('Summary Sheet'!$M$4=""Plywood"",VLOOKUP($B175,'Pwood & PB List'!$B$4:$V$158,9,FALSE),IF('Summary Sheet'!$M$4=""PB w/ Wood Drawers"",VLOOKUP($B175,'Pwood & PB List'!$B$4:$V$158,13,FALSE),IF('Summary Sheet'!$M$4=""PB w/ PB Drawers"",VLOOKUP($B175,'Pwood & PB List'!$B$4:$V$158,17,FALSE))))",ROT24,"IF('Summary Sheet'!$M$4=""Plywood"",VLOOKUP($B175,'Pwood & PB List'!$B$4:$V$158,12,FALSE),IF('Summary Sheet'!$M$4=""PB w/ Wood Drawers"",VLOOKUP($B175,'Pwood & PB List'!$B$4:$V$158,16,FALSE),IF('Summary Sheet'!$M$4=""PB w/ PB Drawers"",VLOOKUP($B175,'Pwood & PB List'!$B$4:$V$158,20,FALSE))))",ROT24,"IF('Summary Sheet'!$M$4=""Plywood"",VLOOKUP($B175,'Pwood & PB List'!$B$4:$V$158,12,FALSE),IF('Summary Sheet'!$M$4=""PB w/ Wood Drawers"",VLOOKUP($B175,'Pwood & PB List'!$B$4:$V$158,16,FALSE),IF('Summary Sheet'!$M$4=""PB w/ PB Drawers"",VLOOKUP($B175,'Pwood & PB List'!$B$4:$V$158,20,FALSE))))",ROT24,"IF('Summary Sheet'!$M$4=""Plywood"",VLOOKUP($B175,'Pwood & PB List'!$B$4:$V$158,9,FALSE),IF('Summary Sheet'!$M$4=""PB w/ Wood Drawers"",VLOOKUP($B175,'Pwood & PB List'!$B$4:$V$158,13,FALSE),IF('Summary Sheet'!$M$4=""PB w/ PB Drawers"",VLOOKUP($B175,'Pwood & PB List'!$B$4:$V$158,17,FALSE))))",ROT24,"IF('Summary Sheet'!$M$4=""Plywood"",VLOOKUP($B175,'Pwood & PB List'!$B$4:$V$158,9,FALSE),IF('Summary Sheet'!$M$4=""PB w/ Wood Drawers"",VLOOKUP($B175,'Pwood & PB List'!$B$4:$V$158,13,FALSE),IF('Summary Sheet'!$M$4=""PB w/ PB Drawers"",VLOOKUP($B175,'Pwood & PB List'!$B$4:$V$158,17,FALSE))))",ROT24,"IF('Summary Sheet'!$M$4=""Plywood"",VLOOKUP($B175,'Pwood & PB List'!$B$4:$V$158,9,FALSE),IF('Summary Sheet'!$M$4=""PB w/ Wood Drawers"",VLOOKUP($B175,'Pwood & PB List'!$B$4:$V$158,13,FALSE),IF('Summary Sheet'!$M$4=""PB w/ PB Drawers"",VLOOKUP($B175,'Pwood & PB List'!$B$4:$V$158,17,FALSE))))",ROT24,"IF('Summary Sheet'!$M$4=""Plywood"",VLOOKUP($B175,'Pwood & PB List'!$B$4:$V$158,9,FALSE),IF('Summary Sheet'!$M$4=""PB w/ Wood Drawers"",VLOOKUP($B175,'Pwood & PB List'!$B$4:$V$158,13,FALSE),IF('Summary Sheet'!$M$4=""PB w/ PB Drawers"",VLOOKUP($B175,'Pwood & PB List'!$B$4:$V$158,17,FALSE))))",ROT24,0,
176,"Roll Out Tray: 27""",ROT27,"IF('Summary Sheet'!$M$4=""Plywood"",VLOOKUP($B176,'Pwood & PB List'!$B$4:$V$158,9,FALSE),IF('Summary Sheet'!$M$4=""PB w/ Wood Drawers"",VLOOKUP($B176,'Pwood & PB List'!$B$4:$V$158,13,FALSE),IF('Summary Sheet'!$M$4=""PB w/ PB Drawers"",VLOOKUP($B176,'Pwood & PB List'!$B$4:$V$158,17,FALSE))))",ROT27,"IF('Summary Sheet'!$M$4=""Plywood"",VLOOKUP($B176,'Pwood & PB List'!$B$4:$V$158,10,FALSE),IF('Summary Sheet'!$M$4=""PB w/ Wood Drawers"",VLOOKUP($B176,'Pwood & PB List'!$B$4:$V$158,14,FALSE),IF('Summary Sheet'!$M$4=""PB w/ PB Drawers"",VLOOKUP($B176,'Pwood & PB List'!$B$4:$V$158,18,FALSE))))",ROT27,"IF('Summary Sheet'!$M$4=""Plywood"",VLOOKUP($B176,'Pwood & PB List'!$B$4:$V$158,11,FALSE),IF('Summary Sheet'!$M$4=""PB w/ Wood Drawers"",VLOOKUP($B176,'Pwood & PB List'!$B$4:$V$158,15,FALSE),IF('Summary Sheet'!$M$4=""PB w/ PB Drawers"",VLOOKUP($B176,'Pwood & PB List'!$B$4:$V$158,19,FALSE))))",ROT27,"IF('Summary Sheet'!$M$4=""Plywood"",VLOOKUP($B176,'Pwood & PB List'!$B$4:$V$158,10,FALSE),IF('Summary Sheet'!$M$4=""PB w/ Wood Drawers"",VLOOKUP($B176,'Pwood & PB List'!$B$4:$V$158,14,FALSE),IF('Summary Sheet'!$M$4=""PB w/ PB Drawers"",VLOOKUP($B176,'Pwood & PB List'!$B$4:$V$158,18,FALSE))))",ROT27,"IF('Summary Sheet'!$M$4=""Plywood"",VLOOKUP($B176,'Pwood & PB List'!$B$4:$V$158,9,FALSE),IF('Summary Sheet'!$M$4=""PB w/ Wood Drawers"",VLOOKUP($B176,'Pwood & PB List'!$B$4:$V$158,13,FALSE),IF('Summary Sheet'!$M$4=""PB w/ PB Drawers"",VLOOKUP($B176,'Pwood & PB List'!$B$4:$V$158,17,FALSE))))",ROT27,"IF('Summary Sheet'!$M$4=""Plywood"",VLOOKUP($B176,'Pwood & PB List'!$B$4:$V$158,12,FALSE),IF('Summary Sheet'!$M$4=""PB w/ Wood Drawers"",VLOOKUP($B176,'Pwood & PB List'!$B$4:$V$158,16,FALSE),IF('Summary Sheet'!$M$4=""PB w/ PB Drawers"",VLOOKUP($B176,'Pwood & PB List'!$B$4:$V$158,20,FALSE))))",ROT27,"IF('Summary Sheet'!$M$4=""Plywood"",VLOOKUP($B176,'Pwood & PB List'!$B$4:$V$158,12,FALSE),IF('Summary Sheet'!$M$4=""PB w/ Wood Drawers"",VLOOKUP($B176,'Pwood & PB List'!$B$4:$V$158,16,FALSE),IF('Summary Sheet'!$M$4=""PB w/ PB Drawers"",VLOOKUP($B176,'Pwood & PB List'!$B$4:$V$158,20,FALSE))))",ROT27,"IF('Summary Sheet'!$M$4=""Plywood"",VLOOKUP($B176,'Pwood & PB List'!$B$4:$V$158,9,FALSE),IF('Summary Sheet'!$M$4=""PB w/ Wood Drawers"",VLOOKUP($B176,'Pwood & PB List'!$B$4:$V$158,13,FALSE),IF('Summary Sheet'!$M$4=""PB w/ PB Drawers"",VLOOKUP($B176,'Pwood & PB List'!$B$4:$V$158,17,FALSE))))",ROT27,"IF('Summary Sheet'!$M$4=""Plywood"",VLOOKUP($B176,'Pwood & PB List'!$B$4:$V$158,9,FALSE),IF('Summary Sheet'!$M$4=""PB w/ Wood Drawers"",VLOOKUP($B176,'Pwood & PB List'!$B$4:$V$158,13,FALSE),IF('Summary Sheet'!$M$4=""PB w/ PB Drawers"",VLOOKUP($B176,'Pwood & PB List'!$B$4:$V$158,17,FALSE))))",ROT27,"IF('Summary Sheet'!$M$4=""Plywood"",VLOOKUP($B176,'Pwood & PB List'!$B$4:$V$158,9,FALSE),IF('Summary Sheet'!$M$4=""PB w/ Wood Drawers"",VLOOKUP($B176,'Pwood & PB List'!$B$4:$V$158,13,FALSE),IF('Summary Sheet'!$M$4=""PB w/ PB Drawers"",VLOOKUP($B176,'Pwood & PB List'!$B$4:$V$158,17,FALSE))))",ROT27,"IF('Summary Sheet'!$M$4=""Plywood"",VLOOKUP($B176,'Pwood & PB List'!$B$4:$V$158,9,FALSE),IF('Summary Sheet'!$M$4=""PB w/ Wood Drawers"",VLOOKUP($B176,'Pwood & PB List'!$B$4:$V$158,13,FALSE),IF('Summary Sheet'!$M$4=""PB w/ PB Drawers"",VLOOKUP($B176,'Pwood & PB List'!$B$4:$V$158,17,FALSE))))",ROT27,0,
177,"Roll Out Tray: 30""",ROT30,"IF('Summary Sheet'!$M$4=""Plywood"",VLOOKUP($B177,'Pwood & PB List'!$B$4:$V$158,9,FALSE),IF('Summary Sheet'!$M$4=""PB w/ Wood Drawers"",VLOOKUP($B177,'Pwood & PB List'!$B$4:$V$158,13,FALSE),IF('Summary Sheet'!$M$4=""PB w/ PB Drawers"",VLOOKUP($B177,'Pwood & PB List'!$B$4:$V$158,17,FALSE))))",ROT30,"IF('Summary Sheet'!$M$4=""Plywood"",VLOOKUP($B177,'Pwood & PB List'!$B$4:$V$158,10,FALSE),IF('Summary Sheet'!$M$4=""PB w/ Wood Drawers"",VLOOKUP($B177,'Pwood & PB List'!$B$4:$V$158,14,FALSE),IF('Summary Sheet'!$M$4=""PB w/ PB Drawers"",VLOOKUP($B177,'Pwood & PB List'!$B$4:$V$158,18,FALSE))))",ROT30,"IF('Summary Sheet'!$M$4=""Plywood"",VLOOKUP($B177,'Pwood & PB List'!$B$4:$V$158,11,FALSE),IF('Summary Sheet'!$M$4=""PB w/ Wood Drawers"",VLOOKUP($B177,'Pwood & PB List'!$B$4:$V$158,15,FALSE),IF('Summary Sheet'!$M$4=""PB w/ PB Drawers"",VLOOKUP($B177,'Pwood & PB List'!$B$4:$V$158,19,FALSE))))",ROT30,"IF('Summary Sheet'!$M$4=""Plywood"",VLOOKUP($B177,'Pwood & PB List'!$B$4:$V$158,10,FALSE),IF('Summary Sheet'!$M$4=""PB w/ Wood Drawers"",VLOOKUP($B177,'Pwood & PB List'!$B$4:$V$158,14,FALSE),IF('Summary Sheet'!$M$4=""PB w/ PB Drawers"",VLOOKUP($B177,'Pwood & PB List'!$B$4:$V$158,18,FALSE))))",ROT30,"IF('Summary Sheet'!$M$4=""Plywood"",VLOOKUP($B177,'Pwood & PB List'!$B$4:$V$158,9,FALSE),IF('Summary Sheet'!$M$4=""PB w/ Wood Drawers"",VLOOKUP($B177,'Pwood & PB List'!$B$4:$V$158,13,FALSE),IF('Summary Sheet'!$M$4=""PB w/ PB Drawers"",VLOOKUP($B177,'Pwood & PB List'!$B$4:$V$158,17,FALSE))))",ROT30,"IF('Summary Sheet'!$M$4=""Plywood"",VLOOKUP($B177,'Pwood & PB List'!$B$4:$V$158,12,FALSE),IF('Summary Sheet'!$M$4=""PB w/ Wood Drawers"",VLOOKUP($B177,'Pwood & PB List'!$B$4:$V$158,16,FALSE),IF('Summary Sheet'!$M$4=""PB w/ PB Drawers"",VLOOKUP($B177,'Pwood & PB List'!$B$4:$V$158,20,FALSE))))",ROT30,"IF('Summary Sheet'!$M$4=""Plywood"",VLOOKUP($B177,'Pwood & PB List'!$B$4:$V$158,12,FALSE),IF('Summary Sheet'!$M$4=""PB w/ Wood Drawers"",VLOOKUP($B177,'Pwood & PB List'!$B$4:$V$158,16,FALSE),IF('Summary Sheet'!$M$4=""PB w/ PB Drawers"",VLOOKUP($B177,'Pwood & PB List'!$B$4:$V$158,20,FALSE))))",ROT30,"IF('Summary Sheet'!$M$4=""Plywood"",VLOOKUP($B177,'Pwood & PB List'!$B$4:$V$158,9,FALSE),IF('Summary Sheet'!$M$4=""PB w/ Wood Drawers"",VLOOKUP($B177,'Pwood & PB List'!$B$4:$V$158,13,FALSE),IF('Summary Sheet'!$M$4=""PB w/ PB Drawers"",VLOOKUP($B177,'Pwood & PB List'!$B$4:$V$158,17,FALSE))))",ROT30,"IF('Summary Sheet'!$M$4=""Plywood"",VLOOKUP($B177,'Pwood & PB List'!$B$4:$V$158,9,FALSE),IF('Summary Sheet'!$M$4=""PB w/ Wood Drawers"",VLOOKUP($B177,'Pwood & PB List'!$B$4:$V$158,13,FALSE),IF('Summary Sheet'!$M$4=""PB w/ PB Drawers"",VLOOKUP($B177,'Pwood & PB List'!$B$4:$V$158,17,FALSE))))",ROT30,"IF('Summary Sheet'!$M$4=""Plywood"",VLOOKUP($B177,'Pwood & PB List'!$B$4:$V$158,9,FALSE),IF('Summary Sheet'!$M$4=""PB w/ Wood Drawers"",VLOOKUP($B177,'Pwood & PB List'!$B$4:$V$158,13,FALSE),IF('Summary Sheet'!$M$4=""PB w/ PB Drawers"",VLOOKUP($B177,'Pwood & PB List'!$B$4:$V$158,17,FALSE))))",ROT30,"IF('Summary Sheet'!$M$4=""Plywood"",VLOOKUP($B177,'Pwood & PB List'!$B$4:$V$158,9,FALSE),IF('Summary Sheet'!$M$4=""PB w/ Wood Drawers"",VLOOKUP($B177,'Pwood & PB List'!$B$4:$V$158,13,FALSE),IF('Summary Sheet'!$M$4=""PB w/ PB Drawers"",VLOOKUP($B177,'Pwood & PB List'!$B$4:$V$158,17,FALSE))))",ROT30,0,
178,"Roll Out Tray: 33""",ROT33,"IF('Summary Sheet'!$M$4=""Plywood"",VLOOKUP($B178,'Pwood & PB List'!$B$4:$V$158,9,FALSE),IF('Summary Sheet'!$M$4=""PB w/ Wood Drawers"",VLOOKUP($B178,'Pwood & PB List'!$B$4:$V$158,13,FALSE),IF('Summary Sheet'!$M$4=""PB w/ PB Drawers"",VLOOKUP($B178,'Pwood & PB List'!$B$4:$V$158,17,FALSE))))",ROT33,"IF('Summary Sheet'!$M$4=""Plywood"",VLOOKUP($B178,'Pwood & PB List'!$B$4:$V$158,10,FALSE),IF('Summary Sheet'!$M$4=""PB w/ Wood Drawers"",VLOOKUP($B178,'Pwood & PB List'!$B$4:$V$158,14,FALSE),IF('Summary Sheet'!$M$4=""PB w/ PB Drawers"",VLOOKUP($B178,'Pwood & PB List'!$B$4:$V$158,18,FALSE))))",ROT33,"IF('Summary Sheet'!$M$4=""Plywood"",VLOOKUP($B178,'Pwood & PB List'!$B$4:$V$158,11,FALSE),IF('Summary Sheet'!$M$4=""PB w/ Wood Drawers"",VLOOKUP($B178,'Pwood & PB List'!$B$4:$V$158,15,FALSE),IF('Summary Sheet'!$M$4=""PB w/ PB Drawers"",VLOOKUP($B178,'Pwood & PB List'!$B$4:$V$158,19,FALSE))))",ROT33,"IF('Summary Sheet'!$M$4=""Plywood"",VLOOKUP($B178,'Pwood & PB List'!$B$4:$V$158,10,FALSE),IF('Summary Sheet'!$M$4=""PB w/ Wood Drawers"",VLOOKUP($B178,'Pwood & PB List'!$B$4:$V$158,14,FALSE),IF('Summary Sheet'!$M$4=""PB w/ PB Drawers"",VLOOKUP($B178,'Pwood & PB List'!$B$4:$V$158,18,FALSE))))",ROT33,"IF('Summary Sheet'!$M$4=""Plywood"",VLOOKUP($B178,'Pwood & PB List'!$B$4:$V$158,9,FALSE),IF('Summary Sheet'!$M$4=""PB w/ Wood Drawers"",VLOOKUP($B178,'Pwood & PB List'!$B$4:$V$158,13,FALSE),IF('Summary Sheet'!$M$4=""PB w/ PB Drawers"",VLOOKUP($B178,'Pwood & PB List'!$B$4:$V$158,17,FALSE))))",ROT33,"IF('Summary Sheet'!$M$4=""Plywood"",VLOOKUP($B178,'Pwood & PB List'!$B$4:$V$158,12,FALSE),IF('Summary Sheet'!$M$4=""PB w/ Wood Drawers"",VLOOKUP($B178,'Pwood & PB List'!$B$4:$V$158,16,FALSE),IF('Summary Sheet'!$M$4=""PB w/ PB Drawers"",VLOOKUP($B178,'Pwood & PB List'!$B$4:$V$158,20,FALSE))))",ROT33,"IF('Summary Sheet'!$M$4=""Plywood"",VLOOKUP($B178,'Pwood & PB List'!$B$4:$V$158,12,FALSE),IF('Summary Sheet'!$M$4=""PB w/ Wood Drawers"",VLOOKUP($B178,'Pwood & PB List'!$B$4:$V$158,16,FALSE),IF('Summary Sheet'!$M$4=""PB w/ PB Drawers"",VLOOKUP($B178,'Pwood & PB List'!$B$4:$V$158,20,FALSE))))",ROT33,"IF('Summary Sheet'!$M$4=""Plywood"",VLOOKUP($B178,'Pwood & PB List'!$B$4:$V$158,9,FALSE),IF('Summary Sheet'!$M$4=""PB w/ Wood Drawers"",VLOOKUP($B178,'Pwood & PB List'!$B$4:$V$158,13,FALSE),IF('Summary Sheet'!$M$4=""PB w/ PB Drawers"",VLOOKUP($B178,'Pwood & PB List'!$B$4:$V$158,17,FALSE))))",ROT33,"IF('Summary Sheet'!$M$4=""Plywood"",VLOOKUP($B178,'Pwood & PB List'!$B$4:$V$158,9,FALSE),IF('Summary Sheet'!$M$4=""PB w/ Wood Drawers"",VLOOKUP($B178,'Pwood & PB List'!$B$4:$V$158,13,FALSE),IF('Summary Sheet'!$M$4=""PB w/ PB Drawers"",VLOOKUP($B178,'Pwood & PB List'!$B$4:$V$158,17,FALSE))))",ROT33,"IF('Summary Sheet'!$M$4=""Plywood"",VLOOKUP($B178,'Pwood & PB List'!$B$4:$V$158,9,FALSE),IF('Summary Sheet'!$M$4=""PB w/ Wood Drawers"",VLOOKUP($B178,'Pwood & PB List'!$B$4:$V$158,13,FALSE),IF('Summary Sheet'!$M$4=""PB w/ PB Drawers"",VLOOKUP($B178,'Pwood & PB List'!$B$4:$V$158,17,FALSE))))",ROT33,"IF('Summary Sheet'!$M$4=""Plywood"",VLOOKUP($B178,'Pwood & PB List'!$B$4:$V$158,9,FALSE),IF('Summary Sheet'!$M$4=""PB w/ Wood Drawers"",VLOOKUP($B178,'Pwood & PB List'!$B$4:$V$158,13,FALSE),IF('Summary Sheet'!$M$4=""PB w/ PB Drawers"",VLOOKUP($B178,'Pwood & PB List'!$B$4:$V$158,17,FALSE))))",ROT33,0,
179,"Roll Out Tray: 36""",ROT36,"IF('Summary Sheet'!$M$4=""Plywood"",VLOOKUP($B179,'Pwood & PB List'!$B$4:$V$158,9,FALSE),IF('Summary Sheet'!$M$4=""PB w/ Wood Drawers"",VLOOKUP($B179,'Pwood & PB List'!$B$4:$V$158,13,FALSE),IF('Summary Sheet'!$M$4=""PB w/ PB Drawers"",VLOOKUP($B179,'Pwood & PB List'!$B$4:$V$158,17,FALSE))))",ROT36,"IF('Summary Sheet'!$M$4=""Plywood"",VLOOKUP($B179,'Pwood & PB List'!$B$4:$V$158,10,FALSE),IF('Summary Sheet'!$M$4=""PB w/ Wood Drawers"",VLOOKUP($B179,'Pwood & PB List'!$B$4:$V$158,14,FALSE),IF('Summary Sheet'!$M$4=""PB w/ PB Drawers"",VLOOKUP($B179,'Pwood & PB List'!$B$4:$V$158,18,FALSE))))",ROT36,"IF('Summary Sheet'!$M$4=""Plywood"",VLOOKUP($B179,'Pwood & PB List'!$B$4:$V$158,11,FALSE),IF('Summary Sheet'!$M$4=""PB w/ Wood Drawers"",VLOOKUP($B179,'Pwood & PB List'!$B$4:$V$158,15,FALSE),IF('Summary Sheet'!$M$4=""PB w/ PB Drawers"",VLOOKUP($B179,'Pwood & PB List'!$B$4:$V$158,19,FALSE))))",ROT36,"IF('Summary Sheet'!$M$4=""Plywood"",VLOOKUP($B179,'Pwood & PB List'!$B$4:$V$158,10,FALSE),IF('Summary Sheet'!$M$4=""PB w/ Wood Drawers"",VLOOKUP($B179,'Pwood & PB List'!$B$4:$V$158,14,FALSE),IF('Summary Sheet'!$M$4=""PB w/ PB Drawers"",VLOOKUP($B179,'Pwood & PB List'!$B$4:$V$158,18,FALSE))))",ROT36,"IF('Summary Sheet'!$M$4=""Plywood"",VLOOKUP($B179,'Pwood & PB List'!$B$4:$V$158,9,FALSE),IF('Summary Sheet'!$M$4=""PB w/ Wood Drawers"",VLOOKUP($B179,'Pwood & PB List'!$B$4:$V$158,13,FALSE),IF('Summary Sheet'!$M$4=""PB w/ PB Drawers"",VLOOKUP($B179,'Pwood & PB List'!$B$4:$V$158,17,FALSE))))",ROT36,"IF('Summary Sheet'!$M$4=""Plywood"",VLOOKUP($B179,'Pwood & PB List'!$B$4:$V$158,12,FALSE),IF('Summary Sheet'!$M$4=""PB w/ Wood Drawers"",VLOOKUP($B179,'Pwood & PB List'!$B$4:$V$158,16,FALSE),IF('Summary Sheet'!$M$4=""PB w/ PB Drawers"",VLOOKUP($B179,'Pwood & PB List'!$B$4:$V$158,20,FALSE))))",ROT36,"IF('Summary Sheet'!$M$4=""Plywood"",VLOOKUP($B179,'Pwood & PB List'!$B$4:$V$158,12,FALSE),IF('Summary Sheet'!$M$4=""PB w/ Wood Drawers"",VLOOKUP($B179,'Pwood & PB List'!$B$4:$V$158,16,FALSE),IF('Summary Sheet'!$M$4=""PB w/ PB Drawers"",VLOOKUP($B179,'Pwood & PB List'!$B$4:$V$158,20,FALSE))))",ROT36,"IF('Summary Sheet'!$M$4=""Plywood"",VLOOKUP($B179,'Pwood & PB List'!$B$4:$V$158,9,FALSE),IF('Summary Sheet'!$M$4=""PB w/ Wood Drawers"",VLOOKUP($B179,'Pwood & PB List'!$B$4:$V$158,13,FALSE),IF('Summary Sheet'!$M$4=""PB w/ PB Drawers"",VLOOKUP($B179,'Pwood & PB List'!$B$4:$V$158,17,FALSE))))",ROT36,"IF('Summary Sheet'!$M$4=""Plywood"",VLOOKUP($B179,'Pwood & PB List'!$B$4:$V$158,9,FALSE),IF('Summary Sheet'!$M$4=""PB w/ Wood Drawers"",VLOOKUP($B179,'Pwood & PB List'!$B$4:$V$158,13,FALSE),IF('Summary Sheet'!$M$4=""PB w/ PB Drawers"",VLOOKUP($B179,'Pwood & PB List'!$B$4:$V$158,17,FALSE))))",ROT36,"IF('Summary Sheet'!$M$4=""Plywood"",VLOOKUP($B179,'Pwood & PB List'!$B$4:$V$158,9,FALSE),IF('Summary Sheet'!$M$4=""PB w/ Wood Drawers"",VLOOKUP($B179,'Pwood & PB List'!$B$4:$V$158,13,FALSE),IF('Summary Sheet'!$M$4=""PB w/ PB Drawers"",VLOOKUP($B179,'Pwood & PB List'!$B$4:$V$158,17,FALSE))))",ROT36,"IF('Summary Sheet'!$M$4=""Plywood"",VLOOKUP($B179,'Pwood & PB List'!$B$4:$V$158,9,FALSE),IF('Summary Sheet'!$M$4=""PB w/ Wood Drawers"",VLOOKUP($B179,'Pwood & PB List'!$B$4:$V$158,13,FALSE),IF('Summary Sheet'!$M$4=""PB w/ PB Drawers"",VLOOKUP($B179,'Pwood & PB List'!$B$4:$V$158,17,FALSE))))",ROT36,0,
181,,,GLOSSY WHITE,,SLICED OAK SHAKER,,BLACK WALNUT,,WEATHERED OAK SHAKER,,GLOSSY GREY,,NATURAL OAK,,WHITE OAK,,MATTE WHITE,,MATTE GREY,,MATTE BLUE,,GLOSSY BLACK,,,
182,CUSTOM SKU's (With * First),,,,,,,,,,,,,,,,,,,,,,,,,
183,ADA,,,,,,,,,,,,,,,,,,,,,,,,,
184,,*SB30 - ADA,,,,,,,1284.92,"CONCATENATE(""WEO-"",B184)",,,,,,,,,,,,,,,,
185,,*SB33 - ADA,1335.06,"CONCATENATE(""GLW-"",B185)",,,,,,,1335.06,"CONCATENATE(""GLG-"",B185)",,,,,1335.06,"CONCATENATE(""MAW-"",B185)",1335.06,"CONCATENATE(""MAG-"",B185)",1335.06,"CONCATENATE(""MAB-"",B185)",1335.06,"CONCATENATE(""GLB-"",B185)",2,
186,,*SB36 - ADA,1415.67,GLW-*SB36 - ADA,,,,,,,1415.67,GLG-*SB36 - ADA,1236.8499999999999,"CONCATENATE(""NAO-"",B186)",1236.8499999999999,"CONCATENATE(""WHO-"",B186)",1415.67,MAW-*SB36 - ADA,1415.67,MAG-*SB36 - ADA,1415.67,MAB-*SB36 - ADA,1415.67,GLB-*SB36 - ADA,2,
187,,*SB42 - ADA,,GLW-*SB42 - ADA,,,,,,,,GLG-*SB42 - ADA,,NAO-*SB42 - ADA,,,,MAW-*SB42 - ADA,,MAG-*SB42 - ADA,,MAB-*SB42 - ADA,,GLB-*SB42 - ADA,,
188,,*SB48 - ADA,2480.59,GLW-*SB48 - ADA,,,,,,,2480.59,GLG-*SB48 - ADA,,,,,2480.59,MAW-*SB48 - ADA,2480.59,MAG-*SB48 - ADA,2480.59,MAB-*SB48 - ADA,2480.59,GLB-*SB48 - ADA,2,
189,,*VSB27 - ADA,1168.1500000000001,GLW-*VSB27 - ADA,,,,,,,1168.1500000000001,GLG-*VSB27 - ADA,,,,,1168.1500000000001,MAW-*VSB27 - ADA,1168.1500000000001,MAG-*VSB27 - ADA,1168.1500000000001,MAB-*VSB27 - ADA,1168.1500000000001,GLB-*VSB27 - ADA,2,
190,,*VSB30 - ADA,1254.44,GLW-*VSB30 - ADA,,,,,,,1254.44,GLG-*VSB30 - ADA,1137.24,,,,1254.44,MAW-*VSB30 - ADA,1254.44,MAG-*VSB30 - ADA,1254.44,MAB-*VSB30 - ADA,1254.44,GLB-*VSB30 - ADA,2,
191,,*VSB33 - ADA,1295.3699999999999,GLW-*VSB33 - ADA,,,,,,,1295.3699999999999,GLG-*VSB33 - ADA,,,,,1295.3699999999999,MAW-*VSB33 - ADA,1295.3699999999999,MAG-*VSB33 - ADA,1295.3699999999999,MAB-*VSB33 - ADA,1295.3699999999999,GLB-*VSB33 - ADA,2,
192,,*VSB36 - ADA,1415.67,GLW-*VSB36 - ADA,,,,,,,1415.67,GLG-*VSB36 - ADA,1236.8499999999999,"CONCATENATE(""NAO-"",B192)",1236.8499999999999,WHO-*SB36 - ADA,1415.67,MAW-*VSB36 - ADA,1415.67,MAG-*VSB36 - ADA,1415.67,MAB-*VSB36 - ADA,1415.67,GLB-*VSB36 - ADA,2,
193,,*VSB39 - ADA,1495.04,GLW-*VSB39 - ADA,,,,,,,1495.04,GLG-*VSB39 - ADA,,,,,1495.04,MAW-*VSB39 - ADA,1495.04,MAG-*VSB39 - ADA,1495.04,MAB-*VSB39 - ADA,1495.04,GLB-*VSB39 - ADA,2,
194,,*VSB48 - ADA,,GLW-*VSB48 - ADA,,,,,,,,GLG-*VSB48 - ADA,1274.3900000000001,"CONCATENATE(""NAO-"",B194)",1274.3900000000001,"CONCATENATE(""WHO-"",B194)",,MAW-*VSB48 - ADA,,MAG-*VSB48 - ADA,,MAB-*VSB48 - ADA,,GLB-*VSB48 - ADA,,
195,,*B24 - ADA,1246.27,GLW-*B24 - ADA,,,,,,,1246.27,GLG-*B24 - ADA,,,,,1246.27,MAW-*B24 - ADA,1246.27,MAG-*B24 - ADA,1246.27,MAB-*B24 - ADA,1246.27,GLB-*B24 - ADA,3,
196,,*B30 - ADA,1452.85,GLW-*B30 - ADA,,,,,,,1452.85,GLG-*B30 - ADA,1185,"CONCATENATE(""NAO-"",B196)",1185,"CONCATENATE(""WHO-"",B196)",1452.85,MAW-*B30 - ADA,1452.85,MAG-*B30 - ADA,1452.85,MAB-*B30 - ADA,1452.85,GLB-*B30 - ADA,3,
197,,*B36 - ADA,1534.72,GLW-*B36 - ADA,,,,,,,1534.72,GLG-*B36 - ADA,1236.8499999999999,NAO-*B36 - ADA,1236.8499999999999,WHO-*B36 - ADA,1534.72,MAW-*B36 - ADA,1534.72,MAG-*B36 - ADA,1534.72,MAB-*B36 - ADA,1534.72,GLB-*B36 - ADA,3,
198,,*B48 - ADA,2090.27,GLW-*B48 - ADA,,,,,,,2090.27,GLG-*B48 - ADA,,,,,2090.27,MAW-*B48 - ADA,2090.27,MAG-*B48 - ADA,2090.27,MAB-*B48 - ADA,2090.27,GLB-*B48 - ADA,4,
199,Custom Wall Cabs,,,,,,,,,,,,,,,,,,,,,,,,,
200,,*W0942,463.32,"CONCATENATE(""GLW-"",B200)",,,,,,,463.32,"CONCATENATE(""GLG-"",B200)",,,,,463.32,"CONCATENATE(""MAW-"",B200)",463.32,"CONCATENATE(""MAG-"",B200)",463.32,"CONCATENATE(""MAB-"",B200)",463.32,"CONCATENATE(""GLB-"",B200)",1,
201,,*W1240,548.87,GLW-*W1240,,,,,,,548.87,GLG-*W1240,,,,,548.87,MAW-*W1240,548.87,MAG-*W1240,548.87,MAB-*W1240,548.87,GLB-*W1240,1,
202,,*W1533,534.30999999999995,GLW-*W1533,,,,,,,534.30999999999995,GLG-*W1533,,,,,534.30999999999995,MAW-*W1533,534.30999999999995,MAG-*W1533,534.30999999999995,MAB-*W1533,534.30999999999995,GLB-*W1533,1,
203,,*W1540,634.45000000000005,GLW-*W1540,,,,,,,634.45000000000005,GLG-*W1540,,,,,634.45000000000005,MAW-*W1540,634.45000000000005,MAG-*W1540,634.45000000000005,MAB-*W1540,634.45000000000005,GLB-*W1540,1,
204,,*W1840,719.76,GLW-*W1840,,,,,,,719.76,GLG-*W1840,,,,,719.76,MAW-*W1840,719.76,MAG-*W1840,719.76,MAB-*W1840,719.76,GLB-*W1840,1,
205,,*W2140,805.38,GLW-*W2140,,,,,,,805.38,GLG-*W2140,,,,,805.38,MAW-*W2140,805.38,MAG-*W2140,805.38,MAB-*W2140,805.38,GLB-*W2140,1,
206,,*W2418,,GLW-*W2418,,,,,,,,GLG-*W2418,351.27,"CONCATENATE(""NAO-"",B206)",351.27,"CONCATENATE(""WHO-"",B206)",,MAW-*W2418,,MAG-*W2418,,MAB-*W2418,,GLB-*W2418,,
207,,*W2440,916.3,GLW-*W2440,,,,,,,916.3,GLG-*W2440,749.32,NAO-*W2440,749.32,WHO-*W2440,916.3,MAW-*W2440,916.3,MAG-*W2440,916.3,MAB-*W2440,916.3,GLB-*W2440,2,
208,,*W2445,1547.62,GLW-*W2445,,,,,,,1547.62,GLG-*W2445,,,,,1547.62,MAW-*W2445,1547.62,MAG-*W2445,1547.62,MAB-*W2445,1547.62,GLB-*W2445,2,
209,,*W2718,,GLW-*W2718,,,,,,,,GLG-*W2718,375.08,"CONCATENATE(""NAO-"",B209)",375.08,"CONCATENATE(""WHO-"",B209)",,MAW-*W2718,,MAG-*W2718,,MAB-*W2718,,GLB-*W2718,,
210,,*W2724,644.92999999999995,GLW-*W2724,,,,,,,644.92999999999995,GLG-*W2724,,,,,644.92999999999995,MAW-*W2724,644.92999999999995,MAG-*W2724,644.92999999999995,MAB-*W2724,644.92999999999995,GLB-*W2724,2,
211,,*W2740,1001.88,GLW-*W2740,,,,,,,1001.88,GLG-*W2740,,,,,1001.88,MAW-*W2740,1001.88,MAG-*W2740,1001.88,MAB-*W2740,1001.88,GLB-*W2740,2,
212,,*W2745,1200.3,GLW-*W2745,,,,,,,1200.3,GLG-*W2745,,,,,1200.3,MAW-*W2745,1200.3,MAG-*W2745,1200.3,MAB-*W2745,1200.3,GLB-*W2745,2,
213,,*W3018,,GLW-*W3018,,,,,,,,GLG-*W3018,398.89,"CONCATENATE(""NAO-"",B213)",398.89,"CONCATENATE(""WHO-"",B213)",,MAW-*W3018,,MAG-*W3018,,MAB-*W3018,,GLB-*W3018,,
214,,*W3022,644.92999999999995,GLW-*W3022,,,,,,,644.92999999999995,GLG-*W3022,,,,,644.92999999999995,MAW-*W3022,644.92999999999995,MAG-*W3022,644.92999999999995,MAB-*W3022,644.92999999999995,GLB-*W3022,2,
215,,*W3340,1172.8499999999999,GLW-*W3340,,,,,,,1172.8499999999999,GLG-*W3340,,,,,1172.8499999999999,MAW-*W3340,1172.8499999999999,MAG-*W3340,1172.8499999999999,MAB-*W3340,1172.8499999999999,GLB-*W3340,2,
216,,*W3045,1285.8399999999999,GLW-*W3045,,,,,,,1285.8399999999999,GLG-*W3045,,,,,1285.8399999999999,MAW-*W3045,1285.8399999999999,MAG-*W3045,1285.8399999999999,MAB-*W3045,1285.8399999999999,GLB-*W3045,2,
217,,*W3318,,GLW-*W3318,,,,,,,,GLG-*W3318,438.57,"CONCATENATE(""NAO-"",B217)",438.57,"CONCATENATE(""WHO-"",B217)",,MAW-*W3318,,MAG-*W3318,,MAB-*W3318,,GLB-*W3318,,
218,,*W3321,617.55999999999995,GLW-*W3321,,,,,,,617.55999999999995,GLG-*W3321,,,,,617.55999999999995,MAW-*W3321,617.55999999999995,MAG-*W3321,617.55999999999995,MAB-*W3321,617.55999999999995,GLB-*W3321,2,
219,,*W3324,746.37,GLW-*W3324,,,,,,,746.37,GLG-*W3324,,,,,746.37,MAW-*W3324,746.37,MAG-*W3324,746.37,MAB-*W3324,746.37,GLB-*W3324,2,
220,,*W3618,,GLW-*W3618,,,,,,,,GLG-*W3618,455.95,"CONCATENATE(""NAO-"",B220)",455.95,"CONCATENATE(""WHO-"",B220)",,MAW-*W3618,,MAG-*W3618,,MAB-*W3618,,GLB-*W3618,,
221,,*W3627,929.56,GLW-*W3627,,,,,,,929.56,GLG-*W3627,,,,,929.56,MAW-*W3627,929.56,MAG-*W3627,929.56,MAB-*W3627,929.56,GLB-*W3627,2,
222,,*W3633,1057.2,GLW-*W3633,,,,,,,1057.2,GLG-*W3633,,,,,1057.2,MAW-*W3633,1057.2,MAG-*W3633,1057.2,MAB-*W3633,1057.2,GLB-*W3633,2,
223,,*W3640,1258.48,GLW-*W3640,,,,,,,1258.48,GLG-*W3640,1007.2,"CONCATENATE(""NAO-"",B223)",1007.2,"CONCATENATE(""WHO-"",B223)",1258.48,MAW-*W3640,1258.48,MAG-*W3640,1258.48,MAB-*W3640,1258.48,GLB-*W3640,2,
224,,*W3936,1215.93,GLW-*W3936,,,,,,,1215.93,GLG-*W3936,,,,,1215.93,MAW-*W3936,1215.93,MAG-*W3936,1215.93,MAB-*W3936,1215.93,GLB-*W3936,2,
225,,*W3945,1603.17,GLW-*W3945,,,,,,,1603.17,GLG-*W3945,,,,,1603.17,MAW-*W3945,1603.17,MAG-*W3945,1603.17,MAB-*W3945,1603.17,GLB-*W3945,2,
226,,*W4218,,GLW-*W4218,,,,,,,,GLG-*W4218,594.04999999999995,"CONCATENATE(""NAO-"",B226)",594.04999999999995,"CONCATENATE(""WHO-"",B226)",,MAW-*W4218,,MAG-*W4218,,MAB-*W4218,,GLB-*W4218,,
227,,*W4230,1214.96,GLW-*W4230,,,,,,,1214.96,GLG-*W4230,,,,,1214.96,MAW-*W4230,1214.96,MAG-*W4230,1214.96,MAB-*W4230,1214.96,GLB-*W4230,2,
228,,*W4518,,GLW-*W4518,,,,,,,,GLG-*W4518,670.63,"CONCATENATE(""NAO-"",B228)",670.63,"CONCATENATE(""WHO-"",B228)",,MAW-*W4518,,MAG-*W4518,,MAB-*W4518,,GLB-*W4518,,
229,,*W4845,1984.13,GLW-*W4845,,,,,,,1984.13,GLG-*W4845,,,,,1984.13,MAW-*W4845,1984.13,MAG-*W4845,1984.13,MAB-*W4845,1984.13,GLB-*W4845,2,
230,,*W4836,1535.96,GLW-*W4836,,,,,,,1535.96,GLG-*W4836,,,,,1535.96,MAW-*W4836,1535.96,MAG-*W4836,1535.96,MAB-*W4836,1535.96,GLB-*W4836,2,
231,Custom Refrigerator Cabinets,,,,,,,,,,,,,,,,,,,,,,,,,
232,,*W243010,,"CONCATENATE(""GLW-"",B232)",,,,,,,,"CONCATENATE(""GLG-"",B232)",554.53,"CONCATENATE(""NAO-"",B232)",554.53,"CONCATENATE(""WHO-"",B232)",,,,,,,,,,
233,,*W271824,677.54,GLW-*W271824,,,,,,,677.54,GLG-*W271824,,,,,677.54,"CONCATENATE(""MAW-"",B233)",677.54,"CONCATENATE(""MAG-"",B233)",677.54,"CONCATENATE(""MAB-"",B233)",677.54,"CONCATENATE(""GLB-"",B233)",2,
234,,*W331224,644.20000000000005,GLW-*W331224,,,,,,,644.20000000000005,GLG-*W331224,,,,,644.20000000000005,MAW-*W331224,644.20000000000005,MAG-*W331224,644.20000000000005,MAB-*W331224,644.20000000000005,GLB-*W331224,2,
235,,*W331824,777.15,GLW-*W331824,,,,,,,777.15,GLG-*W331824,,,,,777.15,MAW-*W331824,777.15,MAG-*W331824,777.15,MAB-*W331824,777.15,GLB-*W331824,2,
236,,*W332424,1054.79,GLW-*W332424,,,,,,,1054.79,GLG-*W332424,,,,,1054.79,MAW-*W332424,1054.79,MAG-*W332424,1054.79,MAB-*W332424,1054.79,GLB-*W332424,2,
237,,*W392424,1332.56,GLW-*W392424,,,,,,,1332.56,GLG-*W392424,,,,,1332.56,MAW-*W392424,1332.56,MAG-*W392424,1332.56,MAB-*W392424,1332.56,GLB-*W392424,2,
238,Custom Vanities,,,,,,,,,,,,,,,,,,,,,,,,,
239,,*VDB09,1047.32,"CONCATENATE(""GLW-"",B239)",,,,,,,1047.32,"CONCATENATE(""GLG-"",B239)",869.16,"CONCATENATE(""NAO-"",B239)",869.16,"CONCATENATE(""WHO-"",B239)",1047.32,"CONCATENATE(""MAW-"",B239)",1047.32,"CONCATENATE(""MAG-"",B239)",1047.32,"CONCATENATE(""MAB-"",B239)",1047.32,"CONCATENATE(""GLB-"",B239)",2,
240,,*VB12,747.46,GLW-*VB12,,,,,,,747.46,GLG-*VB12,,,,,747.46,MAW-*VB12,747.46,MAG-*VB12,747.46,MAB-*VB12,747.46,GLB-*VB12,2,
241,,*VB15,828.24,GLW-*VB15,,,,,,,828.24,GLG-*VB15,,,,,828.24,MAW-*VB15,828.24,MAG-*VB15,828.24,MAB-*VB15,828.24,GLB-*VB15,2,
242,,*VB18,908.81,GLW-*VB18,,,,,,,908.81,GLG-*VB18,,,,,908.81,MAW-*VB18,908.81,MAG-*VB18,908.81,MAB-*VB18,908.81,GLB-*VB18,2,
243,,*VB24,1087.53,GLW-*VB24,,,,,,,1087.53,GLG-*VB24,,,,,1087.53,MAW-*VB24,1087.53,MAG-*VB24,1087.53,MAB-*VB24,1087.53,GLB-*VB24,3,
244,,*VB30,1254.44,GLW-*VB30,,,,,,,1254.44,GLG-*VB30,,,,,1254.44,MAW-*VB30,1254.44,MAG-*VB30,1254.44,MAB-*VB30,1254.44,GLB-*VB30,3,
245,,*VSB21,716.42,GLW-*VSB21,,,,,,,716.42,GLG-*VSB21,,,,,716.42,MAW-*VSB21,716.42,MAG-*VSB21,716.42,MAB-*VSB21,716.42,GLB-*VSB21,1,
246,,*VSB33,928.85,GLW-*VSB33,,,,,,,928.85,GLG-*VSB33,793.65,"CONCATENATE(""NAO-"",B246)",,,928.85,MAW-*VSB33,928.85,MAG-*VSB33,928.85,MAB-*VSB33,928.85,GLB-*VSB33,2,
247,,*VSB42,,GLW-*VSB42,,,,,,,,GLG-*VSB42,887.19,NAO-*VSB42,887.19,"CONCATENATE(""WHO-"",B247)",,MAW-*VSB42,,MAG-*VSB42,,MAB-*VSB42,,GLB-*VSB42,,
248,,*VSB48,,GLW-*VSB48,,,,,,,,GLG-*VSB48,1195.03,NAO-*VSB48,1195.03,WHO-*VSB48,,MAW-*VSB48,,MAG-*VSB48,,MAB-*VSB48,,GLB-*VSB48,,
249,,*FVSB3323,1335.06,GLW-*FVSB3323,,,,,,,1335.06,GLG-*FVSB3323,,,,,1335.06,MAW-*FVSB3323,1335.06,MAG-*FVSB3323,1335.06,MAB-*FVSB3323,1335.06,GLB-*FVSB3323,2,
250,,*FVSB3823,1534.72,GLW-*FVSB3823,,,,,,,1534.72,GLG-*FVSB3823,829.39,"CONCATENATE(""NAO-"",B250)",829.39,"CONCATENATE(""WHO-"",B250)",1534.72,MAW-*FVSB3823,1534.72,MAG-*FVSB3823,1534.72,MAB-*FVSB3823,1534.72,GLB-*FVSB3823,2,
251,,*FVSB4218,1869.94,GLW-*FVSB4218,,,,,,,1869.94,GLG-*FVSB4218,,,,,1869.94,MAW-*FVSB4218,1869.94,MAG-*FVSB4218,1869.94,MAB-*FVSB4218,1869.94,GLB-*FVSB4218,2,
252,,*FVSB4618,1966.15,GLW-*FVSB4618,,,,,,,1966.15,GLG-*FVSB4618,,,,,1966.15,MAW-*FVSB4618,1966.15,MAG-*FVSB4618,1966.15,MAB-*FVSB4618,1966.15,GLB-*FVSB4618,2,
253,,*FVSB5423,2341.98,GLW-*FVSB5423,,,,,,,2341.98,GLG-*FVSB5423,,,,,2341.98,MAW-*FVSB5423,2341.98,MAG-*FVSB5423,2341.98,MAB-*FVSB5423,2341.98,GLB-*FVSB5423,4,Need shop drawings to be sure
254,,*FVSB6817,1857.69,GLW-*FVSB6817,,,,,,,1857.69,GLG-*FVSB6817,1423.83,"CONCATENATE(""NAO-"",B254)",1423.83,"CONCATENATE(""WHO-"",B254)",1857.69,MAW-*FVSB6817,1857.69,MAG-*FVSB6817,1857.69,MAB-*FVSB6817,1857.69,GLB-*FVSB6817,4,Need shop drawings to be sure
255,,*FVSB7018,1857.69,GLW-*FVSB7018,,,,,,,1857.69,GLG-*FVSB7018,1500.04,NAO-*FVSB7018,1500.04,WHO-*FVSB7018,1857.69,MAW-*FVSB7018,1857.69,MAG-*FVSB7018,1857.69,MAB-*FVSB7018,1857.69,GLB-*FVSB7018,4,Need shop drawings to be sure
256,,*FVSB8520,3001.22,GLW-*FVSB8520,,,,,,,3001.22,GLG-*FVSB8520,,,,,3001.22,MAW-*FVSB8520,3001.22,MAG-*FVSB8520,3001.22,MAB-*FVSB8520,3001.22,GLB-*FVSB8520,4,Need shop drawings to be sure
257,Custom Base Cabs,,,,,,,,,,,,,,,,,,,,,,,,,
258,,*B09,707.78,"CONCATENATE(""GLW-"",B258)",,,,,,,707.78,"CONCATENATE(""GLG-"",B258)",,,,,707.78,"CONCATENATE(""MAW-"",B258)",707.78,"CONCATENATE(""MAG-"",B258)",707.78,"CONCATENATE(""MAB-"",B258)",707.78,"CONCATENATE(""GLB-"",B258)",2,
259,,*B42,1693.45,GLW-*B42,,,,,1638.71,"CONCATENATE(""WEO-"",B259)",1693.45,GLG-*B42,,,,,1693.45,MAW-*B42,1693.45,MAG-*B42,1693.45,MAB-*B42,1693.45,GLB-*B42,4,
260,,*B39,1574.4,GLW-*B39,,,,,,,1574.4,GLG-*B39,,,,,1574.4,MAW-*B39,1574.4,MAG-*B39,1574.4,MAB-*B39,1574.4,GLB-*B39,4,
261,,*B48,1931.54,GLW-*B48,,,,,,,1931.54,GLG-*B48,1937.25,"CONCATENATE(""NAO-"",B261)",1937.25,"CONCATENATE(""WHO-"",B261)",1931.54,MAW-*B48,1931.54,MAG-*B48,1931.54,MAB-*B48,1931.54,GLB-*B48,4,
262,,*BTC15,1358.5,GLW-*BTC15,,,,,,,1358.5,GLG-*BTC15,,,,,1358.5,MAW-*BTC15,1358.5,MAG-*BTC15,1358.5,MAB-*BTC15,1358.5,GLB-*BTC15,2,
263,,*BTC21,1941.97,GLW-*BTC21,,,,,,,1941.97,GLG-*BTC21,,,,,1941.97,MAW-*BTC21,1941.97,MAG-*BTC21,1941.97,MAB-*BTC21,1941.97,GLB-*BTC21,2,
264,,*BTC24,,GLW-*BTC24,,,,,,,,GLG-*BTC24,1762.28,"CONCATENATE(""NAO-"",B264)",1762.28,"CONCATENATE(""WHO-"",B264)",,MAW-*BTC24,,MAG-*BTC24,,MAB-*BTC24,,GLB-*BTC24,,
265,,*SB24,1087.53,GLW-*SB24,,,,,,,1087.53,GLG-*SB24,,,,,1087.53,MAW-*SB24,1087.53,MAG-*SB24,1087.53,MAB-*SB24,1087.53,GLB-*SB24,2,
266,,*BMC21,1286.07,GLW-*BMC21,,,,,,,1286.07,GLG-*BMC21,,,,,1286.07,MAW-*BMC21,1286.07,MAG-*BMC21,1286.07,MAB-*BMC21,1286.07,GLB-*BMC21,1,
267,,*BMC30,1286.07,GLW-*BMC30,,,,,,,1286.07,GLG-*BMC30,1169.06,"CONCATENATE(""NAO-"",B267)",,,1286.07,MAW-*BMC30,1286.07,MAG-*BMC30,1286.07,MAB-*BMC30,1286.07,GLB-*BMC30,1,
268,,*BMC36,1671.88,GLW-*BMC36,,,,,,,1671.88,GLG-*BMC36,,,,,1671.88,MAW-*BMC36,1671.88,MAG-*BMC36,1671.88,MAB-*BMC36,1671.88,GLB-*BMC36,1,
269,Custom Pantries,,,,,,,,,,,,,,,,,,,,,,,,,
270,,*PC1284,,"CONCATENATE(""GLW-"",B270)",,,,,,,,"CONCATENATE(""GLG-"",B270)",1349.21,"CONCATENATE(""NAO-"",B270)",,,,"CONCATENATE(""MAW-"",B270)",,"CONCATENATE(""MAG-"",B270)",,"CONCATENATE(""MAB-"",B270)",,"CONCATENATE(""GLB-"",B270)",,
271,,*PC1294,1621.95,GLW-*PC1294,,,,,,,1621.95,GLG-*PC1294,,,,,1621.95,MAW-*PC1294,1621.95,MAG-*PC1294,1621.95,MAB-*PC1294,1621.95,GLB-*PC1294,2,
272,,*PC1296,,GLW-*PC1296,,,,,,,,GLG-*PC1296,1428.57,"CONCATENATE(""NAO-"",B272)",,,,MAW-*PC1296,,MAG-*PC1296,,MAB-*PC1296,,GLB-*PC1296,,
273,,*PC1594,1780.68,GLW-*PC1594,,,,,,,1780.68,GLG-*PC1594,,,,,1780.68,MAW-*PC1594,1780.68,MAG-*PC1594,1780.68,MAB-*PC1594,1780.68,GLB-*PC1594,2,
274,,*PC1892,1967.17,GLW-*PC1892,,,,,,,1967.17,GLG-*PC1892,,,,,1967.17,MAW-*PC1892,1967.17,MAG-*PC1892,1967.17,MAB-*PC1892,1967.17,GLB-*PC1892,2,
275,,*PC1894,1967.17,GLW-*PC1894,,,,,,,1967.17,GLG-*PC1894,,,,,1967.17,MAW-*PC1894,1967.17,MAG-*PC1894,1967.17,MAB-*PC1894,1967.17,GLB-*PC1894,2,
276,,*PC2194,2222.8000000000002,GLW-*PC2194,,,,,,,2222.8000000000002,GLG-*PC2194,,,,,2222.8000000000002,MAW-*PC2194,2222.8000000000002,MAG-*PC2194,2222.8000000000002,MAB-*PC2194,2222.8000000000002,GLB-*PC2194,2,
277,,*PC2494,2381.5300000000002,GLW-*PC2494,,,,,,,2381.5300000000002,GLG-*PC2494,,,,,2381.5300000000002,MAW-*PC2494,2381.5300000000002,MAG-*PC2494,2381.5300000000002,MAB-*PC2494,2381.5300000000002,GLB-*PC2494,4,
278,,*PC3390,3111.04,GLW-*PC3390,,,,,,,3111.04,GLG-*PC3390,,,,,3111.04,MAW-*PC3390,3111.04,MAG-*PC3390,3111.04,MAB-*PC3390,3111.04,GLB-*PC3390,4,
279,Custom Linen Cabinets,,,,,,,,,,,,,,,,,,,,,,,,,
280,,*LINEN159021,1780.68,"CONCATENATE(""GLW-"",B280)",,,,,,,1780.68,"CONCATENATE(""GLG-"",B280)",,,,,1780.68,"CONCATENATE(""MAW-"",B280)",1780.68,"CONCATENATE(""MAG-"",B280)",1780.68,"CONCATENATE(""MAB-"",B280)",1780.68,"CONCATENATE(""GLB-"",B280)",2,
281,,*LINEN1884,1781.21,GLW-*LINEN1884,,,,,,,1781.21,GLG-*LINEN1884,1543.25397,"CONCATENATE(""NAO-"",B281)",1543.25397,"CONCATENATE(""WHO-"",B281)",1781.21,MAW-*LINEN1884,1781.21,MAG-*LINEN1884,1781.21,MAB-*LINEN1884,1781.21,GLB-*LINEN1884,2,
282,,*LINEN188424,1781.21,GLW-*LINEN188424,,,,,,,1781.21,GLG-*LINEN188424,1543.27,NAO-*LINEN188424,1543.27,WHO-*LINEN188424,1781.21,MAW-*LINEN188424,1781.21,MAG-*LINEN188424,1781.21,MAB-*LINEN188424,1781.21,GLB-*LINEN188424,2,
283,,*LINEN189021,1967.17,GLW-*LINEN189021,,,,,,,1967.17,GLG-*LINEN189021,,,,,1967.17,MAW-*LINEN189021,1967.17,MAG-*LINEN189021,1967.17,MAB-*LINEN189021,1967.17,GLB-*LINEN189021,2,
284,,*LINEN189024,,,,,,,,,,GLG-*LINEN189024,1619.36,"CONCATENATE(""NAO-"",B284)",1619.36,"CONCATENATE(""WHO-"",B284)",,,,,,,,,,
285,,*LINEN489015,2488.1999999999998,"CONCATENATE(""GLW-"",B285)",,,,,,,2488.1999999999998,GLG-*LINEN489015,,,,,2488.1999999999998,"CONCATENATE(""MAW-"",B285)",2488.1999999999998,"CONCATENATE(""MAG-"",B285)",2488.1999999999998,"CONCATENATE(""MAB-"",B285)",2488.1999999999998,"CONCATENATE(""GLB-"",B285)",4,
