row,A,B,C
1,Item,QTY,TOTAL QTY
2,"IF(ISBLANK('Unit Type'!B6), "" "", 'Unit Type'!B6)","IF(ISBLANK('Unit Type'!C6), "" "", 'Unit Type'!C6)",B2*'Summary Sheet'!$C$3
3,"IF(ISBLANK('Unit Type'!B7), "" "", 'Unit Type'!B7)","IF(ISBLANK('Unit Type'!C7), "" "", 'Unit Type'!C7)",B3*'Summary Sheet'!$C$3
4,"IF(ISBLANK('Unit Type'!B8), "" "", 'Unit Type'!B8)","IF(ISBLANK('Unit Type'!C8), "" "", 'Unit Type'!C8)",B4*'Summary Sheet'!$C$3
5,"IF(ISBLANK('Unit Type'!B9), "" "", 'Unit Type'!B9)","IF(ISBLANK('Unit Type'!C9), "" "", 'Unit Type'!C9)",B5*'Summary Sheet'!$C$3
6,"IF(ISBLANK('Unit Type'!B10), "" "", 'Unit Type'!B10)","IF(ISBLANK('Unit Type'!C10), "" "", 'Unit Type'!C10)",B6*'Summary Sheet'!$C$3
7,"IF(ISBLANK('Unit Type'!B11), "" "", 'Unit Type'!B11)","IF(ISBLANK('Unit Type'!C11), "" "", 'Unit Type'!C11)",B7*'Summary Sheet'!$C$3
8,"IF(ISBLANK('Unit Type'!B12), "" "", 'Unit Type'!B12)","IF(ISBLANK('Unit Type'!C12), "" "", 'Unit Type'!C12)",B8*'Summary Sheet'!$C$3
9,"IF(ISBLANK('Unit Type'!B13), "" "", 'Unit Type'!B13)","IF(ISBLANK('Unit Type'!C13), "" "", 'Unit Type'!C13)",B9*'Summary Sheet'!$C$3
10,"IF(ISBLANK('Unit Type'!B14), "" "", 'Unit Type'!B14)","IF(ISBLANK('Unit Type'!C14), "" "", 'Unit Type'!C14)",B10*'Summary Sheet'!$C$3
11,"IF(ISBLANK('Unit Type'!B15), "" "", 'Unit Type'!B15)","IF(ISBLANK('Unit Type'!C15), "" "", 'Unit Type'!C15)",B11*'Summary Sheet'!$C$3
12,"IF(ISBLANK('Unit Type'!B16), "" "", 'Unit Type'!B16)","IF(ISBLANK('Unit Type'!C16), "" "", 'Unit Type'!C16)",B12*'Summary Sheet'!$C$3
13,"IF(ISBLANK('Unit Type'!B17), "" "", 'Unit Type'!B17)","IF(ISBLANK('Unit Type'!C17), "" "", 'Unit Type'!C17)",B13*'Summary Sheet'!$C$3
14,"IF(ISBLANK('Unit Type'!B18), "" "", 'Unit Type'!B18)","IF(ISBLANK('Unit Type'!C18), "" "", 'Unit Type'!C18)",B14*'Summary Sheet'!$C$3
15,"IF(ISBLANK('Unit Type'!B19), "" "", 'Unit Type'!B19)","IF(ISBLANK('Unit Type'!C19), "" "", 'Unit Type'!C19)",B15*'Summary Sheet'!$C$3
16,"IF(ISBLANK('Unit Type'!B20), "" "", 'Unit Type'!B20)","IF(ISBLANK('Unit Type'!C20), "" "", 'Unit Type'!C20)",B16*'Summary Sheet'!$C$3
17,"IF(ISBLANK('Unit Type'!B21), "" "", 'Unit Type'!B21)","IF(ISBLANK('Unit Type'!C21), "" "", 'Unit Type'!C21)",B17*'Summary Sheet'!$C$3
18,"IF(ISBLANK('Unit Type'!B22), "" "", 'Unit Type'!B22)","IF(ISBLANK('Unit Type'!C22), "" "", 'Unit Type'!C22)",B18*'Summary Sheet'!$C$3
19,"IF(ISBLANK('Unit Type'!B23), "" "", 'Unit Type'!B23)","IF(ISBLANK('Unit Type'!C23), "" "", 'Unit Type'!C23)",B19*'Summary Sheet'!$C$3
20,"IF(ISBLANK('Unit Type'!B24), "" "", 'Unit Type'!B24)","IF(ISBLANK('Unit Type'!C24), "" "", 'Unit Type'!C24)",B20*'Summary Sheet'!$C$3
21,"IF(ISBLANK('Unit Type'!B25), "" "", 'Unit Type'!B25)","IF(ISBLANK('Unit Type'!C25), "" "", 'Unit Type'!C25)",B21*'Summary Sheet'!$C$3
22,"IF(ISBLANK('Unit Type'!B26), "" "", 'Unit Type'!B26)","IF(ISBLANK('Unit Type'!C26), "" "", 'Unit Type'!C26)",B22*'Summary Sheet'!$C$3
23,"IF(ISBLANK('Unit Type'!B27), "" "", 'Unit Type'!B27)","IF(ISBLANK('Unit Type'!C27), "" "", 'Unit Type'!C27)",B23*'Summary Sheet'!$C$3
24,"IF(ISBLANK('Unit Type'!B28), "" "", 'Unit Type'!B28)","IF(ISBLANK('Unit Type'!C28), "" "", 'Unit Type'!C28)",B24*'Summary Sheet'!$C$3
25,"IF(ISBLANK('Unit Type'!B29), "" "", 'Unit Type'!B29)","IF(ISBLANK('Unit Type'!C29), "" "", 'Unit Type'!C29)",B25*'Summary Sheet'!$C$3
26,"IF(ISBLANK('Unit Type'!B30), "" "", 'Unit Type'!B30)","IF(ISBLANK('Unit Type'!C30), "" "", 'Unit Type'!C30)",B26*'Summary Sheet'!$C$3
27,"IF(ISBLANK('Unit Type'!B31), "" "", 'Unit Type'!B31)","IF(ISBLANK('Unit Type'!C31), "" "", 'Unit Type'!C31)",B27*'Summary Sheet'!$C$3
28,"IF(ISBLANK('Unit Type'!B32), "" "", 'Unit Type'!B32)","IF(ISBLANK('Unit Type'!C32), "" "", 'Unit Type'!C32)",B28*'Summary Sheet'!$C$3
29,"IF(ISBLANK('Unit Type'!B33), "" "", 'Unit Type'!B33)","IF(ISBLANK('Unit Type'!C33), "" "", 'Unit Type'!C33)",B29*'Summary Sheet'!$C$3
30,"IF(ISBLANK('Unit Type'!B34), "" "", 'Unit Type'!B34)","IF(ISBLANK('Unit Type'!C34), "" "", 'Unit Type'!C34)",B30*'Summary Sheet'!$C$3
31,"IF(ISBLANK('Unit Type'!B35), "" "", 'Unit Type'!B35)","IF(ISBLANK('Unit Type'!C35), "" "", 'Unit Type'!C35)",B31*'Summary Sheet'!$C$3
32,"IF(ISBLANK('Unit Type'!B36), "" "", 'Unit Type'!B36)","IF(ISBLANK('Unit Type'!C36), "" "", 'Unit Type'!C36)",B32*'Summary Sheet'!$C$3
33,"IF(ISBLANK('Unit Type'!B37), "" "", 'Unit Type'!B37)","IF(ISBLANK('Unit Type'!C37), "" "", 'Unit Type'!C37)",B33*'Summary Sheet'!$C$3
34,"IF(ISBLANK('Unit Type'!B38), "" "", 'Unit Type'!B38)","IF(ISBLANK('Unit Type'!C38), "" "", 'Unit Type'!C38)",B34*'Summary Sheet'!$C$3
35,"IF(ISBLANK('Unit Type'!B39), "" "", 'Unit Type'!B39)","IF(ISBLANK('Unit Type'!C39), "" "", 'Unit Type'!C39)",B35*'Summary Sheet'!$C$3
36,"IF(ISBLANK('Unit Type'!B40), "" "", 'Unit Type'!B40)","IF(ISBLANK('Unit Type'!C40), "" "", 'Unit Type'!C40)",B36*'Summary Sheet'!$C$3
37,"IF(ISBLANK('Unit Type'!B41), "" "", 'Unit Type'!B41)","IF(ISBLANK('Unit Type'!C41), "" "", 'Unit Type'!C41)",B37*'Summary Sheet'!$C$3
38,"IF(ISBLANK('Unit Type'!B42), "" "", 'Unit Type'!B42)","IF(ISBLANK('Unit Type'!C42), "" "", 'Unit Type'!C42)",B38*'Summary Sheet'!$C$3
39,"IF(ISBLANK('Unit Type'!B43), "" "", 'Unit Type'!B43)","IF(ISBLANK('Unit Type'!C43), "" "", 'Unit Type'!C43)",B39*'Summary Sheet'!$C$3
40,"IF(ISBLANK('Unit Type'!B44), "" "", 'Unit Type'!B44)","IF(ISBLANK('Unit Type'!C44), "" "", 'Unit Type'!C44)",B40*'Summary Sheet'!$C$3
41,"IF(ISBLANK('Unit Type'!B45), "" "", 'Unit Type'!B45)","IF(ISBLANK('Unit Type'!C45), "" "", 'Unit Type'!C45)",B41*'Summary Sheet'!$C$3
42,"IF(ISBLANK('Unit Type'!B46), "" "", 'Unit Type'!B46)","IF(ISBLANK('Unit Type'!C46), "" "", 'Unit Type'!C46)",B42*'Summary Sheet'!$C$3
43,"IF(ISBLANK('Unit Type'!B47), "" "", 'Unit Type'!B47)","IF(ISBLANK('Unit Type'!C47), "" "", 'Unit Type'!C47)",B43*'Summary Sheet'!$C$3
44,"IF(ISBLANK('Unit Type'!B48), "" "", 'Unit Type'!B48)","IF(ISBLANK('Unit Type'!C48), "" "", 'Unit Type'!C48)",B44*'Summary Sheet'!$C$3
45,"IF(ISBLANK('Unit Type'!B49), "" "", 'Unit Type'!B49)","IF(ISBLANK('Unit Type'!C49), "" "", 'Unit Type'!C49)",B45*'Summary Sheet'!$C$3
46,"IF(ISBLANK('Unit Type'!B50), "" "", 'Unit Type'!B50)","IF(ISBLANK('Unit Type'!C50), "" "", 'Unit Type'!C50)",B46*'Summary Sheet'!$C$3
47,"IF(ISBLANK('Unit Type'!B51), "" "", 'Unit Type'!B51)","IF(ISBLANK('Unit Type'!C51), "" "", 'Unit Type'!C51)",B47*'Summary Sheet'!$C$3
48,"IF(ISBLANK('Unit Type'!B52), "" "", 'Unit Type'!B52)","IF(ISBLANK('Unit Type'!C52), "" "", 'Unit Type'!C52)",B48*'Summary Sheet'!$C$3
49,"IF(ISBLANK('Unit Type'!B53), "" "", 'Unit Type'!B53)","IF(ISBLANK('Unit Type'!C53), "" "", 'Unit Type'!C53)",B49*'Summary Sheet'!$C$3
50,"IF(ISBLANK('Unit Type'!B54), "" "", 'Unit Type'!B54)","IF(ISBLANK('Unit Type'!C54), "" "", 'Unit Type'!C54)",B50*'Summary Sheet'!$C$3
51,"IF(ISBLANK('Unit Type'!B55), "" "", 'Unit Type'!B55)","IF(ISBLANK('Unit Type'!C55), "" "", 'Unit Type'!C55)",B51*'Summary Sheet'!$C$3
52,"IF(ISBLANK('Unit Type'!B56), "" "", 'Unit Type'!B56)","IF(ISBLANK('Unit Type'!C56), "" "", 'Unit Type'!C56)",B52*'Summary Sheet'!$C$3
53,"IF(ISBLANK('Unit Type'!B57), "" "", 'Unit Type'!B57)","IF(ISBLANK('Unit Type'!C57), "" "", 'Unit Type'!C57)",B53*'Summary Sheet'!$C$3
54,"IF(ISBLANK('Unit Type'!B58), "" "", 'Unit Type'!B58)","IF(ISBLANK('Unit Type'!C58), "" "", 'Unit Type'!C58)",B54*'Summary Sheet'!$C$3
55,"IF(ISBLANK('Unit Type'!B59), "" "", 'Unit Type'!B59)","IF(ISBLANK('Unit Type'!C59), "" "", 'Unit Type'!C59)",B55*'Summary Sheet'!$C$3
56,"IF(ISBLANK('Unit Type'!B60), "" "", 'Unit Type'!B60)","IF(ISBLANK('Unit Type'!C60), "" "", 'Unit Type'!C60)",B56*'Summary Sheet'!$C$3
57,"IF(ISBLANK('Unit Type'!B61), "" "", 'Unit Type'!B61)","IF(ISBLANK('Unit Type'!C61), "" "", 'Unit Type'!C61)",B57*'Summary Sheet'!$C$3
58,"IF(ISBLANK('Unit Type'!B62), "" "", 'Unit Type'!B62)","IF(ISBLANK('Unit Type'!C62), "" "", 'Unit Type'!C62)",B58*'Summary Sheet'!$C$3
59,"IF(ISBLANK('Unit Type'!B63), "" "", 'Unit Type'!B63)","IF(ISBLANK('Unit Type'!C63), "" "", 'Unit Type'!C63)",B59*'Summary Sheet'!$C$3
60,"IF(ISBLANK('Unit Type'!B64), "" "", 'Unit Type'!B64)","IF(ISBLANK('Unit Type'!C64), "" "", 'Unit Type'!C64)",B60*'Summary Sheet'!$C$3
61,"IF(ISBLANK('Unit Type'!B65), "" "", 'Unit Type'!B65)","IF(ISBLANK('Unit Type'!C65), "" "", 'Unit Type'!C65)",B61*'Summary Sheet'!$C$3
62,"IF(ISBLANK('Unit Type'!B66), "" "", 'Unit Type'!B66)","IF(ISBLANK('Unit Type'!C66), "" "", 'Unit Type'!C66)",B62*'Summary Sheet'!$C$3
63,"IF(ISBLANK('Unit Type'!B67), "" "", 'Unit Type'!B67)","IF(ISBLANK('Unit Type'!C67), "" "", 'Unit Type'!C67)",B63*'Summary Sheet'!$C$3
64,"IF(ISBLANK('Unit Type'!B68), "" "", 'Unit Type'!B68)","IF(ISBLANK('Unit Type'!C68), "" "", 'Unit Type'!C68)",B64*'Summary Sheet'!$C$3
65,"IF(ISBLANK('Unit Type'!B69), "" "", 'Unit Type'!B69)","IF(ISBLANK('Unit Type'!C69), "" "", 'Unit Type'!C69)",B65*'Summary Sheet'!$C$3
66,"IF(ISBLANK('Unit Type'!B70), "" "", 'Unit Type'!B70)","IF(ISBLANK('Unit Type'!C70), "" "", 'Unit Type'!C70)",B66*'Summary Sheet'!$C$3
67,"IF(ISBLANK('Unit Type (2)'!B6), "" "", 'Unit Type (2)'!B6)","IF(ISBLANK('Unit Type (2)'!C6), "" "", 'Unit Type (2)'!C6)",B67*'Summary Sheet'!$C$4
68,"IF(ISBLANK('Unit Type (2)'!B7), "" "", 'Unit Type (2)'!B7)","IF(ISBLANK('Unit Type (2)'!C7), "" "", 'Unit Type (2)'!C7)",B68*'Summary Sheet'!$C$4
69,"IF(ISBLANK('Unit Type (2)'!B8), "" "", 'Unit Type (2)'!B8)","IF(ISBLANK('Unit Type (2)'!C8), "" "", 'Unit Type (2)'!C8)",B69*'Summary Sheet'!$C$4
70,"IF(ISBLANK('Unit Type (2)'!B9), "" "", 'Unit Type (2)'!B9)","IF(ISBLANK('Unit Type (2)'!C9), "" "", 'Unit Type (2)'!C9)",B70*'Summary Sheet'!$C$4
71,"IF(ISBLANK('Unit Type (2)'!B10), "" "", 'Unit Type (2)'!B10)","IF(ISBLANK('Unit Type (2)'!C10), "" "", 'Unit Type (2)'!C10)",B71*'Summary Sheet'!$C$4
72,"IF(ISBLANK('Unit Type (2)'!B11), "" "", 'Unit Type (2)'!B11)","IF(ISBLANK('Unit Type (2)'!C11), "" "", 'Unit Type (2)'!C11)",B72*'Summary Sheet'!$C$4
73,"IF(ISBLANK('Unit Type (2)'!B12), "" "", 'Unit Type (2)'!B12)","IF(ISBLANK('Unit Type (2)'!C12), "" "", 'Unit Type (2)'!C12)",B73*'Summary Sheet'!$C$4
74,"IF(ISBLANK('Unit Type (2)'!B13), "" "", 'Unit Type (2)'!B13)","IF(ISBLANK('Unit Type (2)'!C13), "" "", 'Unit Type (2)'!C13)",B74*'Summary Sheet'!$C$4
75,"IF(ISBLANK('Unit Type (2)'!B14), "" "", 'Unit Type (2)'!B14)","IF(ISBLANK('Unit Type (2)'!C14), "" "", 'Unit Type (2)'!C14)",B75*'Summary Sheet'!$C$4
76,"IF(ISBLANK('Unit Type (2)'!B15), "" "", 'Unit Type (2)'!B15)","IF(ISBLANK('Unit Type (2)'!C15), "" "", 'Unit Type (2)'!C15)",B76*'Summary Sheet'!$C$4
77,"IF(ISBLANK('Unit Type (2)'!B16), "" "", 'Unit Type (2)'!B16)","IF(ISBLANK('Unit Type (2)'!C16), "" "", 'Unit Type (2)'!C16)",B77*'Summary Sheet'!$C$4
78,"IF(ISBLANK('Unit Type (2)'!B17), "" "", 'Unit Type (2)'!B17)","IF(ISBLANK('Unit Type (2)'!C17), "" "", 'Unit Type (2)'!C17)",B78*'Summary Sheet'!$C$4
79,"IF(ISBLANK('Unit Type (2)'!B18), "" "", 'Unit Type (2)'!B18)","IF(ISBLANK('Unit Type (2)'!C18), "" "", 'Unit Type (2)'!C18)",B79*'Summary Sheet'!$C$4
80,"IF(ISBLANK('Unit Type (2)'!B19), "" "", 'Unit Type (2)'!B19)","IF(ISBLANK('Unit Type (2)'!C19), "" "", 'Unit Type (2)'!C19)",B80*'Summary Sheet'!$C$4
81,"IF(ISBLANK('Unit Type (2)'!B20), "" "", 'Unit Type (2)'!B20)","IF(ISBLANK('Unit Type (2)'!C20), "" "", 'Unit Type (2)'!C20)",B81*'Summary Sheet'!$C$4
82,"IF(ISBLANK('Unit Type (2)'!B21), "" "", 'Unit Type (2)'!B21)","IF(ISBLANK('Unit Type (2)'!C21), "" "", 'Unit Type (2)'!C21)",B82*'Summary Sheet'!$C$4
83,"IF(ISBLANK('Unit Type (2)'!B22), "" "", 'Unit Type (2)'!B22)","IF(ISBLANK('Unit Type (2)'!C22), "" "", 'Unit Type (2)'!C22)",B83*'Summary Sheet'!$C$4
84,"IF(ISBLANK('Unit Type (2)'!B23), "" "", 'Unit Type (2)'!B23)","IF(ISBLANK('Unit Type (2)'!C23), "" "", 'Unit Type (2)'!C23)",B84*'Summary Sheet'!$C$4
85,"IF(ISBLANK('Unit Type (2)'!B24), "" "", 'Unit Type (2)'!B24)","IF(ISBLANK('Unit Type (2)'!C24), "" "", 'Unit Type (2)'!C24)",B85*'Summary Sheet'!$C$4
86,"IF(ISBLANK('Unit Type (2)'!B25), "" "", 'Unit Type (2)'!B25)","IF(ISBLANK('Unit Type (2)'!C25), "" "", 'Unit Type (2)'!C25)",B86*'Summary Sheet'!$C$4
87,"IF(ISBLANK('Unit Type (2)'!B26), "" "", 'Unit Type (2)'!B26)","IF(ISBLANK('Unit Type (2)'!C26), "" "", 'Unit Type (2)'!C26)",B87*'Summary Sheet'!$C$4
88,"IF(ISBLANK('Unit Type (2)'!B27), "" "", 'Unit Type (2)'!B27)","IF(ISBLANK('Unit Type (2)'!C27), "" "", 'Unit Type (2)'!C27)",B88*'Summary Sheet'!$C$4
89,"IF(ISBLANK('Unit Type (2)'!B28), "" "", 'Unit Type (2)'!B28)","IF(ISBLANK('Unit Type (2)'!C28), "" "", 'Unit Type (2)'!C28)",B89*'Summary Sheet'!$C$4
90,"IF(ISBLANK('Unit Type (2)'!B29), "" "", 'Unit Type (2)'!B29)","IF(ISBLANK('Unit Type (2)'!C29), "" "", 'Unit Type (2)'!C29)",B90*'Summary Sheet'!$C$4
91,"IF(ISBLANK('Unit Type (2)'!B30), "" "", 'Unit Type (2)'!B30)","IF(ISBLANK('Unit Type (2)'!C30), "" "", 'Unit Type (2)'!C30)",B91*'Summary Sheet'!$C$4
92,"IF(ISBLANK('Unit Type (2)'!B31), "" "", 'Unit Type (2)'!B31)","IF(ISBLANK('Unit Type (2)'!C31), "" "", 'Unit Type (2)'!C31)",B92*'Summary Sheet'!$C$4
93,"IF(ISBLANK('Unit Type (2)'!B32), "" "", 'Unit Type (2)'!B32)","IF(ISBLANK('Unit Type (2)'!C32), "" "", 'Unit Type (2)'!C32)",B93*'Summary Sheet'!$C$4
94,"IF(ISBLANK('Unit Type (2)'!B33), "" "", 'Unit Type (2)'!B33)","IF(ISBLANK('Unit Type (2)'!C33), "" "", 'Unit Type (2)'!C33)",B94*'Summary Sheet'!$C$4
95,"IF(ISBLANK('Unit Type (2)'!B34), "" "", 'Unit Type (2)'!B34)","IF(ISBLANK('Unit Type (2)'!C34), "" "", 'Unit Type (2)'!C34)",B95*'Summary Sheet'!$C$4
96,"IF(ISBLANK('Unit Type (2)'!B35), "" "", 'Unit Type (2)'!B35)","IF(ISBLANK('Unit Type (2)'!C35), "" "", 'Unit Type (2)'!C35)",B96*'Summary Sheet'!$C$4
97,"IF(ISBLANK('Unit Type (2)'!B36), "" "", 'Unit Type (2)'!B36)","IF(ISBLANK('Unit Type (2)'!C36), "" "", 'Unit Type (2)'!C36)",B97*'Summary Sheet'!$C$4
98,"IF(ISBLANK('Unit Type (2)'!B37), "" "", 'Unit Type (2)'!B37)","IF(ISBLANK('Unit Type (2)'!C37), "" "", 'Unit Type (2)'!C37)",B98*'Summary Sheet'!$C$4
99,"IF(ISBLANK('Unit Type (2)'!B38), "" "", 'Unit Type (2)'!B38)","IF(ISBLANK('Unit Type (2)'!C38), "" "", 'Unit Type (2)'!C38)",B99*'Summary Sheet'!$C$4
100,"IF(ISBLANK('Unit Type (2)'!B39), "" "", 'Unit Type (2)'!B39)","IF(ISBLANK('Unit Type (2)'!C39), "" "", 'Unit Type (2)'!C39)",B100*'Summary Sheet'!$C$4
101,"IF(ISBLANK('Unit Type (2)'!B40), "" "", 'Unit Type (2)'!B40)","IF(ISBLANK('Unit Type (2)'!C40), "" "", 'Unit Type (2)'!C40)",B101*'Summary Sheet'!$C$4
102,"IF(ISBLANK('Unit Type (2)'!B41), "" "", 'Unit Type (2)'!B41)","IF(ISBLANK('Unit Type (2)'!C41), "" "", 'Unit Type (2)'!C41)",B102*'Summary Sheet'!$C$4
103,"IF(ISBLANK('Unit Type (2)'!B42), "" "", 'Unit Type (2)'!B42)","IF(ISBLANK('Unit Type (2)'!C42), "" "", 'Unit Type (2)'!C42)",B103*'Summary Sheet'!$C$4
104,"IF(ISBLANK('Unit Type (2)'!B43), "" "", 'Unit Type (2)'!B43)","IF(ISBLANK('Unit Type (2)'!C43), "" "", 'Unit Type (2)'!C43)",B104*'Summary Sheet'!$C$4
105,"IF(ISBLANK('Unit Type (2)'!B44), "" "", 'Unit Type (2)'!B44)","IF(ISBLANK('Unit Type (2)'!C44), "" "", 'Unit Type (2)'!C44)",B105*'Summary Sheet'!$C$4
106,"IF(ISBLANK('Unit Type (2)'!B45), "" "", 'Unit Type (2)'!B45)","IF(ISBLANK('Unit Type (2)'!C45), "" "", 'Unit Type (2)'!C45)",B106*'Summary Sheet'!$C$4
107,"IF(ISBLANK('Unit Type (2)'!B46), "" "", 'Unit Type (2)'!B46)","IF(ISBLANK('Unit Type (2)'!C46), "" "", 'Unit Type (2)'!C46)",B107*'Summary Sheet'!$C$4
108,"IF(ISBLANK('Unit Type (2)'!B47), "" "", 'Unit Type (2)'!B47)","IF(ISBLANK('Unit Type (2)'!C47), "" "", 'Unit Type (2)'!C47)",B108*'Summary Sheet'!$C$4
109,"IF(ISBLANK('Unit Type (2)'!B48), "" "", 'Unit Type (2)'!B48)","IF(ISBLANK('Unit Type (2)'!C48), "" "", 'Unit Type (2)'!C48)",B109*'Summary Sheet'!$C$4
110,"IF(ISBLANK('Unit Type (2)'!B49), "" "", 'Unit Type (2)'!B49)","IF(ISBLANK('Unit Type (2)'!C49), "" "", 'Unit Type (2)'!C49)",B110*'Summary Sheet'!$C$4
111,"IF(ISBLANK('Unit Type (2)'!B50), "" "", 'Unit Type (2)'!B50)","IF(ISBLANK('Unit Type (2)'!C50), "" "", 'Unit Type (2)'!C50)",B111*'Summary Sheet'!$C$4
112,"IF(ISBLANK('Unit Type (2)'!B51), "" "", 'Unit Type (2)'!B51)","IF(ISBLANK('Unit Type (2)'!C51), "" "", 'Unit Type (2)'!C51)",B112*'Summary Sheet'!$C$4
113,"IF(ISBLANK('Unit Type (2)'!B52), "" "", 'Unit Type (2)'!B52)","IF(ISBLANK('Unit Type (2)'!C52), "" "", 'Unit Type (2)'!C52)",B113*'Summary Sheet'!$C$4
114,"IF(ISBLANK('Unit Type (2)'!B53), "" "", 'Unit Type (2)'!B53)","IF(ISBLANK('Unit Type (2)'!C53), "" "", 'Unit Type (2)'!C53)",B114*'Summary Sheet'!$C$4
115,"IF(ISBLANK('Unit Type (2)'!B54), "" "", 'Unit Type (2)'!B54)","IF(ISBLANK('Unit Type (2)'!C54), "" "", 'Unit Type (2)'!C54)",B115*'Summary Sheet'!$C$4
116,"IF(ISBLANK('Unit Type (2)'!B55), "" "", 'Unit Type (2)'!B55)","IF(ISBLANK('Unit Type (2)'!C55), "" "", 'Unit Type (2)'!C55)",B116*'Summary Sheet'!$C$4
117,"IF(ISBLANK('Unit Type (2)'!B56), "" "", 'Unit Type (2)'!B56)","IF(ISBLANK('Unit Type (2)'!C56), "" "", 'Unit Type (2)'!C56)",B117*'Summary Sheet'!$C$4
118,"IF(ISBLANK('Unit Type (2)'!B57), "" "", 'Unit Type (2)'!B57)","IF(ISBLANK('Unit Type (2)'!C57), "" "", 'Unit Type (2)'!C57)",B118*'Summary Sheet'!$C$4
119,"IF(ISBLANK('Unit Type (2)'!B58), "" "", 'Unit Type (2)'!B58)","IF(ISBLANK('Unit Type (2)'!C58), "" "", 'Unit Type (2)'!C58)",B119*'Summary Sheet'!$C$4
120,"IF(ISBLANK('Unit Type (2)'!B59), "" "", 'Unit Type (2)'!B59)","IF(ISBLANK('Unit Type (2)'!C59), "" "", 'Unit Type (2)'!C59)",B120*'Summary Sheet'!$C$4
121,"IF(ISBLANK('Unit Type (2)'!B60), "" "", 'Unit Type (2)'!B60)","IF(ISBLANK('Unit Type (2)'!C60), "" "", 'Unit Type (2)'!C60)",B121*'Summary Sheet'!$C$4
122,"IF(ISBLANK('Unit Type (2)'!B61), "" "", 'Unit Type (2)'!B61)","IF(ISBLANK('Unit Type (2)'!C61), "" "", 'Unit Type (2)'!C61)",B122*'Summary Sheet'!$C$4
123,"IF(ISBLANK('Unit Type (2)'!B62), "" "", 'Unit Type (2)'!B62)","IF(ISBLANK('Unit Type (2)'!C62), "" "", 'Unit Type (2)'!C62)",B123*'Summary Sheet'!$C$4
124,"IF(ISBLANK('Unit Type (2)'!B63), "" "", 'Unit Type (2)'!B63)","IF(ISBLANK('Unit Type (2)'!C63), "" "", 'Unit Type (2)'!C63)",B124*'Summary Sheet'!$C$4
125,"IF(ISBLANK('Unit Type (2)'!B64), "" "", 'Unit Type (2)'!B64)","IF(ISBLANK('Unit Type (2)'!C64), "" "", 'Unit Type (2)'!C64)",B125*'Summary Sheet'!$C$4
126,"IF(ISBLANK('Unit Type (2)'!B65), "" "", 'Unit Type (2)'!B65)","IF(ISBLANK('Unit Type (2)'!C65), "" "", 'Unit Type (2)'!C65)",B126*'Summary Sheet'!$C$4
127,"IF(ISBLANK('Unit Type (2)'!B66), "" "", 'Unit Type (2)'!B66)","IF(ISBLANK('Unit Type (2)'!C66), "" "", 'Unit Type (2)'!C66)",B127*'Summary Sheet'!$C$4
128,"IF(ISBLANK('Unit Type (2)'!B67), "" "", 'Unit Type (2)'!B67)","IF(ISBLANK('Unit Type (2)'!C67), "" "", 'Unit Type (2)'!C67)",B128*'Summary Sheet'!$C$4
129,"IF(ISBLANK('Unit Type (2)'!B68), "" "", 'Unit Type (2)'!B68)","IF(ISBLANK('Unit Type (2)'!C68), "" "", 'Unit Type (2)'!C68)",B129*'Summary Sheet'!$C$4
130,"IF(ISBLANK('Unit Type (2)'!B69), "" "", 'Unit Type (2)'!B69)","IF(ISBLANK('Unit Type (2)'!C69), "" "", 'Unit Type (2)'!C69)",B130*'Summary Sheet'!$C$4
131,"IF(ISBLANK('Unit Type (2)'!B70), "" "", 'Unit Type (2)'!B70)","IF(ISBLANK('Unit Type (2)'!C70), "" "", 'Unit Type (2)'!C70)",B131*'Summary Sheet'!$C$4
132,"IF(ISBLANK('Unit Type (3)'!B6), "" "", 'Unit Type (3)'!B6)","IF(ISBLANK('Unit Type (3)'!C6), "" "", 'Unit Type (3)'!C6)",B132*'Summary Sheet'!$C$5
133,"IF(ISBLANK('Unit Type (3)'!B7), "" "", 'Unit Type (3)'!B7)","IF(ISBLANK('Unit Type (3)'!C7), "" "", 'Unit Type (3)'!C7)",B133*'Summary Sheet'!$C$5
134,"IF(ISBLANK('Unit Type (3)'!B8), "" "", 'Unit Type (3)'!B8)","IF(ISBLANK('Unit Type (3)'!C8), "" "", 'Unit Type (3)'!C8)",B134*'Summary Sheet'!$C$5
135,"IF(ISBLANK('Unit Type (3)'!B9), "" "", 'Unit Type (3)'!B9)","IF(ISBLANK('Unit Type (3)'!C9), "" "", 'Unit Type (3)'!C9)",B135*'Summary Sheet'!$C$5
136,"IF(ISBLANK('Unit Type (3)'!B10), "" "", 'Unit Type (3)'!B10)","IF(ISBLANK('Unit Type (3)'!C10), "" "", 'Unit Type (3)'!C10)",B136*'Summary Sheet'!$C$5
137,"IF(ISBLANK('Unit Type (3)'!B11), "" "", 'Unit Type (3)'!B11)","IF(ISBLANK('Unit Type (3)'!C11), "" "", 'Unit Type (3)'!C11)",B137*'Summary Sheet'!$C$5
138,"IF(ISBLANK('Unit Type (3)'!B12), "" "", 'Unit Type (3)'!B12)","IF(ISBLANK('Unit Type (3)'!C12), "" "", 'Unit Type (3)'!C12)",B138*'Summary Sheet'!$C$5
139,"IF(ISBLANK('Unit Type (3)'!B13), "" "", 'Unit Type (3)'!B13)","IF(ISBLANK('Unit Type (3)'!C13), "" "", 'Unit Type (3)'!C13)",B139*'Summary Sheet'!$C$5
140,"IF(ISBLANK('Unit Type (3)'!B14), "" "", 'Unit Type (3)'!B14)","IF(ISBLANK('Unit Type (3)'!C14), "" "", 'Unit Type (3)'!C14)",B140*'Summary Sheet'!$C$5
141,"IF(ISBLANK('Unit Type (3)'!B15), "" "", 'Unit Type (3)'!B15)","IF(ISBLANK('Unit Type (3)'!C15), "" "", 'Unit Type (3)'!C15)",B141*'Summary Sheet'!$C$5
142,"IF(ISBLANK('Unit Type (3)'!B16), "" "", 'Unit Type (3)'!B16)","IF(ISBLANK('Unit Type (3)'!C16), "" "", 'Unit Type (3)'!C16)",B142*'Summary Sheet'!$C$5
143,"IF(ISBLANK('Unit Type (3)'!B17), "" "", 'Unit Type (3)'!B17)","IF(ISBLANK('Unit Type (3)'!C17), "" "", 'Unit Type (3)'!C17)",B143*'Summary Sheet'!$C$5
144,"IF(ISBLANK('Unit Type (3)'!B18), "" "", 'Unit Type (3)'!B18)","IF(ISBLANK('Unit Type (3)'!C18), "" "", 'Unit Type (3)'!C18)",B144*'Summary Sheet'!$C$5
145,"IF(ISBLANK('Unit Type (3)'!B19), "" "", 'Unit Type (3)'!B19)","IF(ISBLANK('Unit Type (3)'!C19), "" "", 'Unit Type (3)'!C19)",B145*'Summary Sheet'!$C$5
146,"IF(ISBLANK('Unit Type (3)'!B20), "" "", 'Unit Type (3)'!B20)","IF(ISBLANK('Unit Type (3)'!C20), "" "", 'Unit Type (3)'!C20)",B146*'Summary Sheet'!$C$5
147,"IF(ISBLANK('Unit Type (3)'!B21), "" "", 'Unit Type (3)'!B21)","IF(ISBLANK('Unit Type (3)'!C21), "" "", 'Unit Type (3)'!C21)",B147*'Summary Sheet'!$C$5
148,"IF(ISBLANK('Unit Type (3)'!B22), "" "", 'Unit Type (3)'!B22)","IF(ISBLANK('Unit Type (3)'!C22), "" "", 'Unit Type (3)'!C22)",B148*'Summary Sheet'!$C$5
149,"IF(ISBLANK('Unit Type (3)'!B23), "" "", 'Unit Type (3)'!B23)","IF(ISBLANK('Unit Type (3)'!C23), "" "", 'Unit Type (3)'!C23)",B149*'Summary Sheet'!$C$5
150,"IF(ISBLANK('Unit Type (3)'!B24), "" "", 'Unit Type (3)'!B24)","IF(ISBLANK('Unit Type (3)'!C24), "" "", 'Unit Type (3)'!C24)",B150*'Summary Sheet'!$C$5
151,"IF(ISBLANK('Unit Type (3)'!B25), "" "", 'Unit Type (3)'!B25)","IF(ISBLANK('Unit Type (3)'!C25), "" "", 'Unit Type (3)'!C25)",B151*'Summary Sheet'!$C$5
152,"IF(ISBLANK('Unit Type (3)'!B26), "" "", 'Unit Type (3)'!B26)","IF(ISBLANK('Unit Type (3)'!C26), "" "", 'Unit Type (3)'!C26)",B152*'Summary Sheet'!$C$5
153,"IF(ISBLANK('Unit Type (3)'!B27), "" "", 'Unit Type (3)'!B27)","IF(ISBLANK('Unit Type (3)'!C27), "" "", 'Unit Type (3)'!C27)",B153*'Summary Sheet'!$C$5
154,"IF(ISBLANK('Unit Type (3)'!B28), "" "", 'Unit Type (3)'!B28)","IF(ISBLANK('Unit Type (3)'!C28), "" "", 'Unit Type (3)'!C28)",B154*'Summary Sheet'!$C$5
155,"IF(ISBLANK('Unit Type (3)'!B29), "" "", 'Unit Type (3)'!B29)","IF(ISBLANK('Unit Type (3)'!C29), "" "", 'Unit Type (3)'!C29)",B155*'Summary Sheet'!$C$5
156,"IF(ISBLANK('Unit Type (3)'!B30), "" "", 'Unit Type (3)'!B30)","IF(ISBLANK('Unit Type (3)'!C30), "" "", 'Unit Type (3)'!C30)",B156*'Summary Sheet'!$C$5
157,"IF(ISBLANK('Unit Type (3)'!B31), "" "", 'Unit Type (3)'!B31)","IF(ISBLANK('Unit Type (3)'!C31), "" "", 'Unit Type (3)'!C31)",B157*'Summary Sheet'!$C$5
158,"IF(ISBLANK('Unit Type (3)'!B32), "" "", 'Unit Type (3)'!B32)","IF(ISBLANK('Unit Type (3)'!C32), "" "", 'Unit Type (3)'!C32)",B158*'Summary Sheet'!$C$5
159,"IF(ISBLANK('Unit Type (3)'!B33), "" "", 'Unit Type (3)'!B33)","IF(ISBLANK('Unit Type (3)'!C33), "" "", 'Unit Type (3)'!C33)",B159*'Summary Sheet'!$C$5
160,"IF(ISBLANK('Unit Type (3)'!B34), "" "", 'Unit Type (3)'!B34)","IF(ISBLANK('Unit Type (3)'!C34), "" "", 'Unit Type (3)'!C34)",B160*'Summary Sheet'!$C$5
161,"IF(ISBLANK('Unit Type (3)'!B35), "" "", 'Unit Type (3)'!B35)","IF(ISBLANK('Unit Type (3)'!C35), "" "", 'Unit Type (3)'!C35)",B161*'Summary Sheet'!$C$5
162,"IF(ISBLANK('Unit Type (3)'!B36), "" "", 'Unit Type (3)'!B36)","IF(ISBLANK('Unit Type (3)'!C36), "" "", 'Unit Type (3)'!C36)",B162*'Summary Sheet'!$C$5
163,"IF(ISBLANK('Unit Type (3)'!B37), "" "", 'Unit Type (3)'!B37)","IF(ISBLANK('Unit Type (3)'!C37), "" "", 'Unit Type (3)'!C37)",B163*'Summary Sheet'!$C$5
164,"IF(ISBLANK('Unit Type (3)'!B38), "" "", 'Unit Type (3)'!B38)","IF(ISBLANK('Unit Type (3)'!C38), "" "", 'Unit Type (3)'!C38)",B164*'Summary Sheet'!$C$5
165,"IF(ISBLANK('Unit Type (3)'!B39), "" "", 'Unit Type (3)'!B39)","IF(ISBLANK('Unit Type (3)'!C39), "" "", 'Unit Type (3)'!C39)",B165*'Summary Sheet'!$C$5
166,"IF(ISBLANK('Unit Type (3)'!B40), "" "", 'Unit Type (3)'!B40)","IF(ISBLANK('Unit Type (3)'!C40), "" "", 'Unit Type (3)'!C40)",B166*'Summary Sheet'!$C$5
167,"IF(ISBLANK('Unit Type (3)'!B41), "" "", 'Unit Type (3)'!B41)","IF(ISBLANK('Unit Type (3)'!C41), "" "", 'Unit Type (3)'!C41)",B167*'Summary Sheet'!$C$5
168,"IF(ISBLANK('Unit Type (3)'!B42), "" "", 'Unit Type (3)'!B42)","IF(ISBLANK('Unit Type (3)'!C42), "" "", 'Unit Type (3)'!C42)",B168*'Summary Sheet'!$C$5
169,"IF(ISBLANK('Unit Type (3)'!B43), "" "", 'Unit Type (3)'!B43)","IF(ISBLANK('Unit Type (3)'!C43), "" "", 'Unit Type (3)'!C43)",B169*'Summary Sheet'!$C$5
170,"IF(ISBLANK('Unit Type (3)'!B44), "" "", 'Unit Type (3)'!B44)","IF(ISBLANK('Unit Type (3)'!C44), "" "", 'Unit Type (3)'!C44)",B170*'Summary Sheet'!$C$5
171,"IF(ISBLANK('Unit Type (3)'!B45), "" "", 'Unit Type (3)'!B45)","IF(ISBLANK('Unit Type (3)'!C45), "" "", 'Unit Type (3)'!C45)",B171*'Summary Sheet'!$C$5
172,"IF(ISBLANK('Unit Type (3)'!B46), "" "", 'Unit Type (3)'!B46)","IF(ISBLANK('Unit Type (3)'!C46), "" "", 'Unit Type (3)'!C46)",B172*'Summary Sheet'!$C$5
173,"IF(ISBLANK('Unit Type (3)'!B47), "" "", 'Unit Type (3)'!B47)","IF(ISBLANK('Unit Type (3)'!C47), "" "", 'Unit Type (3)'!C47)",B173*'Summary Sheet'!$C$5
174,"IF(ISBLANK('Unit Type (3)'!B48), "" "", 'Unit Type (3)'!B48)","IF(ISBLANK('Unit Type (3)'!C48), "" "", 'Unit Type (3)'!C48)",B174*'Summary Sheet'!$C$5
175,"IF(ISBLANK('Unit Type (3)'!B49), "" "", 'Unit Type (3)'!B49)","IF(ISBLANK('Unit Type (3)'!C49), "" "", 'Unit Type (3)'!C49)",B175*'Summary Sheet'!$C$5
176,"IF(ISBLANK('Unit Type (3)'!B50), "" "", 'Unit Type (3)'!B50)","IF(ISBLANK('Unit Type (3)'!C50), "" "", 'Unit Type (3)'!C50)",B176*'Summary Sheet'!$C$5
177,"IF(ISBLANK('Unit Type (3)'!B51), "" "", 'Unit Type (3)'!B51)","IF(ISBLANK('Unit Type (3)'!C51), "" "", 'Unit Type (3)'!C51)",B177*'Summary Sheet'!$C$5
178,"IF(ISBLANK('Unit Type (3)'!B52), "" "", 'Unit Type (3)'!B52)","IF(ISBLANK('Unit Type (3)'!C52), "" "", 'Unit Type (3)'!C52)",B178*'Summary Sheet'!$C$5
179,"IF(ISBLANK('Unit Type (3)'!B53), "" "", 'Unit Type (3)'!B53)","IF(ISBLANK('Unit Type (3)'!C53), "" "", 'Unit Type (3)'!C53)",B179*'Summary Sheet'!$C$5
180,"IF(ISBLANK('Unit Type (3)'!B54), "" "", 'Unit Type (3)'!B54)","IF(ISBLANK('Unit Type (3)'!C54), "" "", 'Unit Type (3)'!C54)",B180*'Summary Sheet'!$C$5
181,"IF(ISBLANK('Unit Type (3)'!B55), "" "", 'Unit Type (3)'!B55)","IF(ISBLANK('Unit Type (3)'!C55), "" "", 'Unit Type (3)'!C55)",B181*'Summary Sheet'!$C$5
182,"IF(ISBLANK('Unit Type (3)'!B56), "" "", 'Unit Type (3)'!B56)","IF(ISBLANK('Unit Type (3)'!C56), "" "", 'Unit Type (3)'!C56)",B182*'Summary Sheet'!$C$5
183,"IF(ISBLANK('Unit Type (3)'!B57), "" "", 'Unit Type (3)'!B57)","IF(ISBLANK('Unit Type (3)'!C57), "" "", 'Unit Type (3)'!C57)",B183*'Summary Sheet'!$C$5
184,"IF(ISBLANK('Unit Type (3)'!B58), "" "", 'Unit Type (3)'!B58)","IF(ISBLANK('Unit Type (3)'!C58), "" "", 'Unit Type (3)'!C58)",B184*'Summary Sheet'!$C$5
185,"IF(ISBLANK('Unit Type (3)'!B59), "" "", 'Unit Type (3)'!B59)","IF(ISBLANK('Unit Type (3)'!C59), "" "", 'Unit Type (3)'!C59)",B185*'Summary Sheet'!$C$5
186,"IF(ISBLANK('Unit Type (3)'!B60), "" "", 'Unit Type (3)'!B60)","IF(ISBLANK('Unit Type (3)'!C60), "" "", 'Unit Type (3)'!C60)",B186*'Summary Sheet'!$C$5
187,"IF(ISBLANK('Unit Type (3)'!B61), "" "", 'Unit Type (3)'!B61)","IF(ISBLANK('Unit Type (3)'!C61), "" "", 'Unit Type (3)'!C61)",B187*'Summary Sheet'!$C$5
188,"IF(ISBLANK('Unit Type (3)'!B62), "" "", 'Unit Type (3)'!B62)","IF(ISBLANK('Unit Type (3)'!C62), "" "", 'Unit Type (3)'!C62)",B188*'Summary Sheet'!$C$5
189,"IF(ISBLANK('Unit Type (3)'!B63), "" "", 'Unit Type (3)'!B63)","IF(ISBLANK('Unit Type (3)'!C63), "" "", 'Unit Type (3)'!C63)",B189*'Summary Sheet'!$C$5
190,"IF(ISBLANK('Unit Type (3)'!B64), "" "", 'Unit Type (3)'!B64)","IF(ISBLANK('Unit Type (3)'!C64), "" "", 'Unit Type (3)'!C64)",B190*'Summary Sheet'!$C$5
191,"IF(ISBLANK('Unit Type (3)'!B65), "" "", 'Unit Type (3)'!B65)","IF(ISBLANK('Unit Type (3)'!C65), "" "", 'Unit Type (3)'!C65)",B191*'Summary Sheet'!$C$5
192,"IF(ISBLANK('Unit Type (3)'!B66), "" "", 'Unit Type (3)'!B66)","IF(ISBLANK('Unit Type (3)'!C66), "" "", 'Unit Type (3)'!C66)",B192*'Summary Sheet'!$C$5
193,"IF(ISBLANK('Unit Type (3)'!B67), "" "", 'Unit Type (3)'!B67)","IF(ISBLANK('Unit Type (3)'!C67), "" "", 'Unit Type (3)'!C67)",B193*'Summary Sheet'!$C$5
194,"IF(ISBLANK('Unit Type (3)'!B68), "" "", 'Unit Type (3)'!B68)","IF(ISBLANK('Unit Type (3)'!C68), "" "", 'Unit Type (3)'!C68)",B194*'Summary Sheet'!$C$5
195,"IF(ISBLANK('Unit Type (3)'!B69), "" "", 'Unit Type (3)'!B69)","IF(ISBLANK('Unit Type (3)'!C69), "" "", 'Unit Type (3)'!C69)",B195*'Summary Sheet'!$C$5
196,"IF(ISBLANK('Unit Type (3)'!B70), "" "", 'Unit Type (3)'!B70)","IF(ISBLANK('Unit Type (3)'!C70), "" "", 'Unit Type (3)'!C70)",B196*'Summary Sheet'!$C$5
197,"IF(ISBLANK('Unit Type (4)'!B6), "" "", 'Unit Type (4)'!B6)","IF(ISBLANK('Unit Type (4)'!C6), "" "", 'Unit Type (4)'!C6)",B197*'Summary Sheet'!$C$6
198,"IF(ISBLANK('Unit Type (4)'!B7), "" "", 'Unit Type (4)'!B7)","IF(ISBLANK('Unit Type (4)'!C7), "" "", 'Unit Type (4)'!C7)",B198*'Summary Sheet'!$C$6
199,"IF(ISBLANK('Unit Type (4)'!B8), "" "", 'Unit Type (4)'!B8)","IF(ISBLANK('Unit Type (4)'!C8), "" "", 'Unit Type (4)'!C8)",B199*'Summary Sheet'!$C$6
200,"IF(ISBLANK('Unit Type (4)'!B9), "" "", 'Unit Type (4)'!B9)","IF(ISBLANK('Unit Type (4)'!C9), "" "", 'Unit Type (4)'!C9)",B200*'Summary Sheet'!$C$6
201,"IF(ISBLANK('Unit Type (4)'!B10), "" "", 'Unit Type (4)'!B10)","IF(ISBLANK('Unit Type (4)'!C10), "" "", 'Unit Type (4)'!C10)",B201*'Summary Sheet'!$C$6
202,"IF(ISBLANK('Unit Type (4)'!B11), "" "", 'Unit Type (4)'!B11)","IF(ISBLANK('Unit Type (4)'!C11), "" "", 'Unit Type (4)'!C11)",B202*'Summary Sheet'!$C$6
203,"IF(ISBLANK('Unit Type (4)'!B12), "" "", 'Unit Type (4)'!B12)","IF(ISBLANK('Unit Type (4)'!C12), "" "", 'Unit Type (4)'!C12)",B203*'Summary Sheet'!$C$6
204,"IF(ISBLANK('Unit Type (4)'!B13), "" "", 'Unit Type (4)'!B13)","IF(ISBLANK('Unit Type (4)'!C13), "" "", 'Unit Type (4)'!C13)",B204*'Summary Sheet'!$C$6
205,"IF(ISBLANK('Unit Type (4)'!B14), "" "", 'Unit Type (4)'!B14)","IF(ISBLANK('Unit Type (4)'!C14), "" "", 'Unit Type (4)'!C14)",B205*'Summary Sheet'!$C$6
206,"IF(ISBLANK('Unit Type (4)'!B15), "" "", 'Unit Type (4)'!B15)","IF(ISBLANK('Unit Type (4)'!C15), "" "", 'Unit Type (4)'!C15)",B206*'Summary Sheet'!$C$6
207,"IF(ISBLANK('Unit Type (4)'!B16), "" "", 'Unit Type (4)'!B16)","IF(ISBLANK('Unit Type (4)'!C16), "" "", 'Unit Type (4)'!C16)",B207*'Summary Sheet'!$C$6
208,"IF(ISBLANK('Unit Type (4)'!B17), "" "", 'Unit Type (4)'!B17)","IF(ISBLANK('Unit Type (4)'!C17), "" "", 'Unit Type (4)'!C17)",B208*'Summary Sheet'!$C$6
209,"IF(ISBLANK('Unit Type (4)'!B18), "" "", 'Unit Type (4)'!B18)","IF(ISBLANK('Unit Type (4)'!C18), "" "", 'Unit Type (4)'!C18)",B209*'Summary Sheet'!$C$6
210,"IF(ISBLANK('Unit Type (4)'!B19), "" "", 'Unit Type (4)'!B19)","IF(ISBLANK('Unit Type (4)'!C19), "" "", 'Unit Type (4)'!C19)",B210*'Summary Sheet'!$C$6
211,"IF(ISBLANK('Unit Type (4)'!B20), "" "", 'Unit Type (4)'!B20)","IF(ISBLANK('Unit Type (4)'!C20), "" "", 'Unit Type (4)'!C20)",B211*'Summary Sheet'!$C$6
212,"IF(ISBLANK('Unit Type (4)'!B21), "" "", 'Unit Type (4)'!B21)","IF(ISBLANK('Unit Type (4)'!C21), "" "", 'Unit Type (4)'!C21)",B212*'Summary Sheet'!$C$6
213,"IF(ISBLANK('Unit Type (4)'!B22), "" "", 'Unit Type (4)'!B22)","IF(ISBLANK('Unit Type (4)'!C22), "" "", 'Unit Type (4)'!C22)",B213*'Summary Sheet'!$C$6
214,"IF(ISBLANK('Unit Type (4)'!B23), "" "", 'Unit Type (4)'!B23)","IF(ISBLANK('Unit Type (4)'!C23), "" "", 'Unit Type (4)'!C23)",B214*'Summary Sheet'!$C$6
215,"IF(ISBLANK('Unit Type (4)'!B24), "" "", 'Unit Type (4)'!B24)","IF(ISBLANK('Unit Type (4)'!C24), "" "", 'Unit Type (4)'!C24)",B215*'Summary Sheet'!$C$6
216,"IF(ISBLANK('Unit Type (4)'!B25), "" "", 'Unit Type (4)'!B25)","IF(ISBLANK('Unit Type (4)'!C25), "" "", 'Unit Type (4)'!C25)",B216*'Summary Sheet'!$C$6
217,"IF(ISBLANK('Unit Type (4)'!B26), "" "", 'Unit Type (4)'!B26)","IF(ISBLANK('Unit Type (4)'!C26), "" "", 'Unit Type (4)'!C26)",B217*'Summary Sheet'!$C$6
218,"IF(ISBLANK('Unit Type (4)'!B27), "" "", 'Unit Type (4)'!B27)","IF(ISBLANK('Unit Type (4)'!C27), "" "", 'Unit Type (4)'!C27)",B218*'Summary Sheet'!$C$6
219,"IF(ISBLANK('Unit Type (4)'!B28), "" "", 'Unit Type (4)'!B28)","IF(ISBLANK('Unit Type (4)'!C28), "" "", 'Unit Type (4)'!C28)",B219*'Summary Sheet'!$C$6
220,"IF(ISBLANK('Unit Type (4)'!B29), "" "", 'Unit Type (4)'!B29)","IF(ISBLANK('Unit Type (4)'!C29), "" "", 'Unit Type (4)'!C29)",B220*'Summary Sheet'!$C$6
221,"IF(ISBLANK('Unit Type (4)'!B30), "" "", 'Unit Type (4)'!B30)","IF(ISBLANK('Unit Type (4)'!C30), "" "", 'Unit Type (4)'!C30)",B221*'Summary Sheet'!$C$6
222,"IF(ISBLANK('Unit Type (4)'!B31), "" "", 'Unit Type (4)'!B31)","IF(ISBLANK('Unit Type (4)'!C31), "" "", 'Unit Type (4)'!C31)",B222*'Summary Sheet'!$C$6
223,"IF(ISBLANK('Unit Type (4)'!B32), "" "", 'Unit Type (4)'!B32)","IF(ISBLANK('Unit Type (4)'!C32), "" "", 'Unit Type (4)'!C32)",B223*'Summary Sheet'!$C$6
224,"IF(ISBLANK('Unit Type (4)'!B33), "" "", 'Unit Type (4)'!B33)","IF(ISBLANK('Unit Type (4)'!C33), "" "", 'Unit Type (4)'!C33)",B224*'Summary Sheet'!$C$6
225,"IF(ISBLANK('Unit Type (4)'!B34), "" "", 'Unit Type (4)'!B34)","IF(ISBLANK('Unit Type (4)'!C34), "" "", 'Unit Type (4)'!C34)",B225*'Summary Sheet'!$C$6
226,"IF(ISBLANK('Unit Type (4)'!B35), "" "", 'Unit Type (4)'!B35)","IF(ISBLANK('Unit Type (4)'!C35), "" "", 'Unit Type (4)'!C35)",B226*'Summary Sheet'!$C$6
227,"IF(ISBLANK('Unit Type (4)'!B36), "" "", 'Unit Type (4)'!B36)","IF(ISBLANK('Unit Type (4)'!C36), "" "", 'Unit Type (4)'!C36)",B227*'Summary Sheet'!$C$6
228,"IF(ISBLANK('Unit Type (4)'!B37), "" "", 'Unit Type (4)'!B37)","IF(ISBLANK('Unit Type (4)'!C37), "" "", 'Unit Type (4)'!C37)",B228*'Summary Sheet'!$C$6
229,"IF(ISBLANK('Unit Type (4)'!B38), "" "", 'Unit Type (4)'!B38)","IF(ISBLANK('Unit Type (4)'!C38), "" "", 'Unit Type (4)'!C38)",B229*'Summary Sheet'!$C$6
230,"IF(ISBLANK('Unit Type (4)'!B39), "" "", 'Unit Type (4)'!B39)","IF(ISBLANK('Unit Type (4)'!C39), "" "", 'Unit Type (4)'!C39)",B230*'Summary Sheet'!$C$6
231,"IF(ISBLANK('Unit Type (4)'!B40), "" "", 'Unit Type (4)'!B40)","IF(ISBLANK('Unit Type (4)'!C40), "" "", 'Unit Type (4)'!C40)",B231*'Summary Sheet'!$C$6
232,"IF(ISBLANK('Unit Type (4)'!B41), "" "", 'Unit Type (4)'!B41)","IF(ISBLANK('Unit Type (4)'!C41), "" "", 'Unit Type (4)'!C41)",B232*'Summary Sheet'!$C$6
233,"IF(ISBLANK('Unit Type (4)'!B42), "" "", 'Unit Type (4)'!B42)","IF(ISBLANK('Unit Type (4)'!C42), "" "", 'Unit Type (4)'!C42)",B233*'Summary Sheet'!$C$6
234,"IF(ISBLANK('Unit Type (4)'!B43), "" "", 'Unit Type (4)'!B43)","IF(ISBLANK('Unit Type (4)'!C43), "" "", 'Unit Type (4)'!C43)",B234*'Summary Sheet'!$C$6
235,"IF(ISBLANK('Unit Type (4)'!B44), "" "", 'Unit Type (4)'!B44)","IF(ISBLANK('Unit Type (4)'!C44), "" "", 'Unit Type (4)'!C44)",B235*'Summary Sheet'!$C$6
236,"IF(ISBLANK('Unit Type (4)'!B45), "" "", 'Unit Type (4)'!B45)","IF(ISBLANK('Unit Type (4)'!C45), "" "", 'Unit Type (4)'!C45)",B236*'Summary Sheet'!$C$6
237,"IF(ISBLANK('Unit Type (4)'!B46), "" "", 'Unit Type (4)'!B46)","IF(ISBLANK('Unit Type (4)'!C46), "" "", 'Unit Type (4)'!C46)",B237*'Summary Sheet'!$C$6
238,"IF(ISBLANK('Unit Type (4)'!B47), "" "", 'Unit Type (4)'!B47)","IF(ISBLANK('Unit Type (4)'!C47), "" "", 'Unit Type (4)'!C47)",B238*'Summary Sheet'!$C$6
239,"IF(ISBLANK('Unit Type (4)'!B48), "" "", 'Unit Type (4)'!B48)","IF(ISBLANK('Unit Type (4)'!C48), "" "", 'Unit Type (4)'!C48)",B239*'Summary Sheet'!$C$6
240,"IF(ISBLANK('Unit Type (4)'!B49), "" "", 'Unit Type (4)'!B49)","IF(ISBLANK('Unit Type (4)'!C49), "" "", 'Unit Type (4)'!C49)",B240*'Summary Sheet'!$C$6
241,"IF(ISBLANK('Unit Type (4)'!B50), "" "", 'Unit Type (4)'!B50)","IF(ISBLANK('Unit Type (4)'!C50), "" "", 'Unit Type (4)'!C50)",B241*'Summary Sheet'!$C$6
242,"IF(ISBLANK('Unit Type (4)'!B51), "" "", 'Unit Type (4)'!B51)","IF(ISBLANK('Unit Type (4)'!C51), "" "", 'Unit Type (4)'!C51)",B242*'Summary Sheet'!$C$6
243,"IF(ISBLANK('Unit Type (4)'!B52), "" "", 'Unit Type (4)'!B52)","IF(ISBLANK('Unit Type (4)'!C52), "" "", 'Unit Type (4)'!C52)",B243*'Summary Sheet'!$C$6
244,"IF(ISBLANK('Unit Type (4)'!B53), "" "", 'Unit Type (4)'!B53)","IF(ISBLANK('Unit Type (4)'!C53), "" "", 'Unit Type (4)'!C53)",B244*'Summary Sheet'!$C$6
245,"IF(ISBLANK('Unit Type (4)'!B54), "" "", 'Unit Type (4)'!B54)","IF(ISBLANK('Unit Type (4)'!C54), "" "", 'Unit Type (4)'!C54)",B245*'Summary Sheet'!$C$6
246,"IF(ISBLANK('Unit Type (4)'!B55), "" "", 'Unit Type (4)'!B55)","IF(ISBLANK('Unit Type (4)'!C55), "" "", 'Unit Type (4)'!C55)",B246*'Summary Sheet'!$C$6
247,"IF(ISBLANK('Unit Type (4)'!B56), "" "", 'Unit Type (4)'!B56)","IF(ISBLANK('Unit Type (4)'!C56), "" "", 'Unit Type (4)'!C56)",B247*'Summary Sheet'!$C$6
248,"IF(ISBLANK('Unit Type (4)'!B57), "" "", 'Unit Type (4)'!B57)","IF(ISBLANK('Unit Type (4)'!C57), "" "", 'Unit Type (4)'!C57)",B248*'Summary Sheet'!$C$6
249,"IF(ISBLANK('Unit Type (4)'!B58), "" "", 'Unit Type (4)'!B58)","IF(ISBLANK('Unit Type (4)'!C58), "" "", 'Unit Type (4)'!C58)",B249*'Summary Sheet'!$C$6
250,"IF(ISBLANK('Unit Type (4)'!B59), "" "", 'Unit Type (4)'!B59)","IF(ISBLANK('Unit Type (4)'!C59), "" "", 'Unit Type (4)'!C59)",B250*'Summary Sheet'!$C$6
251,"IF(ISBLANK('Unit Type (4)'!B60), "" "", 'Unit Type (4)'!B60)","IF(ISBLANK('Unit Type (4)'!C60), "" "", 'Unit Type (4)'!C60)",B251*'Summary Sheet'!$C$6
252,"IF(ISBLANK('Unit Type (4)'!B61), "" "", 'Unit Type (4)'!B61)","IF(ISBLANK('Unit Type (4)'!C61), "" "", 'Unit Type (4)'!C61)",B252*'Summary Sheet'!$C$6
253,"IF(ISBLANK('Unit Type (4)'!B62), "" "", 'Unit Type (4)'!B62)","IF(ISBLANK('Unit Type (4)'!C62), "" "", 'Unit Type (4)'!C62)",B253*'Summary Sheet'!$C$6
254,"IF(ISBLANK('Unit Type (4)'!B63), "" "", 'Unit Type (4)'!B63)","IF(ISBLANK('Unit Type (4)'!C63), "" "", 'Unit Type (4)'!C63)",B254*'Summary Sheet'!$C$6
255,"IF(ISBLANK('Unit Type (4)'!B64), "" "", 'Unit Type (4)'!B64)","IF(ISBLANK('Unit Type (4)'!C64), "" "", 'Unit Type (4)'!C64)",B255*'Summary Sheet'!$C$6
256,"IF(ISBLANK('Unit Type (4)'!B65), "" "", 'Unit Type (4)'!B65)","IF(ISBLANK('Unit Type (4)'!C65), "" "", 'Unit Type (4)'!C65)",B256*'Summary Sheet'!$C$6
257,"IF(ISBLANK('Unit Type (4)'!B66), "" "", 'Unit Type (4)'!B66)","IF(ISBLANK('Unit Type (4)'!C66), "" "", 'Unit Type (4)'!C66)",B257*'Summary Sheet'!$C$6
258,"IF(ISBLANK('Unit Type (4)'!B67), "" "", 'Unit Type (4)'!B67)","IF(ISBLANK('Unit Type (4)'!C67), "" "", 'Unit Type (4)'!C67)",B258*'Summary Sheet'!$C$6
259,"IF(ISBLANK('Unit Type (4)'!B68), "" "", 'Unit Type (4)'!B68)","IF(ISBLANK('Unit Type (4)'!C68), "" "", 'Unit Type (4)'!C68)",B259*'Summary Sheet'!$C$6
260,"IF(ISBLANK('Unit Type (4)'!B69), "" "", 'Unit Type (4)'!B69)","IF(ISBLANK('Unit Type (4)'!C69), "" "", 'Unit Type (4)'!C69)",B260*'Summary Sheet'!$C$6
261,"IF(ISBLANK('Unit Type (4)'!B70), "" "", 'Unit Type (4)'!B70)","IF(ISBLANK('Unit Type (4)'!C70), "" "", 'Unit Type (4)'!C70)",B261*'Summary Sheet'!$C$6
262,"IF(ISBLANK('Unit Type (5)'!B6), "" "", 'Unit Type (5)'!B6)","IF(ISBLANK('Unit Type (5)'!C6), "" "", 'Unit Type (5)'!C6)",B262*'Summary Sheet'!$C$7
263,"IF(ISBLANK('Unit Type (5)'!B7), "" "", 'Unit Type (5)'!B7)","IF(ISBLANK('Unit Type (5)'!C7), "" "", 'Unit Type (5)'!C7)",B263*'Summary Sheet'!$C$7
264,"IF(ISBLANK('Unit Type (5)'!B8), "" "", 'Unit Type (5)'!B8)","IF(ISBLANK('Unit Type (5)'!C8), "" "", 'Unit Type (5)'!C8)",B264*'Summary Sheet'!$C$7
265,"IF(ISBLANK('Unit Type (5)'!B9), "" "", 'Unit Type (5)'!B9)","IF(ISBLANK('Unit Type (5)'!C9), "" "", 'Unit Type (5)'!C9)",B265*'Summary Sheet'!$C$7
266,"IF(ISBLANK('Unit Type (5)'!B10), "" "", 'Unit Type (5)'!B10)","IF(ISBLANK('Unit Type (5)'!C10), "" "", 'Unit Type (5)'!C10)",B266*'Summary Sheet'!$C$7
267,"IF(ISBLANK('Unit Type (5)'!B11), "" "", 'Unit Type (5)'!B11)","IF(ISBLANK('Unit Type (5)'!C11), "" "", 'Unit Type (5)'!C11)",B267*'Summary Sheet'!$C$7
268,"IF(ISBLANK('Unit Type (5)'!B12), "" "", 'Unit Type (5)'!B12)","IF(ISBLANK('Unit Type (5)'!C12), "" "", 'Unit Type (5)'!C12)",B268*'Summary Sheet'!$C$7
269,"IF(ISBLANK('Unit Type (5)'!B13), "" "", 'Unit Type (5)'!B13)","IF(ISBLANK('Unit Type (5)'!C13), "" "", 'Unit Type (5)'!C13)",B269*'Summary Sheet'!$C$7
270,"IF(ISBLANK('Unit Type (5)'!B14), "" "", 'Unit Type (5)'!B14)","IF(ISBLANK('Unit Type (5)'!C14), "" "", 'Unit Type (5)'!C14)",B270*'Summary Sheet'!$C$7
271,"IF(ISBLANK('Unit Type (5)'!B15), "" "", 'Unit Type (5)'!B15)","IF(ISBLANK('Unit Type (5)'!C15), "" "", 'Unit Type (5)'!C15)",B271*'Summary Sheet'!$C$7
272,"IF(ISBLANK('Unit Type (5)'!B16), "" "", 'Unit Type (5)'!B16)","IF(ISBLANK('Unit Type (5)'!C16), "" "", 'Unit Type (5)'!C16)",B272*'Summary Sheet'!$C$7
273,"IF(ISBLANK('Unit Type (5)'!B17), "" "", 'Unit Type (5)'!B17)","IF(ISBLANK('Unit Type (5)'!C17), "" "", 'Unit Type (5)'!C17)",B273*'Summary Sheet'!$C$7
274,"IF(ISBLANK('Unit Type (5)'!B18), "" "", 'Unit Type (5)'!B18)","IF(ISBLANK('Unit Type (5)'!C18), "" "", 'Unit Type (5)'!C18)",B274*'Summary Sheet'!$C$7
275,"IF(ISBLANK('Unit Type (5)'!B19), "" "", 'Unit Type (5)'!B19)","IF(ISBLANK('Unit Type (5)'!C19), "" "", 'Unit Type (5)'!C19)",B275*'Summary Sheet'!$C$7
276,"IF(ISBLANK('Unit Type (5)'!B20), "" "", 'Unit Type (5)'!B20)","IF(ISBLANK('Unit Type (5)'!C20), "" "", 'Unit Type (5)'!C20)",B276*'Summary Sheet'!$C$7
277,"IF(ISBLANK('Unit Type (5)'!B21), "" "", 'Unit Type (5)'!B21)","IF(ISBLANK('Unit Type (5)'!C21), "" "", 'Unit Type (5)'!C21)",B277*'Summary Sheet'!$C$7
278,"IF(ISBLANK('Unit Type (5)'!B22), "" "", 'Unit Type (5)'!B22)","IF(ISBLANK('Unit Type (5)'!C22), "" "", 'Unit Type (5)'!C22)",B278*'Summary Sheet'!$C$7
279,"IF(ISBLANK('Unit Type (5)'!B23), "" "", 'Unit Type (5)'!B23)","IF(ISBLANK('Unit Type (5)'!C23), "" "", 'Unit Type (5)'!C23)",B279*'Summary Sheet'!$C$7
280,"IF(ISBLANK('Unit Type (5)'!B24), "" "", 'Unit Type (5)'!B24)","IF(ISBLANK('Unit Type (5)'!C24), "" "", 'Unit Type (5)'!C24)",B280*'Summary Sheet'!$C$7
281,"IF(ISBLANK('Unit Type (5)'!B25), "" "", 'Unit Type (5)'!B25)","IF(ISBLANK('Unit Type (5)'!C25), "" "", 'Unit Type (5)'!C25)",B281*'Summary Sheet'!$C$7
282,"IF(ISBLANK('Unit Type (5)'!B26), "" "", 'Unit Type (5)'!B26)","IF(ISBLANK('Unit Type (5)'!C26), "" "", 'Unit Type (5)'!C26)",B282*'Summary Sheet'!$C$7
283,"IF(ISBLANK('Unit Type (5)'!B27), "" "", 'Unit Type (5)'!B27)","IF(ISBLANK('Unit Type (5)'!C27), "" "", 'Unit Type (5)'!C27)",B283*'Summary Sheet'!$C$7
284,"IF(ISBLANK('Unit Type (5)'!B28), "" "", 'Unit Type (5)'!B28)","IF(ISBLANK('Unit Type (5)'!C28), "" "", 'Unit Type (5)'!C28)",B284*'Summary Sheet'!$C$7
285,"IF(ISBLANK('Unit Type (5)'!B29), "" "", 'Unit Type (5)'!B29)","IF(ISBLANK('Unit Type (5)'!C29), "" "", 'Unit Type (5)'!C29)",B285*'Summary Sheet'!$C$7
286,"IF(ISBLANK('Unit Type (5)'!B30), "" "", 'Unit Type (5)'!B30)","IF(ISBLANK('Unit Type (5)'!C30), "" "", 'Unit Type (5)'!C30)",B286*'Summary Sheet'!$C$7
287,"IF(ISBLANK('Unit Type (5)'!B31), "" "", 'Unit Type (5)'!B31)","IF(ISBLANK('Unit Type (5)'!C31), "" "", 'Unit Type (5)'!C31)",B287*'Summary Sheet'!$C$7
288,"IF(ISBLANK('Unit Type (5)'!B32), "" "", 'Unit Type (5)'!B32)","IF(ISBLANK('Unit Type (5)'!C32), "" "", 'Unit Type (5)'!C32)",B288*'Summary Sheet'!$C$7
289,"IF(ISBLANK('Unit Type (5)'!B33), "" "", 'Unit Type (5)'!B33)","IF(ISBLANK('Unit Type (5)'!C33), "" "", 'Unit Type (5)'!C33)",B289*'Summary Sheet'!$C$7
290,"IF(ISBLANK('Unit Type (5)'!B34), "" "", 'Unit Type (5)'!B34)","IF(ISBLANK('Unit Type (5)'!C34), "" "", 'Unit Type (5)'!C34)",B290*'Summary Sheet'!$C$7
291,"IF(ISBLANK('Unit Type (5)'!B35), "" "", 'Unit Type (5)'!B35)","IF(ISBLANK('Unit Type (5)'!C35), "" "", 'Unit Type (5)'!C35)",B291*'Summary Sheet'!$C$7
292,"IF(ISBLANK('Unit Type (5)'!B36), "" "", 'Unit Type (5)'!B36)","IF(ISBLANK('Unit Type (5)'!C36), "" "", 'Unit Type (5)'!C36)",B292*'Summary Sheet'!$C$7
293,"IF(ISBLANK('Unit Type (5)'!B37), "" "", 'Unit Type (5)'!B37)","IF(ISBLANK('Unit Type (5)'!C37), "" "", 'Unit Type (5)'!C37)",B293*'Summary Sheet'!$C$7
294,"IF(ISBLANK('Unit Type (5)'!B38), "" "", 'Unit Type (5)'!B38)","IF(ISBLANK('Unit Type (5)'!C38), "" "", 'Unit Type (5)'!C38)",B294*'Summary Sheet'!$C$7
295,"IF(ISBLANK('Unit Type (5)'!B39), "" "", 'Unit Type (5)'!B39)","IF(ISBLANK('Unit Type (5)'!C39), "" "", 'Unit Type (5)'!C39)",B295*'Summary Sheet'!$C$7
296,"IF(ISBLANK('Unit Type (5)'!B40), "" "", 'Unit Type (5)'!B40)","IF(ISBLANK('Unit Type (5)'!C40), "" "", 'Unit Type (5)'!C40)",B296*'Summary Sheet'!$C$7
297,"IF(ISBLANK('Unit Type (5)'!B41), "" "", 'Unit Type (5)'!B41)","IF(ISBLANK('Unit Type (5)'!C41), "" "", 'Unit Type (5)'!C41)",B297*'Summary Sheet'!$C$7
298,"IF(ISBLANK('Unit Type (5)'!B42), "" "", 'Unit Type (5)'!B42)","IF(ISBLANK('Unit Type (5)'!C42), "" "", 'Unit Type (5)'!C42)",B298*'Summary Sheet'!$C$7
299,"IF(ISBLANK('Unit Type (5)'!B43), "" "", 'Unit Type (5)'!B43)","IF(ISBLANK('Unit Type (5)'!C43), "" "", 'Unit Type (5)'!C43)",B299*'Summary Sheet'!$C$7
300,"IF(ISBLANK('Unit Type (5)'!B44), "" "", 'Unit Type (5)'!B44)","IF(ISBLANK('Unit Type (5)'!C44), "" "", 'Unit Type (5)'!C44)",B300*'Summary Sheet'!$C$7
301,"IF(ISBLANK('Unit Type (5)'!B45), "" "", 'Unit Type (5)'!B45)","IF(ISBLANK('Unit Type (5)'!C45), "" "", 'Unit Type (5)'!C45)",B301*'Summary Sheet'!$C$7
302,"IF(ISBLANK('Unit Type (5)'!B46), "" "", 'Unit Type (5)'!B46)","IF(ISBLANK('Unit Type (5)'!C46), "" "", 'Unit Type (5)'!C46)",B302*'Summary Sheet'!$C$7
303,"IF(ISBLANK('Unit Type (5)'!B47), "" "", 'Unit Type (5)'!B47)","IF(ISBLANK('Unit Type (5)'!C47), "" "", 'Unit Type (5)'!C47)",B303*'Summary Sheet'!$C$7
304,"IF(ISBLANK('Unit Type (5)'!B48), "" "", 'Unit Type (5)'!B48)","IF(ISBLANK('Unit Type (5)'!C48), "" "", 'Unit Type (5)'!C48)",B304*'Summary Sheet'!$C$7
305,"IF(ISBLANK('Unit Type (5)'!B49), "" "", 'Unit Type (5)'!B49)","IF(ISBLANK('Unit Type (5)'!C49), "" "", 'Unit Type (5)'!C49)",B305*'Summary Sheet'!$C$7
306,"IF(ISBLANK('Unit Type (5)'!B50), "" "", 'Unit Type (5)'!B50)","IF(ISBLANK('Unit Type (5)'!C50), "" "", 'Unit Type (5)'!C50)",B306*'Summary Sheet'!$C$7
307,"IF(ISBLANK('Unit Type (5)'!B51), "" "", 'Unit Type (5)'!B51)","IF(ISBLANK('Unit Type (5)'!C51), "" "", 'Unit Type (5)'!C51)",B307*'Summary Sheet'!$C$7
308,"IF(ISBLANK('Unit Type (5)'!B52), "" "", 'Unit Type (5)'!B52)","IF(ISBLANK('Unit Type (5)'!C52), "" "", 'Unit Type (5)'!C52)",B308*'Summary Sheet'!$C$7
309,"IF(ISBLANK('Unit Type (5)'!B53), "" "", 'Unit Type (5)'!B53)","IF(ISBLANK('Unit Type (5)'!C53), "" "", 'Unit Type (5)'!C53)",B309*'Summary Sheet'!$C$7
310,"IF(ISBLANK('Unit Type (5)'!B54), "" "", 'Unit Type (5)'!B54)","IF(ISBLANK('Unit Type (5)'!C54), "" "", 'Unit Type (5)'!C54)",B310*'Summary Sheet'!$C$7
311,"IF(ISBLANK('Unit Type (5)'!B55), "" "", 'Unit Type (5)'!B55)","IF(ISBLANK('Unit Type (5)'!C55), "" "", 'Unit Type (5)'!C55)",B311*'Summary Sheet'!$C$7
312,"IF(ISBLANK('Unit Type (5)'!B56), "" "", 'Unit Type (5)'!B56)","IF(ISBLANK('Unit Type (5)'!C56), "" "", 'Unit Type (5)'!C56)",B312*'Summary Sheet'!$C$7
313,"IF(ISBLANK('Unit Type (5)'!B57), "" "", 'Unit Type (5)'!B57)","IF(ISBLANK('Unit Type (5)'!C57), "" "", 'Unit Type (5)'!C57)",B313*'Summary Sheet'!$C$7
314,"IF(ISBLANK('Unit Type (5)'!B58), "" "", 'Unit Type (5)'!B58)","IF(ISBLANK('Unit Type (5)'!C58), "" "", 'Unit Type (5)'!C58)",B314*'Summary Sheet'!$C$7
315,"IF(ISBLANK('Unit Type (5)'!B59), "" "", 'Unit Type (5)'!B59)","IF(ISBLANK('Unit Type (5)'!C59), "" "", 'Unit Type (5)'!C59)",B315*'Summary Sheet'!$C$7
316,"IF(ISBLANK('Unit Type (5)'!B60), "" "", 'Unit Type (5)'!B60)","IF(ISBLANK('Unit Type (5)'!C60), "" "", 'Unit Type (5)'!C60)",B316*'Summary Sheet'!$C$7
317,"IF(ISBLANK('Unit Type (5)'!B61), "" "", 'Unit Type (5)'!B61)","IF(ISBLANK('Unit Type (5)'!C61), "" "", 'Unit Type (5)'!C61)",B317*'Summary Sheet'!$C$7
318,"IF(ISBLANK('Unit Type (5)'!B62), "" "", 'Unit Type (5)'!B62)","IF(ISBLANK('Unit Type (5)'!C62), "" "", 'Unit Type (5)'!C62)",B318*'Summary Sheet'!$C$7
319,"IF(ISBLANK('Unit Type (5)'!B63), "" "", 'Unit Type (5)'!B63)","IF(ISBLANK('Unit Type (5)'!C63), "" "", 'Unit Type (5)'!C63)",B319*'Summary Sheet'!$C$7
320,"IF(ISBLANK('Unit Type (5)'!B64), "" "", 'Unit Type (5)'!B64)","IF(ISBLANK('Unit Type (5)'!C64), "" "", 'Unit Type (5)'!C64)",B320*'Summary Sheet'!$C$7
321,"IF(ISBLANK('Unit Type (5)'!B65), "" "", 'Unit Type (5)'!B65)","IF(ISBLANK('Unit Type (5)'!C65), "" "", 'Unit Type (5)'!C65)",B321*'Summary Sheet'!$C$7
322,"IF(ISBLANK('Unit Type (5)'!B66), "" "", 'Unit Type (5)'!B66)","IF(ISBLANK('Unit Type (5)'!C66), "" "", 'Unit Type (5)'!C66)",B322*'Summary Sheet'!$C$7
323,"IF(ISBLANK('Unit Type (5)'!B67), "" "", 'Unit Type (5)'!B67)","IF(ISBLANK('Unit Type (5)'!C67), "" "", 'Unit Type (5)'!C67)",B323*'Summary Sheet'!$C$7
324,"IF(ISBLANK('Unit Type (5)'!B68), "" "", 'Unit Type (5)'!B68)","IF(ISBLANK('Unit Type (5)'!C68), "" "", 'Unit Type (5)'!C68)",B324*'Summary Sheet'!$C$7
325,"IF(ISBLANK('Unit Type (5)'!B69), "" "", 'Unit Type (5)'!B69)","IF(ISBLANK('Unit Type (5)'!C69), "" "", 'Unit Type (5)'!C69)",B325*'Summary Sheet'!$C$7
326,"IF(ISBLANK('Unit Type (5)'!B70), "" "", 'Unit Type (5)'!B70)","IF(ISBLANK('Unit Type (5)'!C70), "" "", 'Unit Type (5)'!C70)",B326*'Summary Sheet'!$C$7
327,"IF(ISBLANK('Unit Type (6)'!B6), "" "", 'Unit Type (6)'!B6)","IF(ISBLANK('Unit Type (6)'!C6), "" "", 'Unit Type (6)'!C6)",B327*'Summary Sheet'!$C$8
328,"IF(ISBLANK('Unit Type (6)'!B7), "" "", 'Unit Type (6)'!B7)","IF(ISBLANK('Unit Type (6)'!C7), "" "", 'Unit Type (6)'!C7)",B328*'Summary Sheet'!$C$8
329,"IF(ISBLANK('Unit Type (6)'!B8), "" "", 'Unit Type (6)'!B8)","IF(ISBLANK('Unit Type (6)'!C8), "" "", 'Unit Type (6)'!C8)",B329*'Summary Sheet'!$C$8
330,"IF(ISBLANK('Unit Type (6)'!B9), "" "", 'Unit Type (6)'!B9)","IF(ISBLANK('Unit Type (6)'!C9), "" "", 'Unit Type (6)'!C9)",B330*'Summary Sheet'!$C$8
331,"IF(ISBLANK('Unit Type (6)'!B10), "" "", 'Unit Type (6)'!B10)","IF(ISBLANK('Unit Type (6)'!C10), "" "", 'Unit Type (6)'!C10)",B331*'Summary Sheet'!$C$8
332,"IF(ISBLANK('Unit Type (6)'!B11), "" "", 'Unit Type (6)'!B11)","IF(ISBLANK('Unit Type (6)'!C11), "" "", 'Unit Type (6)'!C11)",B332*'Summary Sheet'!$C$8
333,"IF(ISBLANK('Unit Type (6)'!B12), "" "", 'Unit Type (6)'!B12)","IF(ISBLANK('Unit Type (6)'!C12), "" "", 'Unit Type (6)'!C12)",B333*'Summary Sheet'!$C$8
334,"IF(ISBLANK('Unit Type (6)'!B13), "" "", 'Unit Type (6)'!B13)","IF(ISBLANK('Unit Type (6)'!C13), "" "", 'Unit Type (6)'!C13)",B334*'Summary Sheet'!$C$8
335,"IF(ISBLANK('Unit Type (6)'!B14), "" "", 'Unit Type (6)'!B14)","IF(ISBLANK('Unit Type (6)'!C14), "" "", 'Unit Type (6)'!C14)",B335*'Summary Sheet'!$C$8
336,"IF(ISBLANK('Unit Type (6)'!B15), "" "", 'Unit Type (6)'!B15)","IF(ISBLANK('Unit Type (6)'!C15), "" "", 'Unit Type (6)'!C15)",B336*'Summary Sheet'!$C$8
337,"IF(ISBLANK('Unit Type (6)'!B16), "" "", 'Unit Type (6)'!B16)","IF(ISBLANK('Unit Type (6)'!C16), "" "", 'Unit Type (6)'!C16)",B337*'Summary Sheet'!$C$8
338,"IF(ISBLANK('Unit Type (6)'!B17), "" "", 'Unit Type (6)'!B17)","IF(ISBLANK('Unit Type (6)'!C17), "" "", 'Unit Type (6)'!C17)",B338*'Summary Sheet'!$C$8
339,"IF(ISBLANK('Unit Type (6)'!B18), "" "", 'Unit Type (6)'!B18)","IF(ISBLANK('Unit Type (6)'!C18), "" "", 'Unit Type (6)'!C18)",B339*'Summary Sheet'!$C$8
340,"IF(ISBLANK('Unit Type (6)'!B19), "" "", 'Unit Type (6)'!B19)","IF(ISBLANK('Unit Type (6)'!C19), "" "", 'Unit Type (6)'!C19)",B340*'Summary Sheet'!$C$8
341,"IF(ISBLANK('Unit Type (6)'!B20), "" "", 'Unit Type (6)'!B20)","IF(ISBLANK('Unit Type (6)'!C20), "" "", 'Unit Type (6)'!C20)",B341*'Summary Sheet'!$C$8
342,"IF(ISBLANK('Unit Type (6)'!B21), "" "", 'Unit Type (6)'!B21)","IF(ISBLANK('Unit Type (6)'!C21), "" "", 'Unit Type (6)'!C21)",B342*'Summary Sheet'!$C$8
343,"IF(ISBLANK('Unit Type (6)'!B22), "" "", 'Unit Type (6)'!B22)","IF(ISBLANK('Unit Type (6)'!C22), "" "", 'Unit Type (6)'!C22)",B343*'Summary Sheet'!$C$8
344,"IF(ISBLANK('Unit Type (6)'!B23), "" "", 'Unit Type (6)'!B23)","IF(ISBLANK('Unit Type (6)'!C23), "" "", 'Unit Type (6)'!C23)",B344*'Summary Sheet'!$C$8
345,"IF(ISBLANK('Unit Type (6)'!B24), "" "", 'Unit Type (6)'!B24)","IF(ISBLANK('Unit Type (6)'!C24), "" "", 'Unit Type (6)'!C24)",B345*'Summary Sheet'!$C$8
346,"IF(ISBLANK('Unit Type (6)'!B25), "" "", 'Unit Type (6)'!B25)","IF(ISBLANK('Unit Type (6)'!C25), "" "", 'Unit Type (6)'!C25)",B346*'Summary Sheet'!$C$8
347,"IF(ISBLANK('Unit Type (6)'!B26), "" "", 'Unit Type (6)'!B26)","IF(ISBLANK('Unit Type (6)'!C26), "" "", 'Unit Type (6)'!C26)",B347*'Summary Sheet'!$C$8
348,"IF(ISBLANK('Unit Type (6)'!B27), "" "", 'Unit Type (6)'!B27)","IF(ISBLANK('Unit Type (6)'!C27), "" "", 'Unit Type (6)'!C27)",B348*'Summary Sheet'!$C$8
349,"IF(ISBLANK('Unit Type (6)'!B28), "" "", 'Unit Type (6)'!B28)","IF(ISBLANK('Unit Type (6)'!C28), "" "", 'Unit Type (6)'!C28)",B349*'Summary Sheet'!$C$8
350,"IF(ISBLANK('Unit Type (6)'!B29), "" "", 'Unit Type (6)'!B29)","IF(ISBLANK('Unit Type (6)'!C29), "" "", 'Unit Type (6)'!C29)",B350*'Summary Sheet'!$C$8
351,"IF(ISBLANK('Unit Type (6)'!B30), "" "", 'Unit Type (6)'!B30)","IF(ISBLANK('Unit Type (6)'!C30), "" "", 'Unit Type (6)'!C30)",B351*'Summary Sheet'!$C$8
352,"IF(ISBLANK('Unit Type (6)'!B31), "" "", 'Unit Type (6)'!B31)","IF(ISBLANK('Unit Type (6)'!C31), "" "", 'Unit Type (6)'!C31)",B352*'Summary Sheet'!$C$8
353,"IF(ISBLANK('Unit Type (6)'!B32), "" "", 'Unit Type (6)'!B32)","IF(ISBLANK('Unit Type (6)'!C32), "" "", 'Unit Type (6)'!C32)",B353*'Summary Sheet'!$C$8
354,"IF(ISBLANK('Unit Type (6)'!B33), "" "", 'Unit Type (6)'!B33)","IF(ISBLANK('Unit Type (6)'!C33), "" "", 'Unit Type (6)'!C33)",B354*'Summary Sheet'!$C$8
355,"IF(ISBLANK('Unit Type (6)'!B34), "" "", 'Unit Type (6)'!B34)","IF(ISBLANK('Unit Type (6)'!C34), "" "", 'Unit Type (6)'!C34)",B355*'Summary Sheet'!$C$8
356,"IF(ISBLANK('Unit Type (6)'!B35), "" "", 'Unit Type (6)'!B35)","IF(ISBLANK('Unit Type (6)'!C35), "" "", 'Unit Type (6)'!C35)",B356*'Summary Sheet'!$C$8
357,"IF(ISBLANK('Unit Type (6)'!B36), "" "", 'Unit Type (6)'!B36)","IF(ISBLANK('Unit Type (6)'!C36), "" "", 'Unit Type (6)'!C36)",B357*'Summary Sheet'!$C$8
358,"IF(ISBLANK('Unit Type (6)'!B37), "" "", 'Unit Type (6)'!B37)","IF(ISBLANK('Unit Type (6)'!C37), "" "", 'Unit Type (6)'!C37)",B358*'Summary Sheet'!$C$8
359,"IF(ISBLANK('Unit Type (6)'!B38), "" "", 'Unit Type (6)'!B38)","IF(ISBLANK('Unit Type (6)'!C38), "" "", 'Unit Type (6)'!C38)",B359*'Summary Sheet'!$C$8
360,"IF(ISBLANK('Unit Type (6)'!B39), "" "", 'Unit Type (6)'!B39)","IF(ISBLANK('Unit Type (6)'!C39), "" "", 'Unit Type (6)'!C39)",B360*'Summary Sheet'!$C$8
361,"IF(ISBLANK('Unit Type (6)'!B40), "" "", 'Unit Type (6)'!B40)","IF(ISBLANK('Unit Type (6)'!C40), "" "", 'Unit Type (6)'!C40)",B361*'Summary Sheet'!$C$8
362,"IF(ISBLANK('Unit Type (6)'!B41), "" "", 'Unit Type (6)'!B41)","IF(ISBLANK('Unit Type (6)'!C41), "" "", 'Unit Type (6)'!C41)",B362*'Summary Sheet'!$C$8
363,"IF(ISBLANK('Unit Type (6)'!B42), "" "", 'Unit Type (6)'!B42)","IF(ISBLANK('Unit Type (6)'!C42), "" "", 'Unit Type (6)'!C42)",B363*'Summary Sheet'!$C$8
364,"IF(ISBLANK('Unit Type (6)'!B43), "" "", 'Unit Type (6)'!B43)","IF(ISBLANK('Unit Type (6)'!C43), "" "", 'Unit Type (6)'!C43)",B364*'Summary Sheet'!$C$8
365,"IF(ISBLANK('Unit Type (6)'!B44), "" "", 'Unit Type (6)'!B44)","IF(ISBLANK('Unit Type (6)'!C44), "" "", 'Unit Type (6)'!C44)",B365*'Summary Sheet'!$C$8
366,"IF(ISBLANK('Unit Type (6)'!B45), "" "", 'Unit Type (6)'!B45)","IF(ISBLANK('Unit Type (6)'!C45), "" "", 'Unit Type (6)'!C45)",B366*'Summary Sheet'!$C$8
367,"IF(ISBLANK('Unit Type (6)'!B46), "" "", 'Unit Type (6)'!B46)","IF(ISBLANK('Unit Type (6)'!C46), "" "", 'Unit Type (6)'!C46)",B367*'Summary Sheet'!$C$8
368,"IF(ISBLANK('Unit Type (6)'!B47), "" "", 'Unit Type (6)'!B47)","IF(ISBLANK('Unit Type (6)'!C47), "" "", 'Unit Type (6)'!C47)",B368*'Summary Sheet'!$C$8
369,"IF(ISBLANK('Unit Type (6)'!B48), "" "", 'Unit Type (6)'!B48)","IF(ISBLANK('Unit Type (6)'!C48), "" "", 'Unit Type (6)'!C48)",B369*'Summary Sheet'!$C$8
370,"IF(ISBLANK('Unit Type (6)'!B49), "" "", 'Unit Type (6)'!B49)","IF(ISBLANK('Unit Type (6)'!C49), "" "", 'Unit Type (6)'!C49)",B370*'Summary Sheet'!$C$8
371,"IF(ISBLANK('Unit Type (6)'!B50), "" "", 'Unit Type (6)'!B50)","IF(ISBLANK('Unit Type (6)'!C50), "" "", 'Unit Type (6)'!C50)",B371*'Summary Sheet'!$C$8
372,"IF(ISBLANK('Unit Type (6)'!B51), "" "", 'Unit Type (6)'!B51)","IF(ISBLANK('Unit Type (6)'!C51), "" "", 'Unit Type (6)'!C51)",B372*'Summary Sheet'!$C$8
373,"IF(ISBLANK('Unit Type (6)'!B52), "" "", 'Unit Type (6)'!B52)","IF(ISBLANK('Unit Type (6)'!C52), "" "", 'Unit Type (6)'!C52)",B373*'Summary Sheet'!$C$8
374,"IF(ISBLANK('Unit Type (6)'!B53), "" "", 'Unit Type (6)'!B53)","IF(ISBLANK('Unit Type (6)'!C53), "" "", 'Unit Type (6)'!C53)",B374*'Summary Sheet'!$C$8
375,"IF(ISBLANK('Unit Type (6)'!B54), "" "", 'Unit Type (6)'!B54)","IF(ISBLANK('Unit Type (6)'!C54), "" "", 'Unit Type (6)'!C54)",B375*'Summary Sheet'!$C$8
376,"IF(ISBLANK('Unit Type (6)'!B55), "" "", 'Unit Type (6)'!B55)","IF(ISBLANK('Unit Type (6)'!C55), "" "", 'Unit Type (6)'!C55)",B376*'Summary Sheet'!$C$8
377,"IF(ISBLANK('Unit Type (6)'!B56), "" "", 'Unit Type (6)'!B56)","IF(ISBLANK('Unit Type (6)'!C56), "" "", 'Unit Type (6)'!C56)",B377*'Summary Sheet'!$C$8
378,"IF(ISBLANK('Unit Type (6)'!B57), "" "", 'Unit Type (6)'!B57)","IF(ISBLANK('Unit Type (6)'!C57), "" "", 'Unit Type (6)'!C57)",B378*'Summary Sheet'!$C$8
379,"IF(ISBLANK('Unit Type (6)'!B58), "" "", 'Unit Type (6)'!B58)","IF(ISBLANK('Unit Type (6)'!C58), "" "", 'Unit Type (6)'!C58)",B379*'Summary Sheet'!$C$8
380,"IF(ISBLANK('Unit Type (6)'!B59), "" "", 'Unit Type (6)'!B59)","IF(ISBLANK('Unit Type (6)'!C59), "" "", 'Unit Type (6)'!C59)",B380*'Summary Sheet'!$C$8
381,"IF(ISBLANK('Unit Type (6)'!B60), "" "", 'Unit Type (6)'!B60)","IF(ISBLANK('Unit Type (6)'!C60), "" "", 'Unit Type (6)'!C60)",B381*'Summary Sheet'!$C$8
382,"IF(ISBLANK('Unit Type (6)'!B61), "" "", 'Unit Type (6)'!B61)","IF(ISBLANK('Unit Type (6)'!C61), "" "", 'Unit Type (6)'!C61)",B382*'Summary Sheet'!$C$8
383,"IF(ISBLANK('Unit Type (6)'!B62), "" "", 'Unit Type (6)'!B62)","IF(ISBLANK('Unit Type (6)'!C62), "" "", 'Unit Type (6)'!C62)",B383*'Summary Sheet'!$C$8
384,"IF(ISBLANK('Unit Type (6)'!B63), "" "", 'Unit Type (6)'!B63)","IF(ISBLANK('Unit Type (6)'!C63), "" "", 'Unit Type (6)'!C63)",B384*'Summary Sheet'!$C$8
385,"IF(ISBLANK('Unit Type (6)'!B64), "" "", 'Unit Type (6)'!B64)","IF(ISBLANK('Unit Type (6)'!C64), "" "", 'Unit Type (6)'!C64)",B385*'Summary Sheet'!$C$8
386,"IF(ISBLANK('Unit Type (6)'!B65), "" "", 'Unit Type (6)'!B65)","IF(ISBLANK('Unit Type (6)'!C65), "" "", 'Unit Type (6)'!C65)",B386*'Summary Sheet'!$C$8
387,"IF(ISBLANK('Unit Type (6)'!B66), "" "", 'Unit Type (6)'!B66)","IF(ISBLANK('Unit Type (6)'!C66), "" "", 'Unit Type (6)'!C66)",B387*'Summary Sheet'!$C$8
388,"IF(ISBLANK('Unit Type (6)'!B67), "" "", 'Unit Type (6)'!B67)","IF(ISBLANK('Unit Type (6)'!C67), "" "", 'Unit Type (6)'!C67)",B388*'Summary Sheet'!$C$8
389,"IF(ISBLANK('Unit Type (6)'!B68), "" "", 'Unit Type (6)'!B68)","IF(ISBLANK('Unit Type (6)'!C68), "" "", 'Unit Type (6)'!C68)",B389*'Summary Sheet'!$C$8
390,"IF(ISBLANK('Unit Type (6)'!B69), "" "", 'Unit Type (6)'!B69)","IF(ISBLANK('Unit Type (6)'!C69), "" "", 'Unit Type (6)'!C69)",B390*'Summary Sheet'!$C$8
391,"IF(ISBLANK('Unit Type (6)'!B70), "" "", 'Unit Type (6)'!B70)","IF(ISBLANK('Unit Type (6)'!C70), "" "", 'Unit Type (6)'!C70)",B391*'Summary Sheet'!$C$8
392,"IF(ISBLANK('Unit Type (7)'!B6), "" "", 'Unit Type (7)'!B6)","IF(ISBLANK('Unit Type (7)'!C6), "" "", 'Unit Type (7)'!C6)",B392*'Summary Sheet'!$C$9
393,"IF(ISBLANK('Unit Type (7)'!B7), "" "", 'Unit Type (7)'!B7)","IF(ISBLANK('Unit Type (7)'!C7), "" "", 'Unit Type (7)'!C7)",B393*'Summary Sheet'!$C$9
394,"IF(ISBLANK('Unit Type (7)'!B8), "" "", 'Unit Type (7)'!B8)","IF(ISBLANK('Unit Type (7)'!C8), "" "", 'Unit Type (7)'!C8)",B394*'Summary Sheet'!$C$9
395,"IF(ISBLANK('Unit Type (7)'!B9), "" "", 'Unit Type (7)'!B9)","IF(ISBLANK('Unit Type (7)'!C9), "" "", 'Unit Type (7)'!C9)",B395*'Summary Sheet'!$C$9
396,"IF(ISBLANK('Unit Type (7)'!B10), "" "", 'Unit Type (7)'!B10)","IF(ISBLANK('Unit Type (7)'!C10), "" "", 'Unit Type (7)'!C10)",B396*'Summary Sheet'!$C$9
397,"IF(ISBLANK('Unit Type (7)'!B11), "" "", 'Unit Type (7)'!B11)","IF(ISBLANK('Unit Type (7)'!C11), "" "", 'Unit Type (7)'!C11)",B397*'Summary Sheet'!$C$9
398,"IF(ISBLANK('Unit Type (7)'!B12), "" "", 'Unit Type (7)'!B12)","IF(ISBLANK('Unit Type (7)'!C12), "" "", 'Unit Type (7)'!C12)",B398*'Summary Sheet'!$C$9
399,"IF(ISBLANK('Unit Type (7)'!B13), "" "", 'Unit Type (7)'!B13)","IF(ISBLANK('Unit Type (7)'!C13), "" "", 'Unit Type (7)'!C13)",B399*'Summary Sheet'!$C$9
400,"IF(ISBLANK('Unit Type (7)'!B14), "" "", 'Unit Type (7)'!B14)","IF(ISBLANK('Unit Type (7)'!C14), "" "", 'Unit Type (7)'!C14)",B400*'Summary Sheet'!$C$9
401,"IF(ISBLANK('Unit Type (7)'!B15), "" "", 'Unit Type (7)'!B15)","IF(ISBLANK('Unit Type (7)'!C15), "" "", 'Unit Type (7)'!C15)",B401*'Summary Sheet'!$C$9
402,"IF(ISBLANK('Unit Type (7)'!B16), "" "", 'Unit Type (7)'!B16)","IF(ISBLANK('Unit Type (7)'!C16), "" "", 'Unit Type (7)'!C16)",B402*'Summary Sheet'!$C$9
403,"IF(ISBLANK('Unit Type (7)'!B17), "" "", 'Unit Type (7)'!B17)","IF(ISBLANK('Unit Type (7)'!C17), "" "", 'Unit Type (7)'!C17)",B403*'Summary Sheet'!$C$9
404,"IF(ISBLANK('Unit Type (7)'!B18), "" "", 'Unit Type (7)'!B18)","IF(ISBLANK('Unit Type (7)'!C18), "" "", 'Unit Type (7)'!C18)",B404*'Summary Sheet'!$C$9
405,"IF(ISBLANK('Unit Type (7)'!B19), "" "", 'Unit Type (7)'!B19)","IF(ISBLANK('Unit Type (7)'!C19), "" "", 'Unit Type (7)'!C19)",B405*'Summary Sheet'!$C$9
406,"IF(ISBLANK('Unit Type (7)'!B20), "" "", 'Unit Type (7)'!B20)","IF(ISBLANK('Unit Type (7)'!C20), "" "", 'Unit Type (7)'!C20)",B406*'Summary Sheet'!$C$9
407,"IF(ISBLANK('Unit Type (7)'!B21), "" "", 'Unit Type (7)'!B21)","IF(ISBLANK('Unit Type (7)'!C21), "" "", 'Unit Type (7)'!C21)",B407*'Summary Sheet'!$C$9
408,"IF(ISBLANK('Unit Type (7)'!B22), "" "", 'Unit Type (7)'!B22)","IF(ISBLANK('Unit Type (7)'!C22), "" "", 'Unit Type (7)'!C22)",B408*'Summary Sheet'!$C$9
409,"IF(ISBLANK('Unit Type (7)'!B23), "" "", 'Unit Type (7)'!B23)","IF(ISBLANK('Unit Type (7)'!C23), "" "", 'Unit Type (7)'!C23)",B409*'Summary Sheet'!$C$9
410,"IF(ISBLANK('Unit Type (7)'!B24), "" "", 'Unit Type (7)'!B24)","IF(ISBLANK('Unit Type (7)'!C24), "" "", 'Unit Type (7)'!C24)",B410*'Summary Sheet'!$C$9
411,"IF(ISBLANK('Unit Type (7)'!B25), "" "", 'Unit Type (7)'!B25)","IF(ISBLANK('Unit Type (7)'!C25), "" "", 'Unit Type (7)'!C25)",B411*'Summary Sheet'!$C$9
412,"IF(ISBLANK('Unit Type (7)'!B26), "" "", 'Unit Type (7)'!B26)","IF(ISBLANK('Unit Type (7)'!C26), "" "", 'Unit Type (7)'!C26)",B412*'Summary Sheet'!$C$9
413,"IF(ISBLANK('Unit Type (7)'!B27), "" "", 'Unit Type (7)'!B27)","IF(ISBLANK('Unit Type (7)'!C27), "" "", 'Unit Type (7)'!C27)",B413*'Summary Sheet'!$C$9
414,"IF(ISBLANK('Unit Type (7)'!B28), "" "", 'Unit Type (7)'!B28)","IF(ISBLANK('Unit Type (7)'!C28), "" "", 'Unit Type (7)'!C28)",B414*'Summary Sheet'!$C$9
415,"IF(ISBLANK('Unit Type (7)'!B29), "" "", 'Unit Type (7)'!B29)","IF(ISBLANK('Unit Type (7)'!C29), "" "", 'Unit Type (7)'!C29)",B415*'Summary Sheet'!$C$9
416,"IF(ISBLANK('Unit Type (7)'!B30), "" "", 'Unit Type (7)'!B30)","IF(ISBLANK('Unit Type (7)'!C30), "" "", 'Unit Type (7)'!C30)",B416*'Summary Sheet'!$C$9
417,"IF(ISBLANK('Unit Type (7)'!B31), "" "", 'Unit Type (7)'!B31)","IF(ISBLANK('Unit Type (7)'!C31), "" "", 'Unit Type (7)'!C31)",B417*'Summary Sheet'!$C$9
418,"IF(ISBLANK('Unit Type (7)'!B32), "" "", 'Unit Type (7)'!B32)","IF(ISBLANK('Unit Type (7)'!C32), "" "", 'Unit Type (7)'!C32)",B418*'Summary Sheet'!$C$9
419,"IF(ISBLANK('Unit Type (7)'!B33), "" "", 'Unit Type (7)'!B33)","IF(ISBLANK('Unit Type (7)'!C33), "" "", 'Unit Type (7)'!C33)",B419*'Summary Sheet'!$C$9
420,"IF(ISBLANK('Unit Type (7)'!B34), "" "", 'Unit Type (7)'!B34)","IF(ISBLANK('Unit Type (7)'!C34), "" "", 'Unit Type (7)'!C34)",B420*'Summary Sheet'!$C$9
421,"IF(ISBLANK('Unit Type (7)'!B35), "" "", 'Unit Type (7)'!B35)","IF(ISBLANK('Unit Type (7)'!C35), "" "", 'Unit Type (7)'!C35)",B421*'Summary Sheet'!$C$9
422,"IF(ISBLANK('Unit Type (7)'!B36), "" "", 'Unit Type (7)'!B36)","IF(ISBLANK('Unit Type (7)'!C36), "" "", 'Unit Type (7)'!C36)",B422*'Summary Sheet'!$C$9
423,"IF(ISBLANK('Unit Type (7)'!B37), "" "", 'Unit Type (7)'!B37)","IF(ISBLANK('Unit Type (7)'!C37), "" "", 'Unit Type (7)'!C37)",B423*'Summary Sheet'!$C$9
424,"IF(ISBLANK('Unit Type (7)'!B38), "" "", 'Unit Type (7)'!B38)","IF(ISBLANK('Unit Type (7)'!C38), "" "", 'Unit Type (7)'!C38)",B424*'Summary Sheet'!$C$9
425,"IF(ISBLANK('Unit Type (7)'!B39), "" "", 'Unit Type (7)'!B39)","IF(ISBLANK('Unit Type (7)'!C39), "" "", 'Unit Type (7)'!C39)",B425*'Summary Sheet'!$C$9
426,"IF(ISBLANK('Unit Type (7)'!B40), "" "", 'Unit Type (7)'!B40)","IF(ISBLANK('Unit Type (7)'!C40), "" "", 'Unit Type (7)'!C40)",B426*'Summary Sheet'!$C$9
427,"IF(ISBLANK('Unit Type (7)'!B41), "" "", 'Unit Type (7)'!B41)","IF(ISBLANK('Unit Type (7)'!C41), "" "", 'Unit Type (7)'!C41)",B427*'Summary Sheet'!$C$9
428,"IF(ISBLANK('Unit Type (7)'!B42), "" "", 'Unit Type (7)'!B42)","IF(ISBLANK('Unit Type (7)'!C42), "" "", 'Unit Type (7)'!C42)",B428*'Summary Sheet'!$C$9
429,"IF(ISBLANK('Unit Type (7)'!B43), "" "", 'Unit Type (7)'!B43)","IF(ISBLANK('Unit Type (7)'!C43), "" "", 'Unit Type (7)'!C43)",B429*'Summary Sheet'!$C$9
430,"IF(ISBLANK('Unit Type (7)'!B44), "" "", 'Unit Type (7)'!B44)","IF(ISBLANK('Unit Type (7)'!C44), "" "", 'Unit Type (7)'!C44)",B430*'Summary Sheet'!$C$9
431,"IF(ISBLANK('Unit Type (7)'!B45), "" "", 'Unit Type (7)'!B45)","IF(ISBLANK('Unit Type (7)'!C45), "" "", 'Unit Type (7)'!C45)",B431*'Summary Sheet'!$C$9
432,"IF(ISBLANK('Unit Type (7)'!B46), "" "", 'Unit Type (7)'!B46)","IF(ISBLANK('Unit Type (7)'!C46), "" "", 'Unit Type (7)'!C46)",B432*'Summary Sheet'!$C$9
433,"IF(ISBLANK('Unit Type (7)'!B47), "" "", 'Unit Type (7)'!B47)","IF(ISBLANK('Unit Type (7)'!C47), "" "", 'Unit Type (7)'!C47)",B433*'Summary Sheet'!$C$9
434,"IF(ISBLANK('Unit Type (7)'!B48), "" "", 'Unit Type (7)'!B48)","IF(ISBLANK('Unit Type (7)'!C48), "" "", 'Unit Type (7)'!C48)",B434*'Summary Sheet'!$C$9
435,"IF(ISBLANK('Unit Type (7)'!B49), "" "", 'Unit Type (7)'!B49)","IF(ISBLANK('Unit Type (7)'!C49), "" "", 'Unit Type (7)'!C49)",B435*'Summary Sheet'!$C$9
436,"IF(ISBLANK('Unit Type (7)'!B50), "" "", 'Unit Type (7)'!B50)","IF(ISBLANK('Unit Type (7)'!C50), "" "", 'Unit Type (7)'!C50)",B436*'Summary Sheet'!$C$9
437,"IF(ISBLANK('Unit Type (7)'!B51), "" "", 'Unit Type (7)'!B51)","IF(ISBLANK('Unit Type (7)'!C51), "" "", 'Unit Type (7)'!C51)",B437*'Summary Sheet'!$C$9
438,"IF(ISBLANK('Unit Type (7)'!B52), "" "", 'Unit Type (7)'!B52)","IF(ISBLANK('Unit Type (7)'!C52), "" "", 'Unit Type (7)'!C52)",B438*'Summary Sheet'!$C$9
439,"IF(ISBLANK('Unit Type (7)'!B53), "" "", 'Unit Type (7)'!B53)","IF(ISBLANK('Unit Type (7)'!C53), "" "", 'Unit Type (7)'!C53)",B439*'Summary Sheet'!$C$9
440,"IF(ISBLANK('Unit Type (7)'!B54), "" "", 'Unit Type (7)'!B54)","IF(ISBLANK('Unit Type (7)'!C54), "" "", 'Unit Type (7)'!C54)",B440*'Summary Sheet'!$C$9
441,"IF(ISBLANK('Unit Type (7)'!B55), "" "", 'Unit Type (7)'!B55)","IF(ISBLANK('Unit Type (7)'!C55), "" "", 'Unit Type (7)'!C55)",B441*'Summary Sheet'!$C$9
442,"IF(ISBLANK('Unit Type (7)'!B56), "" "", 'Unit Type (7)'!B56)","IF(ISBLANK('Unit Type (7)'!C56), "" "", 'Unit Type (7)'!C56)",B442*'Summary Sheet'!$C$9
443,"IF(ISBLANK('Unit Type (7)'!B57), "" "", 'Unit Type (7)'!B57)","IF(ISBLANK('Unit Type (7)'!C57), "" "", 'Unit Type (7)'!C57)",B443*'Summary Sheet'!$C$9
444,"IF(ISBLANK('Unit Type (7)'!B58), "" "", 'Unit Type (7)'!B58)","IF(ISBLANK('Unit Type (7)'!C58), "" "", 'Unit Type (7)'!C58)",B444*'Summary Sheet'!$C$9
445,"IF(ISBLANK('Unit Type (7)'!B59), "" "", 'Unit Type (7)'!B59)","IF(ISBLANK('Unit Type (7)'!C59), "" "", 'Unit Type (7)'!C59)",B445*'Summary Sheet'!$C$9
446,"IF(ISBLANK('Unit Type (7)'!B60), "" "", 'Unit Type (7)'!B60)","IF(ISBLANK('Unit Type (7)'!C60), "" "", 'Unit Type (7)'!C60)",B446*'Summary Sheet'!$C$9
447,"IF(ISBLANK('Unit Type (7)'!B61), "" "", 'Unit Type (7)'!B61)","IF(ISBLANK('Unit Type (7)'!C61), "" "", 'Unit Type (7)'!C61)",B447*'Summary Sheet'!$C$9
448,"IF(ISBLANK('Unit Type (7)'!B62), "" "", 'Unit Type (7)'!B62)","IF(ISBLANK('Unit Type (7)'!C62), "" "", 'Unit Type (7)'!C62)",B448*'Summary Sheet'!$C$9
449,"IF(ISBLANK('Unit Type (7)'!B63), "" "", 'Unit Type (7)'!B63)","IF(ISBLANK('Unit Type (7)'!C63), "" "", 'Unit Type (7)'!C63)",B449*'Summary Sheet'!$C$9
450,"IF(ISBLANK('Unit Type (7)'!B64), "" "", 'Unit Type (7)'!B64)","IF(ISBLANK('Unit Type (7)'!C64), "" "", 'Unit Type (7)'!C64)",B450*'Summary Sheet'!$C$9
451,"IF(ISBLANK('Unit Type (7)'!B65), "" "", 'Unit Type (7)'!B65)","IF(ISBLANK('Unit Type (7)'!C65), "" "", 'Unit Type (7)'!C65)",B451*'Summary Sheet'!$C$9
452,"IF(ISBLANK('Unit Type (7)'!B66), "" "", 'Unit Type (7)'!B66)","IF(ISBLANK('Unit Type (7)'!C66), "" "", 'Unit Type (7)'!C66)",B452*'Summary Sheet'!$C$9
453,"IF(ISBLANK('Unit Type (7)'!B67), "" "", 'Unit Type (7)'!B67)","IF(ISBLANK('Unit Type (7)'!C67), "" "", 'Unit Type (7)'!C67)",B453*'Summary Sheet'!$C$9
454,"IF(ISBLANK('Unit Type (7)'!B68), "" "", 'Unit Type (7)'!B68)","IF(ISBLANK('Unit Type (7)'!C68), "" "", 'Unit Type (7)'!C68)",B454*'Summary Sheet'!$C$9
455,"IF(ISBLANK('Unit Type (7)'!B69), "" "", 'Unit Type (7)'!B69)","IF(ISBLANK('Unit Type (7)'!C69), "" "", 'Unit Type (7)'!C69)",B455*'Summary Sheet'!$C$9
456,"IF(ISBLANK('Unit Type (7)'!B70), "" "", 'Unit Type (7)'!B70)","IF(ISBLANK('Unit Type (7)'!C70), "" "", 'Unit Type (7)'!C70)",B456*'Summary Sheet'!$C$9
457,"IF(ISBLANK('Unit Type (8)'!B6), "" "", 'Unit Type (8)'!B6)","IF(ISBLANK('Unit Type (8)'!C6), "" "", 'Unit Type (8)'!C6)",B457*'Summary Sheet'!$C$10
458,"IF(ISBLANK('Unit Type (8)'!B7), "" "", 'Unit Type (8)'!B7)","IF(ISBLANK('Unit Type (8)'!C7), "" "", 'Unit Type (8)'!C7)",B458*'Summary Sheet'!$C$10
459,"IF(ISBLANK('Unit Type (8)'!B8), "" "", 'Unit Type (8)'!B8)","IF(ISBLANK('Unit Type (8)'!C8), "" "", 'Unit Type (8)'!C8)",B459*'Summary Sheet'!$C$10
460,"IF(ISBLANK('Unit Type (8)'!B9), "" "", 'Unit Type (8)'!B9)","IF(ISBLANK('Unit Type (8)'!C9), "" "", 'Unit Type (8)'!C9)",B460*'Summary Sheet'!$C$10
461,"IF(ISBLANK('Unit Type (8)'!B10), "" "", 'Unit Type (8)'!B10)","IF(ISBLANK('Unit Type (8)'!C10), "" "", 'Unit Type (8)'!C10)",B461*'Summary Sheet'!$C$10
462,"IF(ISBLANK('Unit Type (8)'!B11), "" "", 'Unit Type (8)'!B11)","IF(ISBLANK('Unit Type (8)'!C11), "" "", 'Unit Type (8)'!C11)",B462*'Summary Sheet'!$C$10
463,"IF(ISBLANK('Unit Type (8)'!B12), "" "", 'Unit Type (8)'!B12)","IF(ISBLANK('Unit Type (8)'!C12), "" "", 'Unit Type (8)'!C12)",B463*'Summary Sheet'!$C$10
464,"IF(ISBLANK('Unit Type (8)'!B13), "" "", 'Unit Type (8)'!B13)","IF(ISBLANK('Unit Type (8)'!C13), "" "", 'Unit Type (8)'!C13)",B464*'Summary Sheet'!$C$10
465,"IF(ISBLANK('Unit Type (8)'!B14), "" "", 'Unit Type (8)'!B14)","IF(ISBLANK('Unit Type (8)'!C14), "" "", 'Unit Type (8)'!C14)",B465*'Summary Sheet'!$C$10
466,"IF(ISBLANK('Unit Type (8)'!B15), "" "", 'Unit Type (8)'!B15)","IF(ISBLANK('Unit Type (8)'!C15), "" "", 'Unit Type (8)'!C15)",B466*'Summary Sheet'!$C$10
467,"IF(ISBLANK('Unit Type (8)'!B16), "" "", 'Unit Type (8)'!B16)","IF(ISBLANK('Unit Type (8)'!C16), "" "", 'Unit Type (8)'!C16)",B467*'Summary Sheet'!$C$10
468,"IF(ISBLANK('Unit Type (8)'!B17), "" "", 'Unit Type (8)'!B17)","IF(ISBLANK('Unit Type (8)'!C17), "" "", 'Unit Type (8)'!C17)",B468*'Summary Sheet'!$C$10
469,"IF(ISBLANK('Unit Type (8)'!B18), "" "", 'Unit Type (8)'!B18)","IF(ISBLANK('Unit Type (8)'!C18), "" "", 'Unit Type (8)'!C18)",B469*'Summary Sheet'!$C$10
470,"IF(ISBLANK('Unit Type (8)'!B19), "" "", 'Unit Type (8)'!B19)","IF(ISBLANK('Unit Type (8)'!C19), "" "", 'Unit Type (8)'!C19)",B470*'Summary Sheet'!$C$10
471,"IF(ISBLANK('Unit Type (8)'!B20), "" "", 'Unit Type (8)'!B20)","IF(ISBLANK('Unit Type (8)'!C20), "" "", 'Unit Type (8)'!C20)",B471*'Summary Sheet'!$C$10
472,"IF(ISBLANK('Unit Type (8)'!B21), "" "", 'Unit Type (8)'!B21)","IF(ISBLANK('Unit Type (8)'!C21), "" "", 'Unit Type (8)'!C21)",B472*'Summary Sheet'!$C$10
473,"IF(ISBLANK('Unit Type (8)'!B22), "" "", 'Unit Type (8)'!B22)","IF(ISBLANK('Unit Type (8)'!C22), "" "", 'Unit Type (8)'!C22)",B473*'Summary Sheet'!$C$10
474,"IF(ISBLANK('Unit Type (8)'!B23), "" "", 'Unit Type (8)'!B23)","IF(ISBLANK('Unit Type (8)'!C23), "" "", 'Unit Type (8)'!C23)",B474*'Summary Sheet'!$C$10
475,"IF(ISBLANK('Unit Type (8)'!B24), "" "", 'Unit Type (8)'!B24)","IF(ISBLANK('Unit Type (8)'!C24), "" "", 'Unit Type (8)'!C24)",B475*'Summary Sheet'!$C$10
476,"IF(ISBLANK('Unit Type (8)'!B25), "" "", 'Unit Type (8)'!B25)","IF(ISBLANK('Unit Type (8)'!C25), "" "", 'Unit Type (8)'!C25)",B476*'Summary Sheet'!$C$10
477,"IF(ISBLANK('Unit Type (8)'!B26), "" "", 'Unit Type (8)'!B26)","IF(ISBLANK('Unit Type (8)'!C26), "" "", 'Unit Type (8)'!C26)",B477*'Summary Sheet'!$C$10
478,"IF(ISBLANK('Unit Type (8)'!B27), "" "", 'Unit Type (8)'!B27)","IF(ISBLANK('Unit Type (8)'!C27), "" "", 'Unit Type (8)'!C27)",B478*'Summary Sheet'!$C$10
479,"IF(ISBLANK('Unit Type (8)'!B28), "" "", 'Unit Type (8)'!B28)","IF(ISBLANK('Unit Type (8)'!C28), "" "", 'Unit Type (8)'!C28)",B479*'Summary Sheet'!$C$10
480,"IF(ISBLANK('Unit Type (8)'!B29), "" "", 'Unit Type (8)'!B29)","IF(ISBLANK('Unit Type (8)'!C29), "" "", 'Unit Type (8)'!C29)",B480*'Summary Sheet'!$C$10
481,"IF(ISBLANK('Unit Type (8)'!B30), "" "", 'Unit Type (8)'!B30)","IF(ISBLANK('Unit Type (8)'!C30), "" "", 'Unit Type (8)'!C30)",B481*'Summary Sheet'!$C$10
482,"IF(ISBLANK('Unit Type (8)'!B31), "" "", 'Unit Type (8)'!B31)","IF(ISBLANK('Unit Type (8)'!C31), "" "", 'Unit Type (8)'!C31)",B482*'Summary Sheet'!$C$10
483,"IF(ISBLANK('Unit Type (8)'!B32), "" "", 'Unit Type (8)'!B32)","IF(ISBLANK('Unit Type (8)'!C32), "" "", 'Unit Type (8)'!C32)",B483*'Summary Sheet'!$C$10
484,"IF(ISBLANK('Unit Type (8)'!B33), "" "", 'Unit Type (8)'!B33)","IF(ISBLANK('Unit Type (8)'!C33), "" "", 'Unit Type (8)'!C33)",B484*'Summary Sheet'!$C$10
485,"IF(ISBLANK('Unit Type (8)'!B34), "" "", 'Unit Type (8)'!B34)","IF(ISBLANK('Unit Type (8)'!C34), "" "", 'Unit Type (8)'!C34)",B485*'Summary Sheet'!$C$10
486,"IF(ISBLANK('Unit Type (8)'!B35), "" "", 'Unit Type (8)'!B35)","IF(ISBLANK('Unit Type (8)'!C35), "" "", 'Unit Type (8)'!C35)",B486*'Summary Sheet'!$C$10
487,"IF(ISBLANK('Unit Type (8)'!B36), "" "", 'Unit Type (8)'!B36)","IF(ISBLANK('Unit Type (8)'!C36), "" "", 'Unit Type (8)'!C36)",B487*'Summary Sheet'!$C$10
488,"IF(ISBLANK('Unit Type (8)'!B37), "" "", 'Unit Type (8)'!B37)","IF(ISBLANK('Unit Type (8)'!C37), "" "", 'Unit Type (8)'!C37)",B488*'Summary Sheet'!$C$10
489,"IF(ISBLANK('Unit Type (8)'!B38), "" "", 'Unit Type (8)'!B38)","IF(ISBLANK('Unit Type (8)'!C38), "" "", 'Unit Type (8)'!C38)",B489*'Summary Sheet'!$C$10
490,"IF(ISBLANK('Unit Type (8)'!B39), "" "", 'Unit Type (8)'!B39)","IF(ISBLANK('Unit Type (8)'!C39), "" "", 'Unit Type (8)'!C39)",B490*'Summary Sheet'!$C$10
491,"IF(ISBLANK('Unit Type (8)'!B40), "" "", 'Unit Type (8)'!B40)","IF(ISBLANK('Unit Type (8)'!C40), "" "", 'Unit Type (8)'!C40)",B491*'Summary Sheet'!$C$10
492,"IF(ISBLANK('Unit Type (8)'!B41), "" "", 'Unit Type (8)'!B41)","IF(ISBLANK('Unit Type (8)'!C41), "" "", 'Unit Type (8)'!C41)",B492*'Summary Sheet'!$C$10
493,"IF(ISBLANK('Unit Type (8)'!B42), "" "", 'Unit Type (8)'!B42)","IF(ISBLANK('Unit Type (8)'!C42), "" "", 'Unit Type (8)'!C42)",B493*'Summary Sheet'!$C$10
494,"IF(ISBLANK('Unit Type (8)'!B43), "" "", 'Unit Type (8)'!B43)","IF(ISBLANK('Unit Type (8)'!C43), "" "", 'Unit Type (8)'!C43)",B494*'Summary Sheet'!$C$10
495,"IF(ISBLANK('Unit Type (8)'!B44), "" "", 'Unit Type (8)'!B44)","IF(ISBLANK('Unit Type (8)'!C44), "" "", 'Unit Type (8)'!C44)",B495*'Summary Sheet'!$C$10
496,"IF(ISBLANK('Unit Type (8)'!B45), "" "", 'Unit Type (8)'!B45)","IF(ISBLANK('Unit Type (8)'!C45), "" "", 'Unit Type (8)'!C45)",B496*'Summary Sheet'!$C$10
497,"IF(ISBLANK('Unit Type (8)'!B46), "" "", 'Unit Type (8)'!B46)","IF(ISBLANK('Unit Type (8)'!C46), "" "", 'Unit Type (8)'!C46)",B497*'Summary Sheet'!$C$10
498,"IF(ISBLANK('Unit Type (8)'!B47), "" "", 'Unit Type (8)'!B47)","IF(ISBLANK('Unit Type (8)'!C47), "" "", 'Unit Type (8)'!C47)",B498*'Summary Sheet'!$C$10
499,"IF(ISBLANK('Unit Type (8)'!B48), "" "", 'Unit Type (8)'!B48)","IF(ISBLANK('Unit Type (8)'!C48), "" "", 'Unit Type (8)'!C48)",B499*'Summary Sheet'!$C$10
500,"IF(ISBLANK('Unit Type (8)'!B49), "" "", 'Unit Type (8)'!B49)","IF(ISBLANK('Unit Type (8)'!C49), "" "", 'Unit Type (8)'!C49)",B500*'Summary Sheet'!$C$10
501,"IF(ISBLANK('Unit Type (8)'!B50), "" "", 'Unit Type (8)'!B50)","IF(ISBLANK('Unit Type (8)'!C50), "" "", 'Unit Type (8)'!C50)",B501*'Summary Sheet'!$C$10
502,"IF(ISBLANK('Unit Type (8)'!B51), "" "", 'Unit Type (8)'!B51)","IF(ISBLANK('Unit Type (8)'!C51), "" "", 'Unit Type (8)'!C51)",B502*'Summary Sheet'!$C$10
503,"IF(ISBLANK('Unit Type (8)'!B52), "" "", 'Unit Type (8)'!B52)","IF(ISBLANK('Unit Type (8)'!C52), "" "", 'Unit Type (8)'!C52)",B503*'Summary Sheet'!$C$10
504,"IF(ISBLANK('Unit Type (8)'!B53), "" "", 'Unit Type (8)'!B53)","IF(ISBLANK('Unit Type (8)'!C53), "" "", 'Unit Type (8)'!C53)",B504*'Summary Sheet'!$C$10
505,"IF(ISBLANK('Unit Type (8)'!B54), "" "", 'Unit Type (8)'!B54)","IF(ISBLANK('Unit Type (8)'!C54), "" "", 'Unit Type (8)'!C54)",B505*'Summary Sheet'!$C$10
506,"IF(ISBLANK('Unit Type (8)'!B55), "" "", 'Unit Type (8)'!B55)","IF(ISBLANK('Unit Type (8)'!C55), "" "", 'Unit Type (8)'!C55)",B506*'Summary Sheet'!$C$10
507,"IF(ISBLANK('Unit Type (8)'!B56), "" "", 'Unit Type (8)'!B56)","IF(ISBLANK('Unit Type (8)'!C56), "" "", 'Unit Type (8)'!C56)",B507*'Summary Sheet'!$C$10
508,"IF(ISBLANK('Unit Type (8)'!B57), "" "", 'Unit Type (8)'!B57)","IF(ISBLANK('Unit Type (8)'!C57), "" "", 'Unit Type (8)'!C57)",B508*'Summary Sheet'!$C$10
509,"IF(ISBLANK('Unit Type (8)'!B58), "" "", 'Unit Type (8)'!B58)","IF(ISBLANK('Unit Type (8)'!C58), "" "", 'Unit Type (8)'!C58)",B509*'Summary Sheet'!$C$10
510,"IF(ISBLANK('Unit Type (8)'!B59), "" "", 'Unit Type (8)'!B59)","IF(ISBLANK('Unit Type (8)'!C59), "" "", 'Unit Type (8)'!C59)",B510*'Summary Sheet'!$C$10
511,"IF(ISBLANK('Unit Type (8)'!B60), "" "", 'Unit Type (8)'!B60)","IF(ISBLANK('Unit Type (8)'!C60), "" "", 'Unit Type (8)'!C60)",B511*'Summary Sheet'!$C$10
512,"IF(ISBLANK('Unit Type (8)'!B61), "" "", 'Unit Type (8)'!B61)","IF(ISBLANK('Unit Type (8)'!C61), "" "", 'Unit Type (8)'!C61)",B512*'Summary Sheet'!$C$10
513,"IF(ISBLANK('Unit Type (8)'!B62), "" "", 'Unit Type (8)'!B62)","IF(ISBLANK('Unit Type (8)'!C62), "" "", 'Unit Type (8)'!C62)",B513*'Summary Sheet'!$C$10
514,"IF(ISBLANK('Unit Type (8)'!B63), "" "", 'Unit Type (8)'!B63)","IF(ISBLANK('Unit Type (8)'!C63), "" "", 'Unit Type (8)'!C63)",B514*'Summary Sheet'!$C$10
515,"IF(ISBLANK('Unit Type (8)'!B64), "" "", 'Unit Type (8)'!B64)","IF(ISBLANK('Unit Type (8)'!C64), "" "", 'Unit Type (8)'!C64)",B515*'Summary Sheet'!$C$10
516,"IF(ISBLANK('Unit Type (8)'!B65), "" "", 'Unit Type (8)'!B65)","IF(ISBLANK('Unit Type (8)'!C65), "" "", 'Unit Type (8)'!C65)",B516*'Summary Sheet'!$C$10
517,"IF(ISBLANK('Unit Type (8)'!B66), "" "", 'Unit Type (8)'!B66)","IF(ISBLANK('Unit Type (8)'!C66), "" "", 'Unit Type (8)'!C66)",B517*'Summary Sheet'!$C$10
518,"IF(ISBLANK('Unit Type (8)'!B67), "" "", 'Unit Type (8)'!B67)","IF(ISBLANK('Unit Type (8)'!C67), "" "", 'Unit Type (8)'!C67)",B518*'Summary Sheet'!$C$10
519,"IF(ISBLANK('Unit Type (8)'!B68), "" "", 'Unit Type (8)'!B68)","IF(ISBLANK('Unit Type (8)'!C68), "" "", 'Unit Type (8)'!C68)",B519*'Summary Sheet'!$C$10
520,"IF(ISBLANK('Unit Type (8)'!B69), "" "", 'Unit Type (8)'!B69)","IF(ISBLANK('Unit Type (8)'!C69), "" "", 'Unit Type (8)'!C69)",B520*'Summary Sheet'!$C$10
521,"IF(ISBLANK('Unit Type (8)'!B70), "" "", 'Unit Type (8)'!B70)","IF(ISBLANK('Unit Type (8)'!C70), "" "", 'Unit Type (8)'!C70)",B521*'Summary Sheet'!$C$10
522,"IF(ISBLANK('Unit Type (9)'!B6), "" "", 'Unit Type (9)'!B6)","IF(ISBLANK('Unit Type (9)'!C6), "" "", 'Unit Type (9)'!C6)",B522*'Summary Sheet'!$C$11
523,"IF(ISBLANK('Unit Type (9)'!B7), "" "", 'Unit Type (9)'!B7)","IF(ISBLANK('Unit Type (9)'!C7), "" "", 'Unit Type (9)'!C7)",B523*'Summary Sheet'!$C$11
524,"IF(ISBLANK('Unit Type (9)'!B8), "" "", 'Unit Type (9)'!B8)","IF(ISBLANK('Unit Type (9)'!C8), "" "", 'Unit Type (9)'!C8)",B524*'Summary Sheet'!$C$11
525,"IF(ISBLANK('Unit Type (9)'!B9), "" "", 'Unit Type (9)'!B9)","IF(ISBLANK('Unit Type (9)'!C9), "" "", 'Unit Type (9)'!C9)",B525*'Summary Sheet'!$C$11
526,"IF(ISBLANK('Unit Type (9)'!B10), "" "", 'Unit Type (9)'!B10)","IF(ISBLANK('Unit Type (9)'!C10), "" "", 'Unit Type (9)'!C10)",B526*'Summary Sheet'!$C$11
527,"IF(ISBLANK('Unit Type (9)'!B11), "" "", 'Unit Type (9)'!B11)","IF(ISBLANK('Unit Type (9)'!C11), "" "", 'Unit Type (9)'!C11)",B527*'Summary Sheet'!$C$11
528,"IF(ISBLANK('Unit Type (9)'!B12), "" "", 'Unit Type (9)'!B12)","IF(ISBLANK('Unit Type (9)'!C12), "" "", 'Unit Type (9)'!C12)",B528*'Summary Sheet'!$C$11
529,"IF(ISBLANK('Unit Type (9)'!B13), "" "", 'Unit Type (9)'!B13)","IF(ISBLANK('Unit Type (9)'!C13), "" "", 'Unit Type (9)'!C13)",B529*'Summary Sheet'!$C$11
530,"IF(ISBLANK('Unit Type (9)'!B14), "" "", 'Unit Type (9)'!B14)","IF(ISBLANK('Unit Type (9)'!C14), "" "", 'Unit Type (9)'!C14)",B530*'Summary Sheet'!$C$11
531,"IF(ISBLANK('Unit Type (9)'!B15), "" "", 'Unit Type (9)'!B15)","IF(ISBLANK('Unit Type (9)'!C15), "" "", 'Unit Type (9)'!C15)",B531*'Summary Sheet'!$C$11
532,"IF(ISBLANK('Unit Type (9)'!B16), "" "", 'Unit Type (9)'!B16)","IF(ISBLANK('Unit Type (9)'!C16), "" "", 'Unit Type (9)'!C16)",B532*'Summary Sheet'!$C$11
533,"IF(ISBLANK('Unit Type (9)'!B17), "" "", 'Unit Type (9)'!B17)","IF(ISBLANK('Unit Type (9)'!C17), "" "", 'Unit Type (9)'!C17)",B533*'Summary Sheet'!$C$11
534,"IF(ISBLANK('Unit Type (9)'!B18), "" "", 'Unit Type (9)'!B18)","IF(ISBLANK('Unit Type (9)'!C18), "" "", 'Unit Type (9)'!C18)",B534*'Summary Sheet'!$C$11
535,"IF(ISBLANK('Unit Type (9)'!B19), "" "", 'Unit Type (9)'!B19)","IF(ISBLANK('Unit Type (9)'!C19), "" "", 'Unit Type (9)'!C19)",B535*'Summary Sheet'!$C$11
536,"IF(ISBLANK('Unit Type (9)'!B20), "" "", 'Unit Type (9)'!B20)","IF(ISBLANK('Unit Type (9)'!C20), "" "", 'Unit Type (9)'!C20)",B536*'Summary Sheet'!$C$11
537,"IF(ISBLANK('Unit Type (9)'!B21), "" "", 'Unit Type (9)'!B21)","IF(ISBLANK('Unit Type (9)'!C21), "" "", 'Unit Type (9)'!C21)",B537*'Summary Sheet'!$C$11
538,"IF(ISBLANK('Unit Type (9)'!B22), "" "", 'Unit Type (9)'!B22)","IF(ISBLANK('Unit Type (9)'!C22), "" "", 'Unit Type (9)'!C22)",B538*'Summary Sheet'!$C$11
539,"IF(ISBLANK('Unit Type (9)'!B23), "" "", 'Unit Type (9)'!B23)","IF(ISBLANK('Unit Type (9)'!C23), "" "", 'Unit Type (9)'!C23)",B539*'Summary Sheet'!$C$11
540,"IF(ISBLANK('Unit Type (9)'!B24), "" "", 'Unit Type (9)'!B24)","IF(ISBLANK('Unit Type (9)'!C24), "" "", 'Unit Type (9)'!C24)",B540*'Summary Sheet'!$C$11
541,"IF(ISBLANK('Unit Type (9)'!B25), "" "", 'Unit Type (9)'!B25)","IF(ISBLANK('Unit Type (9)'!C25), "" "", 'Unit Type (9)'!C25)",B541*'Summary Sheet'!$C$11
542,"IF(ISBLANK('Unit Type (9)'!B26), "" "", 'Unit Type (9)'!B26)","IF(ISBLANK('Unit Type (9)'!C26), "" "", 'Unit Type (9)'!C26)",B542*'Summary Sheet'!$C$11
543,"IF(ISBLANK('Unit Type (9)'!B27), "" "", 'Unit Type (9)'!B27)","IF(ISBLANK('Unit Type (9)'!C27), "" "", 'Unit Type (9)'!C27)",B543*'Summary Sheet'!$C$11
544,"IF(ISBLANK('Unit Type (9)'!B28), "" "", 'Unit Type (9)'!B28)","IF(ISBLANK('Unit Type (9)'!C28), "" "", 'Unit Type (9)'!C28)",B544*'Summary Sheet'!$C$11
545,"IF(ISBLANK('Unit Type (9)'!B29), "" "", 'Unit Type (9)'!B29)","IF(ISBLANK('Unit Type (9)'!C29), "" "", 'Unit Type (9)'!C29)",B545*'Summary Sheet'!$C$11
546,"IF(ISBLANK('Unit Type (9)'!B30), "" "", 'Unit Type (9)'!B30)","IF(ISBLANK('Unit Type (9)'!C30), "" "", 'Unit Type (9)'!C30)",B546*'Summary Sheet'!$C$11
547,"IF(ISBLANK('Unit Type (9)'!B31), "" "", 'Unit Type (9)'!B31)","IF(ISBLANK('Unit Type (9)'!C31), "" "", 'Unit Type (9)'!C31)",B547*'Summary Sheet'!$C$11
548,"IF(ISBLANK('Unit Type (9)'!B32), "" "", 'Unit Type (9)'!B32)","IF(ISBLANK('Unit Type (9)'!C32), "" "", 'Unit Type (9)'!C32)",B548*'Summary Sheet'!$C$11
549,"IF(ISBLANK('Unit Type (9)'!B33), "" "", 'Unit Type (9)'!B33)","IF(ISBLANK('Unit Type (9)'!C33), "" "", 'Unit Type (9)'!C33)",B549*'Summary Sheet'!$C$11
550,"IF(ISBLANK('Unit Type (9)'!B34), "" "", 'Unit Type (9)'!B34)","IF(ISBLANK('Unit Type (9)'!C34), "" "", 'Unit Type (9)'!C34)",B550*'Summary Sheet'!$C$11
551,"IF(ISBLANK('Unit Type (9)'!B35), "" "", 'Unit Type (9)'!B35)","IF(ISBLANK('Unit Type (9)'!C35), "" "", 'Unit Type (9)'!C35)",B551*'Summary Sheet'!$C$11
552,"IF(ISBLANK('Unit Type (9)'!B36), "" "", 'Unit Type (9)'!B36)","IF(ISBLANK('Unit Type (9)'!C36), "" "", 'Unit Type (9)'!C36)",B552*'Summary Sheet'!$C$11
553,"IF(ISBLANK('Unit Type (9)'!B37), "" "", 'Unit Type (9)'!B37)","IF(ISBLANK('Unit Type (9)'!C37), "" "", 'Unit Type (9)'!C37)",B553*'Summary Sheet'!$C$11
554,"IF(ISBLANK('Unit Type (9)'!B38), "" "", 'Unit Type (9)'!B38)","IF(ISBLANK('Unit Type (9)'!C38), "" "", 'Unit Type (9)'!C38)",B554*'Summary Sheet'!$C$11
555,"IF(ISBLANK('Unit Type (9)'!B39), "" "", 'Unit Type (9)'!B39)","IF(ISBLANK('Unit Type (9)'!C39), "" "", 'Unit Type (9)'!C39)",B555*'Summary Sheet'!$C$11
556,"IF(ISBLANK('Unit Type (9)'!B40), "" "", 'Unit Type (9)'!B40)","IF(ISBLANK('Unit Type (9)'!C40), "" "", 'Unit Type (9)'!C40)",B556*'Summary Sheet'!$C$11
557,"IF(ISBLANK('Unit Type (9)'!B41), "" "", 'Unit Type (9)'!B41)","IF(ISBLANK('Unit Type (9)'!C41), "" "", 'Unit Type (9)'!C41)",B557*'Summary Sheet'!$C$11
558,"IF(ISBLANK('Unit Type (9)'!B42), "" "", 'Unit Type (9)'!B42)","IF(ISBLANK('Unit Type (9)'!C42), "" "", 'Unit Type (9)'!C42)",B558*'Summary Sheet'!$C$11
559,"IF(ISBLANK('Unit Type (9)'!B43), "" "", 'Unit Type (9)'!B43)","IF(ISBLANK('Unit Type (9)'!C43), "" "", 'Unit Type (9)'!C43)",B559*'Summary Sheet'!$C$11
560,"IF(ISBLANK('Unit Type (9)'!B44), "" "", 'Unit Type (9)'!B44)","IF(ISBLANK('Unit Type (9)'!C44), "" "", 'Unit Type (9)'!C44)",B560*'Summary Sheet'!$C$11
561,"IF(ISBLANK('Unit Type (9)'!B45), "" "", 'Unit Type (9)'!B45)","IF(ISBLANK('Unit Type (9)'!C45), "" "", 'Unit Type (9)'!C45)",B561*'Summary Sheet'!$C$11
562,"IF(ISBLANK('Unit Type (9)'!B46), "" "", 'Unit Type (9)'!B46)","IF(ISBLANK('Unit Type (9)'!C46), "" "", 'Unit Type (9)'!C46)",B562*'Summary Sheet'!$C$11
563,"IF(ISBLANK('Unit Type (9)'!B47), "" "", 'Unit Type (9)'!B47)","IF(ISBLANK('Unit Type (9)'!C47), "" "", 'Unit Type (9)'!C47)",B563*'Summary Sheet'!$C$11
564,"IF(ISBLANK('Unit Type (9)'!B48), "" "", 'Unit Type (9)'!B48)","IF(ISBLANK('Unit Type (9)'!C48), "" "", 'Unit Type (9)'!C48)",B564*'Summary Sheet'!$C$11
565,"IF(ISBLANK('Unit Type (9)'!B49), "" "", 'Unit Type (9)'!B49)","IF(ISBLANK('Unit Type (9)'!C49), "" "", 'Unit Type (9)'!C49)",B565*'Summary Sheet'!$C$11
566,"IF(ISBLANK('Unit Type (9)'!B50), "" "", 'Unit Type (9)'!B50)","IF(ISBLANK('Unit Type (9)'!C50), "" "", 'Unit Type (9)'!C50)",B566*'Summary Sheet'!$C$11
567,"IF(ISBLANK('Unit Type (9)'!B51), "" "", 'Unit Type (9)'!B51)","IF(ISBLANK('Unit Type (9)'!C51), "" "", 'Unit Type (9)'!C51)",B567*'Summary Sheet'!$C$11
568,"IF(ISBLANK('Unit Type (9)'!B52), "" "", 'Unit Type (9)'!B52)","IF(ISBLANK('Unit Type (9)'!C52), "" "", 'Unit Type (9)'!C52)",B568*'Summary Sheet'!$C$11
569,"IF(ISBLANK('Unit Type (9)'!B53), "" "", 'Unit Type (9)'!B53)","IF(ISBLANK('Unit Type (9)'!C53), "" "", 'Unit Type (9)'!C53)",B569*'Summary Sheet'!$C$11
570,"IF(ISBLANK('Unit Type (9)'!B54), "" "", 'Unit Type (9)'!B54)","IF(ISBLANK('Unit Type (9)'!C54), "" "", 'Unit Type (9)'!C54)",B570*'Summary Sheet'!$C$11
571,"IF(ISBLANK('Unit Type (9)'!B55), "" "", 'Unit Type (9)'!B55)","IF(ISBLANK('Unit Type (9)'!C55), "" "", 'Unit Type (9)'!C55)",B571*'Summary Sheet'!$C$11
572,"IF(ISBLANK('Unit Type (9)'!B56), "" "", 'Unit Type (9)'!B56)","IF(ISBLANK('Unit Type (9)'!C56), "" "", 'Unit Type (9)'!C56)",B572*'Summary Sheet'!$C$11
573,"IF(ISBLANK('Unit Type (9)'!B57), "" "", 'Unit Type (9)'!B57)","IF(ISBLANK('Unit Type (9)'!C57), "" "", 'Unit Type (9)'!C57)",B573*'Summary Sheet'!$C$11
574,"IF(ISBLANK('Unit Type (9)'!B58), "" "", 'Unit Type (9)'!B58)","IF(ISBLANK('Unit Type (9)'!C58), "" "", 'Unit Type (9)'!C58)",B574*'Summary Sheet'!$C$11
575,"IF(ISBLANK('Unit Type (9)'!B59), "" "", 'Unit Type (9)'!B59)","IF(ISBLANK('Unit Type (9)'!C59), "" "", 'Unit Type (9)'!C59)",B575*'Summary Sheet'!$C$11
576,"IF(ISBLANK('Unit Type (9)'!B60), "" "", 'Unit Type (9)'!B60)","IF(ISBLANK('Unit Type (9)'!C60), "" "", 'Unit Type (9)'!C60)",B576*'Summary Sheet'!$C$11
577,"IF(ISBLANK('Unit Type (9)'!B61), "" "", 'Unit Type (9)'!B61)","IF(ISBLANK('Unit Type (9)'!C61), "" "", 'Unit Type (9)'!C61)",B577*'Summary Sheet'!$C$11
578,"IF(ISBLANK('Unit Type (9)'!B62), "" "", 'Unit Type (9)'!B62)","IF(ISBLANK('Unit Type (9)'!C62), "" "", 'Unit Type (9)'!C62)",B578*'Summary Sheet'!$C$11
579,"IF(ISBLANK('Unit Type (9)'!B63), "" "", 'Unit Type (9)'!B63)","IF(ISBLANK('Unit Type (9)'!C63), "" "", 'Unit Type (9)'!C63)",B579*'Summary Sheet'!$C$11
580,"IF(ISBLANK('Unit Type (9)'!B64), "" "", 'Unit Type (9)'!B64)","IF(ISBLANK('Unit Type (9)'!C64), "" "", 'Unit Type (9)'!C64)",B580*'Summary Sheet'!$C$11
581,"IF(ISBLANK('Unit Type (9)'!B65), "" "", 'Unit Type (9)'!B65)","IF(ISBLANK('Unit Type (9)'!C65), "" "", 'Unit Type (9)'!C65)",B581*'Summary Sheet'!$C$11
582,"IF(ISBLANK('Unit Type (9)'!B66), "" "", 'Unit Type (9)'!B66)","IF(ISBLANK('Unit Type (9)'!C66), "" "", 'Unit Type (9)'!C66)",B582*'Summary Sheet'!$C$11
583,"IF(ISBLANK('Unit Type (9)'!B67), "" "", 'Unit Type (9)'!B67)","IF(ISBLANK('Unit Type (9)'!C67), "" "", 'Unit Type (9)'!C67)",B583*'Summary Sheet'!$C$11
584,"IF(ISBLANK('Unit Type (9)'!B68), "" "", 'Unit Type (9)'!B68)","IF(ISBLANK('Unit Type (9)'!C68), "" "", 'Unit Type (9)'!C68)",B584*'Summary Sheet'!$C$11
585,"IF(ISBLANK('Unit Type (9)'!B69), "" "", 'Unit Type (9)'!B69)","IF(ISBLANK('Unit Type (9)'!C69), "" "", 'Unit Type (9)'!C69)",B585*'Summary Sheet'!$C$11
586,"IF(ISBLANK('Unit Type (9)'!B70), "" "", 'Unit Type (9)'!B70)","IF(ISBLANK('Unit Type (9)'!C70), "" "", 'Unit Type (9)'!C70)",B586*'Summary Sheet'!$C$11
587,"IF(ISBLANK('Unit Type (10)'!B6), "" "", 'Unit Type (10)'!B6)","IF(ISBLANK('Unit Type (10)'!C6), "" "", 'Unit Type (10)'!C6)",B587*'Summary Sheet'!$C$12
588,"IF(ISBLANK('Unit Type (10)'!B7), "" "", 'Unit Type (10)'!B7)","IF(ISBLANK('Unit Type (10)'!C7), "" "", 'Unit Type (10)'!C7)",B588*'Summary Sheet'!$C$12
589,"IF(ISBLANK('Unit Type (10)'!B8), "" "", 'Unit Type (10)'!B8)","IF(ISBLANK('Unit Type (10)'!C8), "" "", 'Unit Type (10)'!C8)",B589*'Summary Sheet'!$C$12
590,"IF(ISBLANK('Unit Type (10)'!B9), "" "", 'Unit Type (10)'!B9)","IF(ISBLANK('Unit Type (10)'!C9), "" "", 'Unit Type (10)'!C9)",B590*'Summary Sheet'!$C$12
591,"IF(ISBLANK('Unit Type (10)'!B10), "" "", 'Unit Type (10)'!B10)","IF(ISBLANK('Unit Type (10)'!C10), "" "", 'Unit Type (10)'!C10)",B591*'Summary Sheet'!$C$12
592,"IF(ISBLANK('Unit Type (10)'!B11), "" "", 'Unit Type (10)'!B11)","IF(ISBLANK('Unit Type (10)'!C11), "" "", 'Unit Type (10)'!C11)",B592*'Summary Sheet'!$C$12
593,"IF(ISBLANK('Unit Type (10)'!B12), "" "", 'Unit Type (10)'!B12)","IF(ISBLANK('Unit Type (10)'!C12), "" "", 'Unit Type (10)'!C12)",B593*'Summary Sheet'!$C$12
594,"IF(ISBLANK('Unit Type (10)'!B13), "" "", 'Unit Type (10)'!B13)","IF(ISBLANK('Unit Type (10)'!C13), "" "", 'Unit Type (10)'!C13)",B594*'Summary Sheet'!$C$12
595,"IF(ISBLANK('Unit Type (10)'!B14), "" "", 'Unit Type (10)'!B14)","IF(ISBLANK('Unit Type (10)'!C14), "" "", 'Unit Type (10)'!C14)",B595*'Summary Sheet'!$C$12
596,"IF(ISBLANK('Unit Type (10)'!B15), "" "", 'Unit Type (10)'!B15)","IF(ISBLANK('Unit Type (10)'!C15), "" "", 'Unit Type (10)'!C15)",B596*'Summary Sheet'!$C$12
597,"IF(ISBLANK('Unit Type (10)'!B16), "" "", 'Unit Type (10)'!B16)","IF(ISBLANK('Unit Type (10)'!C16), "" "", 'Unit Type (10)'!C16)",B597*'Summary Sheet'!$C$12
598,"IF(ISBLANK('Unit Type (10)'!B17), "" "", 'Unit Type (10)'!B17)","IF(ISBLANK('Unit Type (10)'!C17), "" "", 'Unit Type (10)'!C17)",B598*'Summary Sheet'!$C$12
599,"IF(ISBLANK('Unit Type (10)'!B18), "" "", 'Unit Type (10)'!B18)","IF(ISBLANK('Unit Type (10)'!C18), "" "", 'Unit Type (10)'!C18)",B599*'Summary Sheet'!$C$12
600,"IF(ISBLANK('Unit Type (10)'!B19), "" "", 'Unit Type (10)'!B19)","IF(ISBLANK('Unit Type (10)'!C19), "" "", 'Unit Type (10)'!C19)",B600*'Summary Sheet'!$C$12
601,"IF(ISBLANK('Unit Type (10)'!B20), "" "", 'Unit Type (10)'!B20)","IF(ISBLANK('Unit Type (10)'!C20), "" "", 'Unit Type (10)'!C20)",B601*'Summary Sheet'!$C$12
602,"IF(ISBLANK('Unit Type (10)'!B21), "" "", 'Unit Type (10)'!B21)","IF(ISBLANK('Unit Type (10)'!C21), "" "", 'Unit Type (10)'!C21)",B602*'Summary Sheet'!$C$12
603,"IF(ISBLANK('Unit Type (10)'!B22), "" "", 'Unit Type (10)'!B22)","IF(ISBLANK('Unit Type (10)'!C22), "" "", 'Unit Type (10)'!C22)",B603*'Summary Sheet'!$C$12
604,"IF(ISBLANK('Unit Type (10)'!B23), "" "", 'Unit Type (10)'!B23)","IF(ISBLANK('Unit Type (10)'!C23), "" "", 'Unit Type (10)'!C23)",B604*'Summary Sheet'!$C$12
605,"IF(ISBLANK('Unit Type (10)'!B24), "" "", 'Unit Type (10)'!B24)","IF(ISBLANK('Unit Type (10)'!C24), "" "", 'Unit Type (10)'!C24)",B605*'Summary Sheet'!$C$12
606,"IF(ISBLANK('Unit Type (10)'!B25), "" "", 'Unit Type (10)'!B25)","IF(ISBLANK('Unit Type (10)'!C25), "" "", 'Unit Type (10)'!C25)",B606*'Summary Sheet'!$C$12
607,"IF(ISBLANK('Unit Type (10)'!B26), "" "", 'Unit Type (10)'!B26)","IF(ISBLANK('Unit Type (10)'!C26), "" "", 'Unit Type (10)'!C26)",B607*'Summary Sheet'!$C$12
608,"IF(ISBLANK('Unit Type (10)'!B27), "" "", 'Unit Type (10)'!B27)","IF(ISBLANK('Unit Type (10)'!C27), "" "", 'Unit Type (10)'!C27)",B608*'Summary Sheet'!$C$12
609,"IF(ISBLANK('Unit Type (10)'!B28), "" "", 'Unit Type (10)'!B28)","IF(ISBLANK('Unit Type (10)'!C28), "" "", 'Unit Type (10)'!C28)",B609*'Summary Sheet'!$C$12
610,"IF(ISBLANK('Unit Type (10)'!B29), "" "", 'Unit Type (10)'!B29)","IF(ISBLANK('Unit Type (10)'!C29), "" "", 'Unit Type (10)'!C29)",B610*'Summary Sheet'!$C$12
611,"IF(ISBLANK('Unit Type (10)'!B30), "" "", 'Unit Type (10)'!B30)","IF(ISBLANK('Unit Type (10)'!C30), "" "", 'Unit Type (10)'!C30)",B611*'Summary Sheet'!$C$12
612,"IF(ISBLANK('Unit Type (10)'!B31), "" "", 'Unit Type (10)'!B31)","IF(ISBLANK('Unit Type (10)'!C31), "" "", 'Unit Type (10)'!C31)",B612*'Summary Sheet'!$C$12
613,"IF(ISBLANK('Unit Type (10)'!B32), "" "", 'Unit Type (10)'!B32)","IF(ISBLANK('Unit Type (10)'!C32), "" "", 'Unit Type (10)'!C32)",B613*'Summary Sheet'!$C$12
614,"IF(ISBLANK('Unit Type (10)'!B33), "" "", 'Unit Type (10)'!B33)","IF(ISBLANK('Unit Type (10)'!C33), "" "", 'Unit Type (10)'!C33)",B614*'Summary Sheet'!$C$12
615,"IF(ISBLANK('Unit Type (10)'!B34), "" "", 'Unit Type (10)'!B34)","IF(ISBLANK('Unit Type (10)'!C34), "" "", 'Unit Type (10)'!C34)",B615*'Summary Sheet'!$C$12
616,"IF(ISBLANK('Unit Type (10)'!B35), "" "", 'Unit Type (10)'!B35)","IF(ISBLANK('Unit Type (10)'!C35), "" "", 'Unit Type (10)'!C35)",B616*'Summary Sheet'!$C$12
617,"IF(ISBLANK('Unit Type (10)'!B36), "" "", 'Unit Type (10)'!B36)","IF(ISBLANK('Unit Type (10)'!C36), "" "", 'Unit Type (10)'!C36)",B617*'Summary Sheet'!$C$12
618,"IF(ISBLANK('Unit Type (10)'!B37), "" "", 'Unit Type (10)'!B37)","IF(ISBLANK('Unit Type (10)'!C37), "" "", 'Unit Type (10)'!C37)",B618*'Summary Sheet'!$C$12
619,"IF(ISBLANK('Unit Type (10)'!B38), "" "", 'Unit Type (10)'!B38)","IF(ISBLANK('Unit Type (10)'!C38), "" "", 'Unit Type (10)'!C38)",B619*'Summary Sheet'!$C$12
620,"IF(ISBLANK('Unit Type (10)'!B39), "" "", 'Unit Type (10)'!B39)","IF(ISBLANK('Unit Type (10)'!C39), "" "", 'Unit Type (10)'!C39)",B620*'Summary Sheet'!$C$12
621,"IF(ISBLANK('Unit Type (10)'!B40), "" "", 'Unit Type (10)'!B40)","IF(ISBLANK('Unit Type (10)'!C40), "" "", 'Unit Type (10)'!C40)",B621*'Summary Sheet'!$C$12
622,"IF(ISBLANK('Unit Type (10)'!B41), "" "", 'Unit Type (10)'!B41)","IF(ISBLANK('Unit Type (10)'!C41), "" "", 'Unit Type (10)'!C41)",B622*'Summary Sheet'!$C$12
623,"IF(ISBLANK('Unit Type (10)'!B42), "" "", 'Unit Type (10)'!B42)","IF(ISBLANK('Unit Type (10)'!C42), "" "", 'Unit Type (10)'!C42)",B623*'Summary Sheet'!$C$12
624,"IF(ISBLANK('Unit Type (10)'!B43), "" "", 'Unit Type (10)'!B43)","IF(ISBLANK('Unit Type (10)'!C43), "" "", 'Unit Type (10)'!C43)",B624*'Summary Sheet'!$C$12
625,"IF(ISBLANK('Unit Type (10)'!B44), "" "", 'Unit Type (10)'!B44)","IF(ISBLANK('Unit Type (10)'!C44), "" "", 'Unit Type (10)'!C44)",B625*'Summary Sheet'!$C$12
626,"IF(ISBLANK('Unit Type (10)'!B45), "" "", 'Unit Type (10)'!B45)","IF(ISBLANK('Unit Type (10)'!C45), "" "", 'Unit Type (10)'!C45)",B626*'Summary Sheet'!$C$12
627,"IF(ISBLANK('Unit Type (10)'!B46), "" "", 'Unit Type (10)'!B46)","IF(ISBLANK('Unit Type (10)'!C46), "" "", 'Unit Type (10)'!C46)",B627*'Summary Sheet'!$C$12
628,"IF(ISBLANK('Unit Type (10)'!B47), "" "", 'Unit Type (10)'!B47)","IF(ISBLANK('Unit Type (10)'!C47), "" "", 'Unit Type (10)'!C47)",B628*'Summary Sheet'!$C$12
629,"IF(ISBLANK('Unit Type (10)'!B48), "" "", 'Unit Type (10)'!B48)","IF(ISBLANK('Unit Type (10)'!C48), "" "", 'Unit Type (10)'!C48)",B629*'Summary Sheet'!$C$12
630,"IF(ISBLANK('Unit Type (10)'!B49), "" "", 'Unit Type (10)'!B49)","IF(ISBLANK('Unit Type (10)'!C49), "" "", 'Unit Type (10)'!C49)",B630*'Summary Sheet'!$C$12
631,"IF(ISBLANK('Unit Type (10)'!B50), "" "", 'Unit Type (10)'!B50)","IF(ISBLANK('Unit Type (10)'!C50), "" "", 'Unit Type (10)'!C50)",B631*'Summary Sheet'!$C$12
632,"IF(ISBLANK('Unit Type (10)'!B51), "" "", 'Unit Type (10)'!B51)","IF(ISBLANK('Unit Type (10)'!C51), "" "", 'Unit Type (10)'!C51)",B632*'Summary Sheet'!$C$12
633,"IF(ISBLANK('Unit Type (10)'!B52), "" "", 'Unit Type (10)'!B52)","IF(ISBLANK('Unit Type (10)'!C52), "" "", 'Unit Type (10)'!C52)",B633*'Summary Sheet'!$C$12
634,"IF(ISBLANK('Unit Type (10)'!B53), "" "", 'Unit Type (10)'!B53)","IF(ISBLANK('Unit Type (10)'!C53), "" "", 'Unit Type (10)'!C53)",B634*'Summary Sheet'!$C$12
635,"IF(ISBLANK('Unit Type (10)'!B54), "" "", 'Unit Type (10)'!B54)","IF(ISBLANK('Unit Type (10)'!C54), "" "", 'Unit Type (10)'!C54)",B635*'Summary Sheet'!$C$12
636,"IF(ISBLANK('Unit Type (10)'!B55), "" "", 'Unit Type (10)'!B55)","IF(ISBLANK('Unit Type (10)'!C55), "" "", 'Unit Type (10)'!C55)",B636*'Summary Sheet'!$C$12
637,"IF(ISBLANK('Unit Type (10)'!B56), "" "", 'Unit Type (10)'!B56)","IF(ISBLANK('Unit Type (10)'!C56), "" "", 'Unit Type (10)'!C56)",B637*'Summary Sheet'!$C$12
638,"IF(ISBLANK('Unit Type (10)'!B57), "" "", 'Unit Type (10)'!B57)","IF(ISBLANK('Unit Type (10)'!C57), "" "", 'Unit Type (10)'!C57)",B638*'Summary Sheet'!$C$12
639,"IF(ISBLANK('Unit Type (10)'!B58), "" "", 'Unit Type (10)'!B58)","IF(ISBLANK('Unit Type (10)'!C58), "" "", 'Unit Type (10)'!C58)",B639*'Summary Sheet'!$C$12
640,"IF(ISBLANK('Unit Type (10)'!B59), "" "", 'Unit Type (10)'!B59)","IF(ISBLANK('Unit Type (10)'!C59), "" "", 'Unit Type (10)'!C59)",B640*'Summary Sheet'!$C$12
641,"IF(ISBLANK('Unit Type (10)'!B60), "" "", 'Unit Type (10)'!B60)","IF(ISBLANK('Unit Type (10)'!C60), "" "", 'Unit Type (10)'!C60)",B641*'Summary Sheet'!$C$12
642,"IF(ISBLANK('Unit Type (10)'!B61), "" "", 'Unit Type (10)'!B61)","IF(ISBLANK('Unit Type (10)'!C61), "" "", 'Unit Type (10)'!C61)",B642*'Summary Sheet'!$C$12
643,"IF(ISBLANK('Unit Type (10)'!B62), "" "", 'Unit Type (10)'!B62)","IF(ISBLANK('Unit Type (10)'!C62), "" "", 'Unit Type (10)'!C62)",B643*'Summary Sheet'!$C$12
644,"IF(ISBLANK('Unit Type (10)'!B63), "" "", 'Unit Type (10)'!B63)","IF(ISBLANK('Unit Type (10)'!C63), "" "", 'Unit Type (10)'!C63)",B644*'Summary Sheet'!$C$12
645,"IF(ISBLANK('Unit Type (10)'!B64), "" "", 'Unit Type (10)'!B64)","IF(ISBLANK('Unit Type (10)'!C64), "" "", 'Unit Type (10)'!C64)",B645*'Summary Sheet'!$C$12
646,"IF(ISBLANK('Unit Type (10)'!B65), "" "", 'Unit Type (10)'!B65)","IF(ISBLANK('Unit Type (10)'!C65), "" "", 'Unit Type (10)'!C65)",B646*'Summary Sheet'!$C$12
647,"IF(ISBLANK('Unit Type (10)'!B66), "" "", 'Unit Type (10)'!B66)","IF(ISBLANK('Unit Type (10)'!C66), "" "", 'Unit Type (10)'!C66)",B647*'Summary Sheet'!$C$12
648,"IF(ISBLANK('Unit Type (10)'!B67), "" "", 'Unit Type (10)'!B67)","IF(ISBLANK('Unit Type (10)'!C67), "" "", 'Unit Type (10)'!C67)",B648*'Summary Sheet'!$C$12
649,"IF(ISBLANK('Unit Type (10)'!B68), "" "", 'Unit Type (10)'!B68)","IF(ISBLANK('Unit Type (10)'!C68), "" "", 'Unit Type (10)'!C68)",B649*'Summary Sheet'!$C$12
650,"IF(ISBLANK('Unit Type (10)'!B69), "" "", 'Unit Type (10)'!B69)","IF(ISBLANK('Unit Type (10)'!C69), "" "", 'Unit Type (10)'!C69)",B650*'Summary Sheet'!$C$12
651,"IF(ISBLANK('Unit Type (10)'!B70), "" "", 'Unit Type (10)'!B70)","IF(ISBLANK('Unit Type (10)'!C70), "" "", 'Unit Type (10)'!C70)",B651*'Summary Sheet'!$C$12
652,"IF(ISBLANK('Unit Type (11)'!B6), "" "", 'Unit Type (11)'!B6)","IF(ISBLANK('Unit Type (11)'!C6), "" "", 'Unit Type (11)'!C6)",B652*'Summary Sheet'!$C$13
653,"IF(ISBLANK('Unit Type (11)'!B7), "" "", 'Unit Type (11)'!B7)","IF(ISBLANK('Unit Type (11)'!C7), "" "", 'Unit Type (11)'!C7)",B653*'Summary Sheet'!$C$13
654,"IF(ISBLANK('Unit Type (11)'!B8), "" "", 'Unit Type (11)'!B8)","IF(ISBLANK('Unit Type (11)'!C8), "" "", 'Unit Type (11)'!C8)",B654*'Summary Sheet'!$C$13
655,"IF(ISBLANK('Unit Type (11)'!B9), "" "", 'Unit Type (11)'!B9)","IF(ISBLANK('Unit Type (11)'!C9), "" "", 'Unit Type (11)'!C9)",B655*'Summary Sheet'!$C$13
656,"IF(ISBLANK('Unit Type (11)'!B10), "" "", 'Unit Type (11)'!B10)","IF(ISBLANK('Unit Type (11)'!C10), "" "", 'Unit Type (11)'!C10)",B656*'Summary Sheet'!$C$13
657,"IF(ISBLANK('Unit Type (11)'!B11), "" "", 'Unit Type (11)'!B11)","IF(ISBLANK('Unit Type (11)'!C11), "" "", 'Unit Type (11)'!C11)",B657*'Summary Sheet'!$C$13
658,"IF(ISBLANK('Unit Type (11)'!B12), "" "", 'Unit Type (11)'!B12)","IF(ISBLANK('Unit Type (11)'!C12), "" "", 'Unit Type (11)'!C12)",B658*'Summary Sheet'!$C$13
659,"IF(ISBLANK('Unit Type (11)'!B13), "" "", 'Unit Type (11)'!B13)","IF(ISBLANK('Unit Type (11)'!C13), "" "", 'Unit Type (11)'!C13)",B659*'Summary Sheet'!$C$13
660,"IF(ISBLANK('Unit Type (11)'!B14), "" "", 'Unit Type (11)'!B14)","IF(ISBLANK('Unit Type (11)'!C14), "" "", 'Unit Type (11)'!C14)",B660*'Summary Sheet'!$C$13
661,"IF(ISBLANK('Unit Type (11)'!B15), "" "", 'Unit Type (11)'!B15)","IF(ISBLANK('Unit Type (11)'!C15), "" "", 'Unit Type (11)'!C15)",B661*'Summary Sheet'!$C$13
662,"IF(ISBLANK('Unit Type (11)'!B16), "" "", 'Unit Type (11)'!B16)","IF(ISBLANK('Unit Type (11)'!C16), "" "", 'Unit Type (11)'!C16)",B662*'Summary Sheet'!$C$13
663,"IF(ISBLANK('Unit Type (11)'!B17), "" "", 'Unit Type (11)'!B17)","IF(ISBLANK('Unit Type (11)'!C17), "" "", 'Unit Type (11)'!C17)",B663*'Summary Sheet'!$C$13
664,"IF(ISBLANK('Unit Type (11)'!B18), "" "", 'Unit Type (11)'!B18)","IF(ISBLANK('Unit Type (11)'!C18), "" "", 'Unit Type (11)'!C18)",B664*'Summary Sheet'!$C$13
665,"IF(ISBLANK('Unit Type (11)'!B19), "" "", 'Unit Type (11)'!B19)","IF(ISBLANK('Unit Type (11)'!C19), "" "", 'Unit Type (11)'!C19)",B665*'Summary Sheet'!$C$13
666,"IF(ISBLANK('Unit Type (11)'!B20), "" "", 'Unit Type (11)'!B20)","IF(ISBLANK('Unit Type (11)'!C20), "" "", 'Unit Type (11)'!C20)",B666*'Summary Sheet'!$C$13
667,"IF(ISBLANK('Unit Type (11)'!B21), "" "", 'Unit Type (11)'!B21)","IF(ISBLANK('Unit Type (11)'!C21), "" "", 'Unit Type (11)'!C21)",B667*'Summary Sheet'!$C$13
668,"IF(ISBLANK('Unit Type (11)'!B22), "" "", 'Unit Type (11)'!B22)","IF(ISBLANK('Unit Type (11)'!C22), "" "", 'Unit Type (11)'!C22)",B668*'Summary Sheet'!$C$13
669,"IF(ISBLANK('Unit Type (11)'!B23), "" "", 'Unit Type (11)'!B23)","IF(ISBLANK('Unit Type (11)'!C23), "" "", 'Unit Type (11)'!C23)",B669*'Summary Sheet'!$C$13
670,"IF(ISBLANK('Unit Type (11)'!B24), "" "", 'Unit Type (11)'!B24)","IF(ISBLANK('Unit Type (11)'!C24), "" "", 'Unit Type (11)'!C24)",B670*'Summary Sheet'!$C$13
671,"IF(ISBLANK('Unit Type (11)'!B25), "" "", 'Unit Type (11)'!B25)","IF(ISBLANK('Unit Type (11)'!C25), "" "", 'Unit Type (11)'!C25)",B671*'Summary Sheet'!$C$13
672,"IF(ISBLANK('Unit Type (11)'!B26), "" "", 'Unit Type (11)'!B26)","IF(ISBLANK('Unit Type (11)'!C26), "" "", 'Unit Type (11)'!C26)",B672*'Summary Sheet'!$C$13
673,"IF(ISBLANK('Unit Type (11)'!B27), "" "", 'Unit Type (11)'!B27)","IF(ISBLANK('Unit Type (11)'!C27), "" "", 'Unit Type (11)'!C27)",B673*'Summary Sheet'!$C$13
674,"IF(ISBLANK('Unit Type (11)'!B28), "" "", 'Unit Type (11)'!B28)","IF(ISBLANK('Unit Type (11)'!C28), "" "", 'Unit Type (11)'!C28)",B674*'Summary Sheet'!$C$13
675,"IF(ISBLANK('Unit Type (11)'!B29), "" "", 'Unit Type (11)'!B29)","IF(ISBLANK('Unit Type (11)'!C29), "" "", 'Unit Type (11)'!C29)",B675*'Summary Sheet'!$C$13
676,"IF(ISBLANK('Unit Type (11)'!B30), "" "", 'Unit Type (11)'!B30)","IF(ISBLANK('Unit Type (11)'!C30), "" "", 'Unit Type (11)'!C30)",B676*'Summary Sheet'!$C$13
677,"IF(ISBLANK('Unit Type (11)'!B31), "" "", 'Unit Type (11)'!B31)","IF(ISBLANK('Unit Type (11)'!C31), "" "", 'Unit Type (11)'!C31)",B677*'Summary Sheet'!$C$13
678,"IF(ISBLANK('Unit Type (11)'!B32), "" "", 'Unit Type (11)'!B32)","IF(ISBLANK('Unit Type (11)'!C32), "" "", 'Unit Type (11)'!C32)",B678*'Summary Sheet'!$C$13
679,"IF(ISBLANK('Unit Type (11)'!B33), "" "", 'Unit Type (11)'!B33)","IF(ISBLANK('Unit Type (11)'!C33), "" "", 'Unit Type (11)'!C33)",B679*'Summary Sheet'!$C$13
680,"IF(ISBLANK('Unit Type (11)'!B34), "" "", 'Unit Type (11)'!B34)","IF(ISBLANK('Unit Type (11)'!C34), "" "", 'Unit Type (11)'!C34)",B680*'Summary Sheet'!$C$13
681,"IF(ISBLANK('Unit Type (11)'!B35), "" "", 'Unit Type (11)'!B35)","IF(ISBLANK('Unit Type (11)'!C35), "" "", 'Unit Type (11)'!C35)",B681*'Summary Sheet'!$C$13
682,"IF(ISBLANK('Unit Type (11)'!B36), "" "", 'Unit Type (11)'!B36)","IF(ISBLANK('Unit Type (11)'!C36), "" "", 'Unit Type (11)'!C36)",B682*'Summary Sheet'!$C$13
683,"IF(ISBLANK('Unit Type (11)'!B37), "" "", 'Unit Type (11)'!B37)","IF(ISBLANK('Unit Type (11)'!C37), "" "", 'Unit Type (11)'!C37)",B683*'Summary Sheet'!$C$13
684,"IF(ISBLANK('Unit Type (11)'!B38), "" "", 'Unit Type (11)'!B38)","IF(ISBLANK('Unit Type (11)'!C38), "" "", 'Unit Type (11)'!C38)",B684*'Summary Sheet'!$C$13
685,"IF(ISBLANK('Unit Type (11)'!B39), "" "", 'Unit Type (11)'!B39)","IF(ISBLANK('Unit Type (11)'!C39), "" "", 'Unit Type (11)'!C39)",B685*'Summary Sheet'!$C$13
686,"IF(ISBLANK('Unit Type (11)'!B40), "" "", 'Unit Type (11)'!B40)","IF(ISBLANK('Unit Type (11)'!C40), "" "", 'Unit Type (11)'!C40)",B686*'Summary Sheet'!$C$13
687,"IF(ISBLANK('Unit Type (11)'!B41), "" "", 'Unit Type (11)'!B41)","IF(ISBLANK('Unit Type (11)'!C41), "" "", 'Unit Type (11)'!C41)",B687*'Summary Sheet'!$C$13
688,"IF(ISBLANK('Unit Type (11)'!B42), "" "", 'Unit Type (11)'!B42)","IF(ISBLANK('Unit Type (11)'!C42), "" "", 'Unit Type (11)'!C42)",B688*'Summary Sheet'!$C$13
689,"IF(ISBLANK('Unit Type (11)'!B43), "" "", 'Unit Type (11)'!B43)","IF(ISBLANK('Unit Type (11)'!C43), "" "", 'Unit Type (11)'!C43)",B689*'Summary Sheet'!$C$13
690,"IF(ISBLANK('Unit Type (11)'!B44), "" "", 'Unit Type (11)'!B44)","IF(ISBLANK('Unit Type (11)'!C44), "" "", 'Unit Type (11)'!C44)",B690*'Summary Sheet'!$C$13
691,"IF(ISBLANK('Unit Type (11)'!B45), "" "", 'Unit Type (11)'!B45)","IF(ISBLANK('Unit Type (11)'!C45), "" "", 'Unit Type (11)'!C45)",B691*'Summary Sheet'!$C$13
692,"IF(ISBLANK('Unit Type (11)'!B46), "" "", 'Unit Type (11)'!B46)","IF(ISBLANK('Unit Type (11)'!C46), "" "", 'Unit Type (11)'!C46)",B692*'Summary Sheet'!$C$13
693,"IF(ISBLANK('Unit Type (11)'!B47), "" "", 'Unit Type (11)'!B47)","IF(ISBLANK('Unit Type (11)'!C47), "" "", 'Unit Type (11)'!C47)",B693*'Summary Sheet'!$C$13
694,"IF(ISBLANK('Unit Type (11)'!B48), "" "", 'Unit Type (11)'!B48)","IF(ISBLANK('Unit Type (11)'!C48), "" "", 'Unit Type (11)'!C48)",B694*'Summary Sheet'!$C$13
695,"IF(ISBLANK('Unit Type (11)'!B49), "" "", 'Unit Type (11)'!B49)","IF(ISBLANK('Unit Type (11)'!C49), "" "", 'Unit Type (11)'!C49)",B695*'Summary Sheet'!$C$13
696,"IF(ISBLANK('Unit Type (11)'!B50), "" "", 'Unit Type (11)'!B50)","IF(ISBLANK('Unit Type (11)'!C50), "" "", 'Unit Type (11)'!C50)",B696*'Summary Sheet'!$C$13
697,"IF(ISBLANK('Unit Type (11)'!B51), "" "", 'Unit Type (11)'!B51)","IF(ISBLANK('Unit Type (11)'!C51), "" "", 'Unit Type (11)'!C51)",B697*'Summary Sheet'!$C$13
698,"IF(ISBLANK('Unit Type (11)'!B52), "" "", 'Unit Type (11)'!B52)","IF(ISBLANK('Unit Type (11)'!C52), "" "", 'Unit Type (11)'!C52)",B698*'Summary Sheet'!$C$13
699,"IF(ISBLANK('Unit Type (11)'!B53), "" "", 'Unit Type (11)'!B53)","IF(ISBLANK('Unit Type (11)'!C53), "" "", 'Unit Type (11)'!C53)",B699*'Summary Sheet'!$C$13
700,"IF(ISBLANK('Unit Type (11)'!B54), "" "", 'Unit Type (11)'!B54)","IF(ISBLANK('Unit Type (11)'!C54), "" "", 'Unit Type (11)'!C54)",B700*'Summary Sheet'!$C$13
701,"IF(ISBLANK('Unit Type (11)'!B55), "" "", 'Unit Type (11)'!B55)","IF(ISBLANK('Unit Type (11)'!C55), "" "", 'Unit Type (11)'!C55)",B701*'Summary Sheet'!$C$13
702,"IF(ISBLANK('Unit Type (11)'!B56), "" "", 'Unit Type (11)'!B56)","IF(ISBLANK('Unit Type (11)'!C56), "" "", 'Unit Type (11)'!C56)",B702*'Summary Sheet'!$C$13
703,"IF(ISBLANK('Unit Type (11)'!B57), "" "", 'Unit Type (11)'!B57)","IF(ISBLANK('Unit Type (11)'!C57), "" "", 'Unit Type (11)'!C57)",B703*'Summary Sheet'!$C$13
704,"IF(ISBLANK('Unit Type (11)'!B58), "" "", 'Unit Type (11)'!B58)","IF(ISBLANK('Unit Type (11)'!C58), "" "", 'Unit Type (11)'!C58)",B704*'Summary Sheet'!$C$13
705,"IF(ISBLANK('Unit Type (11)'!B59), "" "", 'Unit Type (11)'!B59)","IF(ISBLANK('Unit Type (11)'!C59), "" "", 'Unit Type (11)'!C59)",B705*'Summary Sheet'!$C$13
706,"IF(ISBLANK('Unit Type (11)'!B60), "" "", 'Unit Type (11)'!B60)","IF(ISBLANK('Unit Type (11)'!C60), "" "", 'Unit Type (11)'!C60)",B706*'Summary Sheet'!$C$13
707,"IF(ISBLANK('Unit Type (11)'!B61), "" "", 'Unit Type (11)'!B61)","IF(ISBLANK('Unit Type (11)'!C61), "" "", 'Unit Type (11)'!C61)",B707*'Summary Sheet'!$C$13
708,"IF(ISBLANK('Unit Type (11)'!B62), "" "", 'Unit Type (11)'!B62)","IF(ISBLANK('Unit Type (11)'!C62), "" "", 'Unit Type (11)'!C62)",B708*'Summary Sheet'!$C$13
709,"IF(ISBLANK('Unit Type (11)'!B63), "" "", 'Unit Type (11)'!B63)","IF(ISBLANK('Unit Type (11)'!C63), "" "", 'Unit Type (11)'!C63)",B709*'Summary Sheet'!$C$13
710,"IF(ISBLANK('Unit Type (11)'!B64), "" "", 'Unit Type (11)'!B64)","IF(ISBLANK('Unit Type (11)'!C64), "" "", 'Unit Type (11)'!C64)",B710*'Summary Sheet'!$C$13
711,"IF(ISBLANK('Unit Type (11)'!B65), "" "", 'Unit Type (11)'!B65)","IF(ISBLANK('Unit Type (11)'!C65), "" "", 'Unit Type (11)'!C65)",B711*'Summary Sheet'!$C$13
712,"IF(ISBLANK('Unit Type (11)'!B66), "" "", 'Unit Type (11)'!B66)","IF(ISBLANK('Unit Type (11)'!C66), "" "", 'Unit Type (11)'!C66)",B712*'Summary Sheet'!$C$13
713,"IF(ISBLANK('Unit Type (11)'!B67), "" "", 'Unit Type (11)'!B67)","IF(ISBLANK('Unit Type (11)'!C67), "" "", 'Unit Type (11)'!C67)",B713*'Summary Sheet'!$C$13
714,"IF(ISBLANK('Unit Type (11)'!B68), "" "", 'Unit Type (11)'!B68)","IF(ISBLANK('Unit Type (11)'!C68), "" "", 'Unit Type (11)'!C68)",B714*'Summary Sheet'!$C$13
715,"IF(ISBLANK('Unit Type (11)'!B69), "" "", 'Unit Type (11)'!B69)","IF(ISBLANK('Unit Type (11)'!C69), "" "", 'Unit Type (11)'!C69)",B715*'Summary Sheet'!$C$13
716,"IF(ISBLANK('Unit Type (11)'!B70), "" "", 'Unit Type (11)'!B70)","IF(ISBLANK('Unit Type (11)'!C70), "" "", 'Unit Type (11)'!C70)",B716*'Summary Sheet'!$C$13
717,"IF(ISBLANK('Unit Type (12)'!B6), "" "", 'Unit Type (12)'!B6)","IF(ISBLANK('Unit Type (12)'!C6), "" "", 'Unit Type (12)'!C6)",B717*'Summary Sheet'!$C$14
718,"IF(ISBLANK('Unit Type (12)'!B7), "" "", 'Unit Type (12)'!B7)","IF(ISBLANK('Unit Type (12)'!C7), "" "", 'Unit Type (12)'!C7)",B718*'Summary Sheet'!$C$14
719,"IF(ISBLANK('Unit Type (12)'!B8), "" "", 'Unit Type (12)'!B8)","IF(ISBLANK('Unit Type (12)'!C8), "" "", 'Unit Type (12)'!C8)",B719*'Summary Sheet'!$C$14
720,"IF(ISBLANK('Unit Type (12)'!B9), "" "", 'Unit Type (12)'!B9)","IF(ISBLANK('Unit Type (12)'!C9), "" "", 'Unit Type (12)'!C9)",B720*'Summary Sheet'!$C$14
721,"IF(ISBLANK('Unit Type (12)'!B10), "" "", 'Unit Type (12)'!B10)","IF(ISBLANK('Unit Type (12)'!C10), "" "", 'Unit Type (12)'!C10)",B721*'Summary Sheet'!$C$14
722,"IF(ISBLANK('Unit Type (12)'!B11), "" "", 'Unit Type (12)'!B11)","IF(ISBLANK('Unit Type (12)'!C11), "" "", 'Unit Type (12)'!C11)",B722*'Summary Sheet'!$C$14
723,"IF(ISBLANK('Unit Type (12)'!B12), "" "", 'Unit Type (12)'!B12)","IF(ISBLANK('Unit Type (12)'!C12), "" "", 'Unit Type (12)'!C12)",B723*'Summary Sheet'!$C$14
724,"IF(ISBLANK('Unit Type (12)'!B13), "" "", 'Unit Type (12)'!B13)","IF(ISBLANK('Unit Type (12)'!C13), "" "", 'Unit Type (12)'!C13)",B724*'Summary Sheet'!$C$14
725,"IF(ISBLANK('Unit Type (12)'!B14), "" "", 'Unit Type (12)'!B14)","IF(ISBLANK('Unit Type (12)'!C14), "" "", 'Unit Type (12)'!C14)",B725*'Summary Sheet'!$C$14
726,"IF(ISBLANK('Unit Type (12)'!B15), "" "", 'Unit Type (12)'!B15)","IF(ISBLANK('Unit Type (12)'!C15), "" "", 'Unit Type (12)'!C15)",B726*'Summary Sheet'!$C$14
727,"IF(ISBLANK('Unit Type (12)'!B16), "" "", 'Unit Type (12)'!B16)","IF(ISBLANK('Unit Type (12)'!C16), "" "", 'Unit Type (12)'!C16)",B727*'Summary Sheet'!$C$14
728,"IF(ISBLANK('Unit Type (12)'!B17), "" "", 'Unit Type (12)'!B17)","IF(ISBLANK('Unit Type (12)'!C17), "" "", 'Unit Type (12)'!C17)",B728*'Summary Sheet'!$C$14
729,"IF(ISBLANK('Unit Type (12)'!B18), "" "", 'Unit Type (12)'!B18)","IF(ISBLANK('Unit Type (12)'!C18), "" "", 'Unit Type (12)'!C18)",B729*'Summary Sheet'!$C$14
730,"IF(ISBLANK('Unit Type (12)'!B19), "" "", 'Unit Type (12)'!B19)","IF(ISBLANK('Unit Type (12)'!C19), "" "", 'Unit Type (12)'!C19)",B730*'Summary Sheet'!$C$14
731,"IF(ISBLANK('Unit Type (12)'!B20), "" "", 'Unit Type (12)'!B20)","IF(ISBLANK('Unit Type (12)'!C20), "" "", 'Unit Type (12)'!C20)",B731*'Summary Sheet'!$C$14
732,"IF(ISBLANK('Unit Type (12)'!B21), "" "", 'Unit Type (12)'!B21)","IF(ISBLANK('Unit Type (12)'!C21), "" "", 'Unit Type (12)'!C21)",B732*'Summary Sheet'!$C$14
733,"IF(ISBLANK('Unit Type (12)'!B22), "" "", 'Unit Type (12)'!B22)","IF(ISBLANK('Unit Type (12)'!C22), "" "", 'Unit Type (12)'!C22)",B733*'Summary Sheet'!$C$14
734,"IF(ISBLANK('Unit Type (12)'!B23), "" "", 'Unit Type (12)'!B23)","IF(ISBLANK('Unit Type (12)'!C23), "" "", 'Unit Type (12)'!C23)",B734*'Summary Sheet'!$C$14
735,"IF(ISBLANK('Unit Type (12)'!B24), "" "", 'Unit Type (12)'!B24)","IF(ISBLANK('Unit Type (12)'!C24), "" "", 'Unit Type (12)'!C24)",B735*'Summary Sheet'!$C$14
736,"IF(ISBLANK('Unit Type (12)'!B25), "" "", 'Unit Type (12)'!B25)","IF(ISBLANK('Unit Type (12)'!C25), "" "", 'Unit Type (12)'!C25)",B736*'Summary Sheet'!$C$14
737,"IF(ISBLANK('Unit Type (12)'!B26), "" "", 'Unit Type (12)'!B26)","IF(ISBLANK('Unit Type (12)'!C26), "" "", 'Unit Type (12)'!C26)",B737*'Summary Sheet'!$C$14
738,"IF(ISBLANK('Unit Type (12)'!B27), "" "", 'Unit Type (12)'!B27)","IF(ISBLANK('Unit Type (12)'!C27), "" "", 'Unit Type (12)'!C27)",B738*'Summary Sheet'!$C$14
739,"IF(ISBLANK('Unit Type (12)'!B28), "" "", 'Unit Type (12)'!B28)","IF(ISBLANK('Unit Type (12)'!C28), "" "", 'Unit Type (12)'!C28)",B739*'Summary Sheet'!$C$14
740,"IF(ISBLANK('Unit Type (12)'!B29), "" "", 'Unit Type (12)'!B29)","IF(ISBLANK('Unit Type (12)'!C29), "" "", 'Unit Type (12)'!C29)",B740*'Summary Sheet'!$C$14
741,"IF(ISBLANK('Unit Type (12)'!B30), "" "", 'Unit Type (12)'!B30)","IF(ISBLANK('Unit Type (12)'!C30), "" "", 'Unit Type (12)'!C30)",B741*'Summary Sheet'!$C$14
742,"IF(ISBLANK('Unit Type (12)'!B31), "" "", 'Unit Type (12)'!B31)","IF(ISBLANK('Unit Type (12)'!C31), "" "", 'Unit Type (12)'!C31)",B742*'Summary Sheet'!$C$14
743,"IF(ISBLANK('Unit Type (12)'!B32), "" "", 'Unit Type (12)'!B32)","IF(ISBLANK('Unit Type (12)'!C32), "" "", 'Unit Type (12)'!C32)",B743*'Summary Sheet'!$C$14
744,"IF(ISBLANK('Unit Type (12)'!B33), "" "", 'Unit Type (12)'!B33)","IF(ISBLANK('Unit Type (12)'!C33), "" "", 'Unit Type (12)'!C33)",B744*'Summary Sheet'!$C$14
745,"IF(ISBLANK('Unit Type (12)'!B34), "" "", 'Unit Type (12)'!B34)","IF(ISBLANK('Unit Type (12)'!C34), "" "", 'Unit Type (12)'!C34)",B745*'Summary Sheet'!$C$14
746,"IF(ISBLANK('Unit Type (12)'!B35), "" "", 'Unit Type (12)'!B35)","IF(ISBLANK('Unit Type (12)'!C35), "" "", 'Unit Type (12)'!C35)",B746*'Summary Sheet'!$C$14
747,"IF(ISBLANK('Unit Type (12)'!B36), "" "", 'Unit Type (12)'!B36)","IF(ISBLANK('Unit Type (12)'!C36), "" "", 'Unit Type (12)'!C36)",B747*'Summary Sheet'!$C$14
748,"IF(ISBLANK('Unit Type (12)'!B37), "" "", 'Unit Type (12)'!B37)","IF(ISBLANK('Unit Type (12)'!C37), "" "", 'Unit Type (12)'!C37)",B748*'Summary Sheet'!$C$14
749,"IF(ISBLANK('Unit Type (12)'!B38), "" "", 'Unit Type (12)'!B38)","IF(ISBLANK('Unit Type (12)'!C38), "" "", 'Unit Type (12)'!C38)",B749*'Summary Sheet'!$C$14
750,"IF(ISBLANK('Unit Type (12)'!B39), "" "", 'Unit Type (12)'!B39)","IF(ISBLANK('Unit Type (12)'!C39), "" "", 'Unit Type (12)'!C39)",B750*'Summary Sheet'!$C$14
751,"IF(ISBLANK('Unit Type (12)'!B40), "" "", 'Unit Type (12)'!B40)","IF(ISBLANK('Unit Type (12)'!C40), "" "", 'Unit Type (12)'!C40)",B751*'Summary Sheet'!$C$14
752,"IF(ISBLANK('Unit Type (12)'!B41), "" "", 'Unit Type (12)'!B41)","IF(ISBLANK('Unit Type (12)'!C41), "" "", 'Unit Type (12)'!C41)",B752*'Summary Sheet'!$C$14
753,"IF(ISBLANK('Unit Type (12)'!B42), "" "", 'Unit Type (12)'!B42)","IF(ISBLANK('Unit Type (12)'!C42), "" "", 'Unit Type (12)'!C42)",B753*'Summary Sheet'!$C$14
754,"IF(ISBLANK('Unit Type (12)'!B43), "" "", 'Unit Type (12)'!B43)","IF(ISBLANK('Unit Type (12)'!C43), "" "", 'Unit Type (12)'!C43)",B754*'Summary Sheet'!$C$14
755,"IF(ISBLANK('Unit Type (12)'!B44), "" "", 'Unit Type (12)'!B44)","IF(ISBLANK('Unit Type (12)'!C44), "" "", 'Unit Type (12)'!C44)",B755*'Summary Sheet'!$C$14
756,"IF(ISBLANK('Unit Type (12)'!B45), "" "", 'Unit Type (12)'!B45)","IF(ISBLANK('Unit Type (12)'!C45), "" "", 'Unit Type (12)'!C45)",B756*'Summary Sheet'!$C$14
757,"IF(ISBLANK('Unit Type (12)'!B46), "" "", 'Unit Type (12)'!B46)","IF(ISBLANK('Unit Type (12)'!C46), "" "", 'Unit Type (12)'!C46)",B757*'Summary Sheet'!$C$14
758,"IF(ISBLANK('Unit Type (12)'!B47), "" "", 'Unit Type (12)'!B47)","IF(ISBLANK('Unit Type (12)'!C47), "" "", 'Unit Type (12)'!C47)",B758*'Summary Sheet'!$C$14
759,"IF(ISBLANK('Unit Type (12)'!B48), "" "", 'Unit Type (12)'!B48)","IF(ISBLANK('Unit Type (12)'!C48), "" "", 'Unit Type (12)'!C48)",B759*'Summary Sheet'!$C$14
760,"IF(ISBLANK('Unit Type (12)'!B49), "" "", 'Unit Type (12)'!B49)","IF(ISBLANK('Unit Type (12)'!C49), "" "", 'Unit Type (12)'!C49)",B760*'Summary Sheet'!$C$14
761,"IF(ISBLANK('Unit Type (12)'!B50), "" "", 'Unit Type (12)'!B50)","IF(ISBLANK('Unit Type (12)'!C50), "" "", 'Unit Type (12)'!C50)",B761*'Summary Sheet'!$C$14
762,"IF(ISBLANK('Unit Type (12)'!B51), "" "", 'Unit Type (12)'!B51)","IF(ISBLANK('Unit Type (12)'!C51), "" "", 'Unit Type (12)'!C51)",B762*'Summary Sheet'!$C$14
763,"IF(ISBLANK('Unit Type (12)'!B52), "" "", 'Unit Type (12)'!B52)","IF(ISBLANK('Unit Type (12)'!C52), "" "", 'Unit Type (12)'!C52)",B763*'Summary Sheet'!$C$14
764,"IF(ISBLANK('Unit Type (12)'!B53), "" "", 'Unit Type (12)'!B53)","IF(ISBLANK('Unit Type (12)'!C53), "" "", 'Unit Type (12)'!C53)",B764*'Summary Sheet'!$C$14
765,"IF(ISBLANK('Unit Type (12)'!B54), "" "", 'Unit Type (12)'!B54)","IF(ISBLANK('Unit Type (12)'!C54), "" "", 'Unit Type (12)'!C54)",B765*'Summary Sheet'!$C$14
766,"IF(ISBLANK('Unit Type (12)'!B55), "" "", 'Unit Type (12)'!B55)","IF(ISBLANK('Unit Type (12)'!C55), "" "", 'Unit Type (12)'!C55)",B766*'Summary Sheet'!$C$14
767,"IF(ISBLANK('Unit Type (12)'!B56), "" "", 'Unit Type (12)'!B56)","IF(ISBLANK('Unit Type (12)'!C56), "" "", 'Unit Type (12)'!C56)",B767*'Summary Sheet'!$C$14
768,"IF(ISBLANK('Unit Type (12)'!B57), "" "", 'Unit Type (12)'!B57)","IF(ISBLANK('Unit Type (12)'!C57), "" "", 'Unit Type (12)'!C57)",B768*'Summary Sheet'!$C$14
769,"IF(ISBLANK('Unit Type (12)'!B58), "" "", 'Unit Type (12)'!B58)","IF(ISBLANK('Unit Type (12)'!C58), "" "", 'Unit Type (12)'!C58)",B769*'Summary Sheet'!$C$14
770,"IF(ISBLANK('Unit Type (12)'!B59), "" "", 'Unit Type (12)'!B59)","IF(ISBLANK('Unit Type (12)'!C59), "" "", 'Unit Type (12)'!C59)",B770*'Summary Sheet'!$C$14
771,"IF(ISBLANK('Unit Type (12)'!B60), "" "", 'Unit Type (12)'!B60)","IF(ISBLANK('Unit Type (12)'!C60), "" "", 'Unit Type (12)'!C60)",B771*'Summary Sheet'!$C$14
772,"IF(ISBLANK('Unit Type (12)'!B61), "" "", 'Unit Type (12)'!B61)","IF(ISBLANK('Unit Type (12)'!C61), "" "", 'Unit Type (12)'!C61)",B772*'Summary Sheet'!$C$14
773,"IF(ISBLANK('Unit Type (12)'!B62), "" "", 'Unit Type (12)'!B62)","IF(ISBLANK('Unit Type (12)'!C62), "" "", 'Unit Type (12)'!C62)",B773*'Summary Sheet'!$C$14
774,"IF(ISBLANK('Unit Type (12)'!B63), "" "", 'Unit Type (12)'!B63)","IF(ISBLANK('Unit Type (12)'!C63), "" "", 'Unit Type (12)'!C63)",B774*'Summary Sheet'!$C$14
775,"IF(ISBLANK('Unit Type (12)'!B64), "" "", 'Unit Type (12)'!B64)","IF(ISBLANK('Unit Type (12)'!C64), "" "", 'Unit Type (12)'!C64)",B775*'Summary Sheet'!$C$14
776,"IF(ISBLANK('Unit Type (12)'!B65), "" "", 'Unit Type (12)'!B65)","IF(ISBLANK('Unit Type (12)'!C65), "" "", 'Unit Type (12)'!C65)",B776*'Summary Sheet'!$C$14
777,"IF(ISBLANK('Unit Type (12)'!B66), "" "", 'Unit Type (12)'!B66)","IF(ISBLANK('Unit Type (12)'!C66), "" "", 'Unit Type (12)'!C66)",B777*'Summary Sheet'!$C$14
778,"IF(ISBLANK('Unit Type (12)'!B67), "" "", 'Unit Type (12)'!B67)","IF(ISBLANK('Unit Type (12)'!C67), "" "", 'Unit Type (12)'!C67)",B778*'Summary Sheet'!$C$14
779,"IF(ISBLANK('Unit Type (12)'!B68), "" "", 'Unit Type (12)'!B68)","IF(ISBLANK('Unit Type (12)'!C68), "" "", 'Unit Type (12)'!C68)",B779*'Summary Sheet'!$C$14
780,"IF(ISBLANK('Unit Type (12)'!B69), "" "", 'Unit Type (12)'!B69)","IF(ISBLANK('Unit Type (12)'!C69), "" "", 'Unit Type (12)'!C69)",B780*'Summary Sheet'!$C$14
781,"IF(ISBLANK('Unit Type (12)'!B70), "" "", 'Unit Type (12)'!B70)","IF(ISBLANK('Unit Type (12)'!C70), "" "", 'Unit Type (12)'!C70)",B781*'Summary Sheet'!$C$14
782,"IF(ISBLANK('Unit Type (13)'!B6), "" "", 'Unit Type (13)'!B6)","IF(ISBLANK('Unit Type (13)'!C6), "" "", 'Unit Type (13)'!C6)",B782*'Summary Sheet'!$C$15
783,"IF(ISBLANK('Unit Type (13)'!B7), "" "", 'Unit Type (13)'!B7)","IF(ISBLANK('Unit Type (13)'!C7), "" "", 'Unit Type (13)'!C7)",B783*'Summary Sheet'!$C$15
784,"IF(ISBLANK('Unit Type (13)'!B8), "" "", 'Unit Type (13)'!B8)","IF(ISBLANK('Unit Type (13)'!C8), "" "", 'Unit Type (13)'!C8)",B784*'Summary Sheet'!$C$15
785,"IF(ISBLANK('Unit Type (13)'!B9), "" "", 'Unit Type (13)'!B9)","IF(ISBLANK('Unit Type (13)'!C9), "" "", 'Unit Type (13)'!C9)",B785*'Summary Sheet'!$C$15
786,"IF(ISBLANK('Unit Type (13)'!B10), "" "", 'Unit Type (13)'!B10)","IF(ISBLANK('Unit Type (13)'!C10), "" "", 'Unit Type (13)'!C10)",B786*'Summary Sheet'!$C$15
787,"IF(ISBLANK('Unit Type (13)'!B11), "" "", 'Unit Type (13)'!B11)","IF(ISBLANK('Unit Type (13)'!C11), "" "", 'Unit Type (13)'!C11)",B787*'Summary Sheet'!$C$15
788,"IF(ISBLANK('Unit Type (13)'!B12), "" "", 'Unit Type (13)'!B12)","IF(ISBLANK('Unit Type (13)'!C12), "" "", 'Unit Type (13)'!C12)",B788*'Summary Sheet'!$C$15
789,"IF(ISBLANK('Unit Type (13)'!B13), "" "", 'Unit Type (13)'!B13)","IF(ISBLANK('Unit Type (13)'!C13), "" "", 'Unit Type (13)'!C13)",B789*'Summary Sheet'!$C$15
790,"IF(ISBLANK('Unit Type (13)'!B14), "" "", 'Unit Type (13)'!B14)","IF(ISBLANK('Unit Type (13)'!C14), "" "", 'Unit Type (13)'!C14)",B790*'Summary Sheet'!$C$15
791,"IF(ISBLANK('Unit Type (13)'!B15), "" "", 'Unit Type (13)'!B15)","IF(ISBLANK('Unit Type (13)'!C15), "" "", 'Unit Type (13)'!C15)",B791*'Summary Sheet'!$C$15
792,"IF(ISBLANK('Unit Type (13)'!B16), "" "", 'Unit Type (13)'!B16)","IF(ISBLANK('Unit Type (13)'!C16), "" "", 'Unit Type (13)'!C16)",B792*'Summary Sheet'!$C$15
793,"IF(ISBLANK('Unit Type (13)'!B17), "" "", 'Unit Type (13)'!B17)","IF(ISBLANK('Unit Type (13)'!C17), "" "", 'Unit Type (13)'!C17)",B793*'Summary Sheet'!$C$15
794,"IF(ISBLANK('Unit Type (13)'!B18), "" "", 'Unit Type (13)'!B18)","IF(ISBLANK('Unit Type (13)'!C18), "" "", 'Unit Type (13)'!C18)",B794*'Summary Sheet'!$C$15
795,"IF(ISBLANK('Unit Type (13)'!B19), "" "", 'Unit Type (13)'!B19)","IF(ISBLANK('Unit Type (13)'!C19), "" "", 'Unit Type (13)'!C19)",B795*'Summary Sheet'!$C$15
796,"IF(ISBLANK('Unit Type (13)'!B20), "" "", 'Unit Type (13)'!B20)","IF(ISBLANK('Unit Type (13)'!C20), "" "", 'Unit Type (13)'!C20)",B796*'Summary Sheet'!$C$15
797,"IF(ISBLANK('Unit Type (13)'!B21), "" "", 'Unit Type (13)'!B21)","IF(ISBLANK('Unit Type (13)'!C21), "" "", 'Unit Type (13)'!C21)",B797*'Summary Sheet'!$C$15
798,"IF(ISBLANK('Unit Type (13)'!B22), "" "", 'Unit Type (13)'!B22)","IF(ISBLANK('Unit Type (13)'!C22), "" "", 'Unit Type (13)'!C22)",B798*'Summary Sheet'!$C$15
799,"IF(ISBLANK('Unit Type (13)'!B23), "" "", 'Unit Type (13)'!B23)","IF(ISBLANK('Unit Type (13)'!C23), "" "", 'Unit Type (13)'!C23)",B799*'Summary Sheet'!$C$15
800,"IF(ISBLANK('Unit Type (13)'!B24), "" "", 'Unit Type (13)'!B24)","IF(ISBLANK('Unit Type (13)'!C24), "" "", 'Unit Type (13)'!C24)",B800*'Summary Sheet'!$C$15
801,"IF(ISBLANK('Unit Type (13)'!B25), "" "", 'Unit Type (13)'!B25)","IF(ISBLANK('Unit Type (13)'!C25), "" "", 'Unit Type (13)'!C25)",B801*'Summary Sheet'!$C$15
802,"IF(ISBLANK('Unit Type (13)'!B26), "" "", 'Unit Type (13)'!B26)","IF(ISBLANK('Unit Type (13)'!C26), "" "", 'Unit Type (13)'!C26)",B802*'Summary Sheet'!$C$15
803,"IF(ISBLANK('Unit Type (13)'!B27), "" "", 'Unit Type (13)'!B27)","IF(ISBLANK('Unit Type (13)'!C27), "" "", 'Unit Type (13)'!C27)",B803*'Summary Sheet'!$C$15
804,"IF(ISBLANK('Unit Type (13)'!B28), "" "", 'Unit Type (13)'!B28)","IF(ISBLANK('Unit Type (13)'!C28), "" "", 'Unit Type (13)'!C28)",B804*'Summary Sheet'!$C$15
805,"IF(ISBLANK('Unit Type (13)'!B29), "" "", 'Unit Type (13)'!B29)","IF(ISBLANK('Unit Type (13)'!C29), "" "", 'Unit Type (13)'!C29)",B805*'Summary Sheet'!$C$15
806,"IF(ISBLANK('Unit Type (13)'!B30), "" "", 'Unit Type (13)'!B30)","IF(ISBLANK('Unit Type (13)'!C30), "" "", 'Unit Type (13)'!C30)",B806*'Summary Sheet'!$C$15
807,"IF(ISBLANK('Unit Type (13)'!B31), "" "", 'Unit Type (13)'!B31)","IF(ISBLANK('Unit Type (13)'!C31), "" "", 'Unit Type (13)'!C31)",B807*'Summary Sheet'!$C$15
808,"IF(ISBLANK('Unit Type (13)'!B32), "" "", 'Unit Type (13)'!B32)","IF(ISBLANK('Unit Type (13)'!C32), "" "", 'Unit Type (13)'!C32)",B808*'Summary Sheet'!$C$15
809,"IF(ISBLANK('Unit Type (13)'!B33), "" "", 'Unit Type (13)'!B33)","IF(ISBLANK('Unit Type (13)'!C33), "" "", 'Unit Type (13)'!C33)",B809*'Summary Sheet'!$C$15
810,"IF(ISBLANK('Unit Type (13)'!B34), "" "", 'Unit Type (13)'!B34)","IF(ISBLANK('Unit Type (13)'!C34), "" "", 'Unit Type (13)'!C34)",B810*'Summary Sheet'!$C$15
811,"IF(ISBLANK('Unit Type (13)'!B35), "" "", 'Unit Type (13)'!B35)","IF(ISBLANK('Unit Type (13)'!C35), "" "", 'Unit Type (13)'!C35)",B811*'Summary Sheet'!$C$15
812,"IF(ISBLANK('Unit Type (13)'!B36), "" "", 'Unit Type (13)'!B36)","IF(ISBLANK('Unit Type (13)'!C36), "" "", 'Unit Type (13)'!C36)",B812*'Summary Sheet'!$C$15
813,"IF(ISBLANK('Unit Type (13)'!B37), "" "", 'Unit Type (13)'!B37)","IF(ISBLANK('Unit Type (13)'!C37), "" "", 'Unit Type (13)'!C37)",B813*'Summary Sheet'!$C$15
814,"IF(ISBLANK('Unit Type (13)'!B38), "" "", 'Unit Type (13)'!B38)","IF(ISBLANK('Unit Type (13)'!C38), "" "", 'Unit Type (13)'!C38)",B814*'Summary Sheet'!$C$15
815,"IF(ISBLANK('Unit Type (13)'!B39), "" "", 'Unit Type (13)'!B39)","IF(ISBLANK('Unit Type (13)'!C39), "" "", 'Unit Type (13)'!C39)",B815*'Summary Sheet'!$C$15
816,"IF(ISBLANK('Unit Type (13)'!B40), "" "", 'Unit Type (13)'!B40)","IF(ISBLANK('Unit Type (13)'!C40), "" "", 'Unit Type (13)'!C40)",B816*'Summary Sheet'!$C$15
817,"IF(ISBLANK('Unit Type (13)'!B41), "" "", 'Unit Type (13)'!B41)","IF(ISBLANK('Unit Type (13)'!C41), "" "", 'Unit Type (13)'!C41)",B817*'Summary Sheet'!$C$15
818,"IF(ISBLANK('Unit Type (13)'!B42), "" "", 'Unit Type (13)'!B42)","IF(ISBLANK('Unit Type (13)'!C42), "" "", 'Unit Type (13)'!C42)",B818*'Summary Sheet'!$C$15
819,"IF(ISBLANK('Unit Type (13)'!B43), "" "", 'Unit Type (13)'!B43)","IF(ISBLANK('Unit Type (13)'!C43), "" "", 'Unit Type (13)'!C43)",B819*'Summary Sheet'!$C$15
820,"IF(ISBLANK('Unit Type (13)'!B44), "" "", 'Unit Type (13)'!B44)","IF(ISBLANK('Unit Type (13)'!C44), "" "", 'Unit Type (13)'!C44)",B820*'Summary Sheet'!$C$15
821,"IF(ISBLANK('Unit Type (13)'!B45), "" "", 'Unit Type (13)'!B45)","IF(ISBLANK('Unit Type (13)'!C45), "" "", 'Unit Type (13)'!C45)",B821*'Summary Sheet'!$C$15
822,"IF(ISBLANK('Unit Type (13)'!B46), "" "", 'Unit Type (13)'!B46)","IF(ISBLANK('Unit Type (13)'!C46), "" "", 'Unit Type (13)'!C46)",B822*'Summary Sheet'!$C$15
823,"IF(ISBLANK('Unit Type (13)'!B47), "" "", 'Unit Type (13)'!B47)","IF(ISBLANK('Unit Type (13)'!C47), "" "", 'Unit Type (13)'!C47)",B823*'Summary Sheet'!$C$15
824,"IF(ISBLANK('Unit Type (13)'!B48), "" "", 'Unit Type (13)'!B48)","IF(ISBLANK('Unit Type (13)'!C48), "" "", 'Unit Type (13)'!C48)",B824*'Summary Sheet'!$C$15
825,"IF(ISBLANK('Unit Type (13)'!B49), "" "", 'Unit Type (13)'!B49)","IF(ISBLANK('Unit Type (13)'!C49), "" "", 'Unit Type (13)'!C49)",B825*'Summary Sheet'!$C$15
826,"IF(ISBLANK('Unit Type (13)'!B50), "" "", 'Unit Type (13)'!B50)","IF(ISBLANK('Unit Type (13)'!C50), "" "", 'Unit Type (13)'!C50)",B826*'Summary Sheet'!$C$15
827,"IF(ISBLANK('Unit Type (13)'!B51), "" "", 'Unit Type (13)'!B51)","IF(ISBLANK('Unit Type (13)'!C51), "" "", 'Unit Type (13)'!C51)",B827*'Summary Sheet'!$C$15
828,"IF(ISBLANK('Unit Type (13)'!B52), "" "", 'Unit Type (13)'!B52)","IF(ISBLANK('Unit Type (13)'!C52), "" "", 'Unit Type (13)'!C52)",B828*'Summary Sheet'!$C$15
829,"IF(ISBLANK('Unit Type (13)'!B53), "" "", 'Unit Type (13)'!B53)","IF(ISBLANK('Unit Type (13)'!C53), "" "", 'Unit Type (13)'!C53)",B829*'Summary Sheet'!$C$15
830,"IF(ISBLANK('Unit Type (13)'!B54), "" "", 'Unit Type (13)'!B54)","IF(ISBLANK('Unit Type (13)'!C54), "" "", 'Unit Type (13)'!C54)",B830*'Summary Sheet'!$C$15
831,"IF(ISBLANK('Unit Type (13)'!B55), "" "", 'Unit Type (13)'!B55)","IF(ISBLANK('Unit Type (13)'!C55), "" "", 'Unit Type (13)'!C55)",B831*'Summary Sheet'!$C$15
832,"IF(ISBLANK('Unit Type (13)'!B56), "" "", 'Unit Type (13)'!B56)","IF(ISBLANK('Unit Type (13)'!C56), "" "", 'Unit Type (13)'!C56)",B832*'Summary Sheet'!$C$15
833,"IF(ISBLANK('Unit Type (13)'!B57), "" "", 'Unit Type (13)'!B57)","IF(ISBLANK('Unit Type (13)'!C57), "" "", 'Unit Type (13)'!C57)",B833*'Summary Sheet'!$C$15
834,"IF(ISBLANK('Unit Type (13)'!B58), "" "", 'Unit Type (13)'!B58)","IF(ISBLANK('Unit Type (13)'!C58), "" "", 'Unit Type (13)'!C58)",B834*'Summary Sheet'!$C$15
835,"IF(ISBLANK('Unit Type (13)'!B59), "" "", 'Unit Type (13)'!B59)","IF(ISBLANK('Unit Type (13)'!C59), "" "", 'Unit Type (13)'!C59)",B835*'Summary Sheet'!$C$15
836,"IF(ISBLANK('Unit Type (13)'!B60), "" "", 'Unit Type (13)'!B60)","IF(ISBLANK('Unit Type (13)'!C60), "" "", 'Unit Type (13)'!C60)",B836*'Summary Sheet'!$C$15
837,"IF(ISBLANK('Unit Type (13)'!B61), "" "", 'Unit Type (13)'!B61)","IF(ISBLANK('Unit Type (13)'!C61), "" "", 'Unit Type (13)'!C61)",B837*'Summary Sheet'!$C$15
838,"IF(ISBLANK('Unit Type (13)'!B62), "" "", 'Unit Type (13)'!B62)","IF(ISBLANK('Unit Type (13)'!C62), "" "", 'Unit Type (13)'!C62)",B838*'Summary Sheet'!$C$15
839,"IF(ISBLANK('Unit Type (13)'!B63), "" "", 'Unit Type (13)'!B63)","IF(ISBLANK('Unit Type (13)'!C63), "" "", 'Unit Type (13)'!C63)",B839*'Summary Sheet'!$C$15
840,"IF(ISBLANK('Unit Type (13)'!B64), "" "", 'Unit Type (13)'!B64)","IF(ISBLANK('Unit Type (13)'!C64), "" "", 'Unit Type (13)'!C64)",B840*'Summary Sheet'!$C$15
841,"IF(ISBLANK('Unit Type (13)'!B65), "" "", 'Unit Type (13)'!B65)","IF(ISBLANK('Unit Type (13)'!C65), "" "", 'Unit Type (13)'!C65)",B841*'Summary Sheet'!$C$15
842,"IF(ISBLANK('Unit Type (13)'!B66), "" "", 'Unit Type (13)'!B66)","IF(ISBLANK('Unit Type (13)'!C66), "" "", 'Unit Type (13)'!C66)",B842*'Summary Sheet'!$C$15
843,"IF(ISBLANK('Unit Type (13)'!B67), "" "", 'Unit Type (13)'!B67)","IF(ISBLANK('Unit Type (13)'!C67), "" "", 'Unit Type (13)'!C67)",B843*'Summary Sheet'!$C$15
844,"IF(ISBLANK('Unit Type (13)'!B68), "" "", 'Unit Type (13)'!B68)","IF(ISBLANK('Unit Type (13)'!C68), "" "", 'Unit Type (13)'!C68)",B844*'Summary Sheet'!$C$15
845,"IF(ISBLANK('Unit Type (13)'!B69), "" "", 'Unit Type (13)'!B69)","IF(ISBLANK('Unit Type (13)'!C69), "" "", 'Unit Type (13)'!C69)",B845*'Summary Sheet'!$C$15
846,"IF(ISBLANK('Unit Type (13)'!B70), "" "", 'Unit Type (13)'!B70)","IF(ISBLANK('Unit Type (13)'!C70), "" "", 'Unit Type (13)'!C70)",B846*'Summary Sheet'!$C$15
847,"IF(ISBLANK('Unit Type (14)'!B6), "" "", 'Unit Type (14)'!B6)","IF(ISBLANK('Unit Type (14)'!C6), "" "", 'Unit Type (14)'!C6)",B847*'Summary Sheet'!$C$16
848,"IF(ISBLANK('Unit Type (14)'!B7), "" "", 'Unit Type (14)'!B7)","IF(ISBLANK('Unit Type (14)'!C7), "" "", 'Unit Type (14)'!C7)",B848*'Summary Sheet'!$C$16
849,"IF(ISBLANK('Unit Type (14)'!B8), "" "", 'Unit Type (14)'!B8)","IF(ISBLANK('Unit Type (14)'!C8), "" "", 'Unit Type (14)'!C8)",B849*'Summary Sheet'!$C$16
850,"IF(ISBLANK('Unit Type (14)'!B9), "" "", 'Unit Type (14)'!B9)","IF(ISBLANK('Unit Type (14)'!C9), "" "", 'Unit Type (14)'!C9)",B850*'Summary Sheet'!$C$16
851,"IF(ISBLANK('Unit Type (14)'!B10), "" "", 'Unit Type (14)'!B10)","IF(ISBLANK('Unit Type (14)'!C10), "" "", 'Unit Type (14)'!C10)",B851*'Summary Sheet'!$C$16
852,"IF(ISBLANK('Unit Type (14)'!B11), "" "", 'Unit Type (14)'!B11)","IF(ISBLANK('Unit Type (14)'!C11), "" "", 'Unit Type (14)'!C11)",B852*'Summary Sheet'!$C$16
853,"IF(ISBLANK('Unit Type (14)'!B12), "" "", 'Unit Type (14)'!B12)","IF(ISBLANK('Unit Type (14)'!C12), "" "", 'Unit Type (14)'!C12)",B853*'Summary Sheet'!$C$16
854,"IF(ISBLANK('Unit Type (14)'!B13), "" "", 'Unit Type (14)'!B13)","IF(ISBLANK('Unit Type (14)'!C13), "" "", 'Unit Type (14)'!C13)",B854*'Summary Sheet'!$C$16
855,"IF(ISBLANK('Unit Type (14)'!B14), "" "", 'Unit Type (14)'!B14)","IF(ISBLANK('Unit Type (14)'!C14), "" "", 'Unit Type (14)'!C14)",B855*'Summary Sheet'!$C$16
856,"IF(ISBLANK('Unit Type (14)'!B15), "" "", 'Unit Type (14)'!B15)","IF(ISBLANK('Unit Type (14)'!C15), "" "", 'Unit Type (14)'!C15)",B856*'Summary Sheet'!$C$16
857,"IF(ISBLANK('Unit Type (14)'!B16), "" "", 'Unit Type (14)'!B16)","IF(ISBLANK('Unit Type (14)'!C16), "" "", 'Unit Type (14)'!C16)",B857*'Summary Sheet'!$C$16
858,"IF(ISBLANK('Unit Type (14)'!B17), "" "", 'Unit Type (14)'!B17)","IF(ISBLANK('Unit Type (14)'!C17), "" "", 'Unit Type (14)'!C17)",B858*'Summary Sheet'!$C$16
859,"IF(ISBLANK('Unit Type (14)'!B18), "" "", 'Unit Type (14)'!B18)","IF(ISBLANK('Unit Type (14)'!C18), "" "", 'Unit Type (14)'!C18)",B859*'Summary Sheet'!$C$16
860,"IF(ISBLANK('Unit Type (14)'!B19), "" "", 'Unit Type (14)'!B19)","IF(ISBLANK('Unit Type (14)'!C19), "" "", 'Unit Type (14)'!C19)",B860*'Summary Sheet'!$C$16
861,"IF(ISBLANK('Unit Type (14)'!B20), "" "", 'Unit Type (14)'!B20)","IF(ISBLANK('Unit Type (14)'!C20), "" "", 'Unit Type (14)'!C20)",B861*'Summary Sheet'!$C$16
862,"IF(ISBLANK('Unit Type (14)'!B21), "" "", 'Unit Type (14)'!B21)","IF(ISBLANK('Unit Type (14)'!C21), "" "", 'Unit Type (14)'!C21)",B862*'Summary Sheet'!$C$16
863,"IF(ISBLANK('Unit Type (14)'!B22), "" "", 'Unit Type (14)'!B22)","IF(ISBLANK('Unit Type (14)'!C22), "" "", 'Unit Type (14)'!C22)",B863*'Summary Sheet'!$C$16
864,"IF(ISBLANK('Unit Type (14)'!B23), "" "", 'Unit Type (14)'!B23)","IF(ISBLANK('Unit Type (14)'!C23), "" "", 'Unit Type (14)'!C23)",B864*'Summary Sheet'!$C$16
865,"IF(ISBLANK('Unit Type (14)'!B24), "" "", 'Unit Type (14)'!B24)","IF(ISBLANK('Unit Type (14)'!C24), "" "", 'Unit Type (14)'!C24)",B865*'Summary Sheet'!$C$16
866,"IF(ISBLANK('Unit Type (14)'!B25), "" "", 'Unit Type (14)'!B25)","IF(ISBLANK('Unit Type (14)'!C25), "" "", 'Unit Type (14)'!C25)",B866*'Summary Sheet'!$C$16
867,"IF(ISBLANK('Unit Type (14)'!B26), "" "", 'Unit Type (14)'!B26)","IF(ISBLANK('Unit Type (14)'!C26), "" "", 'Unit Type (14)'!C26)",B867*'Summary Sheet'!$C$16
868,"IF(ISBLANK('Unit Type (14)'!B27), "" "", 'Unit Type (14)'!B27)","IF(ISBLANK('Unit Type (14)'!C27), "" "", 'Unit Type (14)'!C27)",B868*'Summary Sheet'!$C$16
869,"IF(ISBLANK('Unit Type (14)'!B28), "" "", 'Unit Type (14)'!B28)","IF(ISBLANK('Unit Type (14)'!C28), "" "", 'Unit Type (14)'!C28)",B869*'Summary Sheet'!$C$16
870,"IF(ISBLANK('Unit Type (14)'!B29), "" "", 'Unit Type (14)'!B29)","IF(ISBLANK('Unit Type (14)'!C29), "" "", 'Unit Type (14)'!C29)",B870*'Summary Sheet'!$C$16
871,"IF(ISBLANK('Unit Type (14)'!B30), "" "", 'Unit Type (14)'!B30)","IF(ISBLANK('Unit Type (14)'!C30), "" "", 'Unit Type (14)'!C30)",B871*'Summary Sheet'!$C$16
872,"IF(ISBLANK('Unit Type (14)'!B31), "" "", 'Unit Type (14)'!B31)","IF(ISBLANK('Unit Type (14)'!C31), "" "", 'Unit Type (14)'!C31)",B872*'Summary Sheet'!$C$16
873,"IF(ISBLANK('Unit Type (14)'!B32), "" "", 'Unit Type (14)'!B32)","IF(ISBLANK('Unit Type (14)'!C32), "" "", 'Unit Type (14)'!C32)",B873*'Summary Sheet'!$C$16
874,"IF(ISBLANK('Unit Type (14)'!B33), "" "", 'Unit Type (14)'!B33)","IF(ISBLANK('Unit Type (14)'!C33), "" "", 'Unit Type (14)'!C33)",B874*'Summary Sheet'!$C$16
875,"IF(ISBLANK('Unit Type (14)'!B34), "" "", 'Unit Type (14)'!B34)","IF(ISBLANK('Unit Type (14)'!C34), "" "", 'Unit Type (14)'!C34)",B875*'Summary Sheet'!$C$16
876,"IF(ISBLANK('Unit Type (14)'!B35), "" "", 'Unit Type (14)'!B35)","IF(ISBLANK('Unit Type (14)'!C35), "" "", 'Unit Type (14)'!C35)",B876*'Summary Sheet'!$C$16
877,"IF(ISBLANK('Unit Type (14)'!B36), "" "", 'Unit Type (14)'!B36)","IF(ISBLANK('Unit Type (14)'!C36), "" "", 'Unit Type (14)'!C36)",B877*'Summary Sheet'!$C$16
878,"IF(ISBLANK('Unit Type (14)'!B37), "" "", 'Unit Type (14)'!B37)","IF(ISBLANK('Unit Type (14)'!C37), "" "", 'Unit Type (14)'!C37)",B878*'Summary Sheet'!$C$16
879,"IF(ISBLANK('Unit Type (14)'!B38), "" "", 'Unit Type (14)'!B38)","IF(ISBLANK('Unit Type (14)'!C38), "" "", 'Unit Type (14)'!C38)",B879*'Summary Sheet'!$C$16
880,"IF(ISBLANK('Unit Type (14)'!B39), "" "", 'Unit Type (14)'!B39)","IF(ISBLANK('Unit Type (14)'!C39), "" "", 'Unit Type (14)'!C39)",B880*'Summary Sheet'!$C$16
881,"IF(ISBLANK('Unit Type (14)'!B40), "" "", 'Unit Type (14)'!B40)","IF(ISBLANK('Unit Type (14)'!C40), "" "", 'Unit Type (14)'!C40)",B881*'Summary Sheet'!$C$16
882,"IF(ISBLANK('Unit Type (14)'!B41), "" "", 'Unit Type (14)'!B41)","IF(ISBLANK('Unit Type (14)'!C41), "" "", 'Unit Type (14)'!C41)",B882*'Summary Sheet'!$C$16
883,"IF(ISBLANK('Unit Type (14)'!B42), "" "", 'Unit Type (14)'!B42)","IF(ISBLANK('Unit Type (14)'!C42), "" "", 'Unit Type (14)'!C42)",B883*'Summary Sheet'!$C$16
884,"IF(ISBLANK('Unit Type (14)'!B43), "" "", 'Unit Type (14)'!B43)","IF(ISBLANK('Unit Type (14)'!C43), "" "", 'Unit Type (14)'!C43)",B884*'Summary Sheet'!$C$16
885,"IF(ISBLANK('Unit Type (14)'!B44), "" "", 'Unit Type (14)'!B44)","IF(ISBLANK('Unit Type (14)'!C44), "" "", 'Unit Type (14)'!C44)",B885*'Summary Sheet'!$C$16
886,"IF(ISBLANK('Unit Type (14)'!B45), "" "", 'Unit Type (14)'!B45)","IF(ISBLANK('Unit Type (14)'!C45), "" "", 'Unit Type (14)'!C45)",B886*'Summary Sheet'!$C$16
887,"IF(ISBLANK('Unit Type (14)'!B46), "" "", 'Unit Type (14)'!B46)","IF(ISBLANK('Unit Type (14)'!C46), "" "", 'Unit Type (14)'!C46)",B887*'Summary Sheet'!$C$16
888,"IF(ISBLANK('Unit Type (14)'!B47), "" "", 'Unit Type (14)'!B47)","IF(ISBLANK('Unit Type (14)'!C47), "" "", 'Unit Type (14)'!C47)",B888*'Summary Sheet'!$C$16
889,"IF(ISBLANK('Unit Type (14)'!B48), "" "", 'Unit Type (14)'!B48)","IF(ISBLANK('Unit Type (14)'!C48), "" "", 'Unit Type (14)'!C48)",B889*'Summary Sheet'!$C$16
890,"IF(ISBLANK('Unit Type (14)'!B49), "" "", 'Unit Type (14)'!B49)","IF(ISBLANK('Unit Type (14)'!C49), "" "", 'Unit Type (14)'!C49)",B890*'Summary Sheet'!$C$16
891,"IF(ISBLANK('Unit Type (14)'!B50), "" "", 'Unit Type (14)'!B50)","IF(ISBLANK('Unit Type (14)'!C50), "" "", 'Unit Type (14)'!C50)",B891*'Summary Sheet'!$C$16
892,"IF(ISBLANK('Unit Type (14)'!B51), "" "", 'Unit Type (14)'!B51)","IF(ISBLANK('Unit Type (14)'!C51), "" "", 'Unit Type (14)'!C51)",B892*'Summary Sheet'!$C$16
893,"IF(ISBLANK('Unit Type (14)'!B52), "" "", 'Unit Type (14)'!B52)","IF(ISBLANK('Unit Type (14)'!C52), "" "", 'Unit Type (14)'!C52)",B893*'Summary Sheet'!$C$16
894,"IF(ISBLANK('Unit Type (14)'!B53), "" "", 'Unit Type (14)'!B53)","IF(ISBLANK('Unit Type (14)'!C53), "" "", 'Unit Type (14)'!C53)",B894*'Summary Sheet'!$C$16
895,"IF(ISBLANK('Unit Type (14)'!B54), "" "", 'Unit Type (14)'!B54)","IF(ISBLANK('Unit Type (14)'!C54), "" "", 'Unit Type (14)'!C54)",B895*'Summary Sheet'!$C$16
896,"IF(ISBLANK('Unit Type (14)'!B55), "" "", 'Unit Type (14)'!B55)","IF(ISBLANK('Unit Type (14)'!C55), "" "", 'Unit Type (14)'!C55)",B896*'Summary Sheet'!$C$16
897,"IF(ISBLANK('Unit Type (14)'!B56), "" "", 'Unit Type (14)'!B56)","IF(ISBLANK('Unit Type (14)'!C56), "" "", 'Unit Type (14)'!C56)",B897*'Summary Sheet'!$C$16
898,"IF(ISBLANK('Unit Type (14)'!B57), "" "", 'Unit Type (14)'!B57)","IF(ISBLANK('Unit Type (14)'!C57), "" "", 'Unit Type (14)'!C57)",B898*'Summary Sheet'!$C$16
899,"IF(ISBLANK('Unit Type (14)'!B58), "" "", 'Unit Type (14)'!B58)","IF(ISBLANK('Unit Type (14)'!C58), "" "", 'Unit Type (14)'!C58)",B899*'Summary Sheet'!$C$16
900,"IF(ISBLANK('Unit Type (14)'!B59), "" "", 'Unit Type (14)'!B59)","IF(ISBLANK('Unit Type (14)'!C59), "" "", 'Unit Type (14)'!C59)",B900*'Summary Sheet'!$C$16
901,"IF(ISBLANK('Unit Type (14)'!B60), "" "", 'Unit Type (14)'!B60)","IF(ISBLANK('Unit Type (14)'!C60), "" "", 'Unit Type (14)'!C60)",B901*'Summary Sheet'!$C$16
902,"IF(ISBLANK('Unit Type (14)'!B61), "" "", 'Unit Type (14)'!B61)","IF(ISBLANK('Unit Type (14)'!C61), "" "", 'Unit Type (14)'!C61)",B902*'Summary Sheet'!$C$16
903,"IF(ISBLANK('Unit Type (14)'!B62), "" "", 'Unit Type (14)'!B62)","IF(ISBLANK('Unit Type (14)'!C62), "" "", 'Unit Type (14)'!C62)",B903*'Summary Sheet'!$C$16
904,"IF(ISBLANK('Unit Type (14)'!B63), "" "", 'Unit Type (14)'!B63)","IF(ISBLANK('Unit Type (14)'!C63), "" "", 'Unit Type (14)'!C63)",B904*'Summary Sheet'!$C$16
905,"IF(ISBLANK('Unit Type (14)'!B64), "" "", 'Unit Type (14)'!B64)","IF(ISBLANK('Unit Type (14)'!C64), "" "", 'Unit Type (14)'!C64)",B905*'Summary Sheet'!$C$16
906,"IF(ISBLANK('Unit Type (14)'!B65), "" "", 'Unit Type (14)'!B65)","IF(ISBLANK('Unit Type (14)'!C65), "" "", 'Unit Type (14)'!C65)",B906*'Summary Sheet'!$C$16
907,"IF(ISBLANK('Unit Type (14)'!B66), "" "", 'Unit Type (14)'!B66)","IF(ISBLANK('Unit Type (14)'!C66), "" "", 'Unit Type (14)'!C66)",B907*'Summary Sheet'!$C$16
908,"IF(ISBLANK('Unit Type (14)'!B67), "" "", 'Unit Type (14)'!B67)","IF(ISBLANK('Unit Type (14)'!C67), "" "", 'Unit Type (14)'!C67)",B908*'Summary Sheet'!$C$16
909,"IF(ISBLANK('Unit Type (14)'!B68), "" "", 'Unit Type (14)'!B68)","IF(ISBLANK('Unit Type (14)'!C68), "" "", 'Unit Type (14)'!C68)",B909*'Summary Sheet'!$C$16
910,"IF(ISBLANK('Unit Type (14)'!B69), "" "", 'Unit Type (14)'!B69)","IF(ISBLANK('Unit Type (14)'!C69), "" "", 'Unit Type (14)'!C69)",B910*'Summary Sheet'!$C$16
911,"IF(ISBLANK('Unit Type (14)'!B70), "" "", 'Unit Type (14)'!B70)","IF(ISBLANK('Unit Type (14)'!C70), "" "", 'Unit Type (14)'!C70)",B911*'Summary Sheet'!$C$16
912,"IF(ISBLANK('Unit Type (15)'!B6), "" "", 'Unit Type (15)'!B6)","IF(ISBLANK('Unit Type (15)'!C6), "" "", 'Unit Type (15)'!C6)",B912*'Summary Sheet'!$C$17
913,"IF(ISBLANK('Unit Type (15)'!B7), "" "", 'Unit Type (15)'!B7)","IF(ISBLANK('Unit Type (15)'!C7), "" "", 'Unit Type (15)'!C7)",B913*'Summary Sheet'!$C$17
914,"IF(ISBLANK('Unit Type (15)'!B8), "" "", 'Unit Type (15)'!B8)","IF(ISBLANK('Unit Type (15)'!C8), "" "", 'Unit Type (15)'!C8)",B914*'Summary Sheet'!$C$17
915,"IF(ISBLANK('Unit Type (15)'!B9), "" "", 'Unit Type (15)'!B9)","IF(ISBLANK('Unit Type (15)'!C9), "" "", 'Unit Type (15)'!C9)",B915*'Summary Sheet'!$C$17
916,"IF(ISBLANK('Unit Type (15)'!B10), "" "", 'Unit Type (15)'!B10)","IF(ISBLANK('Unit Type (15)'!C10), "" "", 'Unit Type (15)'!C10)",B916*'Summary Sheet'!$C$17
917,"IF(ISBLANK('Unit Type (15)'!B11), "" "", 'Unit Type (15)'!B11)","IF(ISBLANK('Unit Type (15)'!C11), "" "", 'Unit Type (15)'!C11)",B917*'Summary Sheet'!$C$17
918,"IF(ISBLANK('Unit Type (15)'!B12), "" "", 'Unit Type (15)'!B12)","IF(ISBLANK('Unit Type (15)'!C12), "" "", 'Unit Type (15)'!C12)",B918*'Summary Sheet'!$C$17
919,"IF(ISBLANK('Unit Type (15)'!B13), "" "", 'Unit Type (15)'!B13)","IF(ISBLANK('Unit Type (15)'!C13), "" "", 'Unit Type (15)'!C13)",B919*'Summary Sheet'!$C$17
920,"IF(ISBLANK('Unit Type (15)'!B14), "" "", 'Unit Type (15)'!B14)","IF(ISBLANK('Unit Type (15)'!C14), "" "", 'Unit Type (15)'!C14)",B920*'Summary Sheet'!$C$17
921,"IF(ISBLANK('Unit Type (15)'!B15), "" "", 'Unit Type (15)'!B15)","IF(ISBLANK('Unit Type (15)'!C15), "" "", 'Unit Type (15)'!C15)",B921*'Summary Sheet'!$C$17
922,"IF(ISBLANK('Unit Type (15)'!B16), "" "", 'Unit Type (15)'!B16)","IF(ISBLANK('Unit Type (15)'!C16), "" "", 'Unit Type (15)'!C16)",B922*'Summary Sheet'!$C$17
923,"IF(ISBLANK('Unit Type (15)'!B17), "" "", 'Unit Type (15)'!B17)","IF(ISBLANK('Unit Type (15)'!C17), "" "", 'Unit Type (15)'!C17)",B923*'Summary Sheet'!$C$17
924,"IF(ISBLANK('Unit Type (15)'!B18), "" "", 'Unit Type (15)'!B18)","IF(ISBLANK('Unit Type (15)'!C18), "" "", 'Unit Type (15)'!C18)",B924*'Summary Sheet'!$C$17
925,"IF(ISBLANK('Unit Type (15)'!B19), "" "", 'Unit Type (15)'!B19)","IF(ISBLANK('Unit Type (15)'!C19), "" "", 'Unit Type (15)'!C19)",B925*'Summary Sheet'!$C$17
926,"IF(ISBLANK('Unit Type (15)'!B20), "" "", 'Unit Type (15)'!B20)","IF(ISBLANK('Unit Type (15)'!C20), "" "", 'Unit Type (15)'!C20)",B926*'Summary Sheet'!$C$17
927,"IF(ISBLANK('Unit Type (15)'!B21), "" "", 'Unit Type (15)'!B21)","IF(ISBLANK('Unit Type (15)'!C21), "" "", 'Unit Type (15)'!C21)",B927*'Summary Sheet'!$C$17
928,"IF(ISBLANK('Unit Type (15)'!B22), "" "", 'Unit Type (15)'!B22)","IF(ISBLANK('Unit Type (15)'!C22), "" "", 'Unit Type (15)'!C22)",B928*'Summary Sheet'!$C$17
929,"IF(ISBLANK('Unit Type (15)'!B23), "" "", 'Unit Type (15)'!B23)","IF(ISBLANK('Unit Type (15)'!C23), "" "", 'Unit Type (15)'!C23)",B929*'Summary Sheet'!$C$17
930,"IF(ISBLANK('Unit Type (15)'!B24), "" "", 'Unit Type (15)'!B24)","IF(ISBLANK('Unit Type (15)'!C24), "" "", 'Unit Type (15)'!C24)",B930*'Summary Sheet'!$C$17
931,"IF(ISBLANK('Unit Type (15)'!B25), "" "", 'Unit Type (15)'!B25)","IF(ISBLANK('Unit Type (15)'!C25), "" "", 'Unit Type (15)'!C25)",B931*'Summary Sheet'!$C$17
932,"IF(ISBLANK('Unit Type (15)'!B26), "" "", 'Unit Type (15)'!B26)","IF(ISBLANK('Unit Type (15)'!C26), "" "", 'Unit Type (15)'!C26)",B932*'Summary Sheet'!$C$17
933,"IF(ISBLANK('Unit Type (15)'!B27), "" "", 'Unit Type (15)'!B27)","IF(ISBLANK('Unit Type (15)'!C27), "" "", 'Unit Type (15)'!C27)",B933*'Summary Sheet'!$C$17
934,"IF(ISBLANK('Unit Type (15)'!B28), "" "", 'Unit Type (15)'!B28)","IF(ISBLANK('Unit Type (15)'!C28), "" "", 'Unit Type (15)'!C28)",B934*'Summary Sheet'!$C$17
935,"IF(ISBLANK('Unit Type (15)'!B29), "" "", 'Unit Type (15)'!B29)","IF(ISBLANK('Unit Type (15)'!C29), "" "", 'Unit Type (15)'!C29)",B935*'Summary Sheet'!$C$17
936,"IF(ISBLANK('Unit Type (15)'!B30), "" "", 'Unit Type (15)'!B30)","IF(ISBLANK('Unit Type (15)'!C30), "" "", 'Unit Type (15)'!C30)",B936*'Summary Sheet'!$C$17
937,"IF(ISBLANK('Unit Type (15)'!B31), "" "", 'Unit Type (15)'!B31)","IF(ISBLANK('Unit Type (15)'!C31), "" "", 'Unit Type (15)'!C31)",B937*'Summary Sheet'!$C$17
938,"IF(ISBLANK('Unit Type (15)'!B32), "" "", 'Unit Type (15)'!B32)","IF(ISBLANK('Unit Type (15)'!C32), "" "", 'Unit Type (15)'!C32)",B938*'Summary Sheet'!$C$17
939,"IF(ISBLANK('Unit Type (15)'!B33), "" "", 'Unit Type (15)'!B33)","IF(ISBLANK('Unit Type (15)'!C33), "" "", 'Unit Type (15)'!C33)",B939*'Summary Sheet'!$C$17
940,"IF(ISBLANK('Unit Type (15)'!B34), "" "", 'Unit Type (15)'!B34)","IF(ISBLANK('Unit Type (15)'!C34), "" "", 'Unit Type (15)'!C34)",B940*'Summary Sheet'!$C$17
941,"IF(ISBLANK('Unit Type (15)'!B35), "" "", 'Unit Type (15)'!B35)","IF(ISBLANK('Unit Type (15)'!C35), "" "", 'Unit Type (15)'!C35)",B941*'Summary Sheet'!$C$17
942,"IF(ISBLANK('Unit Type (15)'!B36), "" "", 'Unit Type (15)'!B36)","IF(ISBLANK('Unit Type (15)'!C36), "" "", 'Unit Type (15)'!C36)",B942*'Summary Sheet'!$C$17
943,"IF(ISBLANK('Unit Type (15)'!B37), "" "", 'Unit Type (15)'!B37)","IF(ISBLANK('Unit Type (15)'!C37), "" "", 'Unit Type (15)'!C37)",B943*'Summary Sheet'!$C$17
944,"IF(ISBLANK('Unit Type (15)'!B38), "" "", 'Unit Type (15)'!B38)","IF(ISBLANK('Unit Type (15)'!C38), "" "", 'Unit Type (15)'!C38)",B944*'Summary Sheet'!$C$17
945,"IF(ISBLANK('Unit Type (15)'!B39), "" "", 'Unit Type (15)'!B39)","IF(ISBLANK('Unit Type (15)'!C39), "" "", 'Unit Type (15)'!C39)",B945*'Summary Sheet'!$C$17
946,"IF(ISBLANK('Unit Type (15)'!B40), "" "", 'Unit Type (15)'!B40)","IF(ISBLANK('Unit Type (15)'!C40), "" "", 'Unit Type (15)'!C40)",B946*'Summary Sheet'!$C$17
947,"IF(ISBLANK('Unit Type (15)'!B41), "" "", 'Unit Type (15)'!B41)","IF(ISBLANK('Unit Type (15)'!C41), "" "", 'Unit Type (15)'!C41)",B947*'Summary Sheet'!$C$17
948,"IF(ISBLANK('Unit Type (15)'!B42), "" "", 'Unit Type (15)'!B42)","IF(ISBLANK('Unit Type (15)'!C42), "" "", 'Unit Type (15)'!C42)",B948*'Summary Sheet'!$C$17
949,"IF(ISBLANK('Unit Type (15)'!B43), "" "", 'Unit Type (15)'!B43)","IF(ISBLANK('Unit Type (15)'!C43), "" "", 'Unit Type (15)'!C43)",B949*'Summary Sheet'!$C$17
950,"IF(ISBLANK('Unit Type (15)'!B44), "" "", 'Unit Type (15)'!B44)","IF(ISBLANK('Unit Type (15)'!C44), "" "", 'Unit Type (15)'!C44)",B950*'Summary Sheet'!$C$17
951,"IF(ISBLANK('Unit Type (15)'!B45), "" "", 'Unit Type (15)'!B45)","IF(ISBLANK('Unit Type (15)'!C45), "" "", 'Unit Type (15)'!C45)",B951*'Summary Sheet'!$C$17
952,"IF(ISBLANK('Unit Type (15)'!B46), "" "", 'Unit Type (15)'!B46)","IF(ISBLANK('Unit Type (15)'!C46), "" "", 'Unit Type (15)'!C46)",B952*'Summary Sheet'!$C$17
953,"IF(ISBLANK('Unit Type (15)'!B47), "" "", 'Unit Type (15)'!B47)","IF(ISBLANK('Unit Type (15)'!C47), "" "", 'Unit Type (15)'!C47)",B953*'Summary Sheet'!$C$17
954,"IF(ISBLANK('Unit Type (15)'!B48), "" "", 'Unit Type (15)'!B48)","IF(ISBLANK('Unit Type (15)'!C48), "" "", 'Unit Type (15)'!C48)",B954*'Summary Sheet'!$C$17
955,"IF(ISBLANK('Unit Type (15)'!B49), "" "", 'Unit Type (15)'!B49)","IF(ISBLANK('Unit Type (15)'!C49), "" "", 'Unit Type (15)'!C49)",B955*'Summary Sheet'!$C$17
956,"IF(ISBLANK('Unit Type (15)'!B50), "" "", 'Unit Type (15)'!B50)","IF(ISBLANK('Unit Type (15)'!C50), "" "", 'Unit Type (15)'!C50)",B956*'Summary Sheet'!$C$17
957,"IF(ISBLANK('Unit Type (15)'!B51), "" "", 'Unit Type (15)'!B51)","IF(ISBLANK('Unit Type (15)'!C51), "" "", 'Unit Type (15)'!C51)",B957*'Summary Sheet'!$C$17
958,"IF(ISBLANK('Unit Type (15)'!B52), "" "", 'Unit Type (15)'!B52)","IF(ISBLANK('Unit Type (15)'!C52), "" "", 'Unit Type (15)'!C52)",B958*'Summary Sheet'!$C$17
959,"IF(ISBLANK('Unit Type (15)'!B53), "" "", 'Unit Type (15)'!B53)","IF(ISBLANK('Unit Type (15)'!C53), "" "", 'Unit Type (15)'!C53)",B959*'Summary Sheet'!$C$17
960,"IF(ISBLANK('Unit Type (15)'!B54), "" "", 'Unit Type (15)'!B54)","IF(ISBLANK('Unit Type (15)'!C54), "" "", 'Unit Type (15)'!C54)",B960*'Summary Sheet'!$C$17
961,"IF(ISBLANK('Unit Type (15)'!B55), "" "", 'Unit Type (15)'!B55)","IF(ISBLANK('Unit Type (15)'!C55), "" "", 'Unit Type (15)'!C55)",B961*'Summary Sheet'!$C$17
962,"IF(ISBLANK('Unit Type (15)'!B56), "" "", 'Unit Type (15)'!B56)","IF(ISBLANK('Unit Type (15)'!C56), "" "", 'Unit Type (15)'!C56)",B962*'Summary Sheet'!$C$17
963,"IF(ISBLANK('Unit Type (15)'!B57), "" "", 'Unit Type (15)'!B57)","IF(ISBLANK('Unit Type (15)'!C57), "" "", 'Unit Type (15)'!C57)",B963*'Summary Sheet'!$C$17
964,"IF(ISBLANK('Unit Type (15)'!B58), "" "", 'Unit Type (15)'!B58)","IF(ISBLANK('Unit Type (15)'!C58), "" "", 'Unit Type (15)'!C58)",B964*'Summary Sheet'!$C$17
965,"IF(ISBLANK('Unit Type (15)'!B59), "" "", 'Unit Type (15)'!B59)","IF(ISBLANK('Unit Type (15)'!C59), "" "", 'Unit Type (15)'!C59)",B965*'Summary Sheet'!$C$17
966,"IF(ISBLANK('Unit Type (15)'!B60), "" "", 'Unit Type (15)'!B60)","IF(ISBLANK('Unit Type (15)'!C60), "" "", 'Unit Type (15)'!C60)",B966*'Summary Sheet'!$C$17
967,"IF(ISBLANK('Unit Type (15)'!B61), "" "", 'Unit Type (15)'!B61)","IF(ISBLANK('Unit Type (15)'!C61), "" "", 'Unit Type (15)'!C61)",B967*'Summary Sheet'!$C$17
968,"IF(ISBLANK('Unit Type (15)'!B62), "" "", 'Unit Type (15)'!B62)","IF(ISBLANK('Unit Type (15)'!C62), "" "", 'Unit Type (15)'!C62)",B968*'Summary Sheet'!$C$17
969,"IF(ISBLANK('Unit Type (15)'!B63), "" "", 'Unit Type (15)'!B63)","IF(ISBLANK('Unit Type (15)'!C63), "" "", 'Unit Type (15)'!C63)",B969*'Summary Sheet'!$C$17
970,"IF(ISBLANK('Unit Type (15)'!B64), "" "", 'Unit Type (15)'!B64)","IF(ISBLANK('Unit Type (15)'!C64), "" "", 'Unit Type (15)'!C64)",B970*'Summary Sheet'!$C$17
971,"IF(ISBLANK('Unit Type (15)'!B65), "" "", 'Unit Type (15)'!B65)","IF(ISBLANK('Unit Type (15)'!C65), "" "", 'Unit Type (15)'!C65)",B971*'Summary Sheet'!$C$17
972,"IF(ISBLANK('Unit Type (15)'!B66), "" "", 'Unit Type (15)'!B66)","IF(ISBLANK('Unit Type (15)'!C66), "" "", 'Unit Type (15)'!C66)",B972*'Summary Sheet'!$C$17
973,"IF(ISBLANK('Unit Type (15)'!B67), "" "", 'Unit Type (15)'!B67)","IF(ISBLANK('Unit Type (15)'!C67), "" "", 'Unit Type (15)'!C67)",B973*'Summary Sheet'!$C$17
974,"IF(ISBLANK('Unit Type (15)'!B68), "" "", 'Unit Type (15)'!B68)","IF(ISBLANK('Unit Type (15)'!C68), "" "", 'Unit Type (15)'!C68)",B974*'Summary Sheet'!$C$17
975,"IF(ISBLANK('Unit Type (15)'!B69), "" "", 'Unit Type (15)'!B69)","IF(ISBLANK('Unit Type (15)'!C69), "" "", 'Unit Type (15)'!C69)",B975*'Summary Sheet'!$C$17
976,"IF(ISBLANK('Unit Type (15)'!B70), "" "", 'Unit Type (15)'!B70)","IF(ISBLANK('Unit Type (15)'!C70), "" "", 'Unit Type (15)'!C70)",B976*'Summary Sheet'!$C$17
977,"IF(ISBLANK('Unit Type (16)'!B6), "" "", 'Unit Type (16)'!B6)","IF(ISBLANK('Unit Type (16)'!C6), "" "", 'Unit Type (16)'!C6)",B977*'Summary Sheet'!$C$18
978,"IF(ISBLANK('Unit Type (16)'!B7), "" "", 'Unit Type (16)'!B7)","IF(ISBLANK('Unit Type (16)'!C7), "" "", 'Unit Type (16)'!C7)",B978*'Summary Sheet'!$C$18
979,"IF(ISBLANK('Unit Type (16)'!B8), "" "", 'Unit Type (16)'!B8)","IF(ISBLANK('Unit Type (16)'!C8), "" "", 'Unit Type (16)'!C8)",B979*'Summary Sheet'!$C$18
980,"IF(ISBLANK('Unit Type (16)'!B9), "" "", 'Unit Type (16)'!B9)","IF(ISBLANK('Unit Type (16)'!C9), "" "", 'Unit Type (16)'!C9)",B980*'Summary Sheet'!$C$18
981,"IF(ISBLANK('Unit Type (16)'!B10), "" "", 'Unit Type (16)'!B10)","IF(ISBLANK('Unit Type (16)'!C10), "" "", 'Unit Type (16)'!C10)",B981*'Summary Sheet'!$C$18
982,"IF(ISBLANK('Unit Type (16)'!B11), "" "", 'Unit Type (16)'!B11)","IF(ISBLANK('Unit Type (16)'!C11), "" "", 'Unit Type (16)'!C11)",B982*'Summary Sheet'!$C$18
983,"IF(ISBLANK('Unit Type (16)'!B12), "" "", 'Unit Type (16)'!B12)","IF(ISBLANK('Unit Type (16)'!C12), "" "", 'Unit Type (16)'!C12)",B983*'Summary Sheet'!$C$18
984,"IF(ISBLANK('Unit Type (16)'!B13), "" "", 'Unit Type (16)'!B13)","IF(ISBLANK('Unit Type (16)'!C13), "" "", 'Unit Type (16)'!C13)",B984*'Summary Sheet'!$C$18
985,"IF(ISBLANK('Unit Type (16)'!B14), "" "", 'Unit Type (16)'!B14)","IF(ISBLANK('Unit Type (16)'!C14), "" "", 'Unit Type (16)'!C14)",B985*'Summary Sheet'!$C$18
986,"IF(ISBLANK('Unit Type (16)'!B15), "" "", 'Unit Type (16)'!B15)","IF(ISBLANK('Unit Type (16)'!C15), "" "", 'Unit Type (16)'!C15)",B986*'Summary Sheet'!$C$18
987,"IF(ISBLANK('Unit Type (16)'!B16), "" "", 'Unit Type (16)'!B16)","IF(ISBLANK('Unit Type (16)'!C16), "" "", 'Unit Type (16)'!C16)",B987*'Summary Sheet'!$C$18
988,"IF(ISBLANK('Unit Type (16)'!B17), "" "", 'Unit Type (16)'!B17)","IF(ISBLANK('Unit Type (16)'!C17), "" "", 'Unit Type (16)'!C17)",B988*'Summary Sheet'!$C$18
989,"IF(ISBLANK('Unit Type (16)'!B18), "" "", 'Unit Type (16)'!B18)","IF(ISBLANK('Unit Type (16)'!C18), "" "", 'Unit Type (16)'!C18)",B989*'Summary Sheet'!$C$18
990,"IF(ISBLANK('Unit Type (16)'!B19), "" "", 'Unit Type (16)'!B19)","IF(ISBLANK('Unit Type (16)'!C19), "" "", 'Unit Type (16)'!C19)",B990*'Summary Sheet'!$C$18
991,"IF(ISBLANK('Unit Type (16)'!B20), "" "", 'Unit Type (16)'!B20)","IF(ISBLANK('Unit Type (16)'!C20), "" "", 'Unit Type (16)'!C20)",B991*'Summary Sheet'!$C$18
992,"IF(ISBLANK('Unit Type (16)'!B21), "" "", 'Unit Type (16)'!B21)","IF(ISBLANK('Unit Type (16)'!C21), "" "", 'Unit Type (16)'!C21)",B992*'Summary Sheet'!$C$18
993,"IF(ISBLANK('Unit Type (16)'!B22), "" "", 'Unit Type (16)'!B22)","IF(ISBLANK('Unit Type (16)'!C22), "" "", 'Unit Type (16)'!C22)",B993*'Summary Sheet'!$C$18
994,"IF(ISBLANK('Unit Type (16)'!B23), "" "", 'Unit Type (16)'!B23)","IF(ISBLANK('Unit Type (16)'!C23), "" "", 'Unit Type (16)'!C23)",B994*'Summary Sheet'!$C$18
995,"IF(ISBLANK('Unit Type (16)'!B24), "" "", 'Unit Type (16)'!B24)","IF(ISBLANK('Unit Type (16)'!C24), "" "", 'Unit Type (16)'!C24)",B995*'Summary Sheet'!$C$18
996,"IF(ISBLANK('Unit Type (16)'!B25), "" "", 'Unit Type (16)'!B25)","IF(ISBLANK('Unit Type (16)'!C25), "" "", 'Unit Type (16)'!C25)",B996*'Summary Sheet'!$C$18
997,"IF(ISBLANK('Unit Type (16)'!B26), "" "", 'Unit Type (16)'!B26)","IF(ISBLANK('Unit Type (16)'!C26), "" "", 'Unit Type (16)'!C26)",B997*'Summary Sheet'!$C$18
998,"IF(ISBLANK('Unit Type (16)'!B27), "" "", 'Unit Type (16)'!B27)","IF(ISBLANK('Unit Type (16)'!C27), "" "", 'Unit Type (16)'!C27)",B998*'Summary Sheet'!$C$18
999,"IF(ISBLANK('Unit Type (16)'!B28), "" "", 'Unit Type (16)'!B28)","IF(ISBLANK('Unit Type (16)'!C28), "" "", 'Unit Type (16)'!C28)",B999*'Summary Sheet'!$C$18
1000,"IF(ISBLANK('Unit Type (16)'!B29), "" "", 'Unit Type (16)'!B29)","IF(ISBLANK('Unit Type (16)'!C29), "" "", 'Unit Type (16)'!C29)",B1000*'Summary Sheet'!$C$18
1001,"IF(ISBLANK('Unit Type (16)'!B30), "" "", 'Unit Type (16)'!B30)","IF(ISBLANK('Unit Type (16)'!C30), "" "", 'Unit Type (16)'!C30)",B1001*'Summary Sheet'!$C$18
1002,"IF(ISBLANK('Unit Type (16)'!B31), "" "", 'Unit Type (16)'!B31)","IF(ISBLANK('Unit Type (16)'!C31), "" "", 'Unit Type (16)'!C31)",B1002*'Summary Sheet'!$C$18
1003,"IF(ISBLANK('Unit Type (16)'!B32), "" "", 'Unit Type (16)'!B32)","IF(ISBLANK('Unit Type (16)'!C32), "" "", 'Unit Type (16)'!C32)",B1003*'Summary Sheet'!$C$18
1004,"IF(ISBLANK('Unit Type (16)'!B33), "" "", 'Unit Type (16)'!B33)","IF(ISBLANK('Unit Type (16)'!C33), "" "", 'Unit Type (16)'!C33)",B1004*'Summary Sheet'!$C$18
1005,"IF(ISBLANK('Unit Type (16)'!B34), "" "", 'Unit Type (16)'!B34)","IF(ISBLANK('Unit Type (16)'!C34), "" "", 'Unit Type (16)'!C34)",B1005*'Summary Sheet'!$C$18
1006,"IF(ISBLANK('Unit Type (16)'!B35), "" "", 'Unit Type (16)'!B35)","IF(ISBLANK('Unit Type (16)'!C35), "" "", 'Unit Type (16)'!C35)",B1006*'Summary Sheet'!$C$18
1007,"IF(ISBLANK('Unit Type (16)'!B36), "" "", 'Unit Type (16)'!B36)","IF(ISBLANK('Unit Type (16)'!C36), "" "", 'Unit Type (16)'!C36)",B1007*'Summary Sheet'!$C$18
1008,"IF(ISBLANK('Unit Type (16)'!B37), "" "", 'Unit Type (16)'!B37)","IF(ISBLANK('Unit Type (16)'!C37), "" "", 'Unit Type (16)'!C37)",B1008*'Summary Sheet'!$C$18
1009,"IF(ISBLANK('Unit Type (16)'!B38), "" "", 'Unit Type (16)'!B38)","IF(ISBLANK('Unit Type (16)'!C38), "" "", 'Unit Type (16)'!C38)",B1009*'Summary Sheet'!$C$18
1010,"IF(ISBLANK('Unit Type (16)'!B39), "" "", 'Unit Type (16)'!B39)","IF(ISBLANK('Unit Type (16)'!C39), "" "", 'Unit Type (16)'!C39)",B1010*'Summary Sheet'!$C$18
1011,"IF(ISBLANK('Unit Type (16)'!B40), "" "", 'Unit Type (16)'!B40)","IF(ISBLANK('Unit Type (16)'!C40), "" "", 'Unit Type (16)'!C40)",B1011*'Summary Sheet'!$C$18
1012,"IF(ISBLANK('Unit Type (16)'!B41), "" "", 'Unit Type (16)'!B41)","IF(ISBLANK('Unit Type (16)'!C41), "" "", 'Unit Type (16)'!C41)",B1012*'Summary Sheet'!$C$18
1013,"IF(ISBLANK('Unit Type (16)'!B42), "" "", 'Unit Type (16)'!B42)","IF(ISBLANK('Unit Type (16)'!C42), "" "", 'Unit Type (16)'!C42)",B1013*'Summary Sheet'!$C$18
1014,"IF(ISBLANK('Unit Type (16)'!B43), "" "", 'Unit Type (16)'!B43)","IF(ISBLANK('Unit Type (16)'!C43), "" "", 'Unit Type (16)'!C43)",B1014*'Summary Sheet'!$C$18
1015,"IF(ISBLANK('Unit Type (16)'!B44), "" "", 'Unit Type (16)'!B44)","IF(ISBLANK('Unit Type (16)'!C44), "" "", 'Unit Type (16)'!C44)",B1015*'Summary Sheet'!$C$18
1016,"IF(ISBLANK('Unit Type (16)'!B45), "" "", 'Unit Type (16)'!B45)","IF(ISBLANK('Unit Type (16)'!C45), "" "", 'Unit Type (16)'!C45)",B1016*'Summary Sheet'!$C$18
1017,"IF(ISBLANK('Unit Type (16)'!B46), "" "", 'Unit Type (16)'!B46)","IF(ISBLANK('Unit Type (16)'!C46), "" "", 'Unit Type (16)'!C46)",B1017*'Summary Sheet'!$C$18
1018,"IF(ISBLANK('Unit Type (16)'!B47), "" "", 'Unit Type (16)'!B47)","IF(ISBLANK('Unit Type (16)'!C47), "" "", 'Unit Type (16)'!C47)",B1018*'Summary Sheet'!$C$18
1019,"IF(ISBLANK('Unit Type (16)'!B48), "" "", 'Unit Type (16)'!B48)","IF(ISBLANK('Unit Type (16)'!C48), "" "", 'Unit Type (16)'!C48)",B1019*'Summary Sheet'!$C$18
1020,"IF(ISBLANK('Unit Type (16)'!B49), "" "", 'Unit Type (16)'!B49)","IF(ISBLANK('Unit Type (16)'!C49), "" "", 'Unit Type (16)'!C49)",B1020*'Summary Sheet'!$C$18
1021,"IF(ISBLANK('Unit Type (16)'!B50), "" "", 'Unit Type (16)'!B50)","IF(ISBLANK('Unit Type (16)'!C50), "" "", 'Unit Type (16)'!C50)",B1021*'Summary Sheet'!$C$18
1022,"IF(ISBLANK('Unit Type (16)'!B51), "" "", 'Unit Type (16)'!B51)","IF(ISBLANK('Unit Type (16)'!C51), "" "", 'Unit Type (16)'!C51)",B1022*'Summary Sheet'!$C$18
1023,"IF(ISBLANK('Unit Type (16)'!B52), "" "", 'Unit Type (16)'!B52)","IF(ISBLANK('Unit Type (16)'!C52), "" "", 'Unit Type (16)'!C52)",B1023*'Summary Sheet'!$C$18
1024,"IF(ISBLANK('Unit Type (16)'!B53), "" "", 'Unit Type (16)'!B53)","IF(ISBLANK('Unit Type (16)'!C53), "" "", 'Unit Type (16)'!C53)",B1024*'Summary Sheet'!$C$18
1025,"IF(ISBLANK('Unit Type (16)'!B54), "" "", 'Unit Type (16)'!B54)","IF(ISBLANK('Unit Type (16)'!C54), "" "", 'Unit Type (16)'!C54)",B1025*'Summary Sheet'!$C$18
1026,"IF(ISBLANK('Unit Type (16)'!B55), "" "", 'Unit Type (16)'!B55)","IF(ISBLANK('Unit Type (16)'!C55), "" "", 'Unit Type (16)'!C55)",B1026*'Summary Sheet'!$C$18
1027,"IF(ISBLANK('Unit Type (16)'!B56), "" "", 'Unit Type (16)'!B56)","IF(ISBLANK('Unit Type (16)'!C56), "" "", 'Unit Type (16)'!C56)",B1027*'Summary Sheet'!$C$18
1028,"IF(ISBLANK('Unit Type (16)'!B57), "" "", 'Unit Type (16)'!B57)","IF(ISBLANK('Unit Type (16)'!C57), "" "", 'Unit Type (16)'!C57)",B1028*'Summary Sheet'!$C$18
1029,"IF(ISBLANK('Unit Type (16)'!B58), "" "", 'Unit Type (16)'!B58)","IF(ISBLANK('Unit Type (16)'!C58), "" "", 'Unit Type (16)'!C58)",B1029*'Summary Sheet'!$C$18
1030,"IF(ISBLANK('Unit Type (16)'!B59), "" "", 'Unit Type (16)'!B59)","IF(ISBLANK('Unit Type (16)'!C59), "" "", 'Unit Type (16)'!C59)",B1030*'Summary Sheet'!$C$18
1031,"IF(ISBLANK('Unit Type (16)'!B60), "" "", 'Unit Type (16)'!B60)","IF(ISBLANK('Unit Type (16)'!C60), "" "", 'Unit Type (16)'!C60)",B1031*'Summary Sheet'!$C$18
1032,"IF(ISBLANK('Unit Type (16)'!B61), "" "", 'Unit Type (16)'!B61)","IF(ISBLANK('Unit Type (16)'!C61), "" "", 'Unit Type (16)'!C61)",B1032*'Summary Sheet'!$C$18
1033,"IF(ISBLANK('Unit Type (16)'!B62), "" "", 'Unit Type (16)'!B62)","IF(ISBLANK('Unit Type (16)'!C62), "" "", 'Unit Type (16)'!C62)",B1033*'Summary Sheet'!$C$18
1034,"IF(ISBLANK('Unit Type (16)'!B63), "" "", 'Unit Type (16)'!B63)","IF(ISBLANK('Unit Type (16)'!C63), "" "", 'Unit Type (16)'!C63)",B1034*'Summary Sheet'!$C$18
1035,"IF(ISBLANK('Unit Type (16)'!B64), "" "", 'Unit Type (16)'!B64)","IF(ISBLANK('Unit Type (16)'!C64), "" "", 'Unit Type (16)'!C64)",B1035*'Summary Sheet'!$C$18
1036,"IF(ISBLANK('Unit Type (16)'!B65), "" "", 'Unit Type (16)'!B65)","IF(ISBLANK('Unit Type (16)'!C65), "" "", 'Unit Type (16)'!C65)",B1036*'Summary Sheet'!$C$18
1037,"IF(ISBLANK('Unit Type (16)'!B66), "" "", 'Unit Type (16)'!B66)","IF(ISBLANK('Unit Type (16)'!C66), "" "", 'Unit Type (16)'!C66)",B1037*'Summary Sheet'!$C$18
1038,"IF(ISBLANK('Unit Type (16)'!B67), "" "", 'Unit Type (16)'!B67)","IF(ISBLANK('Unit Type (16)'!C67), "" "", 'Unit Type (16)'!C67)",B1038*'Summary Sheet'!$C$18
1039,"IF(ISBLANK('Unit Type (16)'!B68), "" "", 'Unit Type (16)'!B68)","IF(ISBLANK('Unit Type (16)'!C68), "" "", 'Unit Type (16)'!C68)",B1039*'Summary Sheet'!$C$18
1040,"IF(ISBLANK('Unit Type (16)'!B69), "" "", 'Unit Type (16)'!B69)","IF(ISBLANK('Unit Type (16)'!C69), "" "", 'Unit Type (16)'!C69)",B1040*'Summary Sheet'!$C$18
1041,"IF(ISBLANK('Unit Type (16)'!B70), "" "", 'Unit Type (16)'!B70)","IF(ISBLANK('Unit Type (16)'!C70), "" "", 'Unit Type (16)'!C70)",B1041*'Summary Sheet'!$C$18
1042,"IF(ISBLANK('Unit Type (17)'!B6), "" "", 'Unit Type (17)'!B6)","IF(ISBLANK('Unit Type (17)'!C6), "" "", 'Unit Type (17)'!C6)",B1042*'Summary Sheet'!$C$19
1043,"IF(ISBLANK('Unit Type (17)'!B7), "" "", 'Unit Type (17)'!B7)","IF(ISBLANK('Unit Type (17)'!C7), "" "", 'Unit Type (17)'!C7)",B1043*'Summary Sheet'!$C$19
1044,"IF(ISBLANK('Unit Type (17)'!B8), "" "", 'Unit Type (17)'!B8)","IF(ISBLANK('Unit Type (17)'!C8), "" "", 'Unit Type (17)'!C8)",B1044*'Summary Sheet'!$C$19
1045,"IF(ISBLANK('Unit Type (17)'!B9), "" "", 'Unit Type (17)'!B9)","IF(ISBLANK('Unit Type (17)'!C9), "" "", 'Unit Type (17)'!C9)",B1045*'Summary Sheet'!$C$19
1046,"IF(ISBLANK('Unit Type (17)'!B10), "" "", 'Unit Type (17)'!B10)","IF(ISBLANK('Unit Type (17)'!C10), "" "", 'Unit Type (17)'!C10)",B1046*'Summary Sheet'!$C$19
1047,"IF(ISBLANK('Unit Type (17)'!B11), "" "", 'Unit Type (17)'!B11)","IF(ISBLANK('Unit Type (17)'!C11), "" "", 'Unit Type (17)'!C11)",B1047*'Summary Sheet'!$C$19
1048,"IF(ISBLANK('Unit Type (17)'!B12), "" "", 'Unit Type (17)'!B12)","IF(ISBLANK('Unit Type (17)'!C12), "" "", 'Unit Type (17)'!C12)",B1048*'Summary Sheet'!$C$19
1049,"IF(ISBLANK('Unit Type (17)'!B13), "" "", 'Unit Type (17)'!B13)","IF(ISBLANK('Unit Type (17)'!C13), "" "", 'Unit Type (17)'!C13)",B1049*'Summary Sheet'!$C$19
1050,"IF(ISBLANK('Unit Type (17)'!B14), "" "", 'Unit Type (17)'!B14)","IF(ISBLANK('Unit Type (17)'!C14), "" "", 'Unit Type (17)'!C14)",B1050*'Summary Sheet'!$C$19
1051,"IF(ISBLANK('Unit Type (17)'!B15), "" "", 'Unit Type (17)'!B15)","IF(ISBLANK('Unit Type (17)'!C15), "" "", 'Unit Type (17)'!C15)",B1051*'Summary Sheet'!$C$19
1052,"IF(ISBLANK('Unit Type (17)'!B16), "" "", 'Unit Type (17)'!B16)","IF(ISBLANK('Unit Type (17)'!C16), "" "", 'Unit Type (17)'!C16)",B1052*'Summary Sheet'!$C$19
1053,"IF(ISBLANK('Unit Type (17)'!B17), "" "", 'Unit Type (17)'!B17)","IF(ISBLANK('Unit Type (17)'!C17), "" "", 'Unit Type (17)'!C17)",B1053*'Summary Sheet'!$C$19
1054,"IF(ISBLANK('Unit Type (17)'!B18), "" "", 'Unit Type (17)'!B18)","IF(ISBLANK('Unit Type (17)'!C18), "" "", 'Unit Type (17)'!C18)",B1054*'Summary Sheet'!$C$19
1055,"IF(ISBLANK('Unit Type (17)'!B19), "" "", 'Unit Type (17)'!B19)","IF(ISBLANK('Unit Type (17)'!C19), "" "", 'Unit Type (17)'!C19)",B1055*'Summary Sheet'!$C$19
1056,"IF(ISBLANK('Unit Type (17)'!B20), "" "", 'Unit Type (17)'!B20)","IF(ISBLANK('Unit Type (17)'!C20), "" "", 'Unit Type (17)'!C20)",B1056*'Summary Sheet'!$C$19
1057,"IF(ISBLANK('Unit Type (17)'!B21), "" "", 'Unit Type (17)'!B21)","IF(ISBLANK('Unit Type (17)'!C21), "" "", 'Unit Type (17)'!C21)",B1057*'Summary Sheet'!$C$19
1058,"IF(ISBLANK('Unit Type (17)'!B22), "" "", 'Unit Type (17)'!B22)","IF(ISBLANK('Unit Type (17)'!C22), "" "", 'Unit Type (17)'!C22)",B1058*'Summary Sheet'!$C$19
1059,"IF(ISBLANK('Unit Type (17)'!B23), "" "", 'Unit Type (17)'!B23)","IF(ISBLANK('Unit Type (17)'!C23), "" "", 'Unit Type (17)'!C23)",B1059*'Summary Sheet'!$C$19
1060,"IF(ISBLANK('Unit Type (17)'!B24), "" "", 'Unit Type (17)'!B24)","IF(ISBLANK('Unit Type (17)'!C24), "" "", 'Unit Type (17)'!C24)",B1060*'Summary Sheet'!$C$19
1061,"IF(ISBLANK('Unit Type (17)'!B25), "" "", 'Unit Type (17)'!B25)","IF(ISBLANK('Unit Type (17)'!C25), "" "", 'Unit Type (17)'!C25)",B1061*'Summary Sheet'!$C$19
1062,"IF(ISBLANK('Unit Type (17)'!B26), "" "", 'Unit Type (17)'!B26)","IF(ISBLANK('Unit Type (17)'!C26), "" "", 'Unit Type (17)'!C26)",B1062*'Summary Sheet'!$C$19
1063,"IF(ISBLANK('Unit Type (17)'!B27), "" "", 'Unit Type (17)'!B27)","IF(ISBLANK('Unit Type (17)'!C27), "" "", 'Unit Type (17)'!C27)",B1063*'Summary Sheet'!$C$19
1064,"IF(ISBLANK('Unit Type (17)'!B28), "" "", 'Unit Type (17)'!B28)","IF(ISBLANK('Unit Type (17)'!C28), "" "", 'Unit Type (17)'!C28)",B1064*'Summary Sheet'!$C$19
1065,"IF(ISBLANK('Unit Type (17)'!B29), "" "", 'Unit Type (17)'!B29)","IF(ISBLANK('Unit Type (17)'!C29), "" "", 'Unit Type (17)'!C29)",B1065*'Summary Sheet'!$C$19
1066,"IF(ISBLANK('Unit Type (17)'!B30), "" "", 'Unit Type (17)'!B30)","IF(ISBLANK('Unit Type (17)'!C30), "" "", 'Unit Type (17)'!C30)",B1066*'Summary Sheet'!$C$19
1067,"IF(ISBLANK('Unit Type (17)'!B31), "" "", 'Unit Type (17)'!B31)","IF(ISBLANK('Unit Type (17)'!C31), "" "", 'Unit Type (17)'!C31)",B1067*'Summary Sheet'!$C$19
1068,"IF(ISBLANK('Unit Type (17)'!B32), "" "", 'Unit Type (17)'!B32)","IF(ISBLANK('Unit Type (17)'!C32), "" "", 'Unit Type (17)'!C32)",B1068*'Summary Sheet'!$C$19
1069,"IF(ISBLANK('Unit Type (17)'!B33), "" "", 'Unit Type (17)'!B33)","IF(ISBLANK('Unit Type (17)'!C33), "" "", 'Unit Type (17)'!C33)",B1069*'Summary Sheet'!$C$19
1070,"IF(ISBLANK('Unit Type (17)'!B34), "" "", 'Unit Type (17)'!B34)","IF(ISBLANK('Unit Type (17)'!C34), "" "", 'Unit Type (17)'!C34)",B1070*'Summary Sheet'!$C$19
1071,"IF(ISBLANK('Unit Type (17)'!B35), "" "", 'Unit Type (17)'!B35)","IF(ISBLANK('Unit Type (17)'!C35), "" "", 'Unit Type (17)'!C35)",B1071*'Summary Sheet'!$C$19
1072,"IF(ISBLANK('Unit Type (17)'!B36), "" "", 'Unit Type (17)'!B36)","IF(ISBLANK('Unit Type (17)'!C36), "" "", 'Unit Type (17)'!C36)",B1072*'Summary Sheet'!$C$19
1073,"IF(ISBLANK('Unit Type (17)'!B37), "" "", 'Unit Type (17)'!B37)","IF(ISBLANK('Unit Type (17)'!C37), "" "", 'Unit Type (17)'!C37)",B1073*'Summary Sheet'!$C$19
1074,"IF(ISBLANK('Unit Type (17)'!B38), "" "", 'Unit Type (17)'!B38)","IF(ISBLANK('Unit Type (17)'!C38), "" "", 'Unit Type (17)'!C38)",B1074*'Summary Sheet'!$C$19
1075,"IF(ISBLANK('Unit Type (17)'!B39), "" "", 'Unit Type (17)'!B39)","IF(ISBLANK('Unit Type (17)'!C39), "" "", 'Unit Type (17)'!C39)",B1075*'Summary Sheet'!$C$19
1076,"IF(ISBLANK('Unit Type (17)'!B40), "" "", 'Unit Type (17)'!B40)","IF(ISBLANK('Unit Type (17)'!C40), "" "", 'Unit Type (17)'!C40)",B1076*'Summary Sheet'!$C$19
1077,"IF(ISBLANK('Unit Type (17)'!B41), "" "", 'Unit Type (17)'!B41)","IF(ISBLANK('Unit Type (17)'!C41), "" "", 'Unit Type (17)'!C41)",B1077*'Summary Sheet'!$C$19
1078,"IF(ISBLANK('Unit Type (17)'!B42), "" "", 'Unit Type (17)'!B42)","IF(ISBLANK('Unit Type (17)'!C42), "" "", 'Unit Type (17)'!C42)",B1078*'Summary Sheet'!$C$19
1079,"IF(ISBLANK('Unit Type (17)'!B43), "" "", 'Unit Type (17)'!B43)","IF(ISBLANK('Unit Type (17)'!C43), "" "", 'Unit Type (17)'!C43)",B1079*'Summary Sheet'!$C$19
1080,"IF(ISBLANK('Unit Type (17)'!B44), "" "", 'Unit Type (17)'!B44)","IF(ISBLANK('Unit Type (17)'!C44), "" "", 'Unit Type (17)'!C44)",B1080*'Summary Sheet'!$C$19
1081,"IF(ISBLANK('Unit Type (17)'!B45), "" "", 'Unit Type (17)'!B45)","IF(ISBLANK('Unit Type (17)'!C45), "" "", 'Unit Type (17)'!C45)",B1081*'Summary Sheet'!$C$19
1082,"IF(ISBLANK('Unit Type (17)'!B46), "" "", 'Unit Type (17)'!B46)","IF(ISBLANK('Unit Type (17)'!C46), "" "", 'Unit Type (17)'!C46)",B1082*'Summary Sheet'!$C$19
1083,"IF(ISBLANK('Unit Type (17)'!B47), "" "", 'Unit Type (17)'!B47)","IF(ISBLANK('Unit Type (17)'!C47), "" "", 'Unit Type (17)'!C47)",B1083*'Summary Sheet'!$C$19
1084,"IF(ISBLANK('Unit Type (17)'!B48), "" "", 'Unit Type (17)'!B48)","IF(ISBLANK('Unit Type (17)'!C48), "" "", 'Unit Type (17)'!C48)",B1084*'Summary Sheet'!$C$19
1085,"IF(ISBLANK('Unit Type (17)'!B49), "" "", 'Unit Type (17)'!B49)","IF(ISBLANK('Unit Type (17)'!C49), "" "", 'Unit Type (17)'!C49)",B1085*'Summary Sheet'!$C$19
1086,"IF(ISBLANK('Unit Type (17)'!B50), "" "", 'Unit Type (17)'!B50)","IF(ISBLANK('Unit Type (17)'!C50), "" "", 'Unit Type (17)'!C50)",B1086*'Summary Sheet'!$C$19
1087,"IF(ISBLANK('Unit Type (17)'!B51), "" "", 'Unit Type (17)'!B51)","IF(ISBLANK('Unit Type (17)'!C51), "" "", 'Unit Type (17)'!C51)",B1087*'Summary Sheet'!$C$19
1088,"IF(ISBLANK('Unit Type (17)'!B52), "" "", 'Unit Type (17)'!B52)","IF(ISBLANK('Unit Type (17)'!C52), "" "", 'Unit Type (17)'!C52)",B1088*'Summary Sheet'!$C$19
1089,"IF(ISBLANK('Unit Type (17)'!B53), "" "", 'Unit Type (17)'!B53)","IF(ISBLANK('Unit Type (17)'!C53), "" "", 'Unit Type (17)'!C53)",B1089*'Summary Sheet'!$C$19
1090,"IF(ISBLANK('Unit Type (17)'!B54), "" "", 'Unit Type (17)'!B54)","IF(ISBLANK('Unit Type (17)'!C54), "" "", 'Unit Type (17)'!C54)",B1090*'Summary Sheet'!$C$19
1091,"IF(ISBLANK('Unit Type (17)'!B55), "" "", 'Unit Type (17)'!B55)","IF(ISBLANK('Unit Type (17)'!C55), "" "", 'Unit Type (17)'!C55)",B1091*'Summary Sheet'!$C$19
1092,"IF(ISBLANK('Unit Type (17)'!B56), "" "", 'Unit Type (17)'!B56)","IF(ISBLANK('Unit Type (17)'!C56), "" "", 'Unit Type (17)'!C56)",B1092*'Summary Sheet'!$C$19
1093,"IF(ISBLANK('Unit Type (17)'!B57), "" "", 'Unit Type (17)'!B57)","IF(ISBLANK('Unit Type (17)'!C57), "" "", 'Unit Type (17)'!C57)",B1093*'Summary Sheet'!$C$19
1094,"IF(ISBLANK('Unit Type (17)'!B58), "" "", 'Unit Type (17)'!B58)","IF(ISBLANK('Unit Type (17)'!C58), "" "", 'Unit Type (17)'!C58)",B1094*'Summary Sheet'!$C$19
1095,"IF(ISBLANK('Unit Type (17)'!B59), "" "", 'Unit Type (17)'!B59)","IF(ISBLANK('Unit Type (17)'!C59), "" "", 'Unit Type (17)'!C59)",B1095*'Summary Sheet'!$C$19
1096,"IF(ISBLANK('Unit Type (17)'!B60), "" "", 'Unit Type (17)'!B60)","IF(ISBLANK('Unit Type (17)'!C60), "" "", 'Unit Type (17)'!C60)",B1096*'Summary Sheet'!$C$19
1097,"IF(ISBLANK('Unit Type (17)'!B61), "" "", 'Unit Type (17)'!B61)","IF(ISBLANK('Unit Type (17)'!C61), "" "", 'Unit Type (17)'!C61)",B1097*'Summary Sheet'!$C$19
1098,"IF(ISBLANK('Unit Type (17)'!B62), "" "", 'Unit Type (17)'!B62)","IF(ISBLANK('Unit Type (17)'!C62), "" "", 'Unit Type (17)'!C62)",B1098*'Summary Sheet'!$C$19
1099,"IF(ISBLANK('Unit Type (17)'!B63), "" "", 'Unit Type (17)'!B63)","IF(ISBLANK('Unit Type (17)'!C63), "" "", 'Unit Type (17)'!C63)",B1099*'Summary Sheet'!$C$19
1100,"IF(ISBLANK('Unit Type (17)'!B64), "" "", 'Unit Type (17)'!B64)","IF(ISBLANK('Unit Type (17)'!C64), "" "", 'Unit Type (17)'!C64)",B1100*'Summary Sheet'!$C$19
1101,"IF(ISBLANK('Unit Type (17)'!B65), "" "", 'Unit Type (17)'!B65)","IF(ISBLANK('Unit Type (17)'!C65), "" "", 'Unit Type (17)'!C65)",B1101*'Summary Sheet'!$C$19
1102,"IF(ISBLANK('Unit Type (17)'!B66), "" "", 'Unit Type (17)'!B66)","IF(ISBLANK('Unit Type (17)'!C66), "" "", 'Unit Type (17)'!C66)",B1102*'Summary Sheet'!$C$19
1103,"IF(ISBLANK('Unit Type (17)'!B67), "" "", 'Unit Type (17)'!B67)","IF(ISBLANK('Unit Type (17)'!C67), "" "", 'Unit Type (17)'!C67)",B1103*'Summary Sheet'!$C$19
1104,"IF(ISBLANK('Unit Type (17)'!B68), "" "", 'Unit Type (17)'!B68)","IF(ISBLANK('Unit Type (17)'!C68), "" "", 'Unit Type (17)'!C68)",B1104*'Summary Sheet'!$C$19
1105,"IF(ISBLANK('Unit Type (17)'!B69), "" "", 'Unit Type (17)'!B69)","IF(ISBLANK('Unit Type (17)'!C69), "" "", 'Unit Type (17)'!C69)",B1105*'Summary Sheet'!$C$19
1106,"IF(ISBLANK('Unit Type (17)'!B70), "" "", 'Unit Type (17)'!B70)","IF(ISBLANK('Unit Type (17)'!C70), "" "", 'Unit Type (17)'!C70)",B1106*'Summary Sheet'!$C$19
1107,"IF(ISBLANK('Unit Type (18)'!B6), "" "", 'Unit Type (18)'!B6)","IF(ISBLANK('Unit Type (18)'!C6), "" "", 'Unit Type (18)'!C6)",B1107*'Summary Sheet'!$C$20
1108,"IF(ISBLANK('Unit Type (18)'!B7), "" "", 'Unit Type (18)'!B7)","IF(ISBLANK('Unit Type (18)'!C7), "" "", 'Unit Type (18)'!C7)",B1108*'Summary Sheet'!$C$20
1109,"IF(ISBLANK('Unit Type (18)'!B8), "" "", 'Unit Type (18)'!B8)","IF(ISBLANK('Unit Type (18)'!C8), "" "", 'Unit Type (18)'!C8)",B1109*'Summary Sheet'!$C$20
1110,"IF(ISBLANK('Unit Type (18)'!B9), "" "", 'Unit Type (18)'!B9)","IF(ISBLANK('Unit Type (18)'!C9), "" "", 'Unit Type (18)'!C9)",B1110*'Summary Sheet'!$C$20
1111,"IF(ISBLANK('Unit Type (18)'!B10), "" "", 'Unit Type (18)'!B10)","IF(ISBLANK('Unit Type (18)'!C10), "" "", 'Unit Type (18)'!C10)",B1111*'Summary Sheet'!$C$20
1112,"IF(ISBLANK('Unit Type (18)'!B11), "" "", 'Unit Type (18)'!B11)","IF(ISBLANK('Unit Type (18)'!C11), "" "", 'Unit Type (18)'!C11)",B1112*'Summary Sheet'!$C$20
1113,"IF(ISBLANK('Unit Type (18)'!B12), "" "", 'Unit Type (18)'!B12)","IF(ISBLANK('Unit Type (18)'!C12), "" "", 'Unit Type (18)'!C12)",B1113*'Summary Sheet'!$C$20
1114,"IF(ISBLANK('Unit Type (18)'!B13), "" "", 'Unit Type (18)'!B13)","IF(ISBLANK('Unit Type (18)'!C13), "" "", 'Unit Type (18)'!C13)",B1114*'Summary Sheet'!$C$20
1115,"IF(ISBLANK('Unit Type (18)'!B14), "" "", 'Unit Type (18)'!B14)","IF(ISBLANK('Unit Type (18)'!C14), "" "", 'Unit Type (18)'!C14)",B1115*'Summary Sheet'!$C$20
1116,"IF(ISBLANK('Unit Type (18)'!B15), "" "", 'Unit Type (18)'!B15)","IF(ISBLANK('Unit Type (18)'!C15), "" "", 'Unit Type (18)'!C15)",B1116*'Summary Sheet'!$C$20
1117,"IF(ISBLANK('Unit Type (18)'!B16), "" "", 'Unit Type (18)'!B16)","IF(ISBLANK('Unit Type (18)'!C16), "" "", 'Unit Type (18)'!C16)",B1117*'Summary Sheet'!$C$20
1118,"IF(ISBLANK('Unit Type (18)'!B17), "" "", 'Unit Type (18)'!B17)","IF(ISBLANK('Unit Type (18)'!C17), "" "", 'Unit Type (18)'!C17)",B1118*'Summary Sheet'!$C$20
1119,"IF(ISBLANK('Unit Type (18)'!B18), "" "", 'Unit Type (18)'!B18)","IF(ISBLANK('Unit Type (18)'!C18), "" "", 'Unit Type (18)'!C18)",B1119*'Summary Sheet'!$C$20
1120,"IF(ISBLANK('Unit Type (18)'!B19), "" "", 'Unit Type (18)'!B19)","IF(ISBLANK('Unit Type (18)'!C19), "" "", 'Unit Type (18)'!C19)",B1120*'Summary Sheet'!$C$20
1121,"IF(ISBLANK('Unit Type (18)'!B20), "" "", 'Unit Type (18)'!B20)","IF(ISBLANK('Unit Type (18)'!C20), "" "", 'Unit Type (18)'!C20)",B1121*'Summary Sheet'!$C$20
1122,"IF(ISBLANK('Unit Type (18)'!B21), "" "", 'Unit Type (18)'!B21)","IF(ISBLANK('Unit Type (18)'!C21), "" "", 'Unit Type (18)'!C21)",B1122*'Summary Sheet'!$C$20
1123,"IF(ISBLANK('Unit Type (18)'!B22), "" "", 'Unit Type (18)'!B22)","IF(ISBLANK('Unit Type (18)'!C22), "" "", 'Unit Type (18)'!C22)",B1123*'Summary Sheet'!$C$20
1124,"IF(ISBLANK('Unit Type (18)'!B23), "" "", 'Unit Type (18)'!B23)","IF(ISBLANK('Unit Type (18)'!C23), "" "", 'Unit Type (18)'!C23)",B1124*'Summary Sheet'!$C$20
1125,"IF(ISBLANK('Unit Type (18)'!B24), "" "", 'Unit Type (18)'!B24)","IF(ISBLANK('Unit Type (18)'!C24), "" "", 'Unit Type (18)'!C24)",B1125*'Summary Sheet'!$C$20
1126,"IF(ISBLANK('Unit Type (18)'!B25), "" "", 'Unit Type (18)'!B25)","IF(ISBLANK('Unit Type (18)'!C25), "" "", 'Unit Type (18)'!C25)",B1126*'Summary Sheet'!$C$20
1127,"IF(ISBLANK('Unit Type (18)'!B26), "" "", 'Unit Type (18)'!B26)","IF(ISBLANK('Unit Type (18)'!C26), "" "", 'Unit Type (18)'!C26)",B1127*'Summary Sheet'!$C$20
1128,"IF(ISBLANK('Unit Type (18)'!B27), "" "", 'Unit Type (18)'!B27)","IF(ISBLANK('Unit Type (18)'!C27), "" "", 'Unit Type (18)'!C27)",B1128*'Summary Sheet'!$C$20
1129,"IF(ISBLANK('Unit Type (18)'!B28), "" "", 'Unit Type (18)'!B28)","IF(ISBLANK('Unit Type (18)'!C28), "" "", 'Unit Type (18)'!C28)",B1129*'Summary Sheet'!$C$20
1130,"IF(ISBLANK('Unit Type (18)'!B29), "" "", 'Unit Type (18)'!B29)","IF(ISBLANK('Unit Type (18)'!C29), "" "", 'Unit Type (18)'!C29)",B1130*'Summary Sheet'!$C$20
1131,"IF(ISBLANK('Unit Type (18)'!B30), "" "", 'Unit Type (18)'!B30)","IF(ISBLANK('Unit Type (18)'!C30), "" "", 'Unit Type (18)'!C30)",B1131*'Summary Sheet'!$C$20
1132,"IF(ISBLANK('Unit Type (18)'!B31), "" "", 'Unit Type (18)'!B31)","IF(ISBLANK('Unit Type (18)'!C31), "" "", 'Unit Type (18)'!C31)",B1132*'Summary Sheet'!$C$20
1133,"IF(ISBLANK('Unit Type (18)'!B32), "" "", 'Unit Type (18)'!B32)","IF(ISBLANK('Unit Type (18)'!C32), "" "", 'Unit Type (18)'!C32)",B1133*'Summary Sheet'!$C$20
1134,"IF(ISBLANK('Unit Type (18)'!B33), "" "", 'Unit Type (18)'!B33)","IF(ISBLANK('Unit Type (18)'!C33), "" "", 'Unit Type (18)'!C33)",B1134*'Summary Sheet'!$C$20
1135,"IF(ISBLANK('Unit Type (18)'!B34), "" "", 'Unit Type (18)'!B34)","IF(ISBLANK('Unit Type (18)'!C34), "" "", 'Unit Type (18)'!C34)",B1135*'Summary Sheet'!$C$20
1136,"IF(ISBLANK('Unit Type (18)'!B35), "" "", 'Unit Type (18)'!B35)","IF(ISBLANK('Unit Type (18)'!C35), "" "", 'Unit Type (18)'!C35)",B1136*'Summary Sheet'!$C$20
1137,"IF(ISBLANK('Unit Type (18)'!B36), "" "", 'Unit Type (18)'!B36)","IF(ISBLANK('Unit Type (18)'!C36), "" "", 'Unit Type (18)'!C36)",B1137*'Summary Sheet'!$C$20
1138,"IF(ISBLANK('Unit Type (18)'!B37), "" "", 'Unit Type (18)'!B37)","IF(ISBLANK('Unit Type (18)'!C37), "" "", 'Unit Type (18)'!C37)",B1138*'Summary Sheet'!$C$20
1139,"IF(ISBLANK('Unit Type (18)'!B38), "" "", 'Unit Type (18)'!B38)","IF(ISBLANK('Unit Type (18)'!C38), "" "", 'Unit Type (18)'!C38)",B1139*'Summary Sheet'!$C$20
1140,"IF(ISBLANK('Unit Type (18)'!B39), "" "", 'Unit Type (18)'!B39)","IF(ISBLANK('Unit Type (18)'!C39), "" "", 'Unit Type (18)'!C39)",B1140*'Summary Sheet'!$C$20
1141,"IF(ISBLANK('Unit Type (18)'!B40), "" "", 'Unit Type (18)'!B40)","IF(ISBLANK('Unit Type (18)'!C40), "" "", 'Unit Type (18)'!C40)",B1141*'Summary Sheet'!$C$20
1142,"IF(ISBLANK('Unit Type (18)'!B41), "" "", 'Unit Type (18)'!B41)","IF(ISBLANK('Unit Type (18)'!C41), "" "", 'Unit Type (18)'!C41)",B1142*'Summary Sheet'!$C$20
1143,"IF(ISBLANK('Unit Type (18)'!B42), "" "", 'Unit Type (18)'!B42)","IF(ISBLANK('Unit Type (18)'!C42), "" "", 'Unit Type (18)'!C42)",B1143*'Summary Sheet'!$C$20
1144,"IF(ISBLANK('Unit Type (18)'!B43), "" "", 'Unit Type (18)'!B43)","IF(ISBLANK('Unit Type (18)'!C43), "" "", 'Unit Type (18)'!C43)",B1144*'Summary Sheet'!$C$20
1145,"IF(ISBLANK('Unit Type (18)'!B44), "" "", 'Unit Type (18)'!B44)","IF(ISBLANK('Unit Type (18)'!C44), "" "", 'Unit Type (18)'!C44)",B1145*'Summary Sheet'!$C$20
1146,"IF(ISBLANK('Unit Type (18)'!B45), "" "", 'Unit Type (18)'!B45)","IF(ISBLANK('Unit Type (18)'!C45), "" "", 'Unit Type (18)'!C45)",B1146*'Summary Sheet'!$C$20
1147,"IF(ISBLANK('Unit Type (18)'!B46), "" "", 'Unit Type (18)'!B46)","IF(ISBLANK('Unit Type (18)'!C46), "" "", 'Unit Type (18)'!C46)",B1147*'Summary Sheet'!$C$20
1148,"IF(ISBLANK('Unit Type (18)'!B47), "" "", 'Unit Type (18)'!B47)","IF(ISBLANK('Unit Type (18)'!C47), "" "", 'Unit Type (18)'!C47)",B1148*'Summary Sheet'!$C$20
1149,"IF(ISBLANK('Unit Type (18)'!B48), "" "", 'Unit Type (18)'!B48)","IF(ISBLANK('Unit Type (18)'!C48), "" "", 'Unit Type (18)'!C48)",B1149*'Summary Sheet'!$C$20
1150,"IF(ISBLANK('Unit Type (18)'!B49), "" "", 'Unit Type (18)'!B49)","IF(ISBLANK('Unit Type (18)'!C49), "" "", 'Unit Type (18)'!C49)",B1150*'Summary Sheet'!$C$20
1151,"IF(ISBLANK('Unit Type (18)'!B50), "" "", 'Unit Type (18)'!B50)","IF(ISBLANK('Unit Type (18)'!C50), "" "", 'Unit Type (18)'!C50)",B1151*'Summary Sheet'!$C$20
1152,"IF(ISBLANK('Unit Type (18)'!B51), "" "", 'Unit Type (18)'!B51)","IF(ISBLANK('Unit Type (18)'!C51), "" "", 'Unit Type (18)'!C51)",B1152*'Summary Sheet'!$C$20
1153,"IF(ISBLANK('Unit Type (18)'!B52), "" "", 'Unit Type (18)'!B52)","IF(ISBLANK('Unit Type (18)'!C52), "" "", 'Unit Type (18)'!C52)",B1153*'Summary Sheet'!$C$20
1154,"IF(ISBLANK('Unit Type (18)'!B53), "" "", 'Unit Type (18)'!B53)","IF(ISBLANK('Unit Type (18)'!C53), "" "", 'Unit Type (18)'!C53)",B1154*'Summary Sheet'!$C$20
1155,"IF(ISBLANK('Unit Type (18)'!B54), "" "", 'Unit Type (18)'!B54)","IF(ISBLANK('Unit Type (18)'!C54), "" "", 'Unit Type (18)'!C54)",B1155*'Summary Sheet'!$C$20
1156,"IF(ISBLANK('Unit Type (18)'!B55), "" "", 'Unit Type (18)'!B55)","IF(ISBLANK('Unit Type (18)'!C55), "" "", 'Unit Type (18)'!C55)",B1156*'Summary Sheet'!$C$20
1157,"IF(ISBLANK('Unit Type (18)'!B56), "" "", 'Unit Type (18)'!B56)","IF(ISBLANK('Unit Type (18)'!C56), "" "", 'Unit Type (18)'!C56)",B1157*'Summary Sheet'!$C$20
1158,"IF(ISBLANK('Unit Type (18)'!B57), "" "", 'Unit Type (18)'!B57)","IF(ISBLANK('Unit Type (18)'!C57), "" "", 'Unit Type (18)'!C57)",B1158*'Summary Sheet'!$C$20
1159,"IF(ISBLANK('Unit Type (18)'!B58), "" "", 'Unit Type (18)'!B58)","IF(ISBLANK('Unit Type (18)'!C58), "" "", 'Unit Type (18)'!C58)",B1159*'Summary Sheet'!$C$20
1160,"IF(ISBLANK('Unit Type (18)'!B59), "" "", 'Unit Type (18)'!B59)","IF(ISBLANK('Unit Type (18)'!C59), "" "", 'Unit Type (18)'!C59)",B1160*'Summary Sheet'!$C$20
1161,"IF(ISBLANK('Unit Type (18)'!B60), "" "", 'Unit Type (18)'!B60)","IF(ISBLANK('Unit Type (18)'!C60), "" "", 'Unit Type (18)'!C60)",B1161*'Summary Sheet'!$C$20
1162,"IF(ISBLANK('Unit Type (18)'!B61), "" "", 'Unit Type (18)'!B61)","IF(ISBLANK('Unit Type (18)'!C61), "" "", 'Unit Type (18)'!C61)",B1162*'Summary Sheet'!$C$20
1163,"IF(ISBLANK('Unit Type (18)'!B62), "" "", 'Unit Type (18)'!B62)","IF(ISBLANK('Unit Type (18)'!C62), "" "", 'Unit Type (18)'!C62)",B1163*'Summary Sheet'!$C$20
1164,"IF(ISBLANK('Unit Type (18)'!B63), "" "", 'Unit Type (18)'!B63)","IF(ISBLANK('Unit Type (18)'!C63), "" "", 'Unit Type (18)'!C63)",B1164*'Summary Sheet'!$C$20
1165,"IF(ISBLANK('Unit Type (18)'!B64), "" "", 'Unit Type (18)'!B64)","IF(ISBLANK('Unit Type (18)'!C64), "" "", 'Unit Type (18)'!C64)",B1165*'Summary Sheet'!$C$20
1166,"IF(ISBLANK('Unit Type (18)'!B65), "" "", 'Unit Type (18)'!B65)","IF(ISBLANK('Unit Type (18)'!C65), "" "", 'Unit Type (18)'!C65)",B1166*'Summary Sheet'!$C$20
1167,"IF(ISBLANK('Unit Type (18)'!B66), "" "", 'Unit Type (18)'!B66)","IF(ISBLANK('Unit Type (18)'!C66), "" "", 'Unit Type (18)'!C66)",B1167*'Summary Sheet'!$C$20
1168,"IF(ISBLANK('Unit Type (18)'!B67), "" "", 'Unit Type (18)'!B67)","IF(ISBLANK('Unit Type (18)'!C67), "" "", 'Unit Type (18)'!C67)",B1168*'Summary Sheet'!$C$20
1169,"IF(ISBLANK('Unit Type (18)'!B68), "" "", 'Unit Type (18)'!B68)","IF(ISBLANK('Unit Type (18)'!C68), "" "", 'Unit Type (18)'!C68)",B1169*'Summary Sheet'!$C$20
1170,"IF(ISBLANK('Unit Type (18)'!B69), "" "", 'Unit Type (18)'!B69)","IF(ISBLANK('Unit Type (18)'!C69), "" "", 'Unit Type (18)'!C69)",B1170*'Summary Sheet'!$C$20
1171,"IF(ISBLANK('Unit Type (18)'!B70), "" "", 'Unit Type (18)'!B70)","IF(ISBLANK('Unit Type (18)'!C70), "" "", 'Unit Type (18)'!C70)",B1171*'Summary Sheet'!$C$20
1172,"IF(ISBLANK('Unit Type (19)'!B6), "" "", 'Unit Type (19)'!B6)","IF(ISBLANK('Unit Type (19)'!C6), "" "", 'Unit Type (19)'!C6)",B1172*'Summary Sheet'!$C$21
1173,"IF(ISBLANK('Unit Type (19)'!B7), "" "", 'Unit Type (19)'!B7)","IF(ISBLANK('Unit Type (19)'!C7), "" "", 'Unit Type (19)'!C7)",B1173*'Summary Sheet'!$C$21
1174,"IF(ISBLANK('Unit Type (19)'!B8), "" "", 'Unit Type (19)'!B8)","IF(ISBLANK('Unit Type (19)'!C8), "" "", 'Unit Type (19)'!C8)",B1174*'Summary Sheet'!$C$21
1175,"IF(ISBLANK('Unit Type (19)'!B9), "" "", 'Unit Type (19)'!B9)","IF(ISBLANK('Unit Type (19)'!C9), "" "", 'Unit Type (19)'!C9)",B1175*'Summary Sheet'!$C$21
1176,"IF(ISBLANK('Unit Type (19)'!B10), "" "", 'Unit Type (19)'!B10)","IF(ISBLANK('Unit Type (19)'!C10), "" "", 'Unit Type (19)'!C10)",B1176*'Summary Sheet'!$C$21
1177,"IF(ISBLANK('Unit Type (19)'!B11), "" "", 'Unit Type (19)'!B11)","IF(ISBLANK('Unit Type (19)'!C11), "" "", 'Unit Type (19)'!C11)",B1177*'Summary Sheet'!$C$21
1178,"IF(ISBLANK('Unit Type (19)'!B12), "" "", 'Unit Type (19)'!B12)","IF(ISBLANK('Unit Type (19)'!C12), "" "", 'Unit Type (19)'!C12)",B1178*'Summary Sheet'!$C$21
1179,"IF(ISBLANK('Unit Type (19)'!B13), "" "", 'Unit Type (19)'!B13)","IF(ISBLANK('Unit Type (19)'!C13), "" "", 'Unit Type (19)'!C13)",B1179*'Summary Sheet'!$C$21
1180,"IF(ISBLANK('Unit Type (19)'!B14), "" "", 'Unit Type (19)'!B14)","IF(ISBLANK('Unit Type (19)'!C14), "" "", 'Unit Type (19)'!C14)",B1180*'Summary Sheet'!$C$21
1181,"IF(ISBLANK('Unit Type (19)'!B15), "" "", 'Unit Type (19)'!B15)","IF(ISBLANK('Unit Type (19)'!C15), "" "", 'Unit Type (19)'!C15)",B1181*'Summary Sheet'!$C$21
1182,"IF(ISBLANK('Unit Type (19)'!B16), "" "", 'Unit Type (19)'!B16)","IF(ISBLANK('Unit Type (19)'!C16), "" "", 'Unit Type (19)'!C16)",B1182*'Summary Sheet'!$C$21
1183,"IF(ISBLANK('Unit Type (19)'!B17), "" "", 'Unit Type (19)'!B17)","IF(ISBLANK('Unit Type (19)'!C17), "" "", 'Unit Type (19)'!C17)",B1183*'Summary Sheet'!$C$21
1184,"IF(ISBLANK('Unit Type (19)'!B18), "" "", 'Unit Type (19)'!B18)","IF(ISBLANK('Unit Type (19)'!C18), "" "", 'Unit Type (19)'!C18)",B1184*'Summary Sheet'!$C$21
1185,"IF(ISBLANK('Unit Type (19)'!B19), "" "", 'Unit Type (19)'!B19)","IF(ISBLANK('Unit Type (19)'!C19), "" "", 'Unit Type (19)'!C19)",B1185*'Summary Sheet'!$C$21
1186,"IF(ISBLANK('Unit Type (19)'!B20), "" "", 'Unit Type (19)'!B20)","IF(ISBLANK('Unit Type (19)'!C20), "" "", 'Unit Type (19)'!C20)",B1186*'Summary Sheet'!$C$21
1187,"IF(ISBLANK('Unit Type (19)'!B21), "" "", 'Unit Type (19)'!B21)","IF(ISBLANK('Unit Type (19)'!C21), "" "", 'Unit Type (19)'!C21)",B1187*'Summary Sheet'!$C$21
1188,"IF(ISBLANK('Unit Type (19)'!B22), "" "", 'Unit Type (19)'!B22)","IF(ISBLANK('Unit Type (19)'!C22), "" "", 'Unit Type (19)'!C22)",B1188*'Summary Sheet'!$C$21
1189,"IF(ISBLANK('Unit Type (19)'!B23), "" "", 'Unit Type (19)'!B23)","IF(ISBLANK('Unit Type (19)'!C23), "" "", 'Unit Type (19)'!C23)",B1189*'Summary Sheet'!$C$21
1190,"IF(ISBLANK('Unit Type (19)'!B24), "" "", 'Unit Type (19)'!B24)","IF(ISBLANK('Unit Type (19)'!C24), "" "", 'Unit Type (19)'!C24)",B1190*'Summary Sheet'!$C$21
1191,"IF(ISBLANK('Unit Type (19)'!B25), "" "", 'Unit Type (19)'!B25)","IF(ISBLANK('Unit Type (19)'!C25), "" "", 'Unit Type (19)'!C25)",B1191*'Summary Sheet'!$C$21
1192,"IF(ISBLANK('Unit Type (19)'!B26), "" "", 'Unit Type (19)'!B26)","IF(ISBLANK('Unit Type (19)'!C26), "" "", 'Unit Type (19)'!C26)",B1192*'Summary Sheet'!$C$21
1193,"IF(ISBLANK('Unit Type (19)'!B27), "" "", 'Unit Type (19)'!B27)","IF(ISBLANK('Unit Type (19)'!C27), "" "", 'Unit Type (19)'!C27)",B1193*'Summary Sheet'!$C$21
1194,"IF(ISBLANK('Unit Type (19)'!B28), "" "", 'Unit Type (19)'!B28)","IF(ISBLANK('Unit Type (19)'!C28), "" "", 'Unit Type (19)'!C28)",B1194*'Summary Sheet'!$C$21
1195,"IF(ISBLANK('Unit Type (19)'!B29), "" "", 'Unit Type (19)'!B29)","IF(ISBLANK('Unit Type (19)'!C29), "" "", 'Unit Type (19)'!C29)",B1195*'Summary Sheet'!$C$21
1196,"IF(ISBLANK('Unit Type (19)'!B30), "" "", 'Unit Type (19)'!B30)","IF(ISBLANK('Unit Type (19)'!C30), "" "", 'Unit Type (19)'!C30)",B1196*'Summary Sheet'!$C$21
1197,"IF(ISBLANK('Unit Type (19)'!B31), "" "", 'Unit Type (19)'!B31)","IF(ISBLANK('Unit Type (19)'!C31), "" "", 'Unit Type (19)'!C31)",B1197*'Summary Sheet'!$C$21
1198,"IF(ISBLANK('Unit Type (19)'!B32), "" "", 'Unit Type (19)'!B32)","IF(ISBLANK('Unit Type (19)'!C32), "" "", 'Unit Type (19)'!C32)",B1198*'Summary Sheet'!$C$21
1199,"IF(ISBLANK('Unit Type (19)'!B33), "" "", 'Unit Type (19)'!B33)","IF(ISBLANK('Unit Type (19)'!C33), "" "", 'Unit Type (19)'!C33)",B1199*'Summary Sheet'!$C$21
1200,"IF(ISBLANK('Unit Type (19)'!B34), "" "", 'Unit Type (19)'!B34)","IF(ISBLANK('Unit Type (19)'!C34), "" "", 'Unit Type (19)'!C34)",B1200*'Summary Sheet'!$C$21
1201,"IF(ISBLANK('Unit Type (19)'!B35), "" "", 'Unit Type (19)'!B35)","IF(ISBLANK('Unit Type (19)'!C35), "" "", 'Unit Type (19)'!C35)",B1201*'Summary Sheet'!$C$21
1202,"IF(ISBLANK('Unit Type (19)'!B36), "" "", 'Unit Type (19)'!B36)","IF(ISBLANK('Unit Type (19)'!C36), "" "", 'Unit Type (19)'!C36)",B1202*'Summary Sheet'!$C$21
1203,"IF(ISBLANK('Unit Type (19)'!B37), "" "", 'Unit Type (19)'!B37)","IF(ISBLANK('Unit Type (19)'!C37), "" "", 'Unit Type (19)'!C37)",B1203*'Summary Sheet'!$C$21
1204,"IF(ISBLANK('Unit Type (19)'!B38), "" "", 'Unit Type (19)'!B38)","IF(ISBLANK('Unit Type (19)'!C38), "" "", 'Unit Type (19)'!C38)",B1204*'Summary Sheet'!$C$21
1205,"IF(ISBLANK('Unit Type (19)'!B39), "" "", 'Unit Type (19)'!B39)","IF(ISBLANK('Unit Type (19)'!C39), "" "", 'Unit Type (19)'!C39)",B1205*'Summary Sheet'!$C$21
1206,"IF(ISBLANK('Unit Type (19)'!B40), "" "", 'Unit Type (19)'!B40)","IF(ISBLANK('Unit Type (19)'!C40), "" "", 'Unit Type (19)'!C40)",B1206*'Summary Sheet'!$C$21
1207,"IF(ISBLANK('Unit Type (19)'!B41), "" "", 'Unit Type (19)'!B41)","IF(ISBLANK('Unit Type (19)'!C41), "" "", 'Unit Type (19)'!C41)",B1207*'Summary Sheet'!$C$21
1208,"IF(ISBLANK('Unit Type (19)'!B42), "" "", 'Unit Type (19)'!B42)","IF(ISBLANK('Unit Type (19)'!C42), "" "", 'Unit Type (19)'!C42)",B1208*'Summary Sheet'!$C$21
1209,"IF(ISBLANK('Unit Type (19)'!B43), "" "", 'Unit Type (19)'!B43)","IF(ISBLANK('Unit Type (19)'!C43), "" "", 'Unit Type (19)'!C43)",B1209*'Summary Sheet'!$C$21
1210,"IF(ISBLANK('Unit Type (19)'!B44), "" "", 'Unit Type (19)'!B44)","IF(ISBLANK('Unit Type (19)'!C44), "" "", 'Unit Type (19)'!C44)",B1210*'Summary Sheet'!$C$21
1211,"IF(ISBLANK('Unit Type (19)'!B45), "" "", 'Unit Type (19)'!B45)","IF(ISBLANK('Unit Type (19)'!C45), "" "", 'Unit Type (19)'!C45)",B1211*'Summary Sheet'!$C$21
1212,"IF(ISBLANK('Unit Type (19)'!B46), "" "", 'Unit Type (19)'!B46)","IF(ISBLANK('Unit Type (19)'!C46), "" "", 'Unit Type (19)'!C46)",B1212*'Summary Sheet'!$C$21
1213,"IF(ISBLANK('Unit Type (19)'!B47), "" "", 'Unit Type (19)'!B47)","IF(ISBLANK('Unit Type (19)'!C47), "" "", 'Unit Type (19)'!C47)",B1213*'Summary Sheet'!$C$21
1214,"IF(ISBLANK('Unit Type (19)'!B48), "" "", 'Unit Type (19)'!B48)","IF(ISBLANK('Unit Type (19)'!C48), "" "", 'Unit Type (19)'!C48)",B1214*'Summary Sheet'!$C$21
1215,"IF(ISBLANK('Unit Type (19)'!B49), "" "", 'Unit Type (19)'!B49)","IF(ISBLANK('Unit Type (19)'!C49), "" "", 'Unit Type (19)'!C49)",B1215*'Summary Sheet'!$C$21
1216,"IF(ISBLANK('Unit Type (19)'!B50), "" "", 'Unit Type (19)'!B50)","IF(ISBLANK('Unit Type (19)'!C50), "" "", 'Unit Type (19)'!C50)",B1216*'Summary Sheet'!$C$21
1217,"IF(ISBLANK('Unit Type (19)'!B51), "" "", 'Unit Type (19)'!B51)","IF(ISBLANK('Unit Type (19)'!C51), "" "", 'Unit Type (19)'!C51)",B1217*'Summary Sheet'!$C$21
1218,"IF(ISBLANK('Unit Type (19)'!B52), "" "", 'Unit Type (19)'!B52)","IF(ISBLANK('Unit Type (19)'!C52), "" "", 'Unit Type (19)'!C52)",B1218*'Summary Sheet'!$C$21
1219,"IF(ISBLANK('Unit Type (19)'!B53), "" "", 'Unit Type (19)'!B53)","IF(ISBLANK('Unit Type (19)'!C53), "" "", 'Unit Type (19)'!C53)",B1219*'Summary Sheet'!$C$21
1220,"IF(ISBLANK('Unit Type (19)'!B54), "" "", 'Unit Type (19)'!B54)","IF(ISBLANK('Unit Type (19)'!C54), "" "", 'Unit Type (19)'!C54)",B1220*'Summary Sheet'!$C$21
1221,"IF(ISBLANK('Unit Type (19)'!B55), "" "", 'Unit Type (19)'!B55)","IF(ISBLANK('Unit Type (19)'!C55), "" "", 'Unit Type (19)'!C55)",B1221*'Summary Sheet'!$C$21
1222,"IF(ISBLANK('Unit Type (19)'!B56), "" "", 'Unit Type (19)'!B56)","IF(ISBLANK('Unit Type (19)'!C56), "" "", 'Unit Type (19)'!C56)",B1222*'Summary Sheet'!$C$21
1223,"IF(ISBLANK('Unit Type (19)'!B57), "" "", 'Unit Type (19)'!B57)","IF(ISBLANK('Unit Type (19)'!C57), "" "", 'Unit Type (19)'!C57)",B1223*'Summary Sheet'!$C$21
1224,"IF(ISBLANK('Unit Type (19)'!B58), "" "", 'Unit Type (19)'!B58)","IF(ISBLANK('Unit Type (19)'!C58), "" "", 'Unit Type (19)'!C58)",B1224*'Summary Sheet'!$C$21
1225,"IF(ISBLANK('Unit Type (19)'!B59), "" "", 'Unit Type (19)'!B59)","IF(ISBLANK('Unit Type (19)'!C59), "" "", 'Unit Type (19)'!C59)",B1225*'Summary Sheet'!$C$21
1226,"IF(ISBLANK('Unit Type (19)'!B60), "" "", 'Unit Type (19)'!B60)","IF(ISBLANK('Unit Type (19)'!C60), "" "", 'Unit Type (19)'!C60)",B1226*'Summary Sheet'!$C$21
1227,"IF(ISBLANK('Unit Type (19)'!B61), "" "", 'Unit Type (19)'!B61)","IF(ISBLANK('Unit Type (19)'!C61), "" "", 'Unit Type (19)'!C61)",B1227*'Summary Sheet'!$C$21
1228,"IF(ISBLANK('Unit Type (19)'!B62), "" "", 'Unit Type (19)'!B62)","IF(ISBLANK('Unit Type (19)'!C62), "" "", 'Unit Type (19)'!C62)",B1228*'Summary Sheet'!$C$21
1229,"IF(ISBLANK('Unit Type (19)'!B63), "" "", 'Unit Type (19)'!B63)","IF(ISBLANK('Unit Type (19)'!C63), "" "", 'Unit Type (19)'!C63)",B1229*'Summary Sheet'!$C$21
1230,"IF(ISBLANK('Unit Type (19)'!B64), "" "", 'Unit Type (19)'!B64)","IF(ISBLANK('Unit Type (19)'!C64), "" "", 'Unit Type (19)'!C64)",B1230*'Summary Sheet'!$C$21
1231,"IF(ISBLANK('Unit Type (19)'!B65), "" "", 'Unit Type (19)'!B65)","IF(ISBLANK('Unit Type (19)'!C65), "" "", 'Unit Type (19)'!C65)",B1231*'Summary Sheet'!$C$21
1232,"IF(ISBLANK('Unit Type (19)'!B66), "" "", 'Unit Type (19)'!B66)","IF(ISBLANK('Unit Type (19)'!C66), "" "", 'Unit Type (19)'!C66)",B1232*'Summary Sheet'!$C$21
1233,"IF(ISBLANK('Unit Type (19)'!B67), "" "", 'Unit Type (19)'!B67)","IF(ISBLANK('Unit Type (19)'!C67), "" "", 'Unit Type (19)'!C67)",B1233*'Summary Sheet'!$C$21
1234,"IF(ISBLANK('Unit Type (19)'!B68), "" "", 'Unit Type (19)'!B68)","IF(ISBLANK('Unit Type (19)'!C68), "" "", 'Unit Type (19)'!C68)",B1234*'Summary Sheet'!$C$21
1235,"IF(ISBLANK('Unit Type (19)'!B69), "" "", 'Unit Type (19)'!B69)","IF(ISBLANK('Unit Type (19)'!C69), "" "", 'Unit Type (19)'!C69)",B1235*'Summary Sheet'!$C$21
1236,"IF(ISBLANK('Unit Type (19)'!B70), "" "", 'Unit Type (19)'!B70)","IF(ISBLANK('Unit Type (19)'!C70), "" "", 'Unit Type (19)'!C70)",B1236*'Summary Sheet'!$C$21
1237,"IF(ISBLANK('Unit Type (20)'!B6), "" "", 'Unit Type (20)'!B6)","IF(ISBLANK('Unit Type (20)'!C6), "" "", 'Unit Type (20)'!C6)",B1237*'Summary Sheet'!$C$22
1238,"IF(ISBLANK('Unit Type (20)'!B7), "" "", 'Unit Type (20)'!B7)","IF(ISBLANK('Unit Type (20)'!C7), "" "", 'Unit Type (20)'!C7)",B1238*'Summary Sheet'!$C$22
1239,"IF(ISBLANK('Unit Type (20)'!B8), "" "", 'Unit Type (20)'!B8)","IF(ISBLANK('Unit Type (20)'!C8), "" "", 'Unit Type (20)'!C8)",B1239*'Summary Sheet'!$C$22
1240,"IF(ISBLANK('Unit Type (20)'!B9), "" "", 'Unit Type (20)'!B9)","IF(ISBLANK('Unit Type (20)'!C9), "" "", 'Unit Type (20)'!C9)",B1240*'Summary Sheet'!$C$22
1241,"IF(ISBLANK('Unit Type (20)'!B10), "" "", 'Unit Type (20)'!B10)","IF(ISBLANK('Unit Type (20)'!C10), "" "", 'Unit Type (20)'!C10)",B1241*'Summary Sheet'!$C$22
1242,"IF(ISBLANK('Unit Type (20)'!B11), "" "", 'Unit Type (20)'!B11)","IF(ISBLANK('Unit Type (20)'!C11), "" "", 'Unit Type (20)'!C11)",B1242*'Summary Sheet'!$C$22
1243,"IF(ISBLANK('Unit Type (20)'!B12), "" "", 'Unit Type (20)'!B12)","IF(ISBLANK('Unit Type (20)'!C12), "" "", 'Unit Type (20)'!C12)",B1243*'Summary Sheet'!$C$22
1244,"IF(ISBLANK('Unit Type (20)'!B13), "" "", 'Unit Type (20)'!B13)","IF(ISBLANK('Unit Type (20)'!C13), "" "", 'Unit Type (20)'!C13)",B1244*'Summary Sheet'!$C$22
1245,"IF(ISBLANK('Unit Type (20)'!B14), "" "", 'Unit Type (20)'!B14)","IF(ISBLANK('Unit Type (20)'!C14), "" "", 'Unit Type (20)'!C14)",B1245*'Summary Sheet'!$C$22
1246,"IF(ISBLANK('Unit Type (20)'!B15), "" "", 'Unit Type (20)'!B15)","IF(ISBLANK('Unit Type (20)'!C15), "" "", 'Unit Type (20)'!C15)",B1246*'Summary Sheet'!$C$22
1247,"IF(ISBLANK('Unit Type (20)'!B16), "" "", 'Unit Type (20)'!B16)","IF(ISBLANK('Unit Type (20)'!C16), "" "", 'Unit Type (20)'!C16)",B1247*'Summary Sheet'!$C$22
1248,"IF(ISBLANK('Unit Type (20)'!B17), "" "", 'Unit Type (20)'!B17)","IF(ISBLANK('Unit Type (20)'!C17), "" "", 'Unit Type (20)'!C17)",B1248*'Summary Sheet'!$C$22
1249,"IF(ISBLANK('Unit Type (20)'!B18), "" "", 'Unit Type (20)'!B18)","IF(ISBLANK('Unit Type (20)'!C18), "" "", 'Unit Type (20)'!C18)",B1249*'Summary Sheet'!$C$22
1250,"IF(ISBLANK('Unit Type (20)'!B19), "" "", 'Unit Type (20)'!B19)","IF(ISBLANK('Unit Type (20)'!C19), "" "", 'Unit Type (20)'!C19)",B1250*'Summary Sheet'!$C$22
1251,"IF(ISBLANK('Unit Type (20)'!B20), "" "", 'Unit Type (20)'!B20)","IF(ISBLANK('Unit Type (20)'!C20), "" "", 'Unit Type (20)'!C20)",B1251*'Summary Sheet'!$C$22
1252,"IF(ISBLANK('Unit Type (20)'!B21), "" "", 'Unit Type (20)'!B21)","IF(ISBLANK('Unit Type (20)'!C21), "" "", 'Unit Type (20)'!C21)",B1252*'Summary Sheet'!$C$22
1253,"IF(ISBLANK('Unit Type (20)'!B22), "" "", 'Unit Type (20)'!B22)","IF(ISBLANK('Unit Type (20)'!C22), "" "", 'Unit Type (20)'!C22)",B1253*'Summary Sheet'!$C$22
1254,"IF(ISBLANK('Unit Type (20)'!B23), "" "", 'Unit Type (20)'!B23)","IF(ISBLANK('Unit Type (20)'!C23), "" "", 'Unit Type (20)'!C23)",B1254*'Summary Sheet'!$C$22
1255,"IF(ISBLANK('Unit Type (20)'!B24), "" "", 'Unit Type (20)'!B24)","IF(ISBLANK('Unit Type (20)'!C24), "" "", 'Unit Type (20)'!C24)",B1255*'Summary Sheet'!$C$22
1256,"IF(ISBLANK('Unit Type (20)'!B25), "" "", 'Unit Type (20)'!B25)","IF(ISBLANK('Unit Type (20)'!C25), "" "", 'Unit Type (20)'!C25)",B1256*'Summary Sheet'!$C$22
1257,"IF(ISBLANK('Unit Type (20)'!B26), "" "", 'Unit Type (20)'!B26)","IF(ISBLANK('Unit Type (20)'!C26), "" "", 'Unit Type (20)'!C26)",B1257*'Summary Sheet'!$C$22
1258,"IF(ISBLANK('Unit Type (20)'!B27), "" "", 'Unit Type (20)'!B27)","IF(ISBLANK('Unit Type (20)'!C27), "" "", 'Unit Type (20)'!C27)",B1258*'Summary Sheet'!$C$22
1259,"IF(ISBLANK('Unit Type (20)'!B28), "" "", 'Unit Type (20)'!B28)","IF(ISBLANK('Unit Type (20)'!C28), "" "", 'Unit Type (20)'!C28)",B1259*'Summary Sheet'!$C$22
1260,"IF(ISBLANK('Unit Type (20)'!B29), "" "", 'Unit Type (20)'!B29)","IF(ISBLANK('Unit Type (20)'!C29), "" "", 'Unit Type (20)'!C29)",B1260*'Summary Sheet'!$C$22
1261,"IF(ISBLANK('Unit Type (20)'!B30), "" "", 'Unit Type (20)'!B30)","IF(ISBLANK('Unit Type (20)'!C30), "" "", 'Unit Type (20)'!C30)",B1261*'Summary Sheet'!$C$22
1262,"IF(ISBLANK('Unit Type (20)'!B31), "" "", 'Unit Type (20)'!B31)","IF(ISBLANK('Unit Type (20)'!C31), "" "", 'Unit Type (20)'!C31)",B1262*'Summary Sheet'!$C$22
1263,"IF(ISBLANK('Unit Type (20)'!B32), "" "", 'Unit Type (20)'!B32)","IF(ISBLANK('Unit Type (20)'!C32), "" "", 'Unit Type (20)'!C32)",B1263*'Summary Sheet'!$C$22
1264,"IF(ISBLANK('Unit Type (20)'!B33), "" "", 'Unit Type (20)'!B33)","IF(ISBLANK('Unit Type (20)'!C33), "" "", 'Unit Type (20)'!C33)",B1264*'Summary Sheet'!$C$22
1265,"IF(ISBLANK('Unit Type (20)'!B34), "" "", 'Unit Type (20)'!B34)","IF(ISBLANK('Unit Type (20)'!C34), "" "", 'Unit Type (20)'!C34)",B1265*'Summary Sheet'!$C$22
1266,"IF(ISBLANK('Unit Type (20)'!B35), "" "", 'Unit Type (20)'!B35)","IF(ISBLANK('Unit Type (20)'!C35), "" "", 'Unit Type (20)'!C35)",B1266*'Summary Sheet'!$C$22
1267,"IF(ISBLANK('Unit Type (20)'!B36), "" "", 'Unit Type (20)'!B36)","IF(ISBLANK('Unit Type (20)'!C36), "" "", 'Unit Type (20)'!C36)",B1267*'Summary Sheet'!$C$22
1268,"IF(ISBLANK('Unit Type (20)'!B37), "" "", 'Unit Type (20)'!B37)","IF(ISBLANK('Unit Type (20)'!C37), "" "", 'Unit Type (20)'!C37)",B1268*'Summary Sheet'!$C$22
1269,"IF(ISBLANK('Unit Type (20)'!B38), "" "", 'Unit Type (20)'!B38)","IF(ISBLANK('Unit Type (20)'!C38), "" "", 'Unit Type (20)'!C38)",B1269*'Summary Sheet'!$C$22
1270,"IF(ISBLANK('Unit Type (20)'!B39), "" "", 'Unit Type (20)'!B39)","IF(ISBLANK('Unit Type (20)'!C39), "" "", 'Unit Type (20)'!C39)",B1270*'Summary Sheet'!$C$22
1271,"IF(ISBLANK('Unit Type (20)'!B40), "" "", 'Unit Type (20)'!B40)","IF(ISBLANK('Unit Type (20)'!C40), "" "", 'Unit Type (20)'!C40)",B1271*'Summary Sheet'!$C$22
1272,"IF(ISBLANK('Unit Type (20)'!B41), "" "", 'Unit Type (20)'!B41)","IF(ISBLANK('Unit Type (20)'!C41), "" "", 'Unit Type (20)'!C41)",B1272*'Summary Sheet'!$C$22
1273,"IF(ISBLANK('Unit Type (20)'!B42), "" "", 'Unit Type (20)'!B42)","IF(ISBLANK('Unit Type (20)'!C42), "" "", 'Unit Type (20)'!C42)",B1273*'Summary Sheet'!$C$22
1274,"IF(ISBLANK('Unit Type (20)'!B43), "" "", 'Unit Type (20)'!B43)","IF(ISBLANK('Unit Type (20)'!C43), "" "", 'Unit Type (20)'!C43)",B1274*'Summary Sheet'!$C$22
1275,"IF(ISBLANK('Unit Type (20)'!B44), "" "", 'Unit Type (20)'!B44)","IF(ISBLANK('Unit Type (20)'!C44), "" "", 'Unit Type (20)'!C44)",B1275*'Summary Sheet'!$C$22
1276,"IF(ISBLANK('Unit Type (20)'!B45), "" "", 'Unit Type (20)'!B45)","IF(ISBLANK('Unit Type (20)'!C45), "" "", 'Unit Type (20)'!C45)",B1276*'Summary Sheet'!$C$22
1277,"IF(ISBLANK('Unit Type (20)'!B46), "" "", 'Unit Type (20)'!B46)","IF(ISBLANK('Unit Type (20)'!C46), "" "", 'Unit Type (20)'!C46)",B1277*'Summary Sheet'!$C$22
1278,"IF(ISBLANK('Unit Type (20)'!B47), "" "", 'Unit Type (20)'!B47)","IF(ISBLANK('Unit Type (20)'!C47), "" "", 'Unit Type (20)'!C47)",B1278*'Summary Sheet'!$C$22
1279,"IF(ISBLANK('Unit Type (20)'!B48), "" "", 'Unit Type (20)'!B48)","IF(ISBLANK('Unit Type (20)'!C48), "" "", 'Unit Type (20)'!C48)",B1279*'Summary Sheet'!$C$22
1280,"IF(ISBLANK('Unit Type (20)'!B49), "" "", 'Unit Type (20)'!B49)","IF(ISBLANK('Unit Type (20)'!C49), "" "", 'Unit Type (20)'!C49)",B1280*'Summary Sheet'!$C$22
1281,"IF(ISBLANK('Unit Type (20)'!B50), "" "", 'Unit Type (20)'!B50)","IF(ISBLANK('Unit Type (20)'!C50), "" "", 'Unit Type (20)'!C50)",B1281*'Summary Sheet'!$C$22
1282,"IF(ISBLANK('Unit Type (20)'!B51), "" "", 'Unit Type (20)'!B51)","IF(ISBLANK('Unit Type (20)'!C51), "" "", 'Unit Type (20)'!C51)",B1282*'Summary Sheet'!$C$22
1283,"IF(ISBLANK('Unit Type (20)'!B52), "" "", 'Unit Type (20)'!B52)","IF(ISBLANK('Unit Type (20)'!C52), "" "", 'Unit Type (20)'!C52)",B1283*'Summary Sheet'!$C$22
1284,"IF(ISBLANK('Unit Type (20)'!B53), "" "", 'Unit Type (20)'!B53)","IF(ISBLANK('Unit Type (20)'!C53), "" "", 'Unit Type (20)'!C53)",B1284*'Summary Sheet'!$C$22
1285,"IF(ISBLANK('Unit Type (20)'!B54), "" "", 'Unit Type (20)'!B54)","IF(ISBLANK('Unit Type (20)'!C54), "" "", 'Unit Type (20)'!C54)",B1285*'Summary Sheet'!$C$22
1286,"IF(ISBLANK('Unit Type (20)'!B55), "" "", 'Unit Type (20)'!B55)","IF(ISBLANK('Unit Type (20)'!C55), "" "", 'Unit Type (20)'!C55)",B1286*'Summary Sheet'!$C$22
1287,"IF(ISBLANK('Unit Type (20)'!B56), "" "", 'Unit Type (20)'!B56)","IF(ISBLANK('Unit Type (20)'!C56), "" "", 'Unit Type (20)'!C56)",B1287*'Summary Sheet'!$C$22
1288,"IF(ISBLANK('Unit Type (20)'!B57), "" "", 'Unit Type (20)'!B57)","IF(ISBLANK('Unit Type (20)'!C57), "" "", 'Unit Type (20)'!C57)",B1288*'Summary Sheet'!$C$22
1289,"IF(ISBLANK('Unit Type (20)'!B58), "" "", 'Unit Type (20)'!B58)","IF(ISBLANK('Unit Type (20)'!C58), "" "", 'Unit Type (20)'!C58)",B1289*'Summary Sheet'!$C$22
1290,"IF(ISBLANK('Unit Type (20)'!B59), "" "", 'Unit Type (20)'!B59)","IF(ISBLANK('Unit Type (20)'!C59), "" "", 'Unit Type (20)'!C59)",B1290*'Summary Sheet'!$C$22
1291,"IF(ISBLANK('Unit Type (20)'!B60), "" "", 'Unit Type (20)'!B60)","IF(ISBLANK('Unit Type (20)'!C60), "" "", 'Unit Type (20)'!C60)",B1291*'Summary Sheet'!$C$22
1292,"IF(ISBLANK('Unit Type (20)'!B61), "" "", 'Unit Type (20)'!B61)","IF(ISBLANK('Unit Type (20)'!C61), "" "", 'Unit Type (20)'!C61)",B1292*'Summary Sheet'!$C$22
1293,"IF(ISBLANK('Unit Type (20)'!B62), "" "", 'Unit Type (20)'!B62)","IF(ISBLANK('Unit Type (20)'!C62), "" "", 'Unit Type (20)'!C62)",B1293*'Summary Sheet'!$C$22
1294,"IF(ISBLANK('Unit Type (20)'!B63), "" "", 'Unit Type (20)'!B63)","IF(ISBLANK('Unit Type (20)'!C63), "" "", 'Unit Type (20)'!C63)",B1294*'Summary Sheet'!$C$22
1295,"IF(ISBLANK('Unit Type (20)'!B64), "" "", 'Unit Type (20)'!B64)","IF(ISBLANK('Unit Type (20)'!C64), "" "", 'Unit Type (20)'!C64)",B1295*'Summary Sheet'!$C$22
1296,"IF(ISBLANK('Unit Type (20)'!B65), "" "", 'Unit Type (20)'!B65)","IF(ISBLANK('Unit Type (20)'!C65), "" "", 'Unit Type (20)'!C65)",B1296*'Summary Sheet'!$C$22
1297,"IF(ISBLANK('Unit Type (20)'!B66), "" "", 'Unit Type (20)'!B66)","IF(ISBLANK('Unit Type (20)'!C66), "" "", 'Unit Type (20)'!C66)",B1297*'Summary Sheet'!$C$22
1298,"IF(ISBLANK('Unit Type (20)'!B67), "" "", 'Unit Type (20)'!B67)","IF(ISBLANK('Unit Type (20)'!C67), "" "", 'Unit Type (20)'!C67)",B1298*'Summary Sheet'!$C$22
1299,"IF(ISBLANK('Unit Type (20)'!B68), "" "", 'Unit Type (20)'!B68)","IF(ISBLANK('Unit Type (20)'!C68), "" "", 'Unit Type (20)'!C68)",B1299*'Summary Sheet'!$C$22
1300,"IF(ISBLANK('Unit Type (20)'!B69), "" "", 'Unit Type (20)'!B69)","IF(ISBLANK('Unit Type (20)'!C69), "" "", 'Unit Type (20)'!C69)",B1300*'Summary Sheet'!$C$22
1301,"IF(ISBLANK('Unit Type (20)'!B70), "" "", 'Unit Type (20)'!B70)","IF(ISBLANK('Unit Type (20)'!C70), "" "", 'Unit Type (20)'!C70)",B1301*'Summary Sheet'!$C$22
1302,"IF(ISBLANK('Unit Type (21)'!B6), "" "", 'Unit Type (21)'!B6)","IF(ISBLANK('Unit Type (21)'!C6), "" "", 'Unit Type (21)'!C6)",B1302*'Summary Sheet'!$C$23
1303,"IF(ISBLANK('Unit Type (21)'!B7), "" "", 'Unit Type (21)'!B7)","IF(ISBLANK('Unit Type (21)'!C7), "" "", 'Unit Type (21)'!C7)",B1303*'Summary Sheet'!$C$23
1304,"IF(ISBLANK('Unit Type (21)'!B8), "" "", 'Unit Type (21)'!B8)","IF(ISBLANK('Unit Type (21)'!C8), "" "", 'Unit Type (21)'!C8)",B1304*'Summary Sheet'!$C$23
1305,"IF(ISBLANK('Unit Type (21)'!B9), "" "", 'Unit Type (21)'!B9)","IF(ISBLANK('Unit Type (21)'!C9), "" "", 'Unit Type (21)'!C9)",B1305*'Summary Sheet'!$C$23
1306,"IF(ISBLANK('Unit Type (21)'!B10), "" "", 'Unit Type (21)'!B10)","IF(ISBLANK('Unit Type (21)'!C10), "" "", 'Unit Type (21)'!C10)",B1306*'Summary Sheet'!$C$23
1307,"IF(ISBLANK('Unit Type (21)'!B11), "" "", 'Unit Type (21)'!B11)","IF(ISBLANK('Unit Type (21)'!C11), "" "", 'Unit Type (21)'!C11)",B1307*'Summary Sheet'!$C$23
1308,"IF(ISBLANK('Unit Type (21)'!B12), "" "", 'Unit Type (21)'!B12)","IF(ISBLANK('Unit Type (21)'!C12), "" "", 'Unit Type (21)'!C12)",B1308*'Summary Sheet'!$C$23
1309,"IF(ISBLANK('Unit Type (21)'!B13), "" "", 'Unit Type (21)'!B13)","IF(ISBLANK('Unit Type (21)'!C13), "" "", 'Unit Type (21)'!C13)",B1309*'Summary Sheet'!$C$23
1310,"IF(ISBLANK('Unit Type (21)'!B14), "" "", 'Unit Type (21)'!B14)","IF(ISBLANK('Unit Type (21)'!C14), "" "", 'Unit Type (21)'!C14)",B1310*'Summary Sheet'!$C$23
1311,"IF(ISBLANK('Unit Type (21)'!B15), "" "", 'Unit Type (21)'!B15)","IF(ISBLANK('Unit Type (21)'!C15), "" "", 'Unit Type (21)'!C15)",B1311*'Summary Sheet'!$C$23
1312,"IF(ISBLANK('Unit Type (21)'!B16), "" "", 'Unit Type (21)'!B16)","IF(ISBLANK('Unit Type (21)'!C16), "" "", 'Unit Type (21)'!C16)",B1312*'Summary Sheet'!$C$23
1313,"IF(ISBLANK('Unit Type (21)'!B17), "" "", 'Unit Type (21)'!B17)","IF(ISBLANK('Unit Type (21)'!C17), "" "", 'Unit Type (21)'!C17)",B1313*'Summary Sheet'!$C$23
1314,"IF(ISBLANK('Unit Type (21)'!B18), "" "", 'Unit Type (21)'!B18)","IF(ISBLANK('Unit Type (21)'!C18), "" "", 'Unit Type (21)'!C18)",B1314*'Summary Sheet'!$C$23
1315,"IF(ISBLANK('Unit Type (21)'!B19), "" "", 'Unit Type (21)'!B19)","IF(ISBLANK('Unit Type (21)'!C19), "" "", 'Unit Type (21)'!C19)",B1315*'Summary Sheet'!$C$23
1316,"IF(ISBLANK('Unit Type (21)'!B20), "" "", 'Unit Type (21)'!B20)","IF(ISBLANK('Unit Type (21)'!C20), "" "", 'Unit Type (21)'!C20)",B1316*'Summary Sheet'!$C$23
1317,"IF(ISBLANK('Unit Type (21)'!B21), "" "", 'Unit Type (21)'!B21)","IF(ISBLANK('Unit Type (21)'!C21), "" "", 'Unit Type (21)'!C21)",B1317*'Summary Sheet'!$C$23
1318,"IF(ISBLANK('Unit Type (21)'!B22), "" "", 'Unit Type (21)'!B22)","IF(ISBLANK('Unit Type (21)'!C22), "" "", 'Unit Type (21)'!C22)",B1318*'Summary Sheet'!$C$23
1319,"IF(ISBLANK('Unit Type (21)'!B23), "" "", 'Unit Type (21)'!B23)","IF(ISBLANK('Unit Type (21)'!C23), "" "", 'Unit Type (21)'!C23)",B1319*'Summary Sheet'!$C$23
1320,"IF(ISBLANK('Unit Type (21)'!B24), "" "", 'Unit Type (21)'!B24)","IF(ISBLANK('Unit Type (21)'!C24), "" "", 'Unit Type (21)'!C24)",B1320*'Summary Sheet'!$C$23
1321,"IF(ISBLANK('Unit Type (21)'!B25), "" "", 'Unit Type (21)'!B25)","IF(ISBLANK('Unit Type (21)'!C25), "" "", 'Unit Type (21)'!C25)",B1321*'Summary Sheet'!$C$23
1322,"IF(ISBLANK('Unit Type (21)'!B26), "" "", 'Unit Type (21)'!B26)","IF(ISBLANK('Unit Type (21)'!C26), "" "", 'Unit Type (21)'!C26)",B1322*'Summary Sheet'!$C$23
1323,"IF(ISBLANK('Unit Type (21)'!B27), "" "", 'Unit Type (21)'!B27)","IF(ISBLANK('Unit Type (21)'!C27), "" "", 'Unit Type (21)'!C27)",B1323*'Summary Sheet'!$C$23
1324,"IF(ISBLANK('Unit Type (21)'!B28), "" "", 'Unit Type (21)'!B28)","IF(ISBLANK('Unit Type (21)'!C28), "" "", 'Unit Type (21)'!C28)",B1324*'Summary Sheet'!$C$23
1325,"IF(ISBLANK('Unit Type (21)'!B29), "" "", 'Unit Type (21)'!B29)","IF(ISBLANK('Unit Type (21)'!C29), "" "", 'Unit Type (21)'!C29)",B1325*'Summary Sheet'!$C$23
1326,"IF(ISBLANK('Unit Type (21)'!B30), "" "", 'Unit Type (21)'!B30)","IF(ISBLANK('Unit Type (21)'!C30), "" "", 'Unit Type (21)'!C30)",B1326*'Summary Sheet'!$C$23
1327,"IF(ISBLANK('Unit Type (21)'!B31), "" "", 'Unit Type (21)'!B31)","IF(ISBLANK('Unit Type (21)'!C31), "" "", 'Unit Type (21)'!C31)",B1327*'Summary Sheet'!$C$23
1328,"IF(ISBLANK('Unit Type (21)'!B32), "" "", 'Unit Type (21)'!B32)","IF(ISBLANK('Unit Type (21)'!C32), "" "", 'Unit Type (21)'!C32)",B1328*'Summary Sheet'!$C$23
1329,"IF(ISBLANK('Unit Type (21)'!B33), "" "", 'Unit Type (21)'!B33)","IF(ISBLANK('Unit Type (21)'!C33), "" "", 'Unit Type (21)'!C33)",B1329*'Summary Sheet'!$C$23
1330,"IF(ISBLANK('Unit Type (21)'!B34), "" "", 'Unit Type (21)'!B34)","IF(ISBLANK('Unit Type (21)'!C34), "" "", 'Unit Type (21)'!C34)",B1330*'Summary Sheet'!$C$23
1331,"IF(ISBLANK('Unit Type (21)'!B35), "" "", 'Unit Type (21)'!B35)","IF(ISBLANK('Unit Type (21)'!C35), "" "", 'Unit Type (21)'!C35)",B1331*'Summary Sheet'!$C$23
1332,"IF(ISBLANK('Unit Type (21)'!B36), "" "", 'Unit Type (21)'!B36)","IF(ISBLANK('Unit Type (21)'!C36), "" "", 'Unit Type (21)'!C36)",B1332*'Summary Sheet'!$C$23
1333,"IF(ISBLANK('Unit Type (21)'!B37), "" "", 'Unit Type (21)'!B37)","IF(ISBLANK('Unit Type (21)'!C37), "" "", 'Unit Type (21)'!C37)",B1333*'Summary Sheet'!$C$23
1334,"IF(ISBLANK('Unit Type (21)'!B38), "" "", 'Unit Type (21)'!B38)","IF(ISBLANK('Unit Type (21)'!C38), "" "", 'Unit Type (21)'!C38)",B1334*'Summary Sheet'!$C$23
1335,"IF(ISBLANK('Unit Type (21)'!B39), "" "", 'Unit Type (21)'!B39)","IF(ISBLANK('Unit Type (21)'!C39), "" "", 'Unit Type (21)'!C39)",B1335*'Summary Sheet'!$C$23
1336,"IF(ISBLANK('Unit Type (21)'!B40), "" "", 'Unit Type (21)'!B40)","IF(ISBLANK('Unit Type (21)'!C40), "" "", 'Unit Type (21)'!C40)",B1336*'Summary Sheet'!$C$23
1337,"IF(ISBLANK('Unit Type (21)'!B41), "" "", 'Unit Type (21)'!B41)","IF(ISBLANK('Unit Type (21)'!C41), "" "", 'Unit Type (21)'!C41)",B1337*'Summary Sheet'!$C$23
1338,"IF(ISBLANK('Unit Type (21)'!B42), "" "", 'Unit Type (21)'!B42)","IF(ISBLANK('Unit Type (21)'!C42), "" "", 'Unit Type (21)'!C42)",B1338*'Summary Sheet'!$C$23
1339,"IF(ISBLANK('Unit Type (21)'!B43), "" "", 'Unit Type (21)'!B43)","IF(ISBLANK('Unit Type (21)'!C43), "" "", 'Unit Type (21)'!C43)",B1339*'Summary Sheet'!$C$23
1340,"IF(ISBLANK('Unit Type (21)'!B44), "" "", 'Unit Type (21)'!B44)","IF(ISBLANK('Unit Type (21)'!C44), "" "", 'Unit Type (21)'!C44)",B1340*'Summary Sheet'!$C$23
1341,"IF(ISBLANK('Unit Type (21)'!B45), "" "", 'Unit Type (21)'!B45)","IF(ISBLANK('Unit Type (21)'!C45), "" "", 'Unit Type (21)'!C45)",B1341*'Summary Sheet'!$C$23
1342,"IF(ISBLANK('Unit Type (21)'!B46), "" "", 'Unit Type (21)'!B46)","IF(ISBLANK('Unit Type (21)'!C46), "" "", 'Unit Type (21)'!C46)",B1342*'Summary Sheet'!$C$23
1343,"IF(ISBLANK('Unit Type (21)'!B47), "" "", 'Unit Type (21)'!B47)","IF(ISBLANK('Unit Type (21)'!C47), "" "", 'Unit Type (21)'!C47)",B1343*'Summary Sheet'!$C$23
1344,"IF(ISBLANK('Unit Type (21)'!B48), "" "", 'Unit Type (21)'!B48)","IF(ISBLANK('Unit Type (21)'!C48), "" "", 'Unit Type (21)'!C48)",B1344*'Summary Sheet'!$C$23
1345,"IF(ISBLANK('Unit Type (21)'!B49), "" "", 'Unit Type (21)'!B49)","IF(ISBLANK('Unit Type (21)'!C49), "" "", 'Unit Type (21)'!C49)",B1345*'Summary Sheet'!$C$23
1346,"IF(ISBLANK('Unit Type (21)'!B50), "" "", 'Unit Type (21)'!B50)","IF(ISBLANK('Unit Type (21)'!C50), "" "", 'Unit Type (21)'!C50)",B1346*'Summary Sheet'!$C$23
1347,"IF(ISBLANK('Unit Type (21)'!B51), "" "", 'Unit Type (21)'!B51)","IF(ISBLANK('Unit Type (21)'!C51), "" "", 'Unit Type (21)'!C51)",B1347*'Summary Sheet'!$C$23
1348,"IF(ISBLANK('Unit Type (21)'!B52), "" "", 'Unit Type (21)'!B52)","IF(ISBLANK('Unit Type (21)'!C52), "" "", 'Unit Type (21)'!C52)",B1348*'Summary Sheet'!$C$23
1349,"IF(ISBLANK('Unit Type (21)'!B53), "" "", 'Unit Type (21)'!B53)","IF(ISBLANK('Unit Type (21)'!C53), "" "", 'Unit Type (21)'!C53)",B1349*'Summary Sheet'!$C$23
1350,"IF(ISBLANK('Unit Type (21)'!B54), "" "", 'Unit Type (21)'!B54)","IF(ISBLANK('Unit Type (21)'!C54), "" "", 'Unit Type (21)'!C54)",B1350*'Summary Sheet'!$C$23
1351,"IF(ISBLANK('Unit Type (21)'!B55), "" "", 'Unit Type (21)'!B55)","IF(ISBLANK('Unit Type (21)'!C55), "" "", 'Unit Type (21)'!C55)",B1351*'Summary Sheet'!$C$23
1352,"IF(ISBLANK('Unit Type (21)'!B56), "" "", 'Unit Type (21)'!B56)","IF(ISBLANK('Unit Type (21)'!C56), "" "", 'Unit Type (21)'!C56)",B1352*'Summary Sheet'!$C$23
1353,"IF(ISBLANK('Unit Type (21)'!B57), "" "", 'Unit Type (21)'!B57)","IF(ISBLANK('Unit Type (21)'!C57), "" "", 'Unit Type (21)'!C57)",B1353*'Summary Sheet'!$C$23
1354,"IF(ISBLANK('Unit Type (21)'!B58), "" "", 'Unit Type (21)'!B58)","IF(ISBLANK('Unit Type (21)'!C58), "" "", 'Unit Type (21)'!C58)",B1354*'Summary Sheet'!$C$23
1355,"IF(ISBLANK('Unit Type (21)'!B59), "" "", 'Unit Type (21)'!B59)","IF(ISBLANK('Unit Type (21)'!C59), "" "", 'Unit Type (21)'!C59)",B1355*'Summary Sheet'!$C$23
1356,"IF(ISBLANK('Unit Type (21)'!B60), "" "", 'Unit Type (21)'!B60)","IF(ISBLANK('Unit Type (21)'!C60), "" "", 'Unit Type (21)'!C60)",B1356*'Summary Sheet'!$C$23
1357,"IF(ISBLANK('Unit Type (21)'!B61), "" "", 'Unit Type (21)'!B61)","IF(ISBLANK('Unit Type (21)'!C61), "" "", 'Unit Type (21)'!C61)",B1357*'Summary Sheet'!$C$23
1358,"IF(ISBLANK('Unit Type (21)'!B62), "" "", 'Unit Type (21)'!B62)","IF(ISBLANK('Unit Type (21)'!C62), "" "", 'Unit Type (21)'!C62)",B1358*'Summary Sheet'!$C$23
1359,"IF(ISBLANK('Unit Type (21)'!B63), "" "", 'Unit Type (21)'!B63)","IF(ISBLANK('Unit Type (21)'!C63), "" "", 'Unit Type (21)'!C63)",B1359*'Summary Sheet'!$C$23
1360,"IF(ISBLANK('Unit Type (21)'!B64), "" "", 'Unit Type (21)'!B64)","IF(ISBLANK('Unit Type (21)'!C64), "" "", 'Unit Type (21)'!C64)",B1360*'Summary Sheet'!$C$23
1361,"IF(ISBLANK('Unit Type (21)'!B65), "" "", 'Unit Type (21)'!B65)","IF(ISBLANK('Unit Type (21)'!C65), "" "", 'Unit Type (21)'!C65)",B1361*'Summary Sheet'!$C$23
1362,"IF(ISBLANK('Unit Type (21)'!B66), "" "", 'Unit Type (21)'!B66)","IF(ISBLANK('Unit Type (21)'!C66), "" "", 'Unit Type (21)'!C66)",B1362*'Summary Sheet'!$C$23
1363,"IF(ISBLANK('Unit Type (21)'!B67), "" "", 'Unit Type (21)'!B67)","IF(ISBLANK('Unit Type (21)'!C67), "" "", 'Unit Type (21)'!C67)",B1363*'Summary Sheet'!$C$23
1364,"IF(ISBLANK('Unit Type (21)'!B68), "" "", 'Unit Type (21)'!B68)","IF(ISBLANK('Unit Type (21)'!C68), "" "", 'Unit Type (21)'!C68)",B1364*'Summary Sheet'!$C$23
1365,"IF(ISBLANK('Unit Type (21)'!B69), "" "", 'Unit Type (21)'!B69)","IF(ISBLANK('Unit Type (21)'!C69), "" "", 'Unit Type (21)'!C69)",B1365*'Summary Sheet'!$C$23
1366,"IF(ISBLANK('Unit Type (21)'!B70), "" "", 'Unit Type (21)'!B70)","IF(ISBLANK('Unit Type (21)'!C70), "" "", 'Unit Type (21)'!C70)",B1366*'Summary Sheet'!$C$23
1367,"IF(ISBLANK('Unit Type (22)'!B6), "" "", 'Unit Type (22)'!B6)","IF(ISBLANK('Unit Type (22)'!C6), "" "", 'Unit Type (22)'!C6)",B1367*'Summary Sheet'!$C$24
1368,"IF(ISBLANK('Unit Type (22)'!B7), "" "", 'Unit Type (22)'!B7)","IF(ISBLANK('Unit Type (22)'!C7), "" "", 'Unit Type (22)'!C7)",B1368*'Summary Sheet'!$C$24
1369,"IF(ISBLANK('Unit Type (22)'!B8), "" "", 'Unit Type (22)'!B8)","IF(ISBLANK('Unit Type (22)'!C8), "" "", 'Unit Type (22)'!C8)",B1369*'Summary Sheet'!$C$24
1370,"IF(ISBLANK('Unit Type (22)'!B9), "" "", 'Unit Type (22)'!B9)","IF(ISBLANK('Unit Type (22)'!C9), "" "", 'Unit Type (22)'!C9)",B1370*'Summary Sheet'!$C$24
1371,"IF(ISBLANK('Unit Type (22)'!B10), "" "", 'Unit Type (22)'!B10)","IF(ISBLANK('Unit Type (22)'!C10), "" "", 'Unit Type (22)'!C10)",B1371*'Summary Sheet'!$C$24
1372,"IF(ISBLANK('Unit Type (22)'!B11), "" "", 'Unit Type (22)'!B11)","IF(ISBLANK('Unit Type (22)'!C11), "" "", 'Unit Type (22)'!C11)",B1372*'Summary Sheet'!$C$24
1373,"IF(ISBLANK('Unit Type (22)'!B12), "" "", 'Unit Type (22)'!B12)","IF(ISBLANK('Unit Type (22)'!C12), "" "", 'Unit Type (22)'!C12)",B1373*'Summary Sheet'!$C$24
1374,"IF(ISBLANK('Unit Type (22)'!B13), "" "", 'Unit Type (22)'!B13)","IF(ISBLANK('Unit Type (22)'!C13), "" "", 'Unit Type (22)'!C13)",B1374*'Summary Sheet'!$C$24
1375,"IF(ISBLANK('Unit Type (22)'!B14), "" "", 'Unit Type (22)'!B14)","IF(ISBLANK('Unit Type (22)'!C14), "" "", 'Unit Type (22)'!C14)",B1375*'Summary Sheet'!$C$24
1376,"IF(ISBLANK('Unit Type (22)'!B15), "" "", 'Unit Type (22)'!B15)","IF(ISBLANK('Unit Type (22)'!C15), "" "", 'Unit Type (22)'!C15)",B1376*'Summary Sheet'!$C$24
1377,"IF(ISBLANK('Unit Type (22)'!B16), "" "", 'Unit Type (22)'!B16)","IF(ISBLANK('Unit Type (22)'!C16), "" "", 'Unit Type (22)'!C16)",B1377*'Summary Sheet'!$C$24
1378,"IF(ISBLANK('Unit Type (22)'!B17), "" "", 'Unit Type (22)'!B17)","IF(ISBLANK('Unit Type (22)'!C17), "" "", 'Unit Type (22)'!C17)",B1378*'Summary Sheet'!$C$24
1379,"IF(ISBLANK('Unit Type (22)'!B18), "" "", 'Unit Type (22)'!B18)","IF(ISBLANK('Unit Type (22)'!C18), "" "", 'Unit Type (22)'!C18)",B1379*'Summary Sheet'!$C$24
1380,"IF(ISBLANK('Unit Type (22)'!B19), "" "", 'Unit Type (22)'!B19)","IF(ISBLANK('Unit Type (22)'!C19), "" "", 'Unit Type (22)'!C19)",B1380*'Summary Sheet'!$C$24
1381,"IF(ISBLANK('Unit Type (22)'!B20), "" "", 'Unit Type (22)'!B20)","IF(ISBLANK('Unit Type (22)'!C20), "" "", 'Unit Type (22)'!C20)",B1381*'Summary Sheet'!$C$24
1382,"IF(ISBLANK('Unit Type (22)'!B21), "" "", 'Unit Type (22)'!B21)","IF(ISBLANK('Unit Type (22)'!C21), "" "", 'Unit Type (22)'!C21)",B1382*'Summary Sheet'!$C$24
1383,"IF(ISBLANK('Unit Type (22)'!B22), "" "", 'Unit Type (22)'!B22)","IF(ISBLANK('Unit Type (22)'!C22), "" "", 'Unit Type (22)'!C22)",B1383*'Summary Sheet'!$C$24
1384,"IF(ISBLANK('Unit Type (22)'!B23), "" "", 'Unit Type (22)'!B23)","IF(ISBLANK('Unit Type (22)'!C23), "" "", 'Unit Type (22)'!C23)",B1384*'Summary Sheet'!$C$24
1385,"IF(ISBLANK('Unit Type (22)'!B24), "" "", 'Unit Type (22)'!B24)","IF(ISBLANK('Unit Type (22)'!C24), "" "", 'Unit Type (22)'!C24)",B1385*'Summary Sheet'!$C$24
1386,"IF(ISBLANK('Unit Type (22)'!B25), "" "", 'Unit Type (22)'!B25)","IF(ISBLANK('Unit Type (22)'!C25), "" "", 'Unit Type (22)'!C25)",B1386*'Summary Sheet'!$C$24
1387,"IF(ISBLANK('Unit Type (22)'!B26), "" "", 'Unit Type (22)'!B26)","IF(ISBLANK('Unit Type (22)'!C26), "" "", 'Unit Type (22)'!C26)",B1387*'Summary Sheet'!$C$24
1388,"IF(ISBLANK('Unit Type (22)'!B27), "" "", 'Unit Type (22)'!B27)","IF(ISBLANK('Unit Type (22)'!C27), "" "", 'Unit Type (22)'!C27)",B1388*'Summary Sheet'!$C$24
1389,"IF(ISBLANK('Unit Type (22)'!B28), "" "", 'Unit Type (22)'!B28)","IF(ISBLANK('Unit Type (22)'!C28), "" "", 'Unit Type (22)'!C28)",B1389*'Summary Sheet'!$C$24
1390,"IF(ISBLANK('Unit Type (22)'!B29), "" "", 'Unit Type (22)'!B29)","IF(ISBLANK('Unit Type (22)'!C29), "" "", 'Unit Type (22)'!C29)",B1390*'Summary Sheet'!$C$24
1391,"IF(ISBLANK('Unit Type (22)'!B30), "" "", 'Unit Type (22)'!B30)","IF(ISBLANK('Unit Type (22)'!C30), "" "", 'Unit Type (22)'!C30)",B1391*'Summary Sheet'!$C$24
1392,"IF(ISBLANK('Unit Type (22)'!B31), "" "", 'Unit Type (22)'!B31)","IF(ISBLANK('Unit Type (22)'!C31), "" "", 'Unit Type (22)'!C31)",B1392*'Summary Sheet'!$C$24
1393,"IF(ISBLANK('Unit Type (22)'!B32), "" "", 'Unit Type (22)'!B32)","IF(ISBLANK('Unit Type (22)'!C32), "" "", 'Unit Type (22)'!C32)",B1393*'Summary Sheet'!$C$24
1394,"IF(ISBLANK('Unit Type (22)'!B33), "" "", 'Unit Type (22)'!B33)","IF(ISBLANK('Unit Type (22)'!C33), "" "", 'Unit Type (22)'!C33)",B1394*'Summary Sheet'!$C$24
1395,"IF(ISBLANK('Unit Type (22)'!B34), "" "", 'Unit Type (22)'!B34)","IF(ISBLANK('Unit Type (22)'!C34), "" "", 'Unit Type (22)'!C34)",B1395*'Summary Sheet'!$C$24
1396,"IF(ISBLANK('Unit Type (22)'!B35), "" "", 'Unit Type (22)'!B35)","IF(ISBLANK('Unit Type (22)'!C35), "" "", 'Unit Type (22)'!C35)",B1396*'Summary Sheet'!$C$24
1397,"IF(ISBLANK('Unit Type (22)'!B36), "" "", 'Unit Type (22)'!B36)","IF(ISBLANK('Unit Type (22)'!C36), "" "", 'Unit Type (22)'!C36)",B1397*'Summary Sheet'!$C$24
1398,"IF(ISBLANK('Unit Type (22)'!B37), "" "", 'Unit Type (22)'!B37)","IF(ISBLANK('Unit Type (22)'!C37), "" "", 'Unit Type (22)'!C37)",B1398*'Summary Sheet'!$C$24
1399,"IF(ISBLANK('Unit Type (22)'!B38), "" "", 'Unit Type (22)'!B38)","IF(ISBLANK('Unit Type (22)'!C38), "" "", 'Unit Type (22)'!C38)",B1399*'Summary Sheet'!$C$24
1400,"IF(ISBLANK('Unit Type (22)'!B39), "" "", 'Unit Type (22)'!B39)","IF(ISBLANK('Unit Type (22)'!C39), "" "", 'Unit Type (22)'!C39)",B1400*'Summary Sheet'!$C$24
1401,"IF(ISBLANK('Unit Type (22)'!B40), "" "", 'Unit Type (22)'!B40)","IF(ISBLANK('Unit Type (22)'!C40), "" "", 'Unit Type (22)'!C40)",B1401*'Summary Sheet'!$C$24
1402,"IF(ISBLANK('Unit Type (22)'!B41), "" "", 'Unit Type (22)'!B41)","IF(ISBLANK('Unit Type (22)'!C41), "" "", 'Unit Type (22)'!C41)",B1402*'Summary Sheet'!$C$24
1403,"IF(ISBLANK('Unit Type (22)'!B42), "" "", 'Unit Type (22)'!B42)","IF(ISBLANK('Unit Type (22)'!C42), "" "", 'Unit Type (22)'!C42)",B1403*'Summary Sheet'!$C$24
1404,"IF(ISBLANK('Unit Type (22)'!B43), "" "", 'Unit Type (22)'!B43)","IF(ISBLANK('Unit Type (22)'!C43), "" "", 'Unit Type (22)'!C43)",B1404*'Summary Sheet'!$C$24
1405,"IF(ISBLANK('Unit Type (22)'!B44), "" "", 'Unit Type (22)'!B44)","IF(ISBLANK('Unit Type (22)'!C44), "" "", 'Unit Type (22)'!C44)",B1405*'Summary Sheet'!$C$24
1406,"IF(ISBLANK('Unit Type (22)'!B45), "" "", 'Unit Type (22)'!B45)","IF(ISBLANK('Unit Type (22)'!C45), "" "", 'Unit Type (22)'!C45)",B1406*'Summary Sheet'!$C$24
1407,"IF(ISBLANK('Unit Type (22)'!B46), "" "", 'Unit Type (22)'!B46)","IF(ISBLANK('Unit Type (22)'!C46), "" "", 'Unit Type (22)'!C46)",B1407*'Summary Sheet'!$C$24
1408,"IF(ISBLANK('Unit Type (22)'!B47), "" "", 'Unit Type (22)'!B47)","IF(ISBLANK('Unit Type (22)'!C47), "" "", 'Unit Type (22)'!C47)",B1408*'Summary Sheet'!$C$24
1409,"IF(ISBLANK('Unit Type (22)'!B48), "" "", 'Unit Type (22)'!B48)","IF(ISBLANK('Unit Type (22)'!C48), "" "", 'Unit Type (22)'!C48)",B1409*'Summary Sheet'!$C$24
1410,"IF(ISBLANK('Unit Type (22)'!B49), "" "", 'Unit Type (22)'!B49)","IF(ISBLANK('Unit Type (22)'!C49), "" "", 'Unit Type (22)'!C49)",B1410*'Summary Sheet'!$C$24
1411,"IF(ISBLANK('Unit Type (22)'!B50), "" "", 'Unit Type (22)'!B50)","IF(ISBLANK('Unit Type (22)'!C50), "" "", 'Unit Type (22)'!C50)",B1411*'Summary Sheet'!$C$24
1412,"IF(ISBLANK('Unit Type (22)'!B51), "" "", 'Unit Type (22)'!B51)","IF(ISBLANK('Unit Type (22)'!C51), "" "", 'Unit Type (22)'!C51)",B1412*'Summary Sheet'!$C$24
1413,"IF(ISBLANK('Unit Type (22)'!B52), "" "", 'Unit Type (22)'!B52)","IF(ISBLANK('Unit Type (22)'!C52), "" "", 'Unit Type (22)'!C52)",B1413*'Summary Sheet'!$C$24
1414,"IF(ISBLANK('Unit Type (22)'!B53), "" "", 'Unit Type (22)'!B53)","IF(ISBLANK('Unit Type (22)'!C53), "" "", 'Unit Type (22)'!C53)",B1414*'Summary Sheet'!$C$24
1415,"IF(ISBLANK('Unit Type (22)'!B54), "" "", 'Unit Type (22)'!B54)","IF(ISBLANK('Unit Type (22)'!C54), "" "", 'Unit Type (22)'!C54)",B1415*'Summary Sheet'!$C$24
1416,"IF(ISBLANK('Unit Type (22)'!B55), "" "", 'Unit Type (22)'!B55)","IF(ISBLANK('Unit Type (22)'!C55), "" "", 'Unit Type (22)'!C55)",B1416*'Summary Sheet'!$C$24
1417,"IF(ISBLANK('Unit Type (22)'!B56), "" "", 'Unit Type (22)'!B56)","IF(ISBLANK('Unit Type (22)'!C56), "" "", 'Unit Type (22)'!C56)",B1417*'Summary Sheet'!$C$24
1418,"IF(ISBLANK('Unit Type (22)'!B57), "" "", 'Unit Type (22)'!B57)","IF(ISBLANK('Unit Type (22)'!C57), "" "", 'Unit Type (22)'!C57)",B1418*'Summary Sheet'!$C$24
1419,"IF(ISBLANK('Unit Type (22)'!B58), "" "", 'Unit Type (22)'!B58)","IF(ISBLANK('Unit Type (22)'!C58), "" "", 'Unit Type (22)'!C58)",B1419*'Summary Sheet'!$C$24
1420,"IF(ISBLANK('Unit Type (22)'!B59), "" "", 'Unit Type (22)'!B59)","IF(ISBLANK('Unit Type (22)'!C59), "" "", 'Unit Type (22)'!C59)",B1420*'Summary Sheet'!$C$24
1421,"IF(ISBLANK('Unit Type (22)'!B60), "" "", 'Unit Type (22)'!B60)","IF(ISBLANK('Unit Type (22)'!C60), "" "", 'Unit Type (22)'!C60)",B1421*'Summary Sheet'!$C$24
1422,"IF(ISBLANK('Unit Type (22)'!B61), "" "", 'Unit Type (22)'!B61)","IF(ISBLANK('Unit Type (22)'!C61), "" "", 'Unit Type (22)'!C61)",B1422*'Summary Sheet'!$C$24
1423,"IF(ISBLANK('Unit Type (22)'!B62), "" "", 'Unit Type (22)'!B62)","IF(ISBLANK('Unit Type (22)'!C62), "" "", 'Unit Type (22)'!C62)",B1423*'Summary Sheet'!$C$24
1424,"IF(ISBLANK('Unit Type (22)'!B63), "" "", 'Unit Type (22)'!B63)","IF(ISBLANK('Unit Type (22)'!C63), "" "", 'Unit Type (22)'!C63)",B1424*'Summary Sheet'!$C$24
1425,"IF(ISBLANK('Unit Type (22)'!B64), "" "", 'Unit Type (22)'!B64)","IF(ISBLANK('Unit Type (22)'!C64), "" "", 'Unit Type (22)'!C64)",B1425*'Summary Sheet'!$C$24
1426,"IF(ISBLANK('Unit Type (22)'!B65), "" "", 'Unit Type (22)'!B65)","IF(ISBLANK('Unit Type (22)'!C65), "" "", 'Unit Type (22)'!C65)",B1426*'Summary Sheet'!$C$24
1427,"IF(ISBLANK('Unit Type (22)'!B66), "" "", 'Unit Type (22)'!B66)","IF(ISBLANK('Unit Type (22)'!C66), "" "", 'Unit Type (22)'!C66)",B1427*'Summary Sheet'!$C$24
1428,"IF(ISBLANK('Unit Type (22)'!B67), "" "", 'Unit Type (22)'!B67)","IF(ISBLANK('Unit Type (22)'!C67), "" "", 'Unit Type (22)'!C67)",B1428*'Summary Sheet'!$C$24
1429,"IF(ISBLANK('Unit Type (22)'!B68), "" "", 'Unit Type (22)'!B68)","IF(ISBLANK('Unit Type (22)'!C68), "" "", 'Unit Type (22)'!C68)",B1429*'Summary Sheet'!$C$24
1430,"IF(ISBLANK('Unit Type (22)'!B69), "" "", 'Unit Type (22)'!B69)","IF(ISBLANK('Unit Type (22)'!C69), "" "", 'Unit Type (22)'!C69)",B1430*'Summary Sheet'!$C$24
1431,"IF(ISBLANK('Unit Type (22)'!B70), "" "", 'Unit Type (22)'!B70)","IF(ISBLANK('Unit Type (22)'!C70), "" "", 'Unit Type (22)'!C70)",B1431*'Summary Sheet'!$C$24
1432,"IF(ISBLANK('Unit Type (23)'!B6), "" "", 'Unit Type (23)'!B6)","IF(ISBLANK('Unit Type (23)'!C6), "" "", 'Unit Type (23)'!C6)",B1432*'Summary Sheet'!$C$25
1433,"IF(ISBLANK('Unit Type (23)'!B7), "" "", 'Unit Type (23)'!B7)","IF(ISBLANK('Unit Type (23)'!C7), "" "", 'Unit Type (23)'!C7)",B1433*'Summary Sheet'!$C$25
1434,"IF(ISBLANK('Unit Type (23)'!B8), "" "", 'Unit Type (23)'!B8)","IF(ISBLANK('Unit Type (23)'!C8), "" "", 'Unit Type (23)'!C8)",B1434*'Summary Sheet'!$C$25
1435,"IF(ISBLANK('Unit Type (23)'!B9), "" "", 'Unit Type (23)'!B9)","IF(ISBLANK('Unit Type (23)'!C9), "" "", 'Unit Type (23)'!C9)",B1435*'Summary Sheet'!$C$25
1436,"IF(ISBLANK('Unit Type (23)'!B10), "" "", 'Unit Type (23)'!B10)","IF(ISBLANK('Unit Type (23)'!C10), "" "", 'Unit Type (23)'!C10)",B1436*'Summary Sheet'!$C$25
1437,"IF(ISBLANK('Unit Type (23)'!B11), "" "", 'Unit Type (23)'!B11)","IF(ISBLANK('Unit Type (23)'!C11), "" "", 'Unit Type (23)'!C11)",B1437*'Summary Sheet'!$C$25
1438,"IF(ISBLANK('Unit Type (23)'!B12), "" "", 'Unit Type (23)'!B12)","IF(ISBLANK('Unit Type (23)'!C12), "" "", 'Unit Type (23)'!C12)",B1438*'Summary Sheet'!$C$25
1439,"IF(ISBLANK('Unit Type (23)'!B13), "" "", 'Unit Type (23)'!B13)","IF(ISBLANK('Unit Type (23)'!C13), "" "", 'Unit Type (23)'!C13)",B1439*'Summary Sheet'!$C$25
1440,"IF(ISBLANK('Unit Type (23)'!B14), "" "", 'Unit Type (23)'!B14)","IF(ISBLANK('Unit Type (23)'!C14), "" "", 'Unit Type (23)'!C14)",B1440*'Summary Sheet'!$C$25
1441,"IF(ISBLANK('Unit Type (23)'!B15), "" "", 'Unit Type (23)'!B15)","IF(ISBLANK('Unit Type (23)'!C15), "" "", 'Unit Type (23)'!C15)",B1441*'Summary Sheet'!$C$25
1442,"IF(ISBLANK('Unit Type (23)'!B16), "" "", 'Unit Type (23)'!B16)","IF(ISBLANK('Unit Type (23)'!C16), "" "", 'Unit Type (23)'!C16)",B1442*'Summary Sheet'!$C$25
1443,"IF(ISBLANK('Unit Type (23)'!B17), "" "", 'Unit Type (23)'!B17)","IF(ISBLANK('Unit Type (23)'!C17), "" "", 'Unit Type (23)'!C17)",B1443*'Summary Sheet'!$C$25
1444,"IF(ISBLANK('Unit Type (23)'!B18), "" "", 'Unit Type (23)'!B18)","IF(ISBLANK('Unit Type (23)'!C18), "" "", 'Unit Type (23)'!C18)",B1444*'Summary Sheet'!$C$25
1445,"IF(ISBLANK('Unit Type (23)'!B19), "" "", 'Unit Type (23)'!B19)","IF(ISBLANK('Unit Type (23)'!C19), "" "", 'Unit Type (23)'!C19)",B1445*'Summary Sheet'!$C$25
1446,"IF(ISBLANK('Unit Type (23)'!B20), "" "", 'Unit Type (23)'!B20)","IF(ISBLANK('Unit Type (23)'!C20), "" "", 'Unit Type (23)'!C20)",B1446*'Summary Sheet'!$C$25
1447,"IF(ISBLANK('Unit Type (23)'!B21), "" "", 'Unit Type (23)'!B21)","IF(ISBLANK('Unit Type (23)'!C21), "" "", 'Unit Type (23)'!C21)",B1447*'Summary Sheet'!$C$25
1448,"IF(ISBLANK('Unit Type (23)'!B22), "" "", 'Unit Type (23)'!B22)","IF(ISBLANK('Unit Type (23)'!C22), "" "", 'Unit Type (23)'!C22)",B1448*'Summary Sheet'!$C$25
1449,"IF(ISBLANK('Unit Type (23)'!B23), "" "", 'Unit Type (23)'!B23)","IF(ISBLANK('Unit Type (23)'!C23), "" "", 'Unit Type (23)'!C23)",B1449*'Summary Sheet'!$C$25
1450,"IF(ISBLANK('Unit Type (23)'!B24), "" "", 'Unit Type (23)'!B24)","IF(ISBLANK('Unit Type (23)'!C24), "" "", 'Unit Type (23)'!C24)",B1450*'Summary Sheet'!$C$25
1451,"IF(ISBLANK('Unit Type (23)'!B25), "" "", 'Unit Type (23)'!B25)","IF(ISBLANK('Unit Type (23)'!C25), "" "", 'Unit Type (23)'!C25)",B1451*'Summary Sheet'!$C$25
1452,"IF(ISBLANK('Unit Type (23)'!B26), "" "", 'Unit Type (23)'!B26)","IF(ISBLANK('Unit Type (23)'!C26), "" "", 'Unit Type (23)'!C26)",B1452*'Summary Sheet'!$C$25
1453,"IF(ISBLANK('Unit Type (23)'!B27), "" "", 'Unit Type (23)'!B27)","IF(ISBLANK('Unit Type (23)'!C27), "" "", 'Unit Type (23)'!C27)",B1453*'Summary Sheet'!$C$25
1454,"IF(ISBLANK('Unit Type (23)'!B28), "" "", 'Unit Type (23)'!B28)","IF(ISBLANK('Unit Type (23)'!C28), "" "", 'Unit Type (23)'!C28)",B1454*'Summary Sheet'!$C$25
1455,"IF(ISBLANK('Unit Type (23)'!B29), "" "", 'Unit Type (23)'!B29)","IF(ISBLANK('Unit Type (23)'!C29), "" "", 'Unit Type (23)'!C29)",B1455*'Summary Sheet'!$C$25
1456,"IF(ISBLANK('Unit Type (23)'!B30), "" "", 'Unit Type (23)'!B30)","IF(ISBLANK('Unit Type (23)'!C30), "" "", 'Unit Type (23)'!C30)",B1456*'Summary Sheet'!$C$25
1457,"IF(ISBLANK('Unit Type (23)'!B31), "" "", 'Unit Type (23)'!B31)","IF(ISBLANK('Unit Type (23)'!C31), "" "", 'Unit Type (23)'!C31)",B1457*'Summary Sheet'!$C$25
1458,"IF(ISBLANK('Unit Type (23)'!B32), "" "", 'Unit Type (23)'!B32)","IF(ISBLANK('Unit Type (23)'!C32), "" "", 'Unit Type (23)'!C32)",B1458*'Summary Sheet'!$C$25
1459,"IF(ISBLANK('Unit Type (23)'!B33), "" "", 'Unit Type (23)'!B33)","IF(ISBLANK('Unit Type (23)'!C33), "" "", 'Unit Type (23)'!C33)",B1459*'Summary Sheet'!$C$25
1460,"IF(ISBLANK('Unit Type (23)'!B34), "" "", 'Unit Type (23)'!B34)","IF(ISBLANK('Unit Type (23)'!C34), "" "", 'Unit Type (23)'!C34)",B1460*'Summary Sheet'!$C$25
1461,"IF(ISBLANK('Unit Type (23)'!B35), "" "", 'Unit Type (23)'!B35)","IF(ISBLANK('Unit Type (23)'!C35), "" "", 'Unit Type (23)'!C35)",B1461*'Summary Sheet'!$C$25
1462,"IF(ISBLANK('Unit Type (23)'!B36), "" "", 'Unit Type (23)'!B36)","IF(ISBLANK('Unit Type (23)'!C36), "" "", 'Unit Type (23)'!C36)",B1462*'Summary Sheet'!$C$25
1463,"IF(ISBLANK('Unit Type (23)'!B37), "" "", 'Unit Type (23)'!B37)","IF(ISBLANK('Unit Type (23)'!C37), "" "", 'Unit Type (23)'!C37)",B1463*'Summary Sheet'!$C$25
1464,"IF(ISBLANK('Unit Type (23)'!B38), "" "", 'Unit Type (23)'!B38)","IF(ISBLANK('Unit Type (23)'!C38), "" "", 'Unit Type (23)'!C38)",B1464*'Summary Sheet'!$C$25
1465,"IF(ISBLANK('Unit Type (23)'!B39), "" "", 'Unit Type (23)'!B39)","IF(ISBLANK('Unit Type (23)'!C39), "" "", 'Unit Type (23)'!C39)",B1465*'Summary Sheet'!$C$25
1466,"IF(ISBLANK('Unit Type (23)'!B40), "" "", 'Unit Type (23)'!B40)","IF(ISBLANK('Unit Type (23)'!C40), "" "", 'Unit Type (23)'!C40)",B1466*'Summary Sheet'!$C$25
1467,"IF(ISBLANK('Unit Type (23)'!B41), "" "", 'Unit Type (23)'!B41)","IF(ISBLANK('Unit Type (23)'!C41), "" "", 'Unit Type (23)'!C41)",B1467*'Summary Sheet'!$C$25
1468,"IF(ISBLANK('Unit Type (23)'!B42), "" "", 'Unit Type (23)'!B42)","IF(ISBLANK('Unit Type (23)'!C42), "" "", 'Unit Type (23)'!C42)",B1468*'Summary Sheet'!$C$25
1469,"IF(ISBLANK('Unit Type (23)'!B43), "" "", 'Unit Type (23)'!B43)","IF(ISBLANK('Unit Type (23)'!C43), "" "", 'Unit Type (23)'!C43)",B1469*'Summary Sheet'!$C$25
1470,"IF(ISBLANK('Unit Type (23)'!B44), "" "", 'Unit Type (23)'!B44)","IF(ISBLANK('Unit Type (23)'!C44), "" "", 'Unit Type (23)'!C44)",B1470*'Summary Sheet'!$C$25
1471,"IF(ISBLANK('Unit Type (23)'!B45), "" "", 'Unit Type (23)'!B45)","IF(ISBLANK('Unit Type (23)'!C45), "" "", 'Unit Type (23)'!C45)",B1471*'Summary Sheet'!$C$25
1472,"IF(ISBLANK('Unit Type (23)'!B46), "" "", 'Unit Type (23)'!B46)","IF(ISBLANK('Unit Type (23)'!C46), "" "", 'Unit Type (23)'!C46)",B1472*'Summary Sheet'!$C$25
1473,"IF(ISBLANK('Unit Type (23)'!B47), "" "", 'Unit Type (23)'!B47)","IF(ISBLANK('Unit Type (23)'!C47), "" "", 'Unit Type (23)'!C47)",B1473*'Summary Sheet'!$C$25
1474,"IF(ISBLANK('Unit Type (23)'!B48), "" "", 'Unit Type (23)'!B48)","IF(ISBLANK('Unit Type (23)'!C48), "" "", 'Unit Type (23)'!C48)",B1474*'Summary Sheet'!$C$25
1475,"IF(ISBLANK('Unit Type (23)'!B49), "" "", 'Unit Type (23)'!B49)","IF(ISBLANK('Unit Type (23)'!C49), "" "", 'Unit Type (23)'!C49)",B1475*'Summary Sheet'!$C$25
1476,"IF(ISBLANK('Unit Type (23)'!B50), "" "", 'Unit Type (23)'!B50)","IF(ISBLANK('Unit Type (23)'!C50), "" "", 'Unit Type (23)'!C50)",B1476*'Summary Sheet'!$C$25
1477,"IF(ISBLANK('Unit Type (23)'!B51), "" "", 'Unit Type (23)'!B51)","IF(ISBLANK('Unit Type (23)'!C51), "" "", 'Unit Type (23)'!C51)",B1477*'Summary Sheet'!$C$25
1478,"IF(ISBLANK('Unit Type (23)'!B52), "" "", 'Unit Type (23)'!B52)","IF(ISBLANK('Unit Type (23)'!C52), "" "", 'Unit Type (23)'!C52)",B1478*'Summary Sheet'!$C$25
1479,"IF(ISBLANK('Unit Type (23)'!B53), "" "", 'Unit Type (23)'!B53)","IF(ISBLANK('Unit Type (23)'!C53), "" "", 'Unit Type (23)'!C53)",B1479*'Summary Sheet'!$C$25
1480,"IF(ISBLANK('Unit Type (23)'!B54), "" "", 'Unit Type (23)'!B54)","IF(ISBLANK('Unit Type (23)'!C54), "" "", 'Unit Type (23)'!C54)",B1480*'Summary Sheet'!$C$25
1481,"IF(ISBLANK('Unit Type (23)'!B55), "" "", 'Unit Type (23)'!B55)","IF(ISBLANK('Unit Type (23)'!C55), "" "", 'Unit Type (23)'!C55)",B1481*'Summary Sheet'!$C$25
1482,"IF(ISBLANK('Unit Type (23)'!B56), "" "", 'Unit Type (23)'!B56)","IF(ISBLANK('Unit Type (23)'!C56), "" "", 'Unit Type (23)'!C56)",B1482*'Summary Sheet'!$C$25
1483,"IF(ISBLANK('Unit Type (23)'!B57), "" "", 'Unit Type (23)'!B57)","IF(ISBLANK('Unit Type (23)'!C57), "" "", 'Unit Type (23)'!C57)",B1483*'Summary Sheet'!$C$25
1484,"IF(ISBLANK('Unit Type (23)'!B58), "" "", 'Unit Type (23)'!B58)","IF(ISBLANK('Unit Type (23)'!C58), "" "", 'Unit Type (23)'!C58)",B1484*'Summary Sheet'!$C$25
1485,"IF(ISBLANK('Unit Type (23)'!B59), "" "", 'Unit Type (23)'!B59)","IF(ISBLANK('Unit Type (23)'!C59), "" "", 'Unit Type (23)'!C59)",B1485*'Summary Sheet'!$C$25
1486,"IF(ISBLANK('Unit Type (23)'!B60), "" "", 'Unit Type (23)'!B60)","IF(ISBLANK('Unit Type (23)'!C60), "" "", 'Unit Type (23)'!C60)",B1486*'Summary Sheet'!$C$25
1487,"IF(ISBLANK('Unit Type (23)'!B61), "" "", 'Unit Type (23)'!B61)","IF(ISBLANK('Unit Type (23)'!C61), "" "", 'Unit Type (23)'!C61)",B1487*'Summary Sheet'!$C$25
1488,"IF(ISBLANK('Unit Type (23)'!B62), "" "", 'Unit Type (23)'!B62)","IF(ISBLANK('Unit Type (23)'!C62), "" "", 'Unit Type (23)'!C62)",B1488*'Summary Sheet'!$C$25
1489,"IF(ISBLANK('Unit Type (23)'!B63), "" "", 'Unit Type (23)'!B63)","IF(ISBLANK('Unit Type (23)'!C63), "" "", 'Unit Type (23)'!C63)",B1489*'Summary Sheet'!$C$25
1490,"IF(ISBLANK('Unit Type (23)'!B64), "" "", 'Unit Type (23)'!B64)","IF(ISBLANK('Unit Type (23)'!C64), "" "", 'Unit Type (23)'!C64)",B1490*'Summary Sheet'!$C$25
1491,"IF(ISBLANK('Unit Type (23)'!B65), "" "", 'Unit Type (23)'!B65)","IF(ISBLANK('Unit Type (23)'!C65), "" "", 'Unit Type (23)'!C65)",B1491*'Summary Sheet'!$C$25
1492,"IF(ISBLANK('Unit Type (23)'!B66), "" "", 'Unit Type (23)'!B66)","IF(ISBLANK('Unit Type (23)'!C66), "" "", 'Unit Type (23)'!C66)",B1492*'Summary Sheet'!$C$25
1493,"IF(ISBLANK('Unit Type (23)'!B67), "" "", 'Unit Type (23)'!B67)","IF(ISBLANK('Unit Type (23)'!C67), "" "", 'Unit Type (23)'!C67)",B1493*'Summary Sheet'!$C$25
1494,"IF(ISBLANK('Unit Type (23)'!B68), "" "", 'Unit Type (23)'!B68)","IF(ISBLANK('Unit Type (23)'!C68), "" "", 'Unit Type (23)'!C68)",B1494*'Summary Sheet'!$C$25
1495,"IF(ISBLANK('Unit Type (23)'!B69), "" "", 'Unit Type (23)'!B69)","IF(ISBLANK('Unit Type (23)'!C69), "" "", 'Unit Type (23)'!C69)",B1495*'Summary Sheet'!$C$25
1496,"IF(ISBLANK('Unit Type (23)'!B70), "" "", 'Unit Type (23)'!B70)","IF(ISBLANK('Unit Type (23)'!C70), "" "", 'Unit Type (23)'!C70)",B1496*'Summary Sheet'!$C$25
1497,"IF(ISBLANK('Unit Type (24)'!B6), "" "", 'Unit Type (24)'!B6)","IF(ISBLANK('Unit Type (24)'!C6), "" "", 'Unit Type (24)'!C6)",B1497*'Summary Sheet'!$C$26
1498,"IF(ISBLANK('Unit Type (24)'!B7), "" "", 'Unit Type (24)'!B7)","IF(ISBLANK('Unit Type (24)'!C7), "" "", 'Unit Type (24)'!C7)",B1498*'Summary Sheet'!$C$26
1499,"IF(ISBLANK('Unit Type (24)'!B8), "" "", 'Unit Type (24)'!B8)","IF(ISBLANK('Unit Type (24)'!C8), "" "", 'Unit Type (24)'!C8)",B1499*'Summary Sheet'!$C$26
1500,"IF(ISBLANK('Unit Type (24)'!B9), "" "", 'Unit Type (24)'!B9)","IF(ISBLANK('Unit Type (24)'!C9), "" "", 'Unit Type (24)'!C9)",B1500*'Summary Sheet'!$C$26
1501,"IF(ISBLANK('Unit Type (24)'!B10), "" "", 'Unit Type (24)'!B10)","IF(ISBLANK('Unit Type (24)'!C10), "" "", 'Unit Type (24)'!C10)",B1501*'Summary Sheet'!$C$26
1502,"IF(ISBLANK('Unit Type (24)'!B11), "" "", 'Unit Type (24)'!B11)","IF(ISBLANK('Unit Type (24)'!C11), "" "", 'Unit Type (24)'!C11)",B1502*'Summary Sheet'!$C$26
1503,"IF(ISBLANK('Unit Type (24)'!B12), "" "", 'Unit Type (24)'!B12)","IF(ISBLANK('Unit Type (24)'!C12), "" "", 'Unit Type (24)'!C12)",B1503*'Summary Sheet'!$C$26
1504,"IF(ISBLANK('Unit Type (24)'!B13), "" "", 'Unit Type (24)'!B13)","IF(ISBLANK('Unit Type (24)'!C13), "" "", 'Unit Type (24)'!C13)",B1504*'Summary Sheet'!$C$26
1505,"IF(ISBLANK('Unit Type (24)'!B14), "" "", 'Unit Type (24)'!B14)","IF(ISBLANK('Unit Type (24)'!C14), "" "", 'Unit Type (24)'!C14)",B1505*'Summary Sheet'!$C$26
1506,"IF(ISBLANK('Unit Type (24)'!B15), "" "", 'Unit Type (24)'!B15)","IF(ISBLANK('Unit Type (24)'!C15), "" "", 'Unit Type (24)'!C15)",B1506*'Summary Sheet'!$C$26
1507,"IF(ISBLANK('Unit Type (24)'!B16), "" "", 'Unit Type (24)'!B16)","IF(ISBLANK('Unit Type (24)'!C16), "" "", 'Unit Type (24)'!C16)",B1507*'Summary Sheet'!$C$26
1508,"IF(ISBLANK('Unit Type (24)'!B17), "" "", 'Unit Type (24)'!B17)","IF(ISBLANK('Unit Type (24)'!C17), "" "", 'Unit Type (24)'!C17)",B1508*'Summary Sheet'!$C$26
1509,"IF(ISBLANK('Unit Type (24)'!B18), "" "", 'Unit Type (24)'!B18)","IF(ISBLANK('Unit Type (24)'!C18), "" "", 'Unit Type (24)'!C18)",B1509*'Summary Sheet'!$C$26
1510,"IF(ISBLANK('Unit Type (24)'!B19), "" "", 'Unit Type (24)'!B19)","IF(ISBLANK('Unit Type (24)'!C19), "" "", 'Unit Type (24)'!C19)",B1510*'Summary Sheet'!$C$26
1511,"IF(ISBLANK('Unit Type (24)'!B20), "" "", 'Unit Type (24)'!B20)","IF(ISBLANK('Unit Type (24)'!C20), "" "", 'Unit Type (24)'!C20)",B1511*'Summary Sheet'!$C$26
1512,"IF(ISBLANK('Unit Type (24)'!B21), "" "", 'Unit Type (24)'!B21)","IF(ISBLANK('Unit Type (24)'!C21), "" "", 'Unit Type (24)'!C21)",B1512*'Summary Sheet'!$C$26
1513,"IF(ISBLANK('Unit Type (24)'!B22), "" "", 'Unit Type (24)'!B22)","IF(ISBLANK('Unit Type (24)'!C22), "" "", 'Unit Type (24)'!C22)",B1513*'Summary Sheet'!$C$26
1514,"IF(ISBLANK('Unit Type (24)'!B23), "" "", 'Unit Type (24)'!B23)","IF(ISBLANK('Unit Type (24)'!C23), "" "", 'Unit Type (24)'!C23)",B1514*'Summary Sheet'!$C$26
1515,"IF(ISBLANK('Unit Type (24)'!B24), "" "", 'Unit Type (24)'!B24)","IF(ISBLANK('Unit Type (24)'!C24), "" "", 'Unit Type (24)'!C24)",B1515*'Summary Sheet'!$C$26
1516,"IF(ISBLANK('Unit Type (24)'!B25), "" "", 'Unit Type (24)'!B25)","IF(ISBLANK('Unit Type (24)'!C25), "" "", 'Unit Type (24)'!C25)",B1516*'Summary Sheet'!$C$26
1517,"IF(ISBLANK('Unit Type (24)'!B26), "" "", 'Unit Type (24)'!B26)","IF(ISBLANK('Unit Type (24)'!C26), "" "", 'Unit Type (24)'!C26)",B1517*'Summary Sheet'!$C$26
1518,"IF(ISBLANK('Unit Type (24)'!B27), "" "", 'Unit Type (24)'!B27)","IF(ISBLANK('Unit Type (24)'!C27), "" "", 'Unit Type (24)'!C27)",B1518*'Summary Sheet'!$C$26
1519,"IF(ISBLANK('Unit Type (24)'!B28), "" "", 'Unit Type (24)'!B28)","IF(ISBLANK('Unit Type (24)'!C28), "" "", 'Unit Type (24)'!C28)",B1519*'Summary Sheet'!$C$26
1520,"IF(ISBLANK('Unit Type (24)'!B29), "" "", 'Unit Type (24)'!B29)","IF(ISBLANK('Unit Type (24)'!C29), "" "", 'Unit Type (24)'!C29)",B1520*'Summary Sheet'!$C$26
1521,"IF(ISBLANK('Unit Type (24)'!B30), "" "", 'Unit Type (24)'!B30)","IF(ISBLANK('Unit Type (24)'!C30), "" "", 'Unit Type (24)'!C30)",B1521*'Summary Sheet'!$C$26
1522,"IF(ISBLANK('Unit Type (24)'!B31), "" "", 'Unit Type (24)'!B31)","IF(ISBLANK('Unit Type (24)'!C31), "" "", 'Unit Type (24)'!C31)",B1522*'Summary Sheet'!$C$26
1523,"IF(ISBLANK('Unit Type (24)'!B32), "" "", 'Unit Type (24)'!B32)","IF(ISBLANK('Unit Type (24)'!C32), "" "", 'Unit Type (24)'!C32)",B1523*'Summary Sheet'!$C$26
1524,"IF(ISBLANK('Unit Type (24)'!B33), "" "", 'Unit Type (24)'!B33)","IF(ISBLANK('Unit Type (24)'!C33), "" "", 'Unit Type (24)'!C33)",B1524*'Summary Sheet'!$C$26
1525,"IF(ISBLANK('Unit Type (24)'!B34), "" "", 'Unit Type (24)'!B34)","IF(ISBLANK('Unit Type (24)'!C34), "" "", 'Unit Type (24)'!C34)",B1525*'Summary Sheet'!$C$26
1526,"IF(ISBLANK('Unit Type (24)'!B35), "" "", 'Unit Type (24)'!B35)","IF(ISBLANK('Unit Type (24)'!C35), "" "", 'Unit Type (24)'!C35)",B1526*'Summary Sheet'!$C$26
1527,"IF(ISBLANK('Unit Type (24)'!B36), "" "", 'Unit Type (24)'!B36)","IF(ISBLANK('Unit Type (24)'!C36), "" "", 'Unit Type (24)'!C36)",B1527*'Summary Sheet'!$C$26
1528,"IF(ISBLANK('Unit Type (24)'!B37), "" "", 'Unit Type (24)'!B37)","IF(ISBLANK('Unit Type (24)'!C37), "" "", 'Unit Type (24)'!C37)",B1528*'Summary Sheet'!$C$26
1529,"IF(ISBLANK('Unit Type (24)'!B38), "" "", 'Unit Type (24)'!B38)","IF(ISBLANK('Unit Type (24)'!C38), "" "", 'Unit Type (24)'!C38)",B1529*'Summary Sheet'!$C$26
1530,"IF(ISBLANK('Unit Type (24)'!B39), "" "", 'Unit Type (24)'!B39)","IF(ISBLANK('Unit Type (24)'!C39), "" "", 'Unit Type (24)'!C39)",B1530*'Summary Sheet'!$C$26
1531,"IF(ISBLANK('Unit Type (24)'!B40), "" "", 'Unit Type (24)'!B40)","IF(ISBLANK('Unit Type (24)'!C40), "" "", 'Unit Type (24)'!C40)",B1531*'Summary Sheet'!$C$26
1532,"IF(ISBLANK('Unit Type (24)'!B41), "" "", 'Unit Type (24)'!B41)","IF(ISBLANK('Unit Type (24)'!C41), "" "", 'Unit Type (24)'!C41)",B1532*'Summary Sheet'!$C$26
1533,"IF(ISBLANK('Unit Type (24)'!B42), "" "", 'Unit Type (24)'!B42)","IF(ISBLANK('Unit Type (24)'!C42), "" "", 'Unit Type (24)'!C42)",B1533*'Summary Sheet'!$C$26
1534,"IF(ISBLANK('Unit Type (24)'!B43), "" "", 'Unit Type (24)'!B43)","IF(ISBLANK('Unit Type (24)'!C43), "" "", 'Unit Type (24)'!C43)",B1534*'Summary Sheet'!$C$26
1535,"IF(ISBLANK('Unit Type (24)'!B44), "" "", 'Unit Type (24)'!B44)","IF(ISBLANK('Unit Type (24)'!C44), "" "", 'Unit Type (24)'!C44)",B1535*'Summary Sheet'!$C$26
1536,"IF(ISBLANK('Unit Type (24)'!B45), "" "", 'Unit Type (24)'!B45)","IF(ISBLANK('Unit Type (24)'!C45), "" "", 'Unit Type (24)'!C45)",B1536*'Summary Sheet'!$C$26
1537,"IF(ISBLANK('Unit Type (24)'!B46), "" "", 'Unit Type (24)'!B46)","IF(ISBLANK('Unit Type (24)'!C46), "" "", 'Unit Type (24)'!C46)",B1537*'Summary Sheet'!$C$26
1538,"IF(ISBLANK('Unit Type (24)'!B47), "" "", 'Unit Type (24)'!B47)","IF(ISBLANK('Unit Type (24)'!C47), "" "", 'Unit Type (24)'!C47)",B1538*'Summary Sheet'!$C$26
1539,"IF(ISBLANK('Unit Type (24)'!B48), "" "", 'Unit Type (24)'!B48)","IF(ISBLANK('Unit Type (24)'!C48), "" "", 'Unit Type (24)'!C48)",B1539*'Summary Sheet'!$C$26
1540,"IF(ISBLANK('Unit Type (24)'!B49), "" "", 'Unit Type (24)'!B49)","IF(ISBLANK('Unit Type (24)'!C49), "" "", 'Unit Type (24)'!C49)",B1540*'Summary Sheet'!$C$26
1541,"IF(ISBLANK('Unit Type (24)'!B50), "" "", 'Unit Type (24)'!B50)","IF(ISBLANK('Unit Type (24)'!C50), "" "", 'Unit Type (24)'!C50)",B1541*'Summary Sheet'!$C$26
1542,"IF(ISBLANK('Unit Type (24)'!B51), "" "", 'Unit Type (24)'!B51)","IF(ISBLANK('Unit Type (24)'!C51), "" "", 'Unit Type (24)'!C51)",B1542*'Summary Sheet'!$C$26
1543,"IF(ISBLANK('Unit Type (24)'!B52), "" "", 'Unit Type (24)'!B52)","IF(ISBLANK('Unit Type (24)'!C52), "" "", 'Unit Type (24)'!C52)",B1543*'Summary Sheet'!$C$26
1544,"IF(ISBLANK('Unit Type (24)'!B53), "" "", 'Unit Type (24)'!B53)","IF(ISBLANK('Unit Type (24)'!C53), "" "", 'Unit Type (24)'!C53)",B1544*'Summary Sheet'!$C$26
1545,"IF(ISBLANK('Unit Type (24)'!B54), "" "", 'Unit Type (24)'!B54)","IF(ISBLANK('Unit Type (24)'!C54), "" "", 'Unit Type (24)'!C54)",B1545*'Summary Sheet'!$C$26
1546,"IF(ISBLANK('Unit Type (24)'!B55), "" "", 'Unit Type (24)'!B55)","IF(ISBLANK('Unit Type (24)'!C55), "" "", 'Unit Type (24)'!C55)",B1546*'Summary Sheet'!$C$26
1547,"IF(ISBLANK('Unit Type (24)'!B56), "" "", 'Unit Type (24)'!B56)","IF(ISBLANK('Unit Type (24)'!C56), "" "", 'Unit Type (24)'!C56)",B1547*'Summary Sheet'!$C$26
1548,"IF(ISBLANK('Unit Type (24)'!B57), "" "", 'Unit Type (24)'!B57)","IF(ISBLANK('Unit Type (24)'!C57), "" "", 'Unit Type (24)'!C57)",B1548*'Summary Sheet'!$C$26
1549,"IF(ISBLANK('Unit Type (24)'!B58), "" "", 'Unit Type (24)'!B58)","IF(ISBLANK('Unit Type (24)'!C58), "" "", 'Unit Type (24)'!C58)",B1549*'Summary Sheet'!$C$26
1550,"IF(ISBLANK('Unit Type (24)'!B59), "" "", 'Unit Type (24)'!B59)","IF(ISBLANK('Unit Type (24)'!C59), "" "", 'Unit Type (24)'!C59)",B1550*'Summary Sheet'!$C$26
1551,"IF(ISBLANK('Unit Type (24)'!B60), "" "", 'Unit Type (24)'!B60)","IF(ISBLANK('Unit Type (24)'!C60), "" "", 'Unit Type (24)'!C60)",B1551*'Summary Sheet'!$C$26
1552,"IF(ISBLANK('Unit Type (24)'!B61), "" "", 'Unit Type (24)'!B61)","IF(ISBLANK('Unit Type (24)'!C61), "" "", 'Unit Type (24)'!C61)",B1552*'Summary Sheet'!$C$26
1553,"IF(ISBLANK('Unit Type (24)'!B62), "" "", 'Unit Type (24)'!B62)","IF(ISBLANK('Unit Type (24)'!C62), "" "", 'Unit Type (24)'!C62)",B1553*'Summary Sheet'!$C$26
1554,"IF(ISBLANK('Unit Type (24)'!B63), "" "", 'Unit Type (24)'!B63)","IF(ISBLANK('Unit Type (24)'!C63), "" "", 'Unit Type (24)'!C63)",B1554*'Summary Sheet'!$C$26
1555,"IF(ISBLANK('Unit Type (24)'!B64), "" "", 'Unit Type (24)'!B64)","IF(ISBLANK('Unit Type (24)'!C64), "" "", 'Unit Type (24)'!C64)",B1555*'Summary Sheet'!$C$26
1556,"IF(ISBLANK('Unit Type (24)'!B65), "" "", 'Unit Type (24)'!B65)","IF(ISBLANK('Unit Type (24)'!C65), "" "", 'Unit Type (24)'!C65)",B1556*'Summary Sheet'!$C$26
1557,"IF(ISBLANK('Unit Type (24)'!B66), "" "", 'Unit Type (24)'!B66)","IF(ISBLANK('Unit Type (24)'!C66), "" "", 'Unit Type (24)'!C66)",B1557*'Summary Sheet'!$C$26
1558,"IF(ISBLANK('Unit Type (24)'!B67), "" "", 'Unit Type (24)'!B67)","IF(ISBLANK('Unit Type (24)'!C67), "" "", 'Unit Type (24)'!C67)",B1558*'Summary Sheet'!$C$26
1559,"IF(ISBLANK('Unit Type (24)'!B68), "" "", 'Unit Type (24)'!B68)","IF(ISBLANK('Unit Type (24)'!C68), "" "", 'Unit Type (24)'!C68)",B1559*'Summary Sheet'!$C$26
1560,"IF(ISBLANK('Unit Type (24)'!B69), "" "", 'Unit Type (24)'!B69)","IF(ISBLANK('Unit Type (24)'!C69), "" "", 'Unit Type (24)'!C69)",B1560*'Summary Sheet'!$C$26
1561,"IF(ISBLANK('Unit Type (24)'!B70), "" "", 'Unit Type (24)'!B70)","IF(ISBLANK('Unit Type (24)'!C70), "" "", 'Unit Type (24)'!C70)",B1561*'Summary Sheet'!$C$26
1562,"IF(ISBLANK('Unit Type (25)'!B6), "" "", 'Unit Type (25)'!B6)","IF(ISBLANK('Unit Type (25)'!C6), "" "", 'Unit Type (25)'!C6)",B1562*'Summary Sheet'!$C$27
1563,"IF(ISBLANK('Unit Type (25)'!B7), "" "", 'Unit Type (25)'!B7)","IF(ISBLANK('Unit Type (25)'!C7), "" "", 'Unit Type (25)'!C7)",B1563*'Summary Sheet'!$C$27
1564,"IF(ISBLANK('Unit Type (25)'!B8), "" "", 'Unit Type (25)'!B8)","IF(ISBLANK('Unit Type (25)'!C8), "" "", 'Unit Type (25)'!C8)",B1564*'Summary Sheet'!$C$27
1565,"IF(ISBLANK('Unit Type (25)'!B9), "" "", 'Unit Type (25)'!B9)","IF(ISBLANK('Unit Type (25)'!C9), "" "", 'Unit Type (25)'!C9)",B1565*'Summary Sheet'!$C$27
1566,"IF(ISBLANK('Unit Type (25)'!B10), "" "", 'Unit Type (25)'!B10)","IF(ISBLANK('Unit Type (25)'!C10), "" "", 'Unit Type (25)'!C10)",B1566*'Summary Sheet'!$C$27
1567,"IF(ISBLANK('Unit Type (25)'!B11), "" "", 'Unit Type (25)'!B11)","IF(ISBLANK('Unit Type (25)'!C11), "" "", 'Unit Type (25)'!C11)",B1567*'Summary Sheet'!$C$27
1568,"IF(ISBLANK('Unit Type (25)'!B12), "" "", 'Unit Type (25)'!B12)","IF(ISBLANK('Unit Type (25)'!C12), "" "", 'Unit Type (25)'!C12)",B1568*'Summary Sheet'!$C$27
1569,"IF(ISBLANK('Unit Type (25)'!B13), "" "", 'Unit Type (25)'!B13)","IF(ISBLANK('Unit Type (25)'!C13), "" "", 'Unit Type (25)'!C13)",B1569*'Summary Sheet'!$C$27
1570,"IF(ISBLANK('Unit Type (25)'!B14), "" "", 'Unit Type (25)'!B14)","IF(ISBLANK('Unit Type (25)'!C14), "" "", 'Unit Type (25)'!C14)",B1570*'Summary Sheet'!$C$27
1571,"IF(ISBLANK('Unit Type (25)'!B15), "" "", 'Unit Type (25)'!B15)","IF(ISBLANK('Unit Type (25)'!C15), "" "", 'Unit Type (25)'!C15)",B1571*'Summary Sheet'!$C$27
1572,"IF(ISBLANK('Unit Type (25)'!B16), "" "", 'Unit Type (25)'!B16)","IF(ISBLANK('Unit Type (25)'!C16), "" "", 'Unit Type (25)'!C16)",B1572*'Summary Sheet'!$C$27
1573,"IF(ISBLANK('Unit Type (25)'!B17), "" "", 'Unit Type (25)'!B17)","IF(ISBLANK('Unit Type (25)'!C17), "" "", 'Unit Type (25)'!C17)",B1573*'Summary Sheet'!$C$27
1574,"IF(ISBLANK('Unit Type (25)'!B18), "" "", 'Unit Type (25)'!B18)","IF(ISBLANK('Unit Type (25)'!C18), "" "", 'Unit Type (25)'!C18)",B1574*'Summary Sheet'!$C$27
1575,"IF(ISBLANK('Unit Type (25)'!B19), "" "", 'Unit Type (25)'!B19)","IF(ISBLANK('Unit Type (25)'!C19), "" "", 'Unit Type (25)'!C19)",B1575*'Summary Sheet'!$C$27
1576,"IF(ISBLANK('Unit Type (25)'!B20), "" "", 'Unit Type (25)'!B20)","IF(ISBLANK('Unit Type (25)'!C20), "" "", 'Unit Type (25)'!C20)",B1576*'Summary Sheet'!$C$27
1577,"IF(ISBLANK('Unit Type (25)'!B21), "" "", 'Unit Type (25)'!B21)","IF(ISBLANK('Unit Type (25)'!C21), "" "", 'Unit Type (25)'!C21)",B1577*'Summary Sheet'!$C$27
1578,"IF(ISBLANK('Unit Type (25)'!B22), "" "", 'Unit Type (25)'!B22)","IF(ISBLANK('Unit Type (25)'!C22), "" "", 'Unit Type (25)'!C22)",B1578*'Summary Sheet'!$C$27
1579,"IF(ISBLANK('Unit Type (25)'!B23), "" "", 'Unit Type (25)'!B23)","IF(ISBLANK('Unit Type (25)'!C23), "" "", 'Unit Type (25)'!C23)",B1579*'Summary Sheet'!$C$27
1580,"IF(ISBLANK('Unit Type (25)'!B24), "" "", 'Unit Type (25)'!B24)","IF(ISBLANK('Unit Type (25)'!C24), "" "", 'Unit Type (25)'!C24)",B1580*'Summary Sheet'!$C$27
1581,"IF(ISBLANK('Unit Type (25)'!B25), "" "", 'Unit Type (25)'!B25)","IF(ISBLANK('Unit Type (25)'!C25), "" "", 'Unit Type (25)'!C25)",B1581*'Summary Sheet'!$C$27
1582,"IF(ISBLANK('Unit Type (25)'!B26), "" "", 'Unit Type (25)'!B26)","IF(ISBLANK('Unit Type (25)'!C26), "" "", 'Unit Type (25)'!C26)",B1582*'Summary Sheet'!$C$27
1583,"IF(ISBLANK('Unit Type (25)'!B27), "" "", 'Unit Type (25)'!B27)","IF(ISBLANK('Unit Type (25)'!C27), "" "", 'Unit Type (25)'!C27)",B1583*'Summary Sheet'!$C$27
1584,"IF(ISBLANK('Unit Type (25)'!B28), "" "", 'Unit Type (25)'!B28)","IF(ISBLANK('Unit Type (25)'!C28), "" "", 'Unit Type (25)'!C28)",B1584*'Summary Sheet'!$C$27
1585,"IF(ISBLANK('Unit Type (25)'!B29), "" "", 'Unit Type (25)'!B29)","IF(ISBLANK('Unit Type (25)'!C29), "" "", 'Unit Type (25)'!C29)",B1585*'Summary Sheet'!$C$27
1586,"IF(ISBLANK('Unit Type (25)'!B30), "" "", 'Unit Type (25)'!B30)","IF(ISBLANK('Unit Type (25)'!C30), "" "", 'Unit Type (25)'!C30)",B1586*'Summary Sheet'!$C$27
1587,"IF(ISBLANK('Unit Type (25)'!B31), "" "", 'Unit Type (25)'!B31)","IF(ISBLANK('Unit Type (25)'!C31), "" "", 'Unit Type (25)'!C31)",B1587*'Summary Sheet'!$C$27
1588,"IF(ISBLANK('Unit Type (25)'!B32), "" "", 'Unit Type (25)'!B32)","IF(ISBLANK('Unit Type (25)'!C32), "" "", 'Unit Type (25)'!C32)",B1588*'Summary Sheet'!$C$27
1589,"IF(ISBLANK('Unit Type (25)'!B33), "" "", 'Unit Type (25)'!B33)","IF(ISBLANK('Unit Type (25)'!C33), "" "", 'Unit Type (25)'!C33)",B1589*'Summary Sheet'!$C$27
1590,"IF(ISBLANK('Unit Type (25)'!B34), "" "", 'Unit Type (25)'!B34)","IF(ISBLANK('Unit Type (25)'!C34), "" "", 'Unit Type (25)'!C34)",B1590*'Summary Sheet'!$C$27
1591,"IF(ISBLANK('Unit Type (25)'!B35), "" "", 'Unit Type (25)'!B35)","IF(ISBLANK('Unit Type (25)'!C35), "" "", 'Unit Type (25)'!C35)",B1591*'Summary Sheet'!$C$27
1592,"IF(ISBLANK('Unit Type (25)'!B36), "" "", 'Unit Type (25)'!B36)","IF(ISBLANK('Unit Type (25)'!C36), "" "", 'Unit Type (25)'!C36)",B1592*'Summary Sheet'!$C$27
1593,"IF(ISBLANK('Unit Type (25)'!B37), "" "", 'Unit Type (25)'!B37)","IF(ISBLANK('Unit Type (25)'!C37), "" "", 'Unit Type (25)'!C37)",B1593*'Summary Sheet'!$C$27
1594,"IF(ISBLANK('Unit Type (25)'!B38), "" "", 'Unit Type (25)'!B38)","IF(ISBLANK('Unit Type (25)'!C38), "" "", 'Unit Type (25)'!C38)",B1594*'Summary Sheet'!$C$27
1595,"IF(ISBLANK('Unit Type (25)'!B39), "" "", 'Unit Type (25)'!B39)","IF(ISBLANK('Unit Type (25)'!C39), "" "", 'Unit Type (25)'!C39)",B1595*'Summary Sheet'!$C$27
1596,"IF(ISBLANK('Unit Type (25)'!B40), "" "", 'Unit Type (25)'!B40)","IF(ISBLANK('Unit Type (25)'!C40), "" "", 'Unit Type (25)'!C40)",B1596*'Summary Sheet'!$C$27
1597,"IF(ISBLANK('Unit Type (25)'!B41), "" "", 'Unit Type (25)'!B41)","IF(ISBLANK('Unit Type (25)'!C41), "" "", 'Unit Type (25)'!C41)",B1597*'Summary Sheet'!$C$27
1598,"IF(ISBLANK('Unit Type (25)'!B42), "" "", 'Unit Type (25)'!B42)","IF(ISBLANK('Unit Type (25)'!C42), "" "", 'Unit Type (25)'!C42)",B1598*'Summary Sheet'!$C$27
1599,"IF(ISBLANK('Unit Type (25)'!B43), "" "", 'Unit Type (25)'!B43)","IF(ISBLANK('Unit Type (25)'!C43), "" "", 'Unit Type (25)'!C43)",B1599*'Summary Sheet'!$C$27
1600,"IF(ISBLANK('Unit Type (25)'!B44), "" "", 'Unit Type (25)'!B44)","IF(ISBLANK('Unit Type (25)'!C44), "" "", 'Unit Type (25)'!C44)",B1600*'Summary Sheet'!$C$27
1601,"IF(ISBLANK('Unit Type (25)'!B45), "" "", 'Unit Type (25)'!B45)","IF(ISBLANK('Unit Type (25)'!C45), "" "", 'Unit Type (25)'!C45)",B1601*'Summary Sheet'!$C$27
1602,"IF(ISBLANK('Unit Type (25)'!B46), "" "", 'Unit Type (25)'!B46)","IF(ISBLANK('Unit Type (25)'!C46), "" "", 'Unit Type (25)'!C46)",B1602*'Summary Sheet'!$C$27
1603,"IF(ISBLANK('Unit Type (25)'!B47), "" "", 'Unit Type (25)'!B47)","IF(ISBLANK('Unit Type (25)'!C47), "" "", 'Unit Type (25)'!C47)",B1603*'Summary Sheet'!$C$27
1604,"IF(ISBLANK('Unit Type (25)'!B48), "" "", 'Unit Type (25)'!B48)","IF(ISBLANK('Unit Type (25)'!C48), "" "", 'Unit Type (25)'!C48)",B1604*'Summary Sheet'!$C$27
1605,"IF(ISBLANK('Unit Type (25)'!B49), "" "", 'Unit Type (25)'!B49)","IF(ISBLANK('Unit Type (25)'!C49), "" "", 'Unit Type (25)'!C49)",B1605*'Summary Sheet'!$C$27
1606,"IF(ISBLANK('Unit Type (25)'!B50), "" "", 'Unit Type (25)'!B50)","IF(ISBLANK('Unit Type (25)'!C50), "" "", 'Unit Type (25)'!C50)",B1606*'Summary Sheet'!$C$27
1607,"IF(ISBLANK('Unit Type (25)'!B51), "" "", 'Unit Type (25)'!B51)","IF(ISBLANK('Unit Type (25)'!C51), "" "", 'Unit Type (25)'!C51)",B1607*'Summary Sheet'!$C$27
1608,"IF(ISBLANK('Unit Type (25)'!B52), "" "", 'Unit Type (25)'!B52)","IF(ISBLANK('Unit Type (25)'!C52), "" "", 'Unit Type (25)'!C52)",B1608*'Summary Sheet'!$C$27
1609,"IF(ISBLANK('Unit Type (25)'!B53), "" "", 'Unit Type (25)'!B53)","IF(ISBLANK('Unit Type (25)'!C53), "" "", 'Unit Type (25)'!C53)",B1609*'Summary Sheet'!$C$27
1610,"IF(ISBLANK('Unit Type (25)'!B54), "" "", 'Unit Type (25)'!B54)","IF(ISBLANK('Unit Type (25)'!C54), "" "", 'Unit Type (25)'!C54)",B1610*'Summary Sheet'!$C$27
1611,"IF(ISBLANK('Unit Type (25)'!B55), "" "", 'Unit Type (25)'!B55)","IF(ISBLANK('Unit Type (25)'!C55), "" "", 'Unit Type (25)'!C55)",B1611*'Summary Sheet'!$C$27
1612,"IF(ISBLANK('Unit Type (25)'!B56), "" "", 'Unit Type (25)'!B56)","IF(ISBLANK('Unit Type (25)'!C56), "" "", 'Unit Type (25)'!C56)",B1612*'Summary Sheet'!$C$27
1613,"IF(ISBLANK('Unit Type (25)'!B57), "" "", 'Unit Type (25)'!B57)","IF(ISBLANK('Unit Type (25)'!C57), "" "", 'Unit Type (25)'!C57)",B1613*'Summary Sheet'!$C$27
1614,"IF(ISBLANK('Unit Type (25)'!B58), "" "", 'Unit Type (25)'!B58)","IF(ISBLANK('Unit Type (25)'!C58), "" "", 'Unit Type (25)'!C58)",B1614*'Summary Sheet'!$C$27
1615,"IF(ISBLANK('Unit Type (25)'!B59), "" "", 'Unit Type (25)'!B59)","IF(ISBLANK('Unit Type (25)'!C59), "" "", 'Unit Type (25)'!C59)",B1615*'Summary Sheet'!$C$27
1616,"IF(ISBLANK('Unit Type (25)'!B60), "" "", 'Unit Type (25)'!B60)","IF(ISBLANK('Unit Type (25)'!C60), "" "", 'Unit Type (25)'!C60)",B1616*'Summary Sheet'!$C$27
1617,"IF(ISBLANK('Unit Type (25)'!B61), "" "", 'Unit Type (25)'!B61)","IF(ISBLANK('Unit Type (25)'!C61), "" "", 'Unit Type (25)'!C61)",B1617*'Summary Sheet'!$C$27
1618,"IF(ISBLANK('Unit Type (25)'!B62), "" "", 'Unit Type (25)'!B62)","IF(ISBLANK('Unit Type (25)'!C62), "" "", 'Unit Type (25)'!C62)",B1618*'Summary Sheet'!$C$27
1619,"IF(ISBLANK('Unit Type (25)'!B63), "" "", 'Unit Type (25)'!B63)","IF(ISBLANK('Unit Type (25)'!C63), "" "", 'Unit Type (25)'!C63)",B1619*'Summary Sheet'!$C$27
1620,"IF(ISBLANK('Unit Type (25)'!B64), "" "", 'Unit Type (25)'!B64)","IF(ISBLANK('Unit Type (25)'!C64), "" "", 'Unit Type (25)'!C64)",B1620*'Summary Sheet'!$C$27
1621,"IF(ISBLANK('Unit Type (25)'!B65), "" "", 'Unit Type (25)'!B65)","IF(ISBLANK('Unit Type (25)'!C65), "" "", 'Unit Type (25)'!C65)",B1621*'Summary Sheet'!$C$27
1622,"IF(ISBLANK('Unit Type (25)'!B66), "" "", 'Unit Type (25)'!B66)","IF(ISBLANK('Unit Type (25)'!C66), "" "", 'Unit Type (25)'!C66)",B1622*'Summary Sheet'!$C$27
1623,"IF(ISBLANK('Unit Type (25)'!B67), "" "", 'Unit Type (25)'!B67)","IF(ISBLANK('Unit Type (25)'!C67), "" "", 'Unit Type (25)'!C67)",B1623*'Summary Sheet'!$C$27
1624,"IF(ISBLANK('Unit Type (25)'!B68), "" "", 'Unit Type (25)'!B68)","IF(ISBLANK('Unit Type (25)'!C68), "" "", 'Unit Type (25)'!C68)",B1624*'Summary Sheet'!$C$27
1625,"IF(ISBLANK('Unit Type (25)'!B69), "" "", 'Unit Type (25)'!B69)","IF(ISBLANK('Unit Type (25)'!C69), "" "", 'Unit Type (25)'!C69)",B1625*'Summary Sheet'!$C$27
1626,"IF(ISBLANK('Unit Type (25)'!B70), "" "", 'Unit Type (25)'!B70)","IF(ISBLANK('Unit Type (25)'!C70), "" "", 'Unit Type (25)'!C70)",B1626*'Summary Sheet'!$C$27
1627,"IF(ISBLANK('Unit Type (26)'!B6), "" "", 'Unit Type (26)'!B6)","IF(ISBLANK('Unit Type (26)'!C6), "" "", 'Unit Type (26)'!C6)",B1627*'Summary Sheet'!$C$28
1628,"IF(ISBLANK('Unit Type (26)'!B7), "" "", 'Unit Type (26)'!B7)","IF(ISBLANK('Unit Type (26)'!C7), "" "", 'Unit Type (26)'!C7)",B1628*'Summary Sheet'!$C$28
1629,"IF(ISBLANK('Unit Type (26)'!B8), "" "", 'Unit Type (26)'!B8)","IF(ISBLANK('Unit Type (26)'!C8), "" "", 'Unit Type (26)'!C8)",B1629*'Summary Sheet'!$C$28
1630,"IF(ISBLANK('Unit Type (26)'!B9), "" "", 'Unit Type (26)'!B9)","IF(ISBLANK('Unit Type (26)'!C9), "" "", 'Unit Type (26)'!C9)",B1630*'Summary Sheet'!$C$28
1631,"IF(ISBLANK('Unit Type (26)'!B10), "" "", 'Unit Type (26)'!B10)","IF(ISBLANK('Unit Type (26)'!C10), "" "", 'Unit Type (26)'!C10)",B1631*'Summary Sheet'!$C$28
1632,"IF(ISBLANK('Unit Type (26)'!B11), "" "", 'Unit Type (26)'!B11)","IF(ISBLANK('Unit Type (26)'!C11), "" "", 'Unit Type (26)'!C11)",B1632*'Summary Sheet'!$C$28
1633,"IF(ISBLANK('Unit Type (26)'!B12), "" "", 'Unit Type (26)'!B12)","IF(ISBLANK('Unit Type (26)'!C12), "" "", 'Unit Type (26)'!C12)",B1633*'Summary Sheet'!$C$28
1634,"IF(ISBLANK('Unit Type (26)'!B13), "" "", 'Unit Type (26)'!B13)","IF(ISBLANK('Unit Type (26)'!C13), "" "", 'Unit Type (26)'!C13)",B1634*'Summary Sheet'!$C$28
1635,"IF(ISBLANK('Unit Type (26)'!B14), "" "", 'Unit Type (26)'!B14)","IF(ISBLANK('Unit Type (26)'!C14), "" "", 'Unit Type (26)'!C14)",B1635*'Summary Sheet'!$C$28
1636,"IF(ISBLANK('Unit Type (26)'!B15), "" "", 'Unit Type (26)'!B15)","IF(ISBLANK('Unit Type (26)'!C15), "" "", 'Unit Type (26)'!C15)",B1636*'Summary Sheet'!$C$28
1637,"IF(ISBLANK('Unit Type (26)'!B16), "" "", 'Unit Type (26)'!B16)","IF(ISBLANK('Unit Type (26)'!C16), "" "", 'Unit Type (26)'!C16)",B1637*'Summary Sheet'!$C$28
1638,"IF(ISBLANK('Unit Type (26)'!B17), "" "", 'Unit Type (26)'!B17)","IF(ISBLANK('Unit Type (26)'!C17), "" "", 'Unit Type (26)'!C17)",B1638*'Summary Sheet'!$C$28
1639,"IF(ISBLANK('Unit Type (26)'!B18), "" "", 'Unit Type (26)'!B18)","IF(ISBLANK('Unit Type (26)'!C18), "" "", 'Unit Type (26)'!C18)",B1639*'Summary Sheet'!$C$28
1640,"IF(ISBLANK('Unit Type (26)'!B19), "" "", 'Unit Type (26)'!B19)","IF(ISBLANK('Unit Type (26)'!C19), "" "", 'Unit Type (26)'!C19)",B1640*'Summary Sheet'!$C$28
1641,"IF(ISBLANK('Unit Type (26)'!B20), "" "", 'Unit Type (26)'!B20)","IF(ISBLANK('Unit Type (26)'!C20), "" "", 'Unit Type (26)'!C20)",B1641*'Summary Sheet'!$C$28
1642,"IF(ISBLANK('Unit Type (26)'!B21), "" "", 'Unit Type (26)'!B21)","IF(ISBLANK('Unit Type (26)'!C21), "" "", 'Unit Type (26)'!C21)",B1642*'Summary Sheet'!$C$28
1643,"IF(ISBLANK('Unit Type (26)'!B22), "" "", 'Unit Type (26)'!B22)","IF(ISBLANK('Unit Type (26)'!C22), "" "", 'Unit Type (26)'!C22)",B1643*'Summary Sheet'!$C$28
1644,"IF(ISBLANK('Unit Type (26)'!B23), "" "", 'Unit Type (26)'!B23)","IF(ISBLANK('Unit Type (26)'!C23), "" "", 'Unit Type (26)'!C23)",B1644*'Summary Sheet'!$C$28
1645,"IF(ISBLANK('Unit Type (26)'!B24), "" "", 'Unit Type (26)'!B24)","IF(ISBLANK('Unit Type (26)'!C24), "" "", 'Unit Type (26)'!C24)",B1645*'Summary Sheet'!$C$28
1646,"IF(ISBLANK('Unit Type (26)'!B25), "" "", 'Unit Type (26)'!B25)","IF(ISBLANK('Unit Type (26)'!C25), "" "", 'Unit Type (26)'!C25)",B1646*'Summary Sheet'!$C$28
1647,"IF(ISBLANK('Unit Type (26)'!B26), "" "", 'Unit Type (26)'!B26)","IF(ISBLANK('Unit Type (26)'!C26), "" "", 'Unit Type (26)'!C26)",B1647*'Summary Sheet'!$C$28
1648,"IF(ISBLANK('Unit Type (26)'!B27), "" "", 'Unit Type (26)'!B27)","IF(ISBLANK('Unit Type (26)'!C27), "" "", 'Unit Type (26)'!C27)",B1648*'Summary Sheet'!$C$28
1649,"IF(ISBLANK('Unit Type (26)'!B28), "" "", 'Unit Type (26)'!B28)","IF(ISBLANK('Unit Type (26)'!C28), "" "", 'Unit Type (26)'!C28)",B1649*'Summary Sheet'!$C$28
1650,"IF(ISBLANK('Unit Type (26)'!B29), "" "", 'Unit Type (26)'!B29)","IF(ISBLANK('Unit Type (26)'!C29), "" "", 'Unit Type (26)'!C29)",B1650*'Summary Sheet'!$C$28
1651,"IF(ISBLANK('Unit Type (26)'!B30), "" "", 'Unit Type (26)'!B30)","IF(ISBLANK('Unit Type (26)'!C30), "" "", 'Unit Type (26)'!C30)",B1651*'Summary Sheet'!$C$28
1652,"IF(ISBLANK('Unit Type (26)'!B31), "" "", 'Unit Type (26)'!B31)","IF(ISBLANK('Unit Type (26)'!C31), "" "", 'Unit Type (26)'!C31)",B1652*'Summary Sheet'!$C$28
1653,"IF(ISBLANK('Unit Type (26)'!B32), "" "", 'Unit Type (26)'!B32)","IF(ISBLANK('Unit Type (26)'!C32), "" "", 'Unit Type (26)'!C32)",B1653*'Summary Sheet'!$C$28
1654,"IF(ISBLANK('Unit Type (26)'!B33), "" "", 'Unit Type (26)'!B33)","IF(ISBLANK('Unit Type (26)'!C33), "" "", 'Unit Type (26)'!C33)",B1654*'Summary Sheet'!$C$28
1655,"IF(ISBLANK('Unit Type (26)'!B34), "" "", 'Unit Type (26)'!B34)","IF(ISBLANK('Unit Type (26)'!C34), "" "", 'Unit Type (26)'!C34)",B1655*'Summary Sheet'!$C$28
1656,"IF(ISBLANK('Unit Type (26)'!B35), "" "", 'Unit Type (26)'!B35)","IF(ISBLANK('Unit Type (26)'!C35), "" "", 'Unit Type (26)'!C35)",B1656*'Summary Sheet'!$C$28
1657,"IF(ISBLANK('Unit Type (26)'!B36), "" "", 'Unit Type (26)'!B36)","IF(ISBLANK('Unit Type (26)'!C36), "" "", 'Unit Type (26)'!C36)",B1657*'Summary Sheet'!$C$28
1658,"IF(ISBLANK('Unit Type (26)'!B37), "" "", 'Unit Type (26)'!B37)","IF(ISBLANK('Unit Type (26)'!C37), "" "", 'Unit Type (26)'!C37)",B1658*'Summary Sheet'!$C$28
1659,"IF(ISBLANK('Unit Type (26)'!B38), "" "", 'Unit Type (26)'!B38)","IF(ISBLANK('Unit Type (26)'!C38), "" "", 'Unit Type (26)'!C38)",B1659*'Summary Sheet'!$C$28
1660,"IF(ISBLANK('Unit Type (26)'!B39), "" "", 'Unit Type (26)'!B39)","IF(ISBLANK('Unit Type (26)'!C39), "" "", 'Unit Type (26)'!C39)",B1660*'Summary Sheet'!$C$28
1661,"IF(ISBLANK('Unit Type (26)'!B40), "" "", 'Unit Type (26)'!B40)","IF(ISBLANK('Unit Type (26)'!C40), "" "", 'Unit Type (26)'!C40)",B1661*'Summary Sheet'!$C$28
1662,"IF(ISBLANK('Unit Type (26)'!B41), "" "", 'Unit Type (26)'!B41)","IF(ISBLANK('Unit Type (26)'!C41), "" "", 'Unit Type (26)'!C41)",B1662*'Summary Sheet'!$C$28
1663,"IF(ISBLANK('Unit Type (26)'!B42), "" "", 'Unit Type (26)'!B42)","IF(ISBLANK('Unit Type (26)'!C42), "" "", 'Unit Type (26)'!C42)",B1663*'Summary Sheet'!$C$28
1664,"IF(ISBLANK('Unit Type (26)'!B43), "" "", 'Unit Type (26)'!B43)","IF(ISBLANK('Unit Type (26)'!C43), "" "", 'Unit Type (26)'!C43)",B1664*'Summary Sheet'!$C$28
1665,"IF(ISBLANK('Unit Type (26)'!B44), "" "", 'Unit Type (26)'!B44)","IF(ISBLANK('Unit Type (26)'!C44), "" "", 'Unit Type (26)'!C44)",B1665*'Summary Sheet'!$C$28
1666,"IF(ISBLANK('Unit Type (26)'!B45), "" "", 'Unit Type (26)'!B45)","IF(ISBLANK('Unit Type (26)'!C45), "" "", 'Unit Type (26)'!C45)",B1666*'Summary Sheet'!$C$28
1667,"IF(ISBLANK('Unit Type (26)'!B46), "" "", 'Unit Type (26)'!B46)","IF(ISBLANK('Unit Type (26)'!C46), "" "", 'Unit Type (26)'!C46)",B1667*'Summary Sheet'!$C$28
1668,"IF(ISBLANK('Unit Type (26)'!B47), "" "", 'Unit Type (26)'!B47)","IF(ISBLANK('Unit Type (26)'!C47), "" "", 'Unit Type (26)'!C47)",B1668*'Summary Sheet'!$C$28
1669,"IF(ISBLANK('Unit Type (26)'!B48), "" "", 'Unit Type (26)'!B48)","IF(ISBLANK('Unit Type (26)'!C48), "" "", 'Unit Type (26)'!C48)",B1669*'Summary Sheet'!$C$28
1670,"IF(ISBLANK('Unit Type (26)'!B49), "" "", 'Unit Type (26)'!B49)","IF(ISBLANK('Unit Type (26)'!C49), "" "", 'Unit Type (26)'!C49)",B1670*'Summary Sheet'!$C$28
1671,"IF(ISBLANK('Unit Type (26)'!B50), "" "", 'Unit Type (26)'!B50)","IF(ISBLANK('Unit Type (26)'!C50), "" "", 'Unit Type (26)'!C50)",B1671*'Summary Sheet'!$C$28
1672,"IF(ISBLANK('Unit Type (26)'!B51), "" "", 'Unit Type (26)'!B51)","IF(ISBLANK('Unit Type (26)'!C51), "" "", 'Unit Type (26)'!C51)",B1672*'Summary Sheet'!$C$28
1673,"IF(ISBLANK('Unit Type (26)'!B52), "" "", 'Unit Type (26)'!B52)","IF(ISBLANK('Unit Type (26)'!C52), "" "", 'Unit Type (26)'!C52)",B1673*'Summary Sheet'!$C$28
1674,"IF(ISBLANK('Unit Type (26)'!B53), "" "", 'Unit Type (26)'!B53)","IF(ISBLANK('Unit Type (26)'!C53), "" "", 'Unit Type (26)'!C53)",B1674*'Summary Sheet'!$C$28
1675,"IF(ISBLANK('Unit Type (26)'!B54), "" "", 'Unit Type (26)'!B54)","IF(ISBLANK('Unit Type (26)'!C54), "" "", 'Unit Type (26)'!C54)",B1675*'Summary Sheet'!$C$28
1676,"IF(ISBLANK('Unit Type (26)'!B55), "" "", 'Unit Type (26)'!B55)","IF(ISBLANK('Unit Type (26)'!C55), "" "", 'Unit Type (26)'!C55)",B1676*'Summary Sheet'!$C$28
1677,"IF(ISBLANK('Unit Type (26)'!B56), "" "", 'Unit Type (26)'!B56)","IF(ISBLANK('Unit Type (26)'!C56), "" "", 'Unit Type (26)'!C56)",B1677*'Summary Sheet'!$C$28
1678,"IF(ISBLANK('Unit Type (26)'!B57), "" "", 'Unit Type (26)'!B57)","IF(ISBLANK('Unit Type (26)'!C57), "" "", 'Unit Type (26)'!C57)",B1678*'Summary Sheet'!$C$28
1679,"IF(ISBLANK('Unit Type (26)'!B58), "" "", 'Unit Type (26)'!B58)","IF(ISBLANK('Unit Type (26)'!C58), "" "", 'Unit Type (26)'!C58)",B1679*'Summary Sheet'!$C$28
1680,"IF(ISBLANK('Unit Type (26)'!B59), "" "", 'Unit Type (26)'!B59)","IF(ISBLANK('Unit Type (26)'!C59), "" "", 'Unit Type (26)'!C59)",B1680*'Summary Sheet'!$C$28
1681,"IF(ISBLANK('Unit Type (26)'!B60), "" "", 'Unit Type (26)'!B60)","IF(ISBLANK('Unit Type (26)'!C60), "" "", 'Unit Type (26)'!C60)",B1681*'Summary Sheet'!$C$28
1682,"IF(ISBLANK('Unit Type (26)'!B61), "" "", 'Unit Type (26)'!B61)","IF(ISBLANK('Unit Type (26)'!C61), "" "", 'Unit Type (26)'!C61)",B1682*'Summary Sheet'!$C$28
1683,"IF(ISBLANK('Unit Type (26)'!B62), "" "", 'Unit Type (26)'!B62)","IF(ISBLANK('Unit Type (26)'!C62), "" "", 'Unit Type (26)'!C62)",B1683*'Summary Sheet'!$C$28
1684,"IF(ISBLANK('Unit Type (26)'!B63), "" "", 'Unit Type (26)'!B63)","IF(ISBLANK('Unit Type (26)'!C63), "" "", 'Unit Type (26)'!C63)",B1684*'Summary Sheet'!$C$28
1685,"IF(ISBLANK('Unit Type (26)'!B64), "" "", 'Unit Type (26)'!B64)","IF(ISBLANK('Unit Type (26)'!C64), "" "", 'Unit Type (26)'!C64)",B1685*'Summary Sheet'!$C$28
1686,"IF(ISBLANK('Unit Type (26)'!B65), "" "", 'Unit Type (26)'!B65)","IF(ISBLANK('Unit Type (26)'!C65), "" "", 'Unit Type (26)'!C65)",B1686*'Summary Sheet'!$C$28
1687,"IF(ISBLANK('Unit Type (26)'!B66), "" "", 'Unit Type (26)'!B66)","IF(ISBLANK('Unit Type (26)'!C66), "" "", 'Unit Type (26)'!C66)",B1687*'Summary Sheet'!$C$28
1688,"IF(ISBLANK('Unit Type (26)'!B67), "" "", 'Unit Type (26)'!B67)","IF(ISBLANK('Unit Type (26)'!C67), "" "", 'Unit Type (26)'!C67)",B1688*'Summary Sheet'!$C$28
1689,"IF(ISBLANK('Unit Type (26)'!B68), "" "", 'Unit Type (26)'!B68)","IF(ISBLANK('Unit Type (26)'!C68), "" "", 'Unit Type (26)'!C68)",B1689*'Summary Sheet'!$C$28
1690,"IF(ISBLANK('Unit Type (26)'!B69), "" "", 'Unit Type (26)'!B69)","IF(ISBLANK('Unit Type (26)'!C69), "" "", 'Unit Type (26)'!C69)",B1690*'Summary Sheet'!$C$28
1691,"IF(ISBLANK('Unit Type (26)'!B70), "" "", 'Unit Type (26)'!B70)","IF(ISBLANK('Unit Type (26)'!C70), "" "", 'Unit Type (26)'!C70)",B1691*'Summary Sheet'!$C$28
1692,"IF(ISBLANK('Unit Type (27)'!B6), "" "", 'Unit Type (27)'!B6)","IF(ISBLANK('Unit Type (27)'!C6), "" "", 'Unit Type (27)'!C6)",B1692*'Summary Sheet'!$C$29
1693,"IF(ISBLANK('Unit Type (27)'!B7), "" "", 'Unit Type (27)'!B7)","IF(ISBLANK('Unit Type (27)'!C7), "" "", 'Unit Type (27)'!C7)",B1693*'Summary Sheet'!$C$29
1694,"IF(ISBLANK('Unit Type (27)'!B8), "" "", 'Unit Type (27)'!B8)","IF(ISBLANK('Unit Type (27)'!C8), "" "", 'Unit Type (27)'!C8)",B1694*'Summary Sheet'!$C$29
1695,"IF(ISBLANK('Unit Type (27)'!B9), "" "", 'Unit Type (27)'!B9)","IF(ISBLANK('Unit Type (27)'!C9), "" "", 'Unit Type (27)'!C9)",B1695*'Summary Sheet'!$C$29
1696,"IF(ISBLANK('Unit Type (27)'!B10), "" "", 'Unit Type (27)'!B10)","IF(ISBLANK('Unit Type (27)'!C10), "" "", 'Unit Type (27)'!C10)",B1696*'Summary Sheet'!$C$29
1697,"IF(ISBLANK('Unit Type (27)'!B11), "" "", 'Unit Type (27)'!B11)","IF(ISBLANK('Unit Type (27)'!C11), "" "", 'Unit Type (27)'!C11)",B1697*'Summary Sheet'!$C$29
1698,"IF(ISBLANK('Unit Type (27)'!B12), "" "", 'Unit Type (27)'!B12)","IF(ISBLANK('Unit Type (27)'!C12), "" "", 'Unit Type (27)'!C12)",B1698*'Summary Sheet'!$C$29
1699,"IF(ISBLANK('Unit Type (27)'!B13), "" "", 'Unit Type (27)'!B13)","IF(ISBLANK('Unit Type (27)'!C13), "" "", 'Unit Type (27)'!C13)",B1699*'Summary Sheet'!$C$29
1700,"IF(ISBLANK('Unit Type (27)'!B14), "" "", 'Unit Type (27)'!B14)","IF(ISBLANK('Unit Type (27)'!C14), "" "", 'Unit Type (27)'!C14)",B1700*'Summary Sheet'!$C$29
1701,"IF(ISBLANK('Unit Type (27)'!B15), "" "", 'Unit Type (27)'!B15)","IF(ISBLANK('Unit Type (27)'!C15), "" "", 'Unit Type (27)'!C15)",B1701*'Summary Sheet'!$C$29
1702,"IF(ISBLANK('Unit Type (27)'!B16), "" "", 'Unit Type (27)'!B16)","IF(ISBLANK('Unit Type (27)'!C16), "" "", 'Unit Type (27)'!C16)",B1702*'Summary Sheet'!$C$29
1703,"IF(ISBLANK('Unit Type (27)'!B17), "" "", 'Unit Type (27)'!B17)","IF(ISBLANK('Unit Type (27)'!C17), "" "", 'Unit Type (27)'!C17)",B1703*'Summary Sheet'!$C$29
1704,"IF(ISBLANK('Unit Type (27)'!B18), "" "", 'Unit Type (27)'!B18)","IF(ISBLANK('Unit Type (27)'!C18), "" "", 'Unit Type (27)'!C18)",B1704*'Summary Sheet'!$C$29
1705,"IF(ISBLANK('Unit Type (27)'!B19), "" "", 'Unit Type (27)'!B19)","IF(ISBLANK('Unit Type (27)'!C19), "" "", 'Unit Type (27)'!C19)",B1705*'Summary Sheet'!$C$29
1706,"IF(ISBLANK('Unit Type (27)'!B20), "" "", 'Unit Type (27)'!B20)","IF(ISBLANK('Unit Type (27)'!C20), "" "", 'Unit Type (27)'!C20)",B1706*'Summary Sheet'!$C$29
1707,"IF(ISBLANK('Unit Type (27)'!B21), "" "", 'Unit Type (27)'!B21)","IF(ISBLANK('Unit Type (27)'!C21), "" "", 'Unit Type (27)'!C21)",B1707*'Summary Sheet'!$C$29
1708,"IF(ISBLANK('Unit Type (27)'!B22), "" "", 'Unit Type (27)'!B22)","IF(ISBLANK('Unit Type (27)'!C22), "" "", 'Unit Type (27)'!C22)",B1708*'Summary Sheet'!$C$29
1709,"IF(ISBLANK('Unit Type (27)'!B23), "" "", 'Unit Type (27)'!B23)","IF(ISBLANK('Unit Type (27)'!C23), "" "", 'Unit Type (27)'!C23)",B1709*'Summary Sheet'!$C$29
1710,"IF(ISBLANK('Unit Type (27)'!B24), "" "", 'Unit Type (27)'!B24)","IF(ISBLANK('Unit Type (27)'!C24), "" "", 'Unit Type (27)'!C24)",B1710*'Summary Sheet'!$C$29
1711,"IF(ISBLANK('Unit Type (27)'!B25), "" "", 'Unit Type (27)'!B25)","IF(ISBLANK('Unit Type (27)'!C25), "" "", 'Unit Type (27)'!C25)",B1711*'Summary Sheet'!$C$29
1712,"IF(ISBLANK('Unit Type (27)'!B26), "" "", 'Unit Type (27)'!B26)","IF(ISBLANK('Unit Type (27)'!C26), "" "", 'Unit Type (27)'!C26)",B1712*'Summary Sheet'!$C$29
1713,"IF(ISBLANK('Unit Type (27)'!B27), "" "", 'Unit Type (27)'!B27)","IF(ISBLANK('Unit Type (27)'!C27), "" "", 'Unit Type (27)'!C27)",B1713*'Summary Sheet'!$C$29
1714,"IF(ISBLANK('Unit Type (27)'!B28), "" "", 'Unit Type (27)'!B28)","IF(ISBLANK('Unit Type (27)'!C28), "" "", 'Unit Type (27)'!C28)",B1714*'Summary Sheet'!$C$29
1715,"IF(ISBLANK('Unit Type (27)'!B29), "" "", 'Unit Type (27)'!B29)","IF(ISBLANK('Unit Type (27)'!C29), "" "", 'Unit Type (27)'!C29)",B1715*'Summary Sheet'!$C$29
1716,"IF(ISBLANK('Unit Type (27)'!B30), "" "", 'Unit Type (27)'!B30)","IF(ISBLANK('Unit Type (27)'!C30), "" "", 'Unit Type (27)'!C30)",B1716*'Summary Sheet'!$C$29
1717,"IF(ISBLANK('Unit Type (27)'!B31), "" "", 'Unit Type (27)'!B31)","IF(ISBLANK('Unit Type (27)'!C31), "" "", 'Unit Type (27)'!C31)",B1717*'Summary Sheet'!$C$29
1718,"IF(ISBLANK('Unit Type (27)'!B32), "" "", 'Unit Type (27)'!B32)","IF(ISBLANK('Unit Type (27)'!C32), "" "", 'Unit Type (27)'!C32)",B1718*'Summary Sheet'!$C$29
1719,"IF(ISBLANK('Unit Type (27)'!B33), "" "", 'Unit Type (27)'!B33)","IF(ISBLANK('Unit Type (27)'!C33), "" "", 'Unit Type (27)'!C33)",B1719*'Summary Sheet'!$C$29
1720,"IF(ISBLANK('Unit Type (27)'!B34), "" "", 'Unit Type (27)'!B34)","IF(ISBLANK('Unit Type (27)'!C34), "" "", 'Unit Type (27)'!C34)",B1720*'Summary Sheet'!$C$29
1721,"IF(ISBLANK('Unit Type (27)'!B35), "" "", 'Unit Type (27)'!B35)","IF(ISBLANK('Unit Type (27)'!C35), "" "", 'Unit Type (27)'!C35)",B1721*'Summary Sheet'!$C$29
1722,"IF(ISBLANK('Unit Type (27)'!B36), "" "", 'Unit Type (27)'!B36)","IF(ISBLANK('Unit Type (27)'!C36), "" "", 'Unit Type (27)'!C36)",B1722*'Summary Sheet'!$C$29
1723,"IF(ISBLANK('Unit Type (27)'!B37), "" "", 'Unit Type (27)'!B37)","IF(ISBLANK('Unit Type (27)'!C37), "" "", 'Unit Type (27)'!C37)",B1723*'Summary Sheet'!$C$29
1724,"IF(ISBLANK('Unit Type (27)'!B38), "" "", 'Unit Type (27)'!B38)","IF(ISBLANK('Unit Type (27)'!C38), "" "", 'Unit Type (27)'!C38)",B1724*'Summary Sheet'!$C$29
1725,"IF(ISBLANK('Unit Type (27)'!B39), "" "", 'Unit Type (27)'!B39)","IF(ISBLANK('Unit Type (27)'!C39), "" "", 'Unit Type (27)'!C39)",B1725*'Summary Sheet'!$C$29
1726,"IF(ISBLANK('Unit Type (27)'!B40), "" "", 'Unit Type (27)'!B40)","IF(ISBLANK('Unit Type (27)'!C40), "" "", 'Unit Type (27)'!C40)",B1726*'Summary Sheet'!$C$29
1727,"IF(ISBLANK('Unit Type (27)'!B41), "" "", 'Unit Type (27)'!B41)","IF(ISBLANK('Unit Type (27)'!C41), "" "", 'Unit Type (27)'!C41)",B1727*'Summary Sheet'!$C$29
1728,"IF(ISBLANK('Unit Type (27)'!B42), "" "", 'Unit Type (27)'!B42)","IF(ISBLANK('Unit Type (27)'!C42), "" "", 'Unit Type (27)'!C42)",B1728*'Summary Sheet'!$C$29
1729,"IF(ISBLANK('Unit Type (27)'!B43), "" "", 'Unit Type (27)'!B43)","IF(ISBLANK('Unit Type (27)'!C43), "" "", 'Unit Type (27)'!C43)",B1729*'Summary Sheet'!$C$29
1730,"IF(ISBLANK('Unit Type (27)'!B44), "" "", 'Unit Type (27)'!B44)","IF(ISBLANK('Unit Type (27)'!C44), "" "", 'Unit Type (27)'!C44)",B1730*'Summary Sheet'!$C$29
1731,"IF(ISBLANK('Unit Type (27)'!B45), "" "", 'Unit Type (27)'!B45)","IF(ISBLANK('Unit Type (27)'!C45), "" "", 'Unit Type (27)'!C45)",B1731*'Summary Sheet'!$C$29
1732,"IF(ISBLANK('Unit Type (27)'!B46), "" "", 'Unit Type (27)'!B46)","IF(ISBLANK('Unit Type (27)'!C46), "" "", 'Unit Type (27)'!C46)",B1732*'Summary Sheet'!$C$29
1733,"IF(ISBLANK('Unit Type (27)'!B47), "" "", 'Unit Type (27)'!B47)","IF(ISBLANK('Unit Type (27)'!C47), "" "", 'Unit Type (27)'!C47)",B1733*'Summary Sheet'!$C$29
1734,"IF(ISBLANK('Unit Type (27)'!B48), "" "", 'Unit Type (27)'!B48)","IF(ISBLANK('Unit Type (27)'!C48), "" "", 'Unit Type (27)'!C48)",B1734*'Summary Sheet'!$C$29
1735,"IF(ISBLANK('Unit Type (27)'!B49), "" "", 'Unit Type (27)'!B49)","IF(ISBLANK('Unit Type (27)'!C49), "" "", 'Unit Type (27)'!C49)",B1735*'Summary Sheet'!$C$29
1736,"IF(ISBLANK('Unit Type (27)'!B50), "" "", 'Unit Type (27)'!B50)","IF(ISBLANK('Unit Type (27)'!C50), "" "", 'Unit Type (27)'!C50)",B1736*'Summary Sheet'!$C$29
1737,"IF(ISBLANK('Unit Type (27)'!B51), "" "", 'Unit Type (27)'!B51)","IF(ISBLANK('Unit Type (27)'!C51), "" "", 'Unit Type (27)'!C51)",B1737*'Summary Sheet'!$C$29
1738,"IF(ISBLANK('Unit Type (27)'!B52), "" "", 'Unit Type (27)'!B52)","IF(ISBLANK('Unit Type (27)'!C52), "" "", 'Unit Type (27)'!C52)",B1738*'Summary Sheet'!$C$29
1739,"IF(ISBLANK('Unit Type (27)'!B53), "" "", 'Unit Type (27)'!B53)","IF(ISBLANK('Unit Type (27)'!C53), "" "", 'Unit Type (27)'!C53)",B1739*'Summary Sheet'!$C$29
1740,"IF(ISBLANK('Unit Type (27)'!B54), "" "", 'Unit Type (27)'!B54)","IF(ISBLANK('Unit Type (27)'!C54), "" "", 'Unit Type (27)'!C54)",B1740*'Summary Sheet'!$C$29
1741,"IF(ISBLANK('Unit Type (27)'!B55), "" "", 'Unit Type (27)'!B55)","IF(ISBLANK('Unit Type (27)'!C55), "" "", 'Unit Type (27)'!C55)",B1741*'Summary Sheet'!$C$29
1742,"IF(ISBLANK('Unit Type (27)'!B56), "" "", 'Unit Type (27)'!B56)","IF(ISBLANK('Unit Type (27)'!C56), "" "", 'Unit Type (27)'!C56)",B1742*'Summary Sheet'!$C$29
1743,"IF(ISBLANK('Unit Type (27)'!B57), "" "", 'Unit Type (27)'!B57)","IF(ISBLANK('Unit Type (27)'!C57), "" "", 'Unit Type (27)'!C57)",B1743*'Summary Sheet'!$C$29
1744,"IF(ISBLANK('Unit Type (27)'!B58), "" "", 'Unit Type (27)'!B58)","IF(ISBLANK('Unit Type (27)'!C58), "" "", 'Unit Type (27)'!C58)",B1744*'Summary Sheet'!$C$29
1745,"IF(ISBLANK('Unit Type (27)'!B59), "" "", 'Unit Type (27)'!B59)","IF(ISBLANK('Unit Type (27)'!C59), "" "", 'Unit Type (27)'!C59)",B1745*'Summary Sheet'!$C$29
1746,"IF(ISBLANK('Unit Type (27)'!B60), "" "", 'Unit Type (27)'!B60)","IF(ISBLANK('Unit Type (27)'!C60), "" "", 'Unit Type (27)'!C60)",B1746*'Summary Sheet'!$C$29
1747,"IF(ISBLANK('Unit Type (27)'!B61), "" "", 'Unit Type (27)'!B61)","IF(ISBLANK('Unit Type (27)'!C61), "" "", 'Unit Type (27)'!C61)",B1747*'Summary Sheet'!$C$29
1748,"IF(ISBLANK('Unit Type (27)'!B62), "" "", 'Unit Type (27)'!B62)","IF(ISBLANK('Unit Type (27)'!C62), "" "", 'Unit Type (27)'!C62)",B1748*'Summary Sheet'!$C$29
1749,"IF(ISBLANK('Unit Type (27)'!B63), "" "", 'Unit Type (27)'!B63)","IF(ISBLANK('Unit Type (27)'!C63), "" "", 'Unit Type (27)'!C63)",B1749*'Summary Sheet'!$C$29
1750,"IF(ISBLANK('Unit Type (27)'!B64), "" "", 'Unit Type (27)'!B64)","IF(ISBLANK('Unit Type (27)'!C64), "" "", 'Unit Type (27)'!C64)",B1750*'Summary Sheet'!$C$29
1751,"IF(ISBLANK('Unit Type (27)'!B65), "" "", 'Unit Type (27)'!B65)","IF(ISBLANK('Unit Type (27)'!C65), "" "", 'Unit Type (27)'!C65)",B1751*'Summary Sheet'!$C$29
1752,"IF(ISBLANK('Unit Type (27)'!B66), "" "", 'Unit Type (27)'!B66)","IF(ISBLANK('Unit Type (27)'!C66), "" "", 'Unit Type (27)'!C66)",B1752*'Summary Sheet'!$C$29
1753,"IF(ISBLANK('Unit Type (27)'!B67), "" "", 'Unit Type (27)'!B67)","IF(ISBLANK('Unit Type (27)'!C67), "" "", 'Unit Type (27)'!C67)",B1753*'Summary Sheet'!$C$29
1754,"IF(ISBLANK('Unit Type (27)'!B68), "" "", 'Unit Type (27)'!B68)","IF(ISBLANK('Unit Type (27)'!C68), "" "", 'Unit Type (27)'!C68)",B1754*'Summary Sheet'!$C$29
1755,"IF(ISBLANK('Unit Type (27)'!B70), "" "", 'Unit Type (27)'!B70)","IF(ISBLANK('Unit Type (27)'!C70), "" "", 'Unit Type (27)'!C70)",B1755*'Summary Sheet'!$C$29
1756,"IF(ISBLANK('Unit Type (28)'!B6), "" "", 'Unit Type (28)'!B6)","IF(ISBLANK('Unit Type (28)'!C6), "" "", 'Unit Type (28)'!C6)",B1756*'Summary Sheet'!$C$30
1757,"IF(ISBLANK('Unit Type (28)'!B7), "" "", 'Unit Type (28)'!B7)","IF(ISBLANK('Unit Type (28)'!C7), "" "", 'Unit Type (28)'!C7)",B1757*'Summary Sheet'!$C$30
1758,"IF(ISBLANK('Unit Type (28)'!B8), "" "", 'Unit Type (28)'!B8)","IF(ISBLANK('Unit Type (28)'!C8), "" "", 'Unit Type (28)'!C8)",B1758*'Summary Sheet'!$C$30
1759,"IF(ISBLANK('Unit Type (28)'!B9), "" "", 'Unit Type (28)'!B9)","IF(ISBLANK('Unit Type (28)'!C9), "" "", 'Unit Type (28)'!C9)",B1759*'Summary Sheet'!$C$30
1760,"IF(ISBLANK('Unit Type (28)'!B10), "" "", 'Unit Type (28)'!B10)","IF(ISBLANK('Unit Type (28)'!C10), "" "", 'Unit Type (28)'!C10)",B1760*'Summary Sheet'!$C$30
1761,"IF(ISBLANK('Unit Type (28)'!B11), "" "", 'Unit Type (28)'!B11)","IF(ISBLANK('Unit Type (28)'!C11), "" "", 'Unit Type (28)'!C11)",B1761*'Summary Sheet'!$C$30
1762,"IF(ISBLANK('Unit Type (28)'!B12), "" "", 'Unit Type (28)'!B12)","IF(ISBLANK('Unit Type (28)'!C12), "" "", 'Unit Type (28)'!C12)",B1762*'Summary Sheet'!$C$30
1763,"IF(ISBLANK('Unit Type (28)'!B13), "" "", 'Unit Type (28)'!B13)","IF(ISBLANK('Unit Type (28)'!C13), "" "", 'Unit Type (28)'!C13)",B1763*'Summary Sheet'!$C$30
1764,"IF(ISBLANK('Unit Type (28)'!B14), "" "", 'Unit Type (28)'!B14)","IF(ISBLANK('Unit Type (28)'!C14), "" "", 'Unit Type (28)'!C14)",B1764*'Summary Sheet'!$C$30
1765,"IF(ISBLANK('Unit Type (28)'!B15), "" "", 'Unit Type (28)'!B15)","IF(ISBLANK('Unit Type (28)'!C15), "" "", 'Unit Type (28)'!C15)",B1765*'Summary Sheet'!$C$30
1766,"IF(ISBLANK('Unit Type (28)'!B16), "" "", 'Unit Type (28)'!B16)","IF(ISBLANK('Unit Type (28)'!C16), "" "", 'Unit Type (28)'!C16)",B1766*'Summary Sheet'!$C$30
1767,"IF(ISBLANK('Unit Type (28)'!B17), "" "", 'Unit Type (28)'!B17)","IF(ISBLANK('Unit Type (28)'!C17), "" "", 'Unit Type (28)'!C17)",B1767*'Summary Sheet'!$C$30
1768,"IF(ISBLANK('Unit Type (28)'!B18), "" "", 'Unit Type (28)'!B18)","IF(ISBLANK('Unit Type (28)'!C18), "" "", 'Unit Type (28)'!C18)",B1768*'Summary Sheet'!$C$30
1769,"IF(ISBLANK('Unit Type (28)'!B19), "" "", 'Unit Type (28)'!B19)","IF(ISBLANK('Unit Type (28)'!C19), "" "", 'Unit Type (28)'!C19)",B1769*'Summary Sheet'!$C$30
1770,"IF(ISBLANK('Unit Type (28)'!B20), "" "", 'Unit Type (28)'!B20)","IF(ISBLANK('Unit Type (28)'!C20), "" "", 'Unit Type (28)'!C20)",B1770*'Summary Sheet'!$C$30
1771,"IF(ISBLANK('Unit Type (28)'!B21), "" "", 'Unit Type (28)'!B21)","IF(ISBLANK('Unit Type (28)'!C21), "" "", 'Unit Type (28)'!C21)",B1771*'Summary Sheet'!$C$30
1772,"IF(ISBLANK('Unit Type (28)'!B22), "" "", 'Unit Type (28)'!B22)","IF(ISBLANK('Unit Type (28)'!C22), "" "", 'Unit Type (28)'!C22)",B1772*'Summary Sheet'!$C$30
1773,"IF(ISBLANK('Unit Type (28)'!B23), "" "", 'Unit Type (28)'!B23)","IF(ISBLANK('Unit Type (28)'!C23), "" "", 'Unit Type (28)'!C23)",B1773*'Summary Sheet'!$C$30
1774,"IF(ISBLANK('Unit Type (28)'!B24), "" "", 'Unit Type (28)'!B24)","IF(ISBLANK('Unit Type (28)'!C24), "" "", 'Unit Type (28)'!C24)",B1774*'Summary Sheet'!$C$30
1775,"IF(ISBLANK('Unit Type (28)'!B25), "" "", 'Unit Type (28)'!B25)","IF(ISBLANK('Unit Type (28)'!C25), "" "", 'Unit Type (28)'!C25)",B1775*'Summary Sheet'!$C$30
1776,"IF(ISBLANK('Unit Type (28)'!B26), "" "", 'Unit Type (28)'!B26)","IF(ISBLANK('Unit Type (28)'!C26), "" "", 'Unit Type (28)'!C26)",B1776*'Summary Sheet'!$C$30
1777,"IF(ISBLANK('Unit Type (28)'!B27), "" "", 'Unit Type (28)'!B27)","IF(ISBLANK('Unit Type (28)'!C27), "" "", 'Unit Type (28)'!C27)",B1777*'Summary Sheet'!$C$30
1778,"IF(ISBLANK('Unit Type (28)'!B28), "" "", 'Unit Type (28)'!B28)","IF(ISBLANK('Unit Type (28)'!C28), "" "", 'Unit Type (28)'!C28)",B1778*'Summary Sheet'!$C$30
1779,"IF(ISBLANK('Unit Type (28)'!B29), "" "", 'Unit Type (28)'!B29)","IF(ISBLANK('Unit Type (28)'!C29), "" "", 'Unit Type (28)'!C29)",B1779*'Summary Sheet'!$C$30
1780,"IF(ISBLANK('Unit Type (28)'!B30), "" "", 'Unit Type (28)'!B30)","IF(ISBLANK('Unit Type (28)'!C30), "" "", 'Unit Type (28)'!C30)",B1780*'Summary Sheet'!$C$30
1781,"IF(ISBLANK('Unit Type (28)'!B31), "" "", 'Unit Type (28)'!B31)","IF(ISBLANK('Unit Type (28)'!C31), "" "", 'Unit Type (28)'!C31)",B1781*'Summary Sheet'!$C$30
1782,"IF(ISBLANK('Unit Type (28)'!B32), "" "", 'Unit Type (28)'!B32)","IF(ISBLANK('Unit Type (28)'!C32), "" "", 'Unit Type (28)'!C32)",B1782*'Summary Sheet'!$C$30
1783,"IF(ISBLANK('Unit Type (28)'!B33), "" "", 'Unit Type (28)'!B33)","IF(ISBLANK('Unit Type (28)'!C33), "" "", 'Unit Type (28)'!C33)",B1783*'Summary Sheet'!$C$30
1784,"IF(ISBLANK('Unit Type (28)'!B34), "" "", 'Unit Type (28)'!B34)","IF(ISBLANK('Unit Type (28)'!C34), "" "", 'Unit Type (28)'!C34)",B1784*'Summary Sheet'!$C$30
1785,"IF(ISBLANK('Unit Type (28)'!B35), "" "", 'Unit Type (28)'!B35)","IF(ISBLANK('Unit Type (28)'!C35), "" "", 'Unit Type (28)'!C35)",B1785*'Summary Sheet'!$C$30
1786,"IF(ISBLANK('Unit Type (28)'!B36), "" "", 'Unit Type (28)'!B36)","IF(ISBLANK('Unit Type (28)'!C36), "" "", 'Unit Type (28)'!C36)",B1786*'Summary Sheet'!$C$30
1787,"IF(ISBLANK('Unit Type (28)'!B37), "" "", 'Unit Type (28)'!B37)","IF(ISBLANK('Unit Type (28)'!C37), "" "", 'Unit Type (28)'!C37)",B1787*'Summary Sheet'!$C$30
1788,"IF(ISBLANK('Unit Type (28)'!B38), "" "", 'Unit Type (28)'!B38)","IF(ISBLANK('Unit Type (28)'!C38), "" "", 'Unit Type (28)'!C38)",B1788*'Summary Sheet'!$C$30
1789,"IF(ISBLANK('Unit Type (28)'!B39), "" "", 'Unit Type (28)'!B39)","IF(ISBLANK('Unit Type (28)'!C39), "" "", 'Unit Type (28)'!C39)",B1789*'Summary Sheet'!$C$30
1790,"IF(ISBLANK('Unit Type (28)'!B40), "" "", 'Unit Type (28)'!B40)","IF(ISBLANK('Unit Type (28)'!C40), "" "", 'Unit Type (28)'!C40)",B1790*'Summary Sheet'!$C$30
1791,"IF(ISBLANK('Unit Type (28)'!B41), "" "", 'Unit Type (28)'!B41)","IF(ISBLANK('Unit Type (28)'!C41), "" "", 'Unit Type (28)'!C41)",B1791*'Summary Sheet'!$C$30
1792,"IF(ISBLANK('Unit Type (28)'!B42), "" "", 'Unit Type (28)'!B42)","IF(ISBLANK('Unit Type (28)'!C42), "" "", 'Unit Type (28)'!C42)",B1792*'Summary Sheet'!$C$30
1793,"IF(ISBLANK('Unit Type (28)'!B43), "" "", 'Unit Type (28)'!B43)","IF(ISBLANK('Unit Type (28)'!C43), "" "", 'Unit Type (28)'!C43)",B1793*'Summary Sheet'!$C$30
1794,"IF(ISBLANK('Unit Type (28)'!B44), "" "", 'Unit Type (28)'!B44)","IF(ISBLANK('Unit Type (28)'!C44), "" "", 'Unit Type (28)'!C44)",B1794*'Summary Sheet'!$C$30
1795,"IF(ISBLANK('Unit Type (28)'!B45), "" "", 'Unit Type (28)'!B45)","IF(ISBLANK('Unit Type (28)'!C45), "" "", 'Unit Type (28)'!C45)",B1795*'Summary Sheet'!$C$30
1796,"IF(ISBLANK('Unit Type (28)'!B46), "" "", 'Unit Type (28)'!B46)","IF(ISBLANK('Unit Type (28)'!C46), "" "", 'Unit Type (28)'!C46)",B1796*'Summary Sheet'!$C$30
1797,"IF(ISBLANK('Unit Type (28)'!B47), "" "", 'Unit Type (28)'!B47)","IF(ISBLANK('Unit Type (28)'!C47), "" "", 'Unit Type (28)'!C47)",B1797*'Summary Sheet'!$C$30
1798,"IF(ISBLANK('Unit Type (28)'!B48), "" "", 'Unit Type (28)'!B48)","IF(ISBLANK('Unit Type (28)'!C48), "" "", 'Unit Type (28)'!C48)",B1798*'Summary Sheet'!$C$30
1799,"IF(ISBLANK('Unit Type (28)'!B49), "" "", 'Unit Type (28)'!B49)","IF(ISBLANK('Unit Type (28)'!C49), "" "", 'Unit Type (28)'!C49)",B1799*'Summary Sheet'!$C$30
1800,"IF(ISBLANK('Unit Type (28)'!B50), "" "", 'Unit Type (28)'!B50)","IF(ISBLANK('Unit Type (28)'!C50), "" "", 'Unit Type (28)'!C50)",B1800*'Summary Sheet'!$C$30
1801,"IF(ISBLANK('Unit Type (28)'!B51), "" "", 'Unit Type (28)'!B51)","IF(ISBLANK('Unit Type (28)'!C51), "" "", 'Unit Type (28)'!C51)",B1801*'Summary Sheet'!$C$30
1802,"IF(ISBLANK('Unit Type (28)'!B52), "" "", 'Unit Type (28)'!B52)","IF(ISBLANK('Unit Type (28)'!C52), "" "", 'Unit Type (28)'!C52)",B1802*'Summary Sheet'!$C$30
1803,"IF(ISBLANK('Unit Type (28)'!B53), "" "", 'Unit Type (28)'!B53)","IF(ISBLANK('Unit Type (28)'!C53), "" "", 'Unit Type (28)'!C53)",B1803*'Summary Sheet'!$C$30
1804,"IF(ISBLANK('Unit Type (28)'!B54), "" "", 'Unit Type (28)'!B54)","IF(ISBLANK('Unit Type (28)'!C54), "" "", 'Unit Type (28)'!C54)",B1804*'Summary Sheet'!$C$30
1805,"IF(ISBLANK('Unit Type (28)'!B55), "" "", 'Unit Type (28)'!B55)","IF(ISBLANK('Unit Type (28)'!C55), "" "", 'Unit Type (28)'!C55)",B1805*'Summary Sheet'!$C$30
1806,"IF(ISBLANK('Unit Type (28)'!B56), "" "", 'Unit Type (28)'!B56)","IF(ISBLANK('Unit Type (28)'!C56), "" "", 'Unit Type (28)'!C56)",B1806*'Summary Sheet'!$C$30
1807,"IF(ISBLANK('Unit Type (28)'!B57), "" "", 'Unit Type (28)'!B57)","IF(ISBLANK('Unit Type (28)'!C57), "" "", 'Unit Type (28)'!C57)",B1807*'Summary Sheet'!$C$30
1808,"IF(ISBLANK('Unit Type (28)'!B58), "" "", 'Unit Type (28)'!B58)","IF(ISBLANK('Unit Type (28)'!C58), "" "", 'Unit Type (28)'!C58)",B1808*'Summary Sheet'!$C$30
1809,"IF(ISBLANK('Unit Type (28)'!B59), "" "", 'Unit Type (28)'!B59)","IF(ISBLANK('Unit Type (28)'!C59), "" "", 'Unit Type (28)'!C59)",B1809*'Summary Sheet'!$C$30
1810,"IF(ISBLANK('Unit Type (28)'!B60), "" "", 'Unit Type (28)'!B60)","IF(ISBLANK('Unit Type (28)'!C60), "" "", 'Unit Type (28)'!C60)",B1810*'Summary Sheet'!$C$30
1811,"IF(ISBLANK('Unit Type (28)'!B61), "" "", 'Unit Type (28)'!B61)","IF(ISBLANK('Unit Type (28)'!C61), "" "", 'Unit Type (28)'!C61)",B1811*'Summary Sheet'!$C$30
1812,"IF(ISBLANK('Unit Type (28)'!B62), "" "", 'Unit Type (28)'!B62)","IF(ISBLANK('Unit Type (28)'!C62), "" "", 'Unit Type (28)'!C62)",B1812*'Summary Sheet'!$C$30
1813,"IF(ISBLANK('Unit Type (28)'!B63), "" "", 'Unit Type (28)'!B63)","IF(ISBLANK('Unit Type (28)'!C63), "" "", 'Unit Type (28)'!C63)",B1813*'Summary Sheet'!$C$30
1814,"IF(ISBLANK('Unit Type (28)'!B64), "" "", 'Unit Type (28)'!B64)","IF(ISBLANK('Unit Type (28)'!C64), "" "", 'Unit Type (28)'!C64)",B1814*'Summary Sheet'!$C$30
1815,"IF(ISBLANK('Unit Type (28)'!B65), "" "", 'Unit Type (28)'!B65)","IF(ISBLANK('Unit Type (28)'!C65), "" "", 'Unit Type (28)'!C65)",B1815*'Summary Sheet'!$C$30
1816,"IF(ISBLANK('Unit Type (28)'!B66), "" "", 'Unit Type (28)'!B66)","IF(ISBLANK('Unit Type (28)'!C66), "" "", 'Unit Type (28)'!C66)",B1816*'Summary Sheet'!$C$30
1817,"IF(ISBLANK('Unit Type (28)'!B67), "" "", 'Unit Type (28)'!B67)","IF(ISBLANK('Unit Type (28)'!C67), "" "", 'Unit Type (28)'!C67)",B1817*'Summary Sheet'!$C$30
1818,"IF(ISBLANK('Unit Type (28)'!B68), "" "", 'Unit Type (28)'!B68)","IF(ISBLANK('Unit Type (28)'!C68), "" "", 'Unit Type (28)'!C68)",B1818*'Summary Sheet'!$C$30
1819,"IF(ISBLANK('Unit Type (28)'!B69), "" "", 'Unit Type (28)'!B69)","IF(ISBLANK('Unit Type (28)'!C69), "" "", 'Unit Type (28)'!C69)",B1819*'Summary Sheet'!$C$30
1820,"IF(ISBLANK('Unit Type (28)'!B70), "" "", 'Unit Type (28)'!B70)","IF(ISBLANK('Unit Type (28)'!C70), "" "", 'Unit Type (28)'!C70)",B1820*'Summary Sheet'!$C$30
1821,"IF(ISBLANK('Unit Type (29)'!B6), "" "", 'Unit Type (29)'!B6)","IF(ISBLANK('Unit Type (29)'!C6), "" "", 'Unit Type (29)'!C6)",B1821*'Summary Sheet'!$C$31
1822,"IF(ISBLANK('Unit Type (29)'!B7), "" "", 'Unit Type (29)'!B7)","IF(ISBLANK('Unit Type (29)'!C7), "" "", 'Unit Type (29)'!C7)",B1822*'Summary Sheet'!$C$31
1823,"IF(ISBLANK('Unit Type (29)'!B8), "" "", 'Unit Type (29)'!B8)","IF(ISBLANK('Unit Type (29)'!C8), "" "", 'Unit Type (29)'!C8)",B1823*'Summary Sheet'!$C$31
1824,"IF(ISBLANK('Unit Type (29)'!B9), "" "", 'Unit Type (29)'!B9)","IF(ISBLANK('Unit Type (29)'!C9), "" "", 'Unit Type (29)'!C9)",B1824*'Summary Sheet'!$C$31
1825,"IF(ISBLANK('Unit Type (29)'!B10), "" "", 'Unit Type (29)'!B10)","IF(ISBLANK('Unit Type (29)'!C10), "" "", 'Unit Type (29)'!C10)",B1825*'Summary Sheet'!$C$31
1826,"IF(ISBLANK('Unit Type (29)'!B11), "" "", 'Unit Type (29)'!B11)","IF(ISBLANK('Unit Type (29)'!C11), "" "", 'Unit Type (29)'!C11)",B1826*'Summary Sheet'!$C$31
1827,"IF(ISBLANK('Unit Type (29)'!B12), "" "", 'Unit Type (29)'!B12)","IF(ISBLANK('Unit Type (29)'!C12), "" "", 'Unit Type (29)'!C12)",B1827*'Summary Sheet'!$C$31
1828,"IF(ISBLANK('Unit Type (29)'!B13), "" "", 'Unit Type (29)'!B13)","IF(ISBLANK('Unit Type (29)'!C13), "" "", 'Unit Type (29)'!C13)",B1828*'Summary Sheet'!$C$31
1829,"IF(ISBLANK('Unit Type (29)'!B14), "" "", 'Unit Type (29)'!B14)","IF(ISBLANK('Unit Type (29)'!C14), "" "", 'Unit Type (29)'!C14)",B1829*'Summary Sheet'!$C$31
1830,"IF(ISBLANK('Unit Type (29)'!B15), "" "", 'Unit Type (29)'!B15)","IF(ISBLANK('Unit Type (29)'!C15), "" "", 'Unit Type (29)'!C15)",B1830*'Summary Sheet'!$C$31
1831,"IF(ISBLANK('Unit Type (29)'!B16), "" "", 'Unit Type (29)'!B16)","IF(ISBLANK('Unit Type (29)'!C16), "" "", 'Unit Type (29)'!C16)",B1831*'Summary Sheet'!$C$31
1832,"IF(ISBLANK('Unit Type (29)'!B17), "" "", 'Unit Type (29)'!B17)","IF(ISBLANK('Unit Type (29)'!C17), "" "", 'Unit Type (29)'!C17)",B1832*'Summary Sheet'!$C$31
1833,"IF(ISBLANK('Unit Type (29)'!B18), "" "", 'Unit Type (29)'!B18)","IF(ISBLANK('Unit Type (29)'!C18), "" "", 'Unit Type (29)'!C18)",B1833*'Summary Sheet'!$C$31
1834,"IF(ISBLANK('Unit Type (29)'!B19), "" "", 'Unit Type (29)'!B19)","IF(ISBLANK('Unit Type (29)'!C19), "" "", 'Unit Type (29)'!C19)",B1834*'Summary Sheet'!$C$31
1835,"IF(ISBLANK('Unit Type (29)'!B20), "" "", 'Unit Type (29)'!B20)","IF(ISBLANK('Unit Type (29)'!C20), "" "", 'Unit Type (29)'!C20)",B1835*'Summary Sheet'!$C$31
1836,"IF(ISBLANK('Unit Type (29)'!B21), "" "", 'Unit Type (29)'!B21)","IF(ISBLANK('Unit Type (29)'!C21), "" "", 'Unit Type (29)'!C21)",B1836*'Summary Sheet'!$C$31
1837,"IF(ISBLANK('Unit Type (29)'!B22), "" "", 'Unit Type (29)'!B22)","IF(ISBLANK('Unit Type (29)'!C22), "" "", 'Unit Type (29)'!C22)",B1837*'Summary Sheet'!$C$31
1838,"IF(ISBLANK('Unit Type (29)'!B23), "" "", 'Unit Type (29)'!B23)","IF(ISBLANK('Unit Type (29)'!C23), "" "", 'Unit Type (29)'!C23)",B1838*'Summary Sheet'!$C$31
1839,"IF(ISBLANK('Unit Type (29)'!B24), "" "", 'Unit Type (29)'!B24)","IF(ISBLANK('Unit Type (29)'!C24), "" "", 'Unit Type (29)'!C24)",B1839*'Summary Sheet'!$C$31
1840,"IF(ISBLANK('Unit Type (29)'!B25), "" "", 'Unit Type (29)'!B25)","IF(ISBLANK('Unit Type (29)'!C25), "" "", 'Unit Type (29)'!C25)",B1840*'Summary Sheet'!$C$31
1841,"IF(ISBLANK('Unit Type (29)'!B26), "" "", 'Unit Type (29)'!B26)","IF(ISBLANK('Unit Type (29)'!C26), "" "", 'Unit Type (29)'!C26)",B1841*'Summary Sheet'!$C$31
1842,"IF(ISBLANK('Unit Type (29)'!B27), "" "", 'Unit Type (29)'!B27)","IF(ISBLANK('Unit Type (29)'!C27), "" "", 'Unit Type (29)'!C27)",B1842*'Summary Sheet'!$C$31
1843,"IF(ISBLANK('Unit Type (29)'!B28), "" "", 'Unit Type (29)'!B28)","IF(ISBLANK('Unit Type (29)'!C28), "" "", 'Unit Type (29)'!C28)",B1843*'Summary Sheet'!$C$31
1844,"IF(ISBLANK('Unit Type (29)'!B29), "" "", 'Unit Type (29)'!B29)","IF(ISBLANK('Unit Type (29)'!C29), "" "", 'Unit Type (29)'!C29)",B1844*'Summary Sheet'!$C$31
1845,"IF(ISBLANK('Unit Type (29)'!B30), "" "", 'Unit Type (29)'!B30)","IF(ISBLANK('Unit Type (29)'!C30), "" "", 'Unit Type (29)'!C30)",B1845*'Summary Sheet'!$C$31
1846,"IF(ISBLANK('Unit Type (29)'!B31), "" "", 'Unit Type (29)'!B31)","IF(ISBLANK('Unit Type (29)'!C31), "" "", 'Unit Type (29)'!C31)",B1846*'Summary Sheet'!$C$31
1847,"IF(ISBLANK('Unit Type (29)'!B32), "" "", 'Unit Type (29)'!B32)","IF(ISBLANK('Unit Type (29)'!C32), "" "", 'Unit Type (29)'!C32)",B1847*'Summary Sheet'!$C$31
1848,"IF(ISBLANK('Unit Type (29)'!B33), "" "", 'Unit Type (29)'!B33)","IF(ISBLANK('Unit Type (29)'!C33), "" "", 'Unit Type (29)'!C33)",B1848*'Summary Sheet'!$C$31
1849,"IF(ISBLANK('Unit Type (29)'!B34), "" "", 'Unit Type (29)'!B34)","IF(ISBLANK('Unit Type (29)'!C34), "" "", 'Unit Type (29)'!C34)",B1849*'Summary Sheet'!$C$31
1850,"IF(ISBLANK('Unit Type (29)'!B35), "" "", 'Unit Type (29)'!B35)","IF(ISBLANK('Unit Type (29)'!C35), "" "", 'Unit Type (29)'!C35)",B1850*'Summary Sheet'!$C$31
1851,"IF(ISBLANK('Unit Type (29)'!B36), "" "", 'Unit Type (29)'!B36)","IF(ISBLANK('Unit Type (29)'!C36), "" "", 'Unit Type (29)'!C36)",B1851*'Summary Sheet'!$C$31
1852,"IF(ISBLANK('Unit Type (29)'!B37), "" "", 'Unit Type (29)'!B37)","IF(ISBLANK('Unit Type (29)'!C37), "" "", 'Unit Type (29)'!C37)",B1852*'Summary Sheet'!$C$31
1853,"IF(ISBLANK('Unit Type (29)'!B38), "" "", 'Unit Type (29)'!B38)","IF(ISBLANK('Unit Type (29)'!C38), "" "", 'Unit Type (29)'!C38)",B1853*'Summary Sheet'!$C$31
1854,"IF(ISBLANK('Unit Type (29)'!B39), "" "", 'Unit Type (29)'!B39)","IF(ISBLANK('Unit Type (29)'!C39), "" "", 'Unit Type (29)'!C39)",B1854*'Summary Sheet'!$C$31
1855,"IF(ISBLANK('Unit Type (29)'!B40), "" "", 'Unit Type (29)'!B40)","IF(ISBLANK('Unit Type (29)'!C40), "" "", 'Unit Type (29)'!C40)",B1855*'Summary Sheet'!$C$31
1856,"IF(ISBLANK('Unit Type (29)'!B41), "" "", 'Unit Type (29)'!B41)","IF(ISBLANK('Unit Type (29)'!C41), "" "", 'Unit Type (29)'!C41)",B1856*'Summary Sheet'!$C$31
1857,"IF(ISBLANK('Unit Type (29)'!B42), "" "", 'Unit Type (29)'!B42)","IF(ISBLANK('Unit Type (29)'!C42), "" "", 'Unit Type (29)'!C42)",B1857*'Summary Sheet'!$C$31
1858,"IF(ISBLANK('Unit Type (29)'!B43), "" "", 'Unit Type (29)'!B43)","IF(ISBLANK('Unit Type (29)'!C43), "" "", 'Unit Type (29)'!C43)",B1858*'Summary Sheet'!$C$31
1859,"IF(ISBLANK('Unit Type (29)'!B44), "" "", 'Unit Type (29)'!B44)","IF(ISBLANK('Unit Type (29)'!C44), "" "", 'Unit Type (29)'!C44)",B1859*'Summary Sheet'!$C$31
1860,"IF(ISBLANK('Unit Type (29)'!B45), "" "", 'Unit Type (29)'!B45)","IF(ISBLANK('Unit Type (29)'!C45), "" "", 'Unit Type (29)'!C45)",B1860*'Summary Sheet'!$C$31
1861,"IF(ISBLANK('Unit Type (29)'!B46), "" "", 'Unit Type (29)'!B46)","IF(ISBLANK('Unit Type (29)'!C46), "" "", 'Unit Type (29)'!C46)",B1861*'Summary Sheet'!$C$31
1862,"IF(ISBLANK('Unit Type (29)'!B47), "" "", 'Unit Type (29)'!B47)","IF(ISBLANK('Unit Type (29)'!C47), "" "", 'Unit Type (29)'!C47)",B1862*'Summary Sheet'!$C$31
1863,"IF(ISBLANK('Unit Type (29)'!B48), "" "", 'Unit Type (29)'!B48)","IF(ISBLANK('Unit Type (29)'!C48), "" "", 'Unit Type (29)'!C48)",B1863*'Summary Sheet'!$C$31
1864,"IF(ISBLANK('Unit Type (29)'!B49), "" "", 'Unit Type (29)'!B49)","IF(ISBLANK('Unit Type (29)'!C49), "" "", 'Unit Type (29)'!C49)",B1864*'Summary Sheet'!$C$31
1865,"IF(ISBLANK('Unit Type (29)'!B50), "" "", 'Unit Type (29)'!B50)","IF(ISBLANK('Unit Type (29)'!C50), "" "", 'Unit Type (29)'!C50)",B1865*'Summary Sheet'!$C$31
1866,"IF(ISBLANK('Unit Type (29)'!B51), "" "", 'Unit Type (29)'!B51)","IF(ISBLANK('Unit Type (29)'!C51), "" "", 'Unit Type (29)'!C51)",B1866*'Summary Sheet'!$C$31
1867,"IF(ISBLANK('Unit Type (29)'!B52), "" "", 'Unit Type (29)'!B52)","IF(ISBLANK('Unit Type (29)'!C52), "" "", 'Unit Type (29)'!C52)",B1867*'Summary Sheet'!$C$31
1868,"IF(ISBLANK('Unit Type (29)'!B53), "" "", 'Unit Type (29)'!B53)","IF(ISBLANK('Unit Type (29)'!C53), "" "", 'Unit Type (29)'!C53)",B1868*'Summary Sheet'!$C$31
1869,"IF(ISBLANK('Unit Type (29)'!B54), "" "", 'Unit Type (29)'!B54)","IF(ISBLANK('Unit Type (29)'!C54), "" "", 'Unit Type (29)'!C54)",B1869*'Summary Sheet'!$C$31
1870,"IF(ISBLANK('Unit Type (29)'!B55), "" "", 'Unit Type (29)'!B55)","IF(ISBLANK('Unit Type (29)'!C55), "" "", 'Unit Type (29)'!C55)",B1870*'Summary Sheet'!$C$31
1871,"IF(ISBLANK('Unit Type (29)'!B56), "" "", 'Unit Type (29)'!B56)","IF(ISBLANK('Unit Type (29)'!C56), "" "", 'Unit Type (29)'!C56)",B1871*'Summary Sheet'!$C$31
1872,"IF(ISBLANK('Unit Type (29)'!B57), "" "", 'Unit Type (29)'!B57)","IF(ISBLANK('Unit Type (29)'!C57), "" "", 'Unit Type (29)'!C57)",B1872*'Summary Sheet'!$C$31
1873,"IF(ISBLANK('Unit Type (29)'!B58), "" "", 'Unit Type (29)'!B58)","IF(ISBLANK('Unit Type (29)'!C58), "" "", 'Unit Type (29)'!C58)",B1873*'Summary Sheet'!$C$31
1874,"IF(ISBLANK('Unit Type (29)'!B59), "" "", 'Unit Type (29)'!B59)","IF(ISBLANK('Unit Type (29)'!C59), "" "", 'Unit Type (29)'!C59)",B1874*'Summary Sheet'!$C$31
1875,"IF(ISBLANK('Unit Type (29)'!B60), "" "", 'Unit Type (29)'!B60)","IF(ISBLANK('Unit Type (29)'!C60), "" "", 'Unit Type (29)'!C60)",B1875*'Summary Sheet'!$C$31
1876,"IF(ISBLANK('Unit Type (29)'!B61), "" "", 'Unit Type (29)'!B61)","IF(ISBLANK('Unit Type (29)'!C61), "" "", 'Unit Type (29)'!C61)",B1876*'Summary Sheet'!$C$31
1877,"IF(ISBLANK('Unit Type (29)'!B62), "" "", 'Unit Type (29)'!B62)","IF(ISBLANK('Unit Type (29)'!C62), "" "", 'Unit Type (29)'!C62)",B1877*'Summary Sheet'!$C$31
1878,"IF(ISBLANK('Unit Type (29)'!B63), "" "", 'Unit Type (29)'!B63)","IF(ISBLANK('Unit Type (29)'!C63), "" "", 'Unit Type (29)'!C63)",B1878*'Summary Sheet'!$C$31
1879,"IF(ISBLANK('Unit Type (29)'!B64), "" "", 'Unit Type (29)'!B64)","IF(ISBLANK('Unit Type (29)'!C64), "" "", 'Unit Type (29)'!C64)",B1879*'Summary Sheet'!$C$31
1880,"IF(ISBLANK('Unit Type (29)'!B65), "" "", 'Unit Type (29)'!B65)","IF(ISBLANK('Unit Type (29)'!C65), "" "", 'Unit Type (29)'!C65)",B1880*'Summary Sheet'!$C$31
1881,"IF(ISBLANK('Unit Type (29)'!B66), "" "", 'Unit Type (29)'!B66)","IF(ISBLANK('Unit Type (29)'!C66), "" "", 'Unit Type (29)'!C66)",B1881*'Summary Sheet'!$C$31
1882,"IF(ISBLANK('Unit Type (29)'!B67), "" "", 'Unit Type (29)'!B67)","IF(ISBLANK('Unit Type (29)'!C67), "" "", 'Unit Type (29)'!C67)",B1882*'Summary Sheet'!$C$31
1883,"IF(ISBLANK('Unit Type (29)'!B68), "" "", 'Unit Type (29)'!B68)","IF(ISBLANK('Unit Type (29)'!C68), "" "", 'Unit Type (29)'!C68)",B1883*'Summary Sheet'!$C$31
1884,"IF(ISBLANK('Unit Type (29)'!B69), "" "", 'Unit Type (29)'!B69)","IF(ISBLANK('Unit Type (29)'!C69), "" "", 'Unit Type (29)'!C69)",B1884*'Summary Sheet'!$C$31
1885,"IF(ISBLANK('Unit Type (29)'!B70), "" "", 'Unit Type (29)'!B70)","IF(ISBLANK('Unit Type (29)'!C70), "" "", 'Unit Type (29)'!C70)",B1885*'Summary Sheet'!$C$31
1886,"IF(ISBLANK('Unit Type (30)'!B6), "" "", 'Unit Type (30)'!B6)","IF(ISBLANK('Unit Type (30)'!C6), "" "", 'Unit Type (30)'!C6)",B1886*'Summary Sheet'!$C$32
1887,"IF(ISBLANK('Unit Type (30)'!B7), "" "", 'Unit Type (30)'!B7)","IF(ISBLANK('Unit Type (30)'!C7), "" "", 'Unit Type (30)'!C7)",B1887*'Summary Sheet'!$C$32
1888,"IF(ISBLANK('Unit Type (30)'!B8), "" "", 'Unit Type (30)'!B8)","IF(ISBLANK('Unit Type (30)'!C8), "" "", 'Unit Type (30)'!C8)",B1888*'Summary Sheet'!$C$32
1889,"IF(ISBLANK('Unit Type (30)'!B9), "" "", 'Unit Type (30)'!B9)","IF(ISBLANK('Unit Type (30)'!C9), "" "", 'Unit Type (30)'!C9)",B1889*'Summary Sheet'!$C$32
1890,"IF(ISBLANK('Unit Type (30)'!B10), "" "", 'Unit Type (30)'!B10)","IF(ISBLANK('Unit Type (30)'!C10), "" "", 'Unit Type (30)'!C10)",B1890*'Summary Sheet'!$C$32
1891,"IF(ISBLANK('Unit Type (30)'!B11), "" "", 'Unit Type (30)'!B11)","IF(ISBLANK('Unit Type (30)'!C11), "" "", 'Unit Type (30)'!C11)",B1891*'Summary Sheet'!$C$32
1892,"IF(ISBLANK('Unit Type (30)'!B12), "" "", 'Unit Type (30)'!B12)","IF(ISBLANK('Unit Type (30)'!C12), "" "", 'Unit Type (30)'!C12)",B1892*'Summary Sheet'!$C$32
1893,"IF(ISBLANK('Unit Type (30)'!B13), "" "", 'Unit Type (30)'!B13)","IF(ISBLANK('Unit Type (30)'!C13), "" "", 'Unit Type (30)'!C13)",B1893*'Summary Sheet'!$C$32
1894,"IF(ISBLANK('Unit Type (30)'!B14), "" "", 'Unit Type (30)'!B14)","IF(ISBLANK('Unit Type (30)'!C14), "" "", 'Unit Type (30)'!C14)",B1894*'Summary Sheet'!$C$32
1895,"IF(ISBLANK('Unit Type (30)'!B15), "" "", 'Unit Type (30)'!B15)","IF(ISBLANK('Unit Type (30)'!C15), "" "", 'Unit Type (30)'!C15)",B1895*'Summary Sheet'!$C$32
1896,"IF(ISBLANK('Unit Type (30)'!B16), "" "", 'Unit Type (30)'!B16)","IF(ISBLANK('Unit Type (30)'!C16), "" "", 'Unit Type (30)'!C16)",B1896*'Summary Sheet'!$C$32
1897,"IF(ISBLANK('Unit Type (30)'!B17), "" "", 'Unit Type (30)'!B17)","IF(ISBLANK('Unit Type (30)'!C17), "" "", 'Unit Type (30)'!C17)",B1897*'Summary Sheet'!$C$32
1898,"IF(ISBLANK('Unit Type (30)'!B18), "" "", 'Unit Type (30)'!B18)","IF(ISBLANK('Unit Type (30)'!C18), "" "", 'Unit Type (30)'!C18)",B1898*'Summary Sheet'!$C$32
1899,"IF(ISBLANK('Unit Type (30)'!B19), "" "", 'Unit Type (30)'!B19)","IF(ISBLANK('Unit Type (30)'!C19), "" "", 'Unit Type (30)'!C19)",B1899*'Summary Sheet'!$C$32
1900,"IF(ISBLANK('Unit Type (30)'!B20), "" "", 'Unit Type (30)'!B20)","IF(ISBLANK('Unit Type (30)'!C20), "" "", 'Unit Type (30)'!C20)",B1900*'Summary Sheet'!$C$32
1901,"IF(ISBLANK('Unit Type (30)'!B21), "" "", 'Unit Type (30)'!B21)","IF(ISBLANK('Unit Type (30)'!C21), "" "", 'Unit Type (30)'!C21)",B1901*'Summary Sheet'!$C$32
1902,"IF(ISBLANK('Unit Type (30)'!B22), "" "", 'Unit Type (30)'!B22)","IF(ISBLANK('Unit Type (30)'!C22), "" "", 'Unit Type (30)'!C22)",B1902*'Summary Sheet'!$C$32
1903,"IF(ISBLANK('Unit Type (30)'!B23), "" "", 'Unit Type (30)'!B23)","IF(ISBLANK('Unit Type (30)'!C23), "" "", 'Unit Type (30)'!C23)",B1903*'Summary Sheet'!$C$32
1904,"IF(ISBLANK('Unit Type (30)'!B24), "" "", 'Unit Type (30)'!B24)","IF(ISBLANK('Unit Type (30)'!C24), "" "", 'Unit Type (30)'!C24)",B1904*'Summary Sheet'!$C$32
1905,"IF(ISBLANK('Unit Type (30)'!B25), "" "", 'Unit Type (30)'!B25)","IF(ISBLANK('Unit Type (30)'!C25), "" "", 'Unit Type (30)'!C25)",B1905*'Summary Sheet'!$C$32
1906,"IF(ISBLANK('Unit Type (30)'!B26), "" "", 'Unit Type (30)'!B26)","IF(ISBLANK('Unit Type (30)'!C26), "" "", 'Unit Type (30)'!C26)",B1906*'Summary Sheet'!$C$32
1907,"IF(ISBLANK('Unit Type (30)'!B27), "" "", 'Unit Type (30)'!B27)","IF(ISBLANK('Unit Type (30)'!C27), "" "", 'Unit Type (30)'!C27)",B1907*'Summary Sheet'!$C$32
1908,"IF(ISBLANK('Unit Type (30)'!B28), "" "", 'Unit Type (30)'!B28)","IF(ISBLANK('Unit Type (30)'!C28), "" "", 'Unit Type (30)'!C28)",B1908*'Summary Sheet'!$C$32
1909,"IF(ISBLANK('Unit Type (30)'!B29), "" "", 'Unit Type (30)'!B29)","IF(ISBLANK('Unit Type (30)'!C29), "" "", 'Unit Type (30)'!C29)",B1909*'Summary Sheet'!$C$32
1910,"IF(ISBLANK('Unit Type (30)'!B30), "" "", 'Unit Type (30)'!B30)","IF(ISBLANK('Unit Type (30)'!C30), "" "", 'Unit Type (30)'!C30)",B1910*'Summary Sheet'!$C$32
1911,"IF(ISBLANK('Unit Type (30)'!B31), "" "", 'Unit Type (30)'!B31)","IF(ISBLANK('Unit Type (30)'!C31), "" "", 'Unit Type (30)'!C31)",B1911*'Summary Sheet'!$C$32
1912,"IF(ISBLANK('Unit Type (30)'!B32), "" "", 'Unit Type (30)'!B32)","IF(ISBLANK('Unit Type (30)'!C32), "" "", 'Unit Type (30)'!C32)",B1912*'Summary Sheet'!$C$32
1913,"IF(ISBLANK('Unit Type (30)'!B33), "" "", 'Unit Type (30)'!B33)","IF(ISBLANK('Unit Type (30)'!C33), "" "", 'Unit Type (30)'!C33)",B1913*'Summary Sheet'!$C$32
1914,"IF(ISBLANK('Unit Type (30)'!B34), "" "", 'Unit Type (30)'!B34)","IF(ISBLANK('Unit Type (30)'!C34), "" "", 'Unit Type (30)'!C34)",B1914*'Summary Sheet'!$C$32
1915,"IF(ISBLANK('Unit Type (30)'!B35), "" "", 'Unit Type (30)'!B35)","IF(ISBLANK('Unit Type (30)'!C35), "" "", 'Unit Type (30)'!C35)",B1915*'Summary Sheet'!$C$32
1916,"IF(ISBLANK('Unit Type (30)'!B36), "" "", 'Unit Type (30)'!B36)","IF(ISBLANK('Unit Type (30)'!C36), "" "", 'Unit Type (30)'!C36)",B1916*'Summary Sheet'!$C$32
1917,"IF(ISBLANK('Unit Type (30)'!B37), "" "", 'Unit Type (30)'!B37)","IF(ISBLANK('Unit Type (30)'!C37), "" "", 'Unit Type (30)'!C37)",B1917*'Summary Sheet'!$C$32
1918,"IF(ISBLANK('Unit Type (30)'!B38), "" "", 'Unit Type (30)'!B38)","IF(ISBLANK('Unit Type (30)'!C38), "" "", 'Unit Type (30)'!C38)",B1918*'Summary Sheet'!$C$32
1919,"IF(ISBLANK('Unit Type (30)'!B39), "" "", 'Unit Type (30)'!B39)","IF(ISBLANK('Unit Type (30)'!C39), "" "", 'Unit Type (30)'!C39)",B1919*'Summary Sheet'!$C$32
1920,"IF(ISBLANK('Unit Type (30)'!B40), "" "", 'Unit Type (30)'!B40)","IF(ISBLANK('Unit Type (30)'!C40), "" "", 'Unit Type (30)'!C40)",B1920*'Summary Sheet'!$C$32
1921,"IF(ISBLANK('Unit Type (30)'!B41), "" "", 'Unit Type (30)'!B41)","IF(ISBLANK('Unit Type (30)'!C41), "" "", 'Unit Type (30)'!C41)",B1921*'Summary Sheet'!$C$32
1922,"IF(ISBLANK('Unit Type (30)'!B42), "" "", 'Unit Type (30)'!B42)","IF(ISBLANK('Unit Type (30)'!C42), "" "", 'Unit Type (30)'!C42)",B1922*'Summary Sheet'!$C$32
1923,"IF(ISBLANK('Unit Type (30)'!B43), "" "", 'Unit Type (30)'!B43)","IF(ISBLANK('Unit Type (30)'!C43), "" "", 'Unit Type (30)'!C43)",B1923*'Summary Sheet'!$C$32
1924,"IF(ISBLANK('Unit Type (30)'!B44), "" "", 'Unit Type (30)'!B44)","IF(ISBLANK('Unit Type (30)'!C44), "" "", 'Unit Type (30)'!C44)",B1924*'Summary Sheet'!$C$32
1925,"IF(ISBLANK('Unit Type (30)'!B45), "" "", 'Unit Type (30)'!B45)","IF(ISBLANK('Unit Type (30)'!C45), "" "", 'Unit Type (30)'!C45)",B1925*'Summary Sheet'!$C$32
1926,"IF(ISBLANK('Unit Type (30)'!B46), "" "", 'Unit Type (30)'!B46)","IF(ISBLANK('Unit Type (30)'!C46), "" "", 'Unit Type (30)'!C46)",B1926*'Summary Sheet'!$C$32
1927,"IF(ISBLANK('Unit Type (30)'!B47), "" "", 'Unit Type (30)'!B47)","IF(ISBLANK('Unit Type (30)'!C47), "" "", 'Unit Type (30)'!C47)",B1927*'Summary Sheet'!$C$32
1928,"IF(ISBLANK('Unit Type (30)'!B48), "" "", 'Unit Type (30)'!B48)","IF(ISBLANK('Unit Type (30)'!C48), "" "", 'Unit Type (30)'!C48)",B1928*'Summary Sheet'!$C$32
1929,"IF(ISBLANK('Unit Type (30)'!B49), "" "", 'Unit Type (30)'!B49)","IF(ISBLANK('Unit Type (30)'!C49), "" "", 'Unit Type (30)'!C49)",B1929*'Summary Sheet'!$C$32
1930,"IF(ISBLANK('Unit Type (30)'!B50), "" "", 'Unit Type (30)'!B50)","IF(ISBLANK('Unit Type (30)'!C50), "" "", 'Unit Type (30)'!C50)",B1930*'Summary Sheet'!$C$32
1931,"IF(ISBLANK('Unit Type (30)'!B51), "" "", 'Unit Type (30)'!B51)","IF(ISBLANK('Unit Type (30)'!C51), "" "", 'Unit Type (30)'!C51)",B1931*'Summary Sheet'!$C$32
1932,"IF(ISBLANK('Unit Type (30)'!B52), "" "", 'Unit Type (30)'!B52)","IF(ISBLANK('Unit Type (30)'!C52), "" "", 'Unit Type (30)'!C52)",B1932*'Summary Sheet'!$C$32
1933,"IF(ISBLANK('Unit Type (30)'!B53), "" "", 'Unit Type (30)'!B53)","IF(ISBLANK('Unit Type (30)'!C53), "" "", 'Unit Type (30)'!C53)",B1933*'Summary Sheet'!$C$32
1934,"IF(ISBLANK('Unit Type (30)'!B54), "" "", 'Unit Type (30)'!B54)","IF(ISBLANK('Unit Type (30)'!C54), "" "", 'Unit Type (30)'!C54)",B1934*'Summary Sheet'!$C$32
1935,"IF(ISBLANK('Unit Type (30)'!B55), "" "", 'Unit Type (30)'!B55)","IF(ISBLANK('Unit Type (30)'!C55), "" "", 'Unit Type (30)'!C55)",B1935*'Summary Sheet'!$C$32
1936,"IF(ISBLANK('Unit Type (30)'!B56), "" "", 'Unit Type (30)'!B56)","IF(ISBLANK('Unit Type (30)'!C56), "" "", 'Unit Type (30)'!C56)",B1936*'Summary Sheet'!$C$32
1937,"IF(ISBLANK('Unit Type (30)'!B57), "" "", 'Unit Type (30)'!B57)","IF(ISBLANK('Unit Type (30)'!C57), "" "", 'Unit Type (30)'!C57)",B1937*'Summary Sheet'!$C$32
1938,"IF(ISBLANK('Unit Type (30)'!B58), "" "", 'Unit Type (30)'!B58)","IF(ISBLANK('Unit Type (30)'!C58), "" "", 'Unit Type (30)'!C58)",B1938*'Summary Sheet'!$C$32
1939,"IF(ISBLANK('Unit Type (30)'!B59), "" "", 'Unit Type (30)'!B59)","IF(ISBLANK('Unit Type (30)'!C59), "" "", 'Unit Type (30)'!C59)",B1939*'Summary Sheet'!$C$32
1940,"IF(ISBLANK('Unit Type (30)'!B60), "" "", 'Unit Type (30)'!B60)","IF(ISBLANK('Unit Type (30)'!C60), "" "", 'Unit Type (30)'!C60)",B1940*'Summary Sheet'!$C$32
1941,"IF(ISBLANK('Unit Type (30)'!B61), "" "", 'Unit Type (30)'!B61)","IF(ISBLANK('Unit Type (30)'!C61), "" "", 'Unit Type (30)'!C61)",B1941*'Summary Sheet'!$C$32
1942,"IF(ISBLANK('Unit Type (30)'!B62), "" "", 'Unit Type (30)'!B62)","IF(ISBLANK('Unit Type (30)'!C62), "" "", 'Unit Type (30)'!C62)",B1942*'Summary Sheet'!$C$32
1943,"IF(ISBLANK('Unit Type (30)'!B63), "" "", 'Unit Type (30)'!B63)","IF(ISBLANK('Unit Type (30)'!C63), "" "", 'Unit Type (30)'!C63)",B1943*'Summary Sheet'!$C$32
1944,"IF(ISBLANK('Unit Type (30)'!B64), "" "", 'Unit Type (30)'!B64)","IF(ISBLANK('Unit Type (30)'!C64), "" "", 'Unit Type (30)'!C64)",B1944*'Summary Sheet'!$C$32
1945,"IF(ISBLANK('Unit Type (30)'!B65), "" "", 'Unit Type (30)'!B65)","IF(ISBLANK('Unit Type (30)'!C65), "" "", 'Unit Type (30)'!C65)",B1945*'Summary Sheet'!$C$32
1946,"IF(ISBLANK('Unit Type (30)'!B66), "" "", 'Unit Type (30)'!B66)","IF(ISBLANK('Unit Type (30)'!C66), "" "", 'Unit Type (30)'!C66)",B1946*'Summary Sheet'!$C$32
1947,"IF(ISBLANK('Unit Type (30)'!B67), "" "", 'Unit Type (30)'!B67)","IF(ISBLANK('Unit Type (30)'!C67), "" "", 'Unit Type (30)'!C67)",B1947*'Summary Sheet'!$C$32
1948,"IF(ISBLANK('Unit Type (30)'!B68), "" "", 'Unit Type (30)'!B68)","IF(ISBLANK('Unit Type (30)'!C68), "" "", 'Unit Type (30)'!C68)",B1948*'Summary Sheet'!$C$32
1949,"IF(ISBLANK('Unit Type (30)'!B69), "" "", 'Unit Type (30)'!B69)","IF(ISBLANK('Unit Type (30)'!C69), "" "", 'Unit Type (30)'!C69)",B1949*'Summary Sheet'!$C$32
1950,"IF(ISBLANK('Unit Type (30)'!B70), "" "", 'Unit Type (30)'!B70)","IF(ISBLANK('Unit Type (30)'!C70), "" "", 'Unit Type (30)'!C70)",B1950*'Summary Sheet'!$C$32
1951,"IF(ISBLANK('Unit Type (31)'!B6), "" "", 'Unit Type (31)'!B6)","IF(ISBLANK('Unit Type (31)'!C6), "" "", 'Unit Type (31)'!C6)",B1951*'Summary Sheet'!$C$33
1952,"IF(ISBLANK('Unit Type (31)'!B7), "" "", 'Unit Type (31)'!B7)","IF(ISBLANK('Unit Type (31)'!C7), "" "", 'Unit Type (31)'!C7)",B1952*'Summary Sheet'!$C$33
1953,"IF(ISBLANK('Unit Type (31)'!B8), "" "", 'Unit Type (31)'!B8)","IF(ISBLANK('Unit Type (31)'!C8), "" "", 'Unit Type (31)'!C8)",B1953*'Summary Sheet'!$C$33
1954,"IF(ISBLANK('Unit Type (31)'!B9), "" "", 'Unit Type (31)'!B9)","IF(ISBLANK('Unit Type (31)'!C9), "" "", 'Unit Type (31)'!C9)",B1954*'Summary Sheet'!$C$33
1955,"IF(ISBLANK('Unit Type (31)'!B10), "" "", 'Unit Type (31)'!B10)","IF(ISBLANK('Unit Type (31)'!C10), "" "", 'Unit Type (31)'!C10)",B1955*'Summary Sheet'!$C$33
1956,"IF(ISBLANK('Unit Type (31)'!B11), "" "", 'Unit Type (31)'!B11)","IF(ISBLANK('Unit Type (31)'!C11), "" "", 'Unit Type (31)'!C11)",B1956*'Summary Sheet'!$C$33
1957,"IF(ISBLANK('Unit Type (31)'!B12), "" "", 'Unit Type (31)'!B12)","IF(ISBLANK('Unit Type (31)'!C12), "" "", 'Unit Type (31)'!C12)",B1957*'Summary Sheet'!$C$33
1958,"IF(ISBLANK('Unit Type (31)'!B13), "" "", 'Unit Type (31)'!B13)","IF(ISBLANK('Unit Type (31)'!C13), "" "", 'Unit Type (31)'!C13)",B1958*'Summary Sheet'!$C$33
1959,"IF(ISBLANK('Unit Type (31)'!B14), "" "", 'Unit Type (31)'!B14)","IF(ISBLANK('Unit Type (31)'!C14), "" "", 'Unit Type (31)'!C14)",B1959*'Summary Sheet'!$C$33
1960,"IF(ISBLANK('Unit Type (31)'!B15), "" "", 'Unit Type (31)'!B15)","IF(ISBLANK('Unit Type (31)'!C15), "" "", 'Unit Type (31)'!C15)",B1960*'Summary Sheet'!$C$33
1961,"IF(ISBLANK('Unit Type (31)'!B16), "" "", 'Unit Type (31)'!B16)","IF(ISBLANK('Unit Type (31)'!C16), "" "", 'Unit Type (31)'!C16)",B1961*'Summary Sheet'!$C$33
1962,"IF(ISBLANK('Unit Type (31)'!B17), "" "", 'Unit Type (31)'!B17)","IF(ISBLANK('Unit Type (31)'!C17), "" "", 'Unit Type (31)'!C17)",B1962*'Summary Sheet'!$C$33
1963,"IF(ISBLANK('Unit Type (31)'!B18), "" "", 'Unit Type (31)'!B18)","IF(ISBLANK('Unit Type (31)'!C18), "" "", 'Unit Type (31)'!C18)",B1963*'Summary Sheet'!$C$33
1964,"IF(ISBLANK('Unit Type (31)'!B19), "" "", 'Unit Type (31)'!B19)","IF(ISBLANK('Unit Type (31)'!C19), "" "", 'Unit Type (31)'!C19)",B1964*'Summary Sheet'!$C$33
1965,"IF(ISBLANK('Unit Type (31)'!B20), "" "", 'Unit Type (31)'!B20)","IF(ISBLANK('Unit Type (31)'!C20), "" "", 'Unit Type (31)'!C20)",B1965*'Summary Sheet'!$C$33
1966,"IF(ISBLANK('Unit Type (31)'!B21), "" "", 'Unit Type (31)'!B21)","IF(ISBLANK('Unit Type (31)'!C21), "" "", 'Unit Type (31)'!C21)",B1966*'Summary Sheet'!$C$33
1967,"IF(ISBLANK('Unit Type (31)'!B22), "" "", 'Unit Type (31)'!B22)","IF(ISBLANK('Unit Type (31)'!C22), "" "", 'Unit Type (31)'!C22)",B1967*'Summary Sheet'!$C$33
1968,"IF(ISBLANK('Unit Type (31)'!B23), "" "", 'Unit Type (31)'!B23)","IF(ISBLANK('Unit Type (31)'!C23), "" "", 'Unit Type (31)'!C23)",B1968*'Summary Sheet'!$C$33
1969,"IF(ISBLANK('Unit Type (31)'!B24), "" "", 'Unit Type (31)'!B24)","IF(ISBLANK('Unit Type (31)'!C24), "" "", 'Unit Type (31)'!C24)",B1969*'Summary Sheet'!$C$33
1970,"IF(ISBLANK('Unit Type (31)'!B25), "" "", 'Unit Type (31)'!B25)","IF(ISBLANK('Unit Type (31)'!C25), "" "", 'Unit Type (31)'!C25)",B1970*'Summary Sheet'!$C$33
1971,"IF(ISBLANK('Unit Type (31)'!B26), "" "", 'Unit Type (31)'!B26)","IF(ISBLANK('Unit Type (31)'!C26), "" "", 'Unit Type (31)'!C26)",B1971*'Summary Sheet'!$C$33
1972,"IF(ISBLANK('Unit Type (31)'!B27), "" "", 'Unit Type (31)'!B27)","IF(ISBLANK('Unit Type (31)'!C27), "" "", 'Unit Type (31)'!C27)",B1972*'Summary Sheet'!$C$33
1973,"IF(ISBLANK('Unit Type (31)'!B28), "" "", 'Unit Type (31)'!B28)","IF(ISBLANK('Unit Type (31)'!C28), "" "", 'Unit Type (31)'!C28)",B1973*'Summary Sheet'!$C$33
1974,"IF(ISBLANK('Unit Type (31)'!B29), "" "", 'Unit Type (31)'!B29)","IF(ISBLANK('Unit Type (31)'!C29), "" "", 'Unit Type (31)'!C29)",B1974*'Summary Sheet'!$C$33
1975,"IF(ISBLANK('Unit Type (31)'!B30), "" "", 'Unit Type (31)'!B30)","IF(ISBLANK('Unit Type (31)'!C30), "" "", 'Unit Type (31)'!C30)",B1975*'Summary Sheet'!$C$33
1976,"IF(ISBLANK('Unit Type (31)'!B31), "" "", 'Unit Type (31)'!B31)","IF(ISBLANK('Unit Type (31)'!C31), "" "", 'Unit Type (31)'!C31)",B1976*'Summary Sheet'!$C$33
1977,"IF(ISBLANK('Unit Type (31)'!B32), "" "", 'Unit Type (31)'!B32)","IF(ISBLANK('Unit Type (31)'!C32), "" "", 'Unit Type (31)'!C32)",B1977*'Summary Sheet'!$C$33
1978,"IF(ISBLANK('Unit Type (31)'!B33), "" "", 'Unit Type (31)'!B33)","IF(ISBLANK('Unit Type (31)'!C33), "" "", 'Unit Type (31)'!C33)",B1978*'Summary Sheet'!$C$33
1979,"IF(ISBLANK('Unit Type (31)'!B34), "" "", 'Unit Type (31)'!B34)","IF(ISBLANK('Unit Type (31)'!C34), "" "", 'Unit Type (31)'!C34)",B1979*'Summary Sheet'!$C$33
1980,"IF(ISBLANK('Unit Type (31)'!B35), "" "", 'Unit Type (31)'!B35)","IF(ISBLANK('Unit Type (31)'!C35), "" "", 'Unit Type (31)'!C35)",B1980*'Summary Sheet'!$C$33
1981,"IF(ISBLANK('Unit Type (31)'!B36), "" "", 'Unit Type (31)'!B36)","IF(ISBLANK('Unit Type (31)'!C36), "" "", 'Unit Type (31)'!C36)",B1981*'Summary Sheet'!$C$33
1982,"IF(ISBLANK('Unit Type (31)'!B37), "" "", 'Unit Type (31)'!B37)","IF(ISBLANK('Unit Type (31)'!C37), "" "", 'Unit Type (31)'!C37)",B1982*'Summary Sheet'!$C$33
1983,"IF(ISBLANK('Unit Type (31)'!B38), "" "", 'Unit Type (31)'!B38)","IF(ISBLANK('Unit Type (31)'!C38), "" "", 'Unit Type (31)'!C38)",B1983*'Summary Sheet'!$C$33
1984,"IF(ISBLANK('Unit Type (31)'!B39), "" "", 'Unit Type (31)'!B39)","IF(ISBLANK('Unit Type (31)'!C39), "" "", 'Unit Type (31)'!C39)",B1984*'Summary Sheet'!$C$33
1985,"IF(ISBLANK('Unit Type (31)'!B40), "" "", 'Unit Type (31)'!B40)","IF(ISBLANK('Unit Type (31)'!C40), "" "", 'Unit Type (31)'!C40)",B1985*'Summary Sheet'!$C$33
1986,"IF(ISBLANK('Unit Type (31)'!B41), "" "", 'Unit Type (31)'!B41)","IF(ISBLANK('Unit Type (31)'!C41), "" "", 'Unit Type (31)'!C41)",B1986*'Summary Sheet'!$C$33
1987,"IF(ISBLANK('Unit Type (31)'!B42), "" "", 'Unit Type (31)'!B42)","IF(ISBLANK('Unit Type (31)'!C42), "" "", 'Unit Type (31)'!C42)",B1987*'Summary Sheet'!$C$33
1988,"IF(ISBLANK('Unit Type (31)'!B43), "" "", 'Unit Type (31)'!B43)","IF(ISBLANK('Unit Type (31)'!C43), "" "", 'Unit Type (31)'!C43)",B1988*'Summary Sheet'!$C$33
1989,"IF(ISBLANK('Unit Type (31)'!B44), "" "", 'Unit Type (31)'!B44)","IF(ISBLANK('Unit Type (31)'!C44), "" "", 'Unit Type (31)'!C44)",B1989*'Summary Sheet'!$C$33
1990,"IF(ISBLANK('Unit Type (31)'!B45), "" "", 'Unit Type (31)'!B45)","IF(ISBLANK('Unit Type (31)'!C45), "" "", 'Unit Type (31)'!C45)",B1990*'Summary Sheet'!$C$33
1991,"IF(ISBLANK('Unit Type (31)'!B46), "" "", 'Unit Type (31)'!B46)","IF(ISBLANK('Unit Type (31)'!C46), "" "", 'Unit Type (31)'!C46)",B1991*'Summary Sheet'!$C$33
1992,"IF(ISBLANK('Unit Type (31)'!B47), "" "", 'Unit Type (31)'!B47)","IF(ISBLANK('Unit Type (31)'!C47), "" "", 'Unit Type (31)'!C47)",B1992*'Summary Sheet'!$C$33
1993,"IF(ISBLANK('Unit Type (31)'!B48), "" "", 'Unit Type (31)'!B48)","IF(ISBLANK('Unit Type (31)'!C48), "" "", 'Unit Type (31)'!C48)",B1993*'Summary Sheet'!$C$33
1994,"IF(ISBLANK('Unit Type (31)'!B49), "" "", 'Unit Type (31)'!B49)","IF(ISBLANK('Unit Type (31)'!C49), "" "", 'Unit Type (31)'!C49)",B1994*'Summary Sheet'!$C$33
1995,"IF(ISBLANK('Unit Type (31)'!B50), "" "", 'Unit Type (31)'!B50)","IF(ISBLANK('Unit Type (31)'!C50), "" "", 'Unit Type (31)'!C50)",B1995*'Summary Sheet'!$C$33
1996,"IF(ISBLANK('Unit Type (31)'!B51), "" "", 'Unit Type (31)'!B51)","IF(ISBLANK('Unit Type (31)'!C51), "" "", 'Unit Type (31)'!C51)",B1996*'Summary Sheet'!$C$33
1997,"IF(ISBLANK('Unit Type (31)'!B52), "" "", 'Unit Type (31)'!B52)","IF(ISBLANK('Unit Type (31)'!C52), "" "", 'Unit Type (31)'!C52)",B1997*'Summary Sheet'!$C$33
1998,"IF(ISBLANK('Unit Type (31)'!B53), "" "", 'Unit Type (31)'!B53)","IF(ISBLANK('Unit Type (31)'!C53), "" "", 'Unit Type (31)'!C53)",B1998*'Summary Sheet'!$C$33
1999,"IF(ISBLANK('Unit Type (31)'!B54), "" "", 'Unit Type (31)'!B54)","IF(ISBLANK('Unit Type (31)'!C54), "" "", 'Unit Type (31)'!C54)",B1999*'Summary Sheet'!$C$33
2000,"IF(ISBLANK('Unit Type (31)'!B55), "" "", 'Unit Type (31)'!B55)","IF(ISBLANK('Unit Type (31)'!C55), "" "", 'Unit Type (31)'!C55)",B2000*'Summary Sheet'!$C$33
2001,"IF(ISBLANK('Unit Type (31)'!B56), "" "", 'Unit Type (31)'!B56)","IF(ISBLANK('Unit Type (31)'!C56), "" "", 'Unit Type (31)'!C56)",B2001*'Summary Sheet'!$C$33
2002,"IF(ISBLANK('Unit Type (31)'!B57), "" "", 'Unit Type (31)'!B57)","IF(ISBLANK('Unit Type (31)'!C57), "" "", 'Unit Type (31)'!C57)",B2002*'Summary Sheet'!$C$33
2003,"IF(ISBLANK('Unit Type (31)'!B58), "" "", 'Unit Type (31)'!B58)","IF(ISBLANK('Unit Type (31)'!C58), "" "", 'Unit Type (31)'!C58)",B2003*'Summary Sheet'!$C$33
2004,"IF(ISBLANK('Unit Type (31)'!B59), "" "", 'Unit Type (31)'!B59)","IF(ISBLANK('Unit Type (31)'!C59), "" "", 'Unit Type (31)'!C59)",B2004*'Summary Sheet'!$C$33
2005,"IF(ISBLANK('Unit Type (31)'!B60), "" "", 'Unit Type (31)'!B60)","IF(ISBLANK('Unit Type (31)'!C60), "" "", 'Unit Type (31)'!C60)",B2005*'Summary Sheet'!$C$33
2006,"IF(ISBLANK('Unit Type (31)'!B61), "" "", 'Unit Type (31)'!B61)","IF(ISBLANK('Unit Type (31)'!C61), "" "", 'Unit Type (31)'!C61)",B2006*'Summary Sheet'!$C$33
2007,"IF(ISBLANK('Unit Type (31)'!B62), "" "", 'Unit Type (31)'!B62)","IF(ISBLANK('Unit Type (31)'!C62), "" "", 'Unit Type (31)'!C62)",B2007*'Summary Sheet'!$C$33
2008,"IF(ISBLANK('Unit Type (31)'!B63), "" "", 'Unit Type (31)'!B63)","IF(ISBLANK('Unit Type (31)'!C63), "" "", 'Unit Type (31)'!C63)",B2008*'Summary Sheet'!$C$33
2009,"IF(ISBLANK('Unit Type (31)'!B64), "" "", 'Unit Type (31)'!B64)","IF(ISBLANK('Unit Type (31)'!C64), "" "", 'Unit Type (31)'!C64)",B2009*'Summary Sheet'!$C$33
2010,"IF(ISBLANK('Unit Type (31)'!B65), "" "", 'Unit Type (31)'!B65)","IF(ISBLANK('Unit Type (31)'!C65), "" "", 'Unit Type (31)'!C65)",B2010*'Summary Sheet'!$C$33
2011,"IF(ISBLANK('Unit Type (31)'!B66), "" "", 'Unit Type (31)'!B66)","IF(ISBLANK('Unit Type (31)'!C66), "" "", 'Unit Type (31)'!C66)",B2011*'Summary Sheet'!$C$33
2012,"IF(ISBLANK('Unit Type (31)'!B67), "" "", 'Unit Type (31)'!B67)","IF(ISBLANK('Unit Type (31)'!C67), "" "", 'Unit Type (31)'!C67)",B2012*'Summary Sheet'!$C$33
2013,"IF(ISBLANK('Unit Type (31)'!B68), "" "", 'Unit Type (31)'!B68)","IF(ISBLANK('Unit Type (31)'!C68), "" "", 'Unit Type (31)'!C68)",B2013*'Summary Sheet'!$C$33
2014,"IF(ISBLANK('Unit Type (31)'!B69), "" "", 'Unit Type (31)'!B69)","IF(ISBLANK('Unit Type (31)'!C69), "" "", 'Unit Type (31)'!C69)",B2014*'Summary Sheet'!$C$33
2015,"IF(ISBLANK('Unit Type (31)'!B70), "" "", 'Unit Type (31)'!B70)","IF(ISBLANK('Unit Type (31)'!C70), "" "", 'Unit Type (31)'!C70)",B2015*'Summary Sheet'!$C$33
2016,"IF(ISBLANK('Unit Type (32)'!B6), "" "", 'Unit Type (32)'!B6)","IF(ISBLANK('Unit Type (32)'!C6), "" "", 'Unit Type (32)'!C6)",B2016*'Summary Sheet'!$C$34
2017,"IF(ISBLANK('Unit Type (32)'!B7), "" "", 'Unit Type (32)'!B7)","IF(ISBLANK('Unit Type (32)'!C7), "" "", 'Unit Type (32)'!C7)",B2017*'Summary Sheet'!$C$34
2018,"IF(ISBLANK('Unit Type (32)'!B8), "" "", 'Unit Type (32)'!B8)","IF(ISBLANK('Unit Type (32)'!C8), "" "", 'Unit Type (32)'!C8)",B2018*'Summary Sheet'!$C$34
2019,"IF(ISBLANK('Unit Type (32)'!B9), "" "", 'Unit Type (32)'!B9)","IF(ISBLANK('Unit Type (32)'!C9), "" "", 'Unit Type (32)'!C9)",B2019*'Summary Sheet'!$C$34
2020,"IF(ISBLANK('Unit Type (32)'!B10), "" "", 'Unit Type (32)'!B10)","IF(ISBLANK('Unit Type (32)'!C10), "" "", 'Unit Type (32)'!C10)",B2020*'Summary Sheet'!$C$34
2021,"IF(ISBLANK('Unit Type (32)'!B11), "" "", 'Unit Type (32)'!B11)","IF(ISBLANK('Unit Type (32)'!C11), "" "", 'Unit Type (32)'!C11)",B2021*'Summary Sheet'!$C$34
2022,"IF(ISBLANK('Unit Type (32)'!B12), "" "", 'Unit Type (32)'!B12)","IF(ISBLANK('Unit Type (32)'!C12), "" "", 'Unit Type (32)'!C12)",B2022*'Summary Sheet'!$C$34
2023,"IF(ISBLANK('Unit Type (32)'!B13), "" "", 'Unit Type (32)'!B13)","IF(ISBLANK('Unit Type (32)'!C13), "" "", 'Unit Type (32)'!C13)",B2023*'Summary Sheet'!$C$34
2024,"IF(ISBLANK('Unit Type (32)'!B14), "" "", 'Unit Type (32)'!B14)","IF(ISBLANK('Unit Type (32)'!C14), "" "", 'Unit Type (32)'!C14)",B2024*'Summary Sheet'!$C$34
2025,"IF(ISBLANK('Unit Type (32)'!B15), "" "", 'Unit Type (32)'!B15)","IF(ISBLANK('Unit Type (32)'!C15), "" "", 'Unit Type (32)'!C15)",B2025*'Summary Sheet'!$C$34
2026,"IF(ISBLANK('Unit Type (32)'!B16), "" "", 'Unit Type (32)'!B16)","IF(ISBLANK('Unit Type (32)'!C16), "" "", 'Unit Type (32)'!C16)",B2026*'Summary Sheet'!$C$34
2027,"IF(ISBLANK('Unit Type (32)'!B17), "" "", 'Unit Type (32)'!B17)","IF(ISBLANK('Unit Type (32)'!C17), "" "", 'Unit Type (32)'!C17)",B2027*'Summary Sheet'!$C$34
2028,"IF(ISBLANK('Unit Type (32)'!B18), "" "", 'Unit Type (32)'!B18)","IF(ISBLANK('Unit Type (32)'!C18), "" "", 'Unit Type (32)'!C18)",B2028*'Summary Sheet'!$C$34
2029,"IF(ISBLANK('Unit Type (32)'!B19), "" "", 'Unit Type (32)'!B19)","IF(ISBLANK('Unit Type (32)'!C19), "" "", 'Unit Type (32)'!C19)",B2029*'Summary Sheet'!$C$34
2030,"IF(ISBLANK('Unit Type (32)'!B20), "" "", 'Unit Type (32)'!B20)","IF(ISBLANK('Unit Type (32)'!C20), "" "", 'Unit Type (32)'!C20)",B2030*'Summary Sheet'!$C$34
2031,"IF(ISBLANK('Unit Type (32)'!B21), "" "", 'Unit Type (32)'!B21)","IF(ISBLANK('Unit Type (32)'!C21), "" "", 'Unit Type (32)'!C21)",B2031*'Summary Sheet'!$C$34
2032,"IF(ISBLANK('Unit Type (32)'!B22), "" "", 'Unit Type (32)'!B22)","IF(ISBLANK('Unit Type (32)'!C22), "" "", 'Unit Type (32)'!C22)",B2032*'Summary Sheet'!$C$34
2033,"IF(ISBLANK('Unit Type (32)'!B23), "" "", 'Unit Type (32)'!B23)","IF(ISBLANK('Unit Type (32)'!C23), "" "", 'Unit Type (32)'!C23)",B2033*'Summary Sheet'!$C$34
2034,"IF(ISBLANK('Unit Type (32)'!B24), "" "", 'Unit Type (32)'!B24)","IF(ISBLANK('Unit Type (32)'!C24), "" "", 'Unit Type (32)'!C24)",B2034*'Summary Sheet'!$C$34
2035,"IF(ISBLANK('Unit Type (32)'!B25), "" "", 'Unit Type (32)'!B25)","IF(ISBLANK('Unit Type (32)'!C25), "" "", 'Unit Type (32)'!C25)",B2035*'Summary Sheet'!$C$34
2036,"IF(ISBLANK('Unit Type (32)'!B26), "" "", 'Unit Type (32)'!B26)","IF(ISBLANK('Unit Type (32)'!C26), "" "", 'Unit Type (32)'!C26)",B2036*'Summary Sheet'!$C$34
2037,"IF(ISBLANK('Unit Type (32)'!B27), "" "", 'Unit Type (32)'!B27)","IF(ISBLANK('Unit Type (32)'!C27), "" "", 'Unit Type (32)'!C27)",B2037*'Summary Sheet'!$C$34
2038,"IF(ISBLANK('Unit Type (32)'!B28), "" "", 'Unit Type (32)'!B28)","IF(ISBLANK('Unit Type (32)'!C28), "" "", 'Unit Type (32)'!C28)",B2038*'Summary Sheet'!$C$34
2039,"IF(ISBLANK('Unit Type (32)'!B29), "" "", 'Unit Type (32)'!B29)","IF(ISBLANK('Unit Type (32)'!C29), "" "", 'Unit Type (32)'!C29)",B2039*'Summary Sheet'!$C$34
2040,"IF(ISBLANK('Unit Type (32)'!B30), "" "", 'Unit Type (32)'!B30)","IF(ISBLANK('Unit Type (32)'!C30), "" "", 'Unit Type (32)'!C30)",B2040*'Summary Sheet'!$C$34
2041,"IF(ISBLANK('Unit Type (32)'!B31), "" "", 'Unit Type (32)'!B31)","IF(ISBLANK('Unit Type (32)'!C31), "" "", 'Unit Type (32)'!C31)",B2041*'Summary Sheet'!$C$34
2042,"IF(ISBLANK('Unit Type (32)'!B32), "" "", 'Unit Type (32)'!B32)","IF(ISBLANK('Unit Type (32)'!C32), "" "", 'Unit Type (32)'!C32)",B2042*'Summary Sheet'!$C$34
2043,"IF(ISBLANK('Unit Type (32)'!B33), "" "", 'Unit Type (32)'!B33)","IF(ISBLANK('Unit Type (32)'!C33), "" "", 'Unit Type (32)'!C33)",B2043*'Summary Sheet'!$C$34
2044,"IF(ISBLANK('Unit Type (32)'!B34), "" "", 'Unit Type (32)'!B34)","IF(ISBLANK('Unit Type (32)'!C34), "" "", 'Unit Type (32)'!C34)",B2044*'Summary Sheet'!$C$34
2045,"IF(ISBLANK('Unit Type (32)'!B35), "" "", 'Unit Type (32)'!B35)","IF(ISBLANK('Unit Type (32)'!C35), "" "", 'Unit Type (32)'!C35)",B2045*'Summary Sheet'!$C$34
2046,"IF(ISBLANK('Unit Type (32)'!B36), "" "", 'Unit Type (32)'!B36)","IF(ISBLANK('Unit Type (32)'!C36), "" "", 'Unit Type (32)'!C36)",B2046*'Summary Sheet'!$C$34
2047,"IF(ISBLANK('Unit Type (32)'!B37), "" "", 'Unit Type (32)'!B37)","IF(ISBLANK('Unit Type (32)'!C37), "" "", 'Unit Type (32)'!C37)",B2047*'Summary Sheet'!$C$34
2048,"IF(ISBLANK('Unit Type (32)'!B38), "" "", 'Unit Type (32)'!B38)","IF(ISBLANK('Unit Type (32)'!C38), "" "", 'Unit Type (32)'!C38)",B2048*'Summary Sheet'!$C$34
2049,"IF(ISBLANK('Unit Type (32)'!B39), "" "", 'Unit Type (32)'!B39)","IF(ISBLANK('Unit Type (32)'!C39), "" "", 'Unit Type (32)'!C39)",B2049*'Summary Sheet'!$C$34
2050,"IF(ISBLANK('Unit Type (32)'!B40), "" "", 'Unit Type (32)'!B40)","IF(ISBLANK('Unit Type (32)'!C40), "" "", 'Unit Type (32)'!C40)",B2050*'Summary Sheet'!$C$34
2051,"IF(ISBLANK('Unit Type (32)'!B41), "" "", 'Unit Type (32)'!B41)","IF(ISBLANK('Unit Type (32)'!C41), "" "", 'Unit Type (32)'!C41)",B2051*'Summary Sheet'!$C$34
2052,"IF(ISBLANK('Unit Type (32)'!B42), "" "", 'Unit Type (32)'!B42)","IF(ISBLANK('Unit Type (32)'!C42), "" "", 'Unit Type (32)'!C42)",B2052*'Summary Sheet'!$C$34
2053,"IF(ISBLANK('Unit Type (32)'!B43), "" "", 'Unit Type (32)'!B43)","IF(ISBLANK('Unit Type (32)'!C43), "" "", 'Unit Type (32)'!C43)",B2053*'Summary Sheet'!$C$34
2054,"IF(ISBLANK('Unit Type (32)'!B44), "" "", 'Unit Type (32)'!B44)","IF(ISBLANK('Unit Type (32)'!C44), "" "", 'Unit Type (32)'!C44)",B2054*'Summary Sheet'!$C$34
2055,"IF(ISBLANK('Unit Type (32)'!B45), "" "", 'Unit Type (32)'!B45)","IF(ISBLANK('Unit Type (32)'!C45), "" "", 'Unit Type (32)'!C45)",B2055*'Summary Sheet'!$C$34
2056,"IF(ISBLANK('Unit Type (32)'!B46), "" "", 'Unit Type (32)'!B46)","IF(ISBLANK('Unit Type (32)'!C46), "" "", 'Unit Type (32)'!C46)",B2056*'Summary Sheet'!$C$34
2057,"IF(ISBLANK('Unit Type (32)'!B47), "" "", 'Unit Type (32)'!B47)","IF(ISBLANK('Unit Type (32)'!C47), "" "", 'Unit Type (32)'!C47)",B2057*'Summary Sheet'!$C$34
2058,"IF(ISBLANK('Unit Type (32)'!B48), "" "", 'Unit Type (32)'!B48)","IF(ISBLANK('Unit Type (32)'!C48), "" "", 'Unit Type (32)'!C48)",B2058*'Summary Sheet'!$C$34
2059,"IF(ISBLANK('Unit Type (32)'!B49), "" "", 'Unit Type (32)'!B49)","IF(ISBLANK('Unit Type (32)'!C49), "" "", 'Unit Type (32)'!C49)",B2059*'Summary Sheet'!$C$34
2060,"IF(ISBLANK('Unit Type (32)'!B50), "" "", 'Unit Type (32)'!B50)","IF(ISBLANK('Unit Type (32)'!C50), "" "", 'Unit Type (32)'!C50)",B2060*'Summary Sheet'!$C$34
2061,"IF(ISBLANK('Unit Type (32)'!B51), "" "", 'Unit Type (32)'!B51)","IF(ISBLANK('Unit Type (32)'!C51), "" "", 'Unit Type (32)'!C51)",B2061*'Summary Sheet'!$C$34
2062,"IF(ISBLANK('Unit Type (32)'!B52), "" "", 'Unit Type (32)'!B52)","IF(ISBLANK('Unit Type (32)'!C52), "" "", 'Unit Type (32)'!C52)",B2062*'Summary Sheet'!$C$34
2063,"IF(ISBLANK('Unit Type (32)'!B53), "" "", 'Unit Type (32)'!B53)","IF(ISBLANK('Unit Type (32)'!C53), "" "", 'Unit Type (32)'!C53)",B2063*'Summary Sheet'!$C$34
2064,"IF(ISBLANK('Unit Type (32)'!B54), "" "", 'Unit Type (32)'!B54)","IF(ISBLANK('Unit Type (32)'!C54), "" "", 'Unit Type (32)'!C54)",B2064*'Summary Sheet'!$C$34
2065,"IF(ISBLANK('Unit Type (32)'!B55), "" "", 'Unit Type (32)'!B55)","IF(ISBLANK('Unit Type (32)'!C55), "" "", 'Unit Type (32)'!C55)",B2065*'Summary Sheet'!$C$34
2066,"IF(ISBLANK('Unit Type (32)'!B56), "" "", 'Unit Type (32)'!B56)","IF(ISBLANK('Unit Type (32)'!C56), "" "", 'Unit Type (32)'!C56)",B2066*'Summary Sheet'!$C$34
2067,"IF(ISBLANK('Unit Type (32)'!B57), "" "", 'Unit Type (32)'!B57)","IF(ISBLANK('Unit Type (32)'!C57), "" "", 'Unit Type (32)'!C57)",B2067*'Summary Sheet'!$C$34
2068,"IF(ISBLANK('Unit Type (32)'!B58), "" "", 'Unit Type (32)'!B58)","IF(ISBLANK('Unit Type (32)'!C58), "" "", 'Unit Type (32)'!C58)",B2068*'Summary Sheet'!$C$34
2069,"IF(ISBLANK('Unit Type (32)'!B59), "" "", 'Unit Type (32)'!B59)","IF(ISBLANK('Unit Type (32)'!C59), "" "", 'Unit Type (32)'!C59)",B2069*'Summary Sheet'!$C$34
2070,"IF(ISBLANK('Unit Type (32)'!B60), "" "", 'Unit Type (32)'!B60)","IF(ISBLANK('Unit Type (32)'!C60), "" "", 'Unit Type (32)'!C60)",B2070*'Summary Sheet'!$C$34
2071,"IF(ISBLANK('Unit Type (32)'!B61), "" "", 'Unit Type (32)'!B61)","IF(ISBLANK('Unit Type (32)'!C61), "" "", 'Unit Type (32)'!C61)",B2071*'Summary Sheet'!$C$34
2072,"IF(ISBLANK('Unit Type (32)'!B62), "" "", 'Unit Type (32)'!B62)","IF(ISBLANK('Unit Type (32)'!C62), "" "", 'Unit Type (32)'!C62)",B2072*'Summary Sheet'!$C$34
2073,"IF(ISBLANK('Unit Type (32)'!B63), "" "", 'Unit Type (32)'!B63)","IF(ISBLANK('Unit Type (32)'!C63), "" "", 'Unit Type (32)'!C63)",B2073*'Summary Sheet'!$C$34
2074,"IF(ISBLANK('Unit Type (32)'!B64), "" "", 'Unit Type (32)'!B64)","IF(ISBLANK('Unit Type (32)'!C64), "" "", 'Unit Type (32)'!C64)",B2074*'Summary Sheet'!$C$34
2075,"IF(ISBLANK('Unit Type (32)'!B65), "" "", 'Unit Type (32)'!B65)","IF(ISBLANK('Unit Type (32)'!C65), "" "", 'Unit Type (32)'!C65)",B2075*'Summary Sheet'!$C$34
2076,"IF(ISBLANK('Unit Type (32)'!B66), "" "", 'Unit Type (32)'!B66)","IF(ISBLANK('Unit Type (32)'!C66), "" "", 'Unit Type (32)'!C66)",B2076*'Summary Sheet'!$C$34
2077,"IF(ISBLANK('Unit Type (32)'!B67), "" "", 'Unit Type (32)'!B67)","IF(ISBLANK('Unit Type (32)'!C67), "" "", 'Unit Type (32)'!C67)",B2077*'Summary Sheet'!$C$34
2078,"IF(ISBLANK('Unit Type (32)'!B68), "" "", 'Unit Type (32)'!B68)","IF(ISBLANK('Unit Type (32)'!C68), "" "", 'Unit Type (32)'!C68)",B2078*'Summary Sheet'!$C$34
2079,"IF(ISBLANK('Unit Type (32)'!B69), "" "", 'Unit Type (32)'!B69)","IF(ISBLANK('Unit Type (32)'!C69), "" "", 'Unit Type (32)'!C69)",B2079*'Summary Sheet'!$C$34
2080,"IF(ISBLANK('Unit Type (32)'!B70), "" "", 'Unit Type (32)'!B70)","IF(ISBLANK('Unit Type (32)'!C70), "" "", 'Unit Type (32)'!C70)",B2080*'Summary Sheet'!$C$34
2081,"IF(ISBLANK('Unit Type (33)'!B6), "" "", 'Unit Type (33)'!B6)","IF(ISBLANK('Unit Type (33)'!C6), "" "", 'Unit Type (33)'!C6)",B2081*'Summary Sheet'!$C$35
2082,"IF(ISBLANK('Unit Type (33)'!B7), "" "", 'Unit Type (33)'!B7)","IF(ISBLANK('Unit Type (33)'!C7), "" "", 'Unit Type (33)'!C7)",B2082*'Summary Sheet'!$C$35
2083,"IF(ISBLANK('Unit Type (33)'!B8), "" "", 'Unit Type (33)'!B8)","IF(ISBLANK('Unit Type (33)'!C8), "" "", 'Unit Type (33)'!C8)",B2083*'Summary Sheet'!$C$35
2084,"IF(ISBLANK('Unit Type (33)'!B9), "" "", 'Unit Type (33)'!B9)","IF(ISBLANK('Unit Type (33)'!C9), "" "", 'Unit Type (33)'!C9)",B2084*'Summary Sheet'!$C$35
2085,"IF(ISBLANK('Unit Type (33)'!B10), "" "", 'Unit Type (33)'!B10)","IF(ISBLANK('Unit Type (33)'!C10), "" "", 'Unit Type (33)'!C10)",B2085*'Summary Sheet'!$C$35
2086,"IF(ISBLANK('Unit Type (33)'!B11), "" "", 'Unit Type (33)'!B11)","IF(ISBLANK('Unit Type (33)'!C11), "" "", 'Unit Type (33)'!C11)",B2086*'Summary Sheet'!$C$35
2087,"IF(ISBLANK('Unit Type (33)'!B12), "" "", 'Unit Type (33)'!B12)","IF(ISBLANK('Unit Type (33)'!C12), "" "", 'Unit Type (33)'!C12)",B2087*'Summary Sheet'!$C$35
2088,"IF(ISBLANK('Unit Type (33)'!B13), "" "", 'Unit Type (33)'!B13)","IF(ISBLANK('Unit Type (33)'!C13), "" "", 'Unit Type (33)'!C13)",B2088*'Summary Sheet'!$C$35
2089,"IF(ISBLANK('Unit Type (33)'!B14), "" "", 'Unit Type (33)'!B14)","IF(ISBLANK('Unit Type (33)'!C14), "" "", 'Unit Type (33)'!C14)",B2089*'Summary Sheet'!$C$35
2090,"IF(ISBLANK('Unit Type (33)'!B15), "" "", 'Unit Type (33)'!B15)","IF(ISBLANK('Unit Type (33)'!C15), "" "", 'Unit Type (33)'!C15)",B2090*'Summary Sheet'!$C$35
2091,"IF(ISBLANK('Unit Type (33)'!B16), "" "", 'Unit Type (33)'!B16)","IF(ISBLANK('Unit Type (33)'!C16), "" "", 'Unit Type (33)'!C16)",B2091*'Summary Sheet'!$C$35
2092,"IF(ISBLANK('Unit Type (33)'!B17), "" "", 'Unit Type (33)'!B17)","IF(ISBLANK('Unit Type (33)'!C17), "" "", 'Unit Type (33)'!C17)",B2092*'Summary Sheet'!$C$35
2093,"IF(ISBLANK('Unit Type (33)'!B18), "" "", 'Unit Type (33)'!B18)","IF(ISBLANK('Unit Type (33)'!C18), "" "", 'Unit Type (33)'!C18)",B2093*'Summary Sheet'!$C$35
2094,"IF(ISBLANK('Unit Type (33)'!B19), "" "", 'Unit Type (33)'!B19)","IF(ISBLANK('Unit Type (33)'!C19), "" "", 'Unit Type (33)'!C19)",B2094*'Summary Sheet'!$C$35
2095,"IF(ISBLANK('Unit Type (33)'!B20), "" "", 'Unit Type (33)'!B20)","IF(ISBLANK('Unit Type (33)'!C20), "" "", 'Unit Type (33)'!C20)",B2095*'Summary Sheet'!$C$35
2096,"IF(ISBLANK('Unit Type (33)'!B21), "" "", 'Unit Type (33)'!B21)","IF(ISBLANK('Unit Type (33)'!C21), "" "", 'Unit Type (33)'!C21)",B2096*'Summary Sheet'!$C$35
2097,"IF(ISBLANK('Unit Type (33)'!B22), "" "", 'Unit Type (33)'!B22)","IF(ISBLANK('Unit Type (33)'!C22), "" "", 'Unit Type (33)'!C22)",B2097*'Summary Sheet'!$C$35
2098,"IF(ISBLANK('Unit Type (33)'!B23), "" "", 'Unit Type (33)'!B23)","IF(ISBLANK('Unit Type (33)'!C23), "" "", 'Unit Type (33)'!C23)",B2098*'Summary Sheet'!$C$35
2099,"IF(ISBLANK('Unit Type (33)'!B24), "" "", 'Unit Type (33)'!B24)","IF(ISBLANK('Unit Type (33)'!C24), "" "", 'Unit Type (33)'!C24)",B2099*'Summary Sheet'!$C$35
2100,"IF(ISBLANK('Unit Type (33)'!B25), "" "", 'Unit Type (33)'!B25)","IF(ISBLANK('Unit Type (33)'!C25), "" "", 'Unit Type (33)'!C25)",B2100*'Summary Sheet'!$C$35
2101,"IF(ISBLANK('Unit Type (33)'!B26), "" "", 'Unit Type (33)'!B26)","IF(ISBLANK('Unit Type (33)'!C26), "" "", 'Unit Type (33)'!C26)",B2101*'Summary Sheet'!$C$35
2102,"IF(ISBLANK('Unit Type (33)'!B27), "" "", 'Unit Type (33)'!B27)","IF(ISBLANK('Unit Type (33)'!C27), "" "", 'Unit Type (33)'!C27)",B2102*'Summary Sheet'!$C$35
2103,"IF(ISBLANK('Unit Type (33)'!B28), "" "", 'Unit Type (33)'!B28)","IF(ISBLANK('Unit Type (33)'!C28), "" "", 'Unit Type (33)'!C28)",B2103*'Summary Sheet'!$C$35
2104,"IF(ISBLANK('Unit Type (33)'!B29), "" "", 'Unit Type (33)'!B29)","IF(ISBLANK('Unit Type (33)'!C29), "" "", 'Unit Type (33)'!C29)",B2104*'Summary Sheet'!$C$35
2105,"IF(ISBLANK('Unit Type (33)'!B30), "" "", 'Unit Type (33)'!B30)","IF(ISBLANK('Unit Type (33)'!C30), "" "", 'Unit Type (33)'!C30)",B2105*'Summary Sheet'!$C$35
2106,"IF(ISBLANK('Unit Type (33)'!B31), "" "", 'Unit Type (33)'!B31)","IF(ISBLANK('Unit Type (33)'!C31), "" "", 'Unit Type (33)'!C31)",B2106*'Summary Sheet'!$C$35
2107,"IF(ISBLANK('Unit Type (33)'!B32), "" "", 'Unit Type (33)'!B32)","IF(ISBLANK('Unit Type (33)'!C32), "" "", 'Unit Type (33)'!C32)",B2107*'Summary Sheet'!$C$35
2108,"IF(ISBLANK('Unit Type (33)'!B33), "" "", 'Unit Type (33)'!B33)","IF(ISBLANK('Unit Type (33)'!C33), "" "", 'Unit Type (33)'!C33)",B2108*'Summary Sheet'!$C$35
2109,"IF(ISBLANK('Unit Type (33)'!B34), "" "", 'Unit Type (33)'!B34)","IF(ISBLANK('Unit Type (33)'!C34), "" "", 'Unit Type (33)'!C34)",B2109*'Summary Sheet'!$C$35
2110,"IF(ISBLANK('Unit Type (33)'!B35), "" "", 'Unit Type (33)'!B35)","IF(ISBLANK('Unit Type (33)'!C35), "" "", 'Unit Type (33)'!C35)",B2110*'Summary Sheet'!$C$35
2111,"IF(ISBLANK('Unit Type (33)'!B36), "" "", 'Unit Type (33)'!B36)","IF(ISBLANK('Unit Type (33)'!C36), "" "", 'Unit Type (33)'!C36)",B2111*'Summary Sheet'!$C$35
2112,"IF(ISBLANK('Unit Type (33)'!B37), "" "", 'Unit Type (33)'!B37)","IF(ISBLANK('Unit Type (33)'!C37), "" "", 'Unit Type (33)'!C37)",B2112*'Summary Sheet'!$C$35
2113,"IF(ISBLANK('Unit Type (33)'!B38), "" "", 'Unit Type (33)'!B38)","IF(ISBLANK('Unit Type (33)'!C38), "" "", 'Unit Type (33)'!C38)",B2113*'Summary Sheet'!$C$35
2114,"IF(ISBLANK('Unit Type (33)'!B39), "" "", 'Unit Type (33)'!B39)","IF(ISBLANK('Unit Type (33)'!C39), "" "", 'Unit Type (33)'!C39)",B2114*'Summary Sheet'!$C$35
2115,"IF(ISBLANK('Unit Type (33)'!B40), "" "", 'Unit Type (33)'!B40)","IF(ISBLANK('Unit Type (33)'!C40), "" "", 'Unit Type (33)'!C40)",B2115*'Summary Sheet'!$C$35
2116,"IF(ISBLANK('Unit Type (33)'!B41), "" "", 'Unit Type (33)'!B41)","IF(ISBLANK('Unit Type (33)'!C41), "" "", 'Unit Type (33)'!C41)",B2116*'Summary Sheet'!$C$35
2117,"IF(ISBLANK('Unit Type (33)'!B42), "" "", 'Unit Type (33)'!B42)","IF(ISBLANK('Unit Type (33)'!C42), "" "", 'Unit Type (33)'!C42)",B2117*'Summary Sheet'!$C$35
2118,"IF(ISBLANK('Unit Type (33)'!B43), "" "", 'Unit Type (33)'!B43)","IF(ISBLANK('Unit Type (33)'!C43), "" "", 'Unit Type (33)'!C43)",B2118*'Summary Sheet'!$C$35
2119,"IF(ISBLANK('Unit Type (33)'!B44), "" "", 'Unit Type (33)'!B44)","IF(ISBLANK('Unit Type (33)'!C44), "" "", 'Unit Type (33)'!C44)",B2119*'Summary Sheet'!$C$35
2120,"IF(ISBLANK('Unit Type (33)'!B45), "" "", 'Unit Type (33)'!B45)","IF(ISBLANK('Unit Type (33)'!C45), "" "", 'Unit Type (33)'!C45)",B2120*'Summary Sheet'!$C$35
2121,"IF(ISBLANK('Unit Type (33)'!B46), "" "", 'Unit Type (33)'!B46)","IF(ISBLANK('Unit Type (33)'!C46), "" "", 'Unit Type (33)'!C46)",B2121*'Summary Sheet'!$C$35
2122,"IF(ISBLANK('Unit Type (33)'!B47), "" "", 'Unit Type (33)'!B47)","IF(ISBLANK('Unit Type (33)'!C47), "" "", 'Unit Type (33)'!C47)",B2122*'Summary Sheet'!$C$35
2123,"IF(ISBLANK('Unit Type (33)'!B48), "" "", 'Unit Type (33)'!B48)","IF(ISBLANK('Unit Type (33)'!C48), "" "", 'Unit Type (33)'!C48)",B2123*'Summary Sheet'!$C$35
2124,"IF(ISBLANK('Unit Type (33)'!B49), "" "", 'Unit Type (33)'!B49)","IF(ISBLANK('Unit Type (33)'!C49), "" "", 'Unit Type (33)'!C49)",B2124*'Summary Sheet'!$C$35
2125,"IF(ISBLANK('Unit Type (33)'!B50), "" "", 'Unit Type (33)'!B50)","IF(ISBLANK('Unit Type (33)'!C50), "" "", 'Unit Type (33)'!C50)",B2125*'Summary Sheet'!$C$35
2126,"IF(ISBLANK('Unit Type (33)'!B51), "" "", 'Unit Type (33)'!B51)","IF(ISBLANK('Unit Type (33)'!C51), "" "", 'Unit Type (33)'!C51)",B2126*'Summary Sheet'!$C$35
2127,"IF(ISBLANK('Unit Type (33)'!B52), "" "", 'Unit Type (33)'!B52)","IF(ISBLANK('Unit Type (33)'!C52), "" "", 'Unit Type (33)'!C52)",B2127*'Summary Sheet'!$C$35
2128,"IF(ISBLANK('Unit Type (33)'!B53), "" "", 'Unit Type (33)'!B53)","IF(ISBLANK('Unit Type (33)'!C53), "" "", 'Unit Type (33)'!C53)",B2128*'Summary Sheet'!$C$35
2129,"IF(ISBLANK('Unit Type (33)'!B54), "" "", 'Unit Type (33)'!B54)","IF(ISBLANK('Unit Type (33)'!C54), "" "", 'Unit Type (33)'!C54)",B2129*'Summary Sheet'!$C$35
2130,"IF(ISBLANK('Unit Type (33)'!B55), "" "", 'Unit Type (33)'!B55)","IF(ISBLANK('Unit Type (33)'!C55), "" "", 'Unit Type (33)'!C55)",B2130*'Summary Sheet'!$C$35
2131,"IF(ISBLANK('Unit Type (33)'!B56), "" "", 'Unit Type (33)'!B56)","IF(ISBLANK('Unit Type (33)'!C56), "" "", 'Unit Type (33)'!C56)",B2131*'Summary Sheet'!$C$35
2132,"IF(ISBLANK('Unit Type (33)'!B57), "" "", 'Unit Type (33)'!B57)","IF(ISBLANK('Unit Type (33)'!C57), "" "", 'Unit Type (33)'!C57)",B2132*'Summary Sheet'!$C$35
2133,"IF(ISBLANK('Unit Type (33)'!B58), "" "", 'Unit Type (33)'!B58)","IF(ISBLANK('Unit Type (33)'!C58), "" "", 'Unit Type (33)'!C58)",B2133*'Summary Sheet'!$C$35
2134,"IF(ISBLANK('Unit Type (33)'!B59), "" "", 'Unit Type (33)'!B59)","IF(ISBLANK('Unit Type (33)'!C59), "" "", 'Unit Type (33)'!C59)",B2134*'Summary Sheet'!$C$35
2135,"IF(ISBLANK('Unit Type (33)'!B60), "" "", 'Unit Type (33)'!B60)","IF(ISBLANK('Unit Type (33)'!C60), "" "", 'Unit Type (33)'!C60)",B2135*'Summary Sheet'!$C$35
2136,"IF(ISBLANK('Unit Type (33)'!B61), "" "", 'Unit Type (33)'!B61)","IF(ISBLANK('Unit Type (33)'!C61), "" "", 'Unit Type (33)'!C61)",B2136*'Summary Sheet'!$C$35
2137,"IF(ISBLANK('Unit Type (33)'!B62), "" "", 'Unit Type (33)'!B62)","IF(ISBLANK('Unit Type (33)'!C62), "" "", 'Unit Type (33)'!C62)",B2137*'Summary Sheet'!$C$35
2138,"IF(ISBLANK('Unit Type (33)'!B63), "" "", 'Unit Type (33)'!B63)","IF(ISBLANK('Unit Type (33)'!C63), "" "", 'Unit Type (33)'!C63)",B2138*'Summary Sheet'!$C$35
2139,"IF(ISBLANK('Unit Type (33)'!B64), "" "", 'Unit Type (33)'!B64)","IF(ISBLANK('Unit Type (33)'!C64), "" "", 'Unit Type (33)'!C64)",B2139*'Summary Sheet'!$C$35
2140,"IF(ISBLANK('Unit Type (33)'!B65), "" "", 'Unit Type (33)'!B65)","IF(ISBLANK('Unit Type (33)'!C65), "" "", 'Unit Type (33)'!C65)",B2140*'Summary Sheet'!$C$35
2141,"IF(ISBLANK('Unit Type (33)'!B66), "" "", 'Unit Type (33)'!B66)","IF(ISBLANK('Unit Type (33)'!C66), "" "", 'Unit Type (33)'!C66)",B2141*'Summary Sheet'!$C$35
2142,"IF(ISBLANK('Unit Type (33)'!B67), "" "", 'Unit Type (33)'!B67)","IF(ISBLANK('Unit Type (33)'!C67), "" "", 'Unit Type (33)'!C67)",B2142*'Summary Sheet'!$C$35
2143,"IF(ISBLANK('Unit Type (33)'!B68), "" "", 'Unit Type (33)'!B68)","IF(ISBLANK('Unit Type (33)'!C68), "" "", 'Unit Type (33)'!C68)",B2143*'Summary Sheet'!$C$35
2144,"IF(ISBLANK('Unit Type (33)'!B69), "" "", 'Unit Type (33)'!B69)","IF(ISBLANK('Unit Type (33)'!C69), "" "", 'Unit Type (33)'!C69)",B2144*'Summary Sheet'!$C$35
2145,"IF(ISBLANK('Unit Type (33)'!B70), "" "", 'Unit Type (33)'!B70)","IF(ISBLANK('Unit Type (33)'!C70), "" "", 'Unit Type (33)'!C70)",B2145*'Summary Sheet'!$C$35
2146,"IF(ISBLANK('Unit Type (34)'!B6), "" "", 'Unit Type (34)'!B6)","IF(ISBLANK('Unit Type (34)'!C6), "" "", 'Unit Type (34)'!C6)",B2146*'Summary Sheet'!$C$36
2147,"IF(ISBLANK('Unit Type (34)'!B7), "" "", 'Unit Type (34)'!B7)","IF(ISBLANK('Unit Type (34)'!C7), "" "", 'Unit Type (34)'!C7)",B2147*'Summary Sheet'!$C$36
2148,"IF(ISBLANK('Unit Type (34)'!B8), "" "", 'Unit Type (34)'!B8)","IF(ISBLANK('Unit Type (34)'!C8), "" "", 'Unit Type (34)'!C8)",B2148*'Summary Sheet'!$C$36
2149,"IF(ISBLANK('Unit Type (34)'!B9), "" "", 'Unit Type (34)'!B9)","IF(ISBLANK('Unit Type (34)'!C9), "" "", 'Unit Type (34)'!C9)",B2149*'Summary Sheet'!$C$36
2150,"IF(ISBLANK('Unit Type (34)'!B10), "" "", 'Unit Type (34)'!B10)","IF(ISBLANK('Unit Type (34)'!C10), "" "", 'Unit Type (34)'!C10)",B2150*'Summary Sheet'!$C$36
2151,"IF(ISBLANK('Unit Type (34)'!B11), "" "", 'Unit Type (34)'!B11)","IF(ISBLANK('Unit Type (34)'!C11), "" "", 'Unit Type (34)'!C11)",B2151*'Summary Sheet'!$C$36
2152,"IF(ISBLANK('Unit Type (34)'!B12), "" "", 'Unit Type (34)'!B12)","IF(ISBLANK('Unit Type (34)'!C12), "" "", 'Unit Type (34)'!C12)",B2152*'Summary Sheet'!$C$36
2153,"IF(ISBLANK('Unit Type (34)'!B13), "" "", 'Unit Type (34)'!B13)","IF(ISBLANK('Unit Type (34)'!C13), "" "", 'Unit Type (34)'!C13)",B2153*'Summary Sheet'!$C$36
2154,"IF(ISBLANK('Unit Type (34)'!B14), "" "", 'Unit Type (34)'!B14)","IF(ISBLANK('Unit Type (34)'!C14), "" "", 'Unit Type (34)'!C14)",B2154*'Summary Sheet'!$C$36
2155,"IF(ISBLANK('Unit Type (34)'!B15), "" "", 'Unit Type (34)'!B15)","IF(ISBLANK('Unit Type (34)'!C15), "" "", 'Unit Type (34)'!C15)",B2155*'Summary Sheet'!$C$36
2156,"IF(ISBLANK('Unit Type (34)'!B16), "" "", 'Unit Type (34)'!B16)","IF(ISBLANK('Unit Type (34)'!C16), "" "", 'Unit Type (34)'!C16)",B2156*'Summary Sheet'!$C$36
2157,"IF(ISBLANK('Unit Type (34)'!B17), "" "", 'Unit Type (34)'!B17)","IF(ISBLANK('Unit Type (34)'!C17), "" "", 'Unit Type (34)'!C17)",B2157*'Summary Sheet'!$C$36
2158,"IF(ISBLANK('Unit Type (34)'!B18), "" "", 'Unit Type (34)'!B18)","IF(ISBLANK('Unit Type (34)'!C18), "" "", 'Unit Type (34)'!C18)",B2158*'Summary Sheet'!$C$36
2159,"IF(ISBLANK('Unit Type (34)'!B19), "" "", 'Unit Type (34)'!B19)","IF(ISBLANK('Unit Type (34)'!C19), "" "", 'Unit Type (34)'!C19)",B2159*'Summary Sheet'!$C$36
2160,"IF(ISBLANK('Unit Type (34)'!B20), "" "", 'Unit Type (34)'!B20)","IF(ISBLANK('Unit Type (34)'!C20), "" "", 'Unit Type (34)'!C20)",B2160*'Summary Sheet'!$C$36
2161,"IF(ISBLANK('Unit Type (34)'!B21), "" "", 'Unit Type (34)'!B21)","IF(ISBLANK('Unit Type (34)'!C21), "" "", 'Unit Type (34)'!C21)",B2161*'Summary Sheet'!$C$36
2162,"IF(ISBLANK('Unit Type (34)'!B22), "" "", 'Unit Type (34)'!B22)","IF(ISBLANK('Unit Type (34)'!C22), "" "", 'Unit Type (34)'!C22)",B2162*'Summary Sheet'!$C$36
2163,"IF(ISBLANK('Unit Type (34)'!B23), "" "", 'Unit Type (34)'!B23)","IF(ISBLANK('Unit Type (34)'!C23), "" "", 'Unit Type (34)'!C23)",B2163*'Summary Sheet'!$C$36
2164,"IF(ISBLANK('Unit Type (34)'!B24), "" "", 'Unit Type (34)'!B24)","IF(ISBLANK('Unit Type (34)'!C24), "" "", 'Unit Type (34)'!C24)",B2164*'Summary Sheet'!$C$36
2165,"IF(ISBLANK('Unit Type (34)'!B25), "" "", 'Unit Type (34)'!B25)","IF(ISBLANK('Unit Type (34)'!C25), "" "", 'Unit Type (34)'!C25)",B2165*'Summary Sheet'!$C$36
2166,"IF(ISBLANK('Unit Type (34)'!B26), "" "", 'Unit Type (34)'!B26)","IF(ISBLANK('Unit Type (34)'!C26), "" "", 'Unit Type (34)'!C26)",B2166*'Summary Sheet'!$C$36
2167,"IF(ISBLANK('Unit Type (34)'!B27), "" "", 'Unit Type (34)'!B27)","IF(ISBLANK('Unit Type (34)'!C27), "" "", 'Unit Type (34)'!C27)",B2167*'Summary Sheet'!$C$36
2168,"IF(ISBLANK('Unit Type (34)'!B28), "" "", 'Unit Type (34)'!B28)","IF(ISBLANK('Unit Type (34)'!C28), "" "", 'Unit Type (34)'!C28)",B2168*'Summary Sheet'!$C$36
2169,"IF(ISBLANK('Unit Type (34)'!B29), "" "", 'Unit Type (34)'!B29)","IF(ISBLANK('Unit Type (34)'!C29), "" "", 'Unit Type (34)'!C29)",B2169*'Summary Sheet'!$C$36
2170,"IF(ISBLANK('Unit Type (34)'!B30), "" "", 'Unit Type (34)'!B30)","IF(ISBLANK('Unit Type (34)'!C30), "" "", 'Unit Type (34)'!C30)",B2170*'Summary Sheet'!$C$36
2171,"IF(ISBLANK('Unit Type (34)'!B31), "" "", 'Unit Type (34)'!B31)","IF(ISBLANK('Unit Type (34)'!C31), "" "", 'Unit Type (34)'!C31)",B2171*'Summary Sheet'!$C$36
2172,"IF(ISBLANK('Unit Type (34)'!B32), "" "", 'Unit Type (34)'!B32)","IF(ISBLANK('Unit Type (34)'!C32), "" "", 'Unit Type (34)'!C32)",B2172*'Summary Sheet'!$C$36
2173,"IF(ISBLANK('Unit Type (34)'!B33), "" "", 'Unit Type (34)'!B33)","IF(ISBLANK('Unit Type (34)'!C33), "" "", 'Unit Type (34)'!C33)",B2173*'Summary Sheet'!$C$36
2174,"IF(ISBLANK('Unit Type (34)'!B34), "" "", 'Unit Type (34)'!B34)","IF(ISBLANK('Unit Type (34)'!C34), "" "", 'Unit Type (34)'!C34)",B2174*'Summary Sheet'!$C$36
2175,"IF(ISBLANK('Unit Type (34)'!B35), "" "", 'Unit Type (34)'!B35)","IF(ISBLANK('Unit Type (34)'!C35), "" "", 'Unit Type (34)'!C35)",B2175*'Summary Sheet'!$C$36
2176,"IF(ISBLANK('Unit Type (34)'!B36), "" "", 'Unit Type (34)'!B36)","IF(ISBLANK('Unit Type (34)'!C36), "" "", 'Unit Type (34)'!C36)",B2176*'Summary Sheet'!$C$36
2177,"IF(ISBLANK('Unit Type (34)'!B37), "" "", 'Unit Type (34)'!B37)","IF(ISBLANK('Unit Type (34)'!C37), "" "", 'Unit Type (34)'!C37)",B2177*'Summary Sheet'!$C$36
2178,"IF(ISBLANK('Unit Type (34)'!B38), "" "", 'Unit Type (34)'!B38)","IF(ISBLANK('Unit Type (34)'!C38), "" "", 'Unit Type (34)'!C38)",B2178*'Summary Sheet'!$C$36
2179,"IF(ISBLANK('Unit Type (34)'!B39), "" "", 'Unit Type (34)'!B39)","IF(ISBLANK('Unit Type (34)'!C39), "" "", 'Unit Type (34)'!C39)",B2179*'Summary Sheet'!$C$36
2180,"IF(ISBLANK('Unit Type (34)'!B40), "" "", 'Unit Type (34)'!B40)","IF(ISBLANK('Unit Type (34)'!C40), "" "", 'Unit Type (34)'!C40)",B2180*'Summary Sheet'!$C$36
2181,"IF(ISBLANK('Unit Type (34)'!B41), "" "", 'Unit Type (34)'!B41)","IF(ISBLANK('Unit Type (34)'!C41), "" "", 'Unit Type (34)'!C41)",B2181*'Summary Sheet'!$C$36
2182,"IF(ISBLANK('Unit Type (34)'!B42), "" "", 'Unit Type (34)'!B42)","IF(ISBLANK('Unit Type (34)'!C42), "" "", 'Unit Type (34)'!C42)",B2182*'Summary Sheet'!$C$36
2183,"IF(ISBLANK('Unit Type (34)'!B43), "" "", 'Unit Type (34)'!B43)","IF(ISBLANK('Unit Type (34)'!C43), "" "", 'Unit Type (34)'!C43)",B2183*'Summary Sheet'!$C$36
2184,"IF(ISBLANK('Unit Type (34)'!B44), "" "", 'Unit Type (34)'!B44)","IF(ISBLANK('Unit Type (34)'!C44), "" "", 'Unit Type (34)'!C44)",B2184*'Summary Sheet'!$C$36
2185,"IF(ISBLANK('Unit Type (34)'!B45), "" "", 'Unit Type (34)'!B45)","IF(ISBLANK('Unit Type (34)'!C45), "" "", 'Unit Type (34)'!C45)",B2185*'Summary Sheet'!$C$36
2186,"IF(ISBLANK('Unit Type (34)'!B46), "" "", 'Unit Type (34)'!B46)","IF(ISBLANK('Unit Type (34)'!C46), "" "", 'Unit Type (34)'!C46)",B2186*'Summary Sheet'!$C$36
2187,"IF(ISBLANK('Unit Type (34)'!B47), "" "", 'Unit Type (34)'!B47)","IF(ISBLANK('Unit Type (34)'!C47), "" "", 'Unit Type (34)'!C47)",B2187*'Summary Sheet'!$C$36
2188,"IF(ISBLANK('Unit Type (34)'!B48), "" "", 'Unit Type (34)'!B48)","IF(ISBLANK('Unit Type (34)'!C48), "" "", 'Unit Type (34)'!C48)",B2188*'Summary Sheet'!$C$36
2189,"IF(ISBLANK('Unit Type (34)'!B49), "" "", 'Unit Type (34)'!B49)","IF(ISBLANK('Unit Type (34)'!C49), "" "", 'Unit Type (34)'!C49)",B2189*'Summary Sheet'!$C$36
2190,"IF(ISBLANK('Unit Type (34)'!B50), "" "", 'Unit Type (34)'!B50)","IF(ISBLANK('Unit Type (34)'!C50), "" "", 'Unit Type (34)'!C50)",B2190*'Summary Sheet'!$C$36
2191,"IF(ISBLANK('Unit Type (34)'!B51), "" "", 'Unit Type (34)'!B51)","IF(ISBLANK('Unit Type (34)'!C51), "" "", 'Unit Type (34)'!C51)",B2191*'Summary Sheet'!$C$36
2192,"IF(ISBLANK('Unit Type (34)'!B52), "" "", 'Unit Type (34)'!B52)","IF(ISBLANK('Unit Type (34)'!C52), "" "", 'Unit Type (34)'!C52)",B2192*'Summary Sheet'!$C$36
2193,"IF(ISBLANK('Unit Type (34)'!B53), "" "", 'Unit Type (34)'!B53)","IF(ISBLANK('Unit Type (34)'!C53), "" "", 'Unit Type (34)'!C53)",B2193*'Summary Sheet'!$C$36
2194,"IF(ISBLANK('Unit Type (34)'!B54), "" "", 'Unit Type (34)'!B54)","IF(ISBLANK('Unit Type (34)'!C54), "" "", 'Unit Type (34)'!C54)",B2194*'Summary Sheet'!$C$36
2195,"IF(ISBLANK('Unit Type (34)'!B55), "" "", 'Unit Type (34)'!B55)","IF(ISBLANK('Unit Type (34)'!C55), "" "", 'Unit Type (34)'!C55)",B2195*'Summary Sheet'!$C$36
2196,"IF(ISBLANK('Unit Type (34)'!B56), "" "", 'Unit Type (34)'!B56)","IF(ISBLANK('Unit Type (34)'!C56), "" "", 'Unit Type (34)'!C56)",B2196*'Summary Sheet'!$C$36
2197,"IF(ISBLANK('Unit Type (34)'!B57), "" "", 'Unit Type (34)'!B57)","IF(ISBLANK('Unit Type (34)'!C57), "" "", 'Unit Type (34)'!C57)",B2197*'Summary Sheet'!$C$36
2198,"IF(ISBLANK('Unit Type (34)'!B58), "" "", 'Unit Type (34)'!B58)","IF(ISBLANK('Unit Type (34)'!C58), "" "", 'Unit Type (34)'!C58)",B2198*'Summary Sheet'!$C$36
2199,"IF(ISBLANK('Unit Type (34)'!B59), "" "", 'Unit Type (34)'!B59)","IF(ISBLANK('Unit Type (34)'!C59), "" "", 'Unit Type (34)'!C59)",B2199*'Summary Sheet'!$C$36
2200,"IF(ISBLANK('Unit Type (34)'!B60), "" "", 'Unit Type (34)'!B60)","IF(ISBLANK('Unit Type (34)'!C60), "" "", 'Unit Type (34)'!C60)",B2200*'Summary Sheet'!$C$36
2201,"IF(ISBLANK('Unit Type (34)'!B61), "" "", 'Unit Type (34)'!B61)","IF(ISBLANK('Unit Type (34)'!C61), "" "", 'Unit Type (34)'!C61)",B2201*'Summary Sheet'!$C$36
2202,"IF(ISBLANK('Unit Type (34)'!B62), "" "", 'Unit Type (34)'!B62)","IF(ISBLANK('Unit Type (34)'!C62), "" "", 'Unit Type (34)'!C62)",B2202*'Summary Sheet'!$C$36
2203,"IF(ISBLANK('Unit Type (34)'!B63), "" "", 'Unit Type (34)'!B63)","IF(ISBLANK('Unit Type (34)'!C63), "" "", 'Unit Type (34)'!C63)",B2203*'Summary Sheet'!$C$36
2204,"IF(ISBLANK('Unit Type (34)'!B64), "" "", 'Unit Type (34)'!B64)","IF(ISBLANK('Unit Type (34)'!C64), "" "", 'Unit Type (34)'!C64)",B2204*'Summary Sheet'!$C$36
2205,"IF(ISBLANK('Unit Type (34)'!B65), "" "", 'Unit Type (34)'!B65)","IF(ISBLANK('Unit Type (34)'!C65), "" "", 'Unit Type (34)'!C65)",B2205*'Summary Sheet'!$C$36
2206,"IF(ISBLANK('Unit Type (34)'!B66), "" "", 'Unit Type (34)'!B66)","IF(ISBLANK('Unit Type (34)'!C66), "" "", 'Unit Type (34)'!C66)",B2206*'Summary Sheet'!$C$36
2207,"IF(ISBLANK('Unit Type (34)'!B67), "" "", 'Unit Type (34)'!B67)","IF(ISBLANK('Unit Type (34)'!C67), "" "", 'Unit Type (34)'!C67)",B2207*'Summary Sheet'!$C$36
2208,"IF(ISBLANK('Unit Type (34)'!B68), "" "", 'Unit Type (34)'!B68)","IF(ISBLANK('Unit Type (34)'!C68), "" "", 'Unit Type (34)'!C68)",B2208*'Summary Sheet'!$C$36
2209,"IF(ISBLANK('Unit Type (34)'!B69), "" "", 'Unit Type (34)'!B69)","IF(ISBLANK('Unit Type (34)'!C69), "" "", 'Unit Type (34)'!C69)",B2209*'Summary Sheet'!$C$36
2210,"IF(ISBLANK('Unit Type (34)'!B70), "" "", 'Unit Type (34)'!B70)","IF(ISBLANK('Unit Type (34)'!C70), "" "", 'Unit Type (34)'!C70)",B2210*'Summary Sheet'!$C$36
2211,"IF(ISBLANK('Unit Type (35)'!B6), "" "", 'Unit Type (35)'!B6)","IF(ISBLANK('Unit Type (35)'!C6), "" "", 'Unit Type (35)'!C6)",B2211*'Summary Sheet'!$C$37
2212,"IF(ISBLANK('Unit Type (35)'!B7), "" "", 'Unit Type (35)'!B7)","IF(ISBLANK('Unit Type (35)'!C7), "" "", 'Unit Type (35)'!C7)",B2212*'Summary Sheet'!$C$37
2213,"IF(ISBLANK('Unit Type (35)'!B8), "" "", 'Unit Type (35)'!B8)","IF(ISBLANK('Unit Type (35)'!C8), "" "", 'Unit Type (35)'!C8)",B2213*'Summary Sheet'!$C$37
2214,"IF(ISBLANK('Unit Type (35)'!B9), "" "", 'Unit Type (35)'!B9)","IF(ISBLANK('Unit Type (35)'!C9), "" "", 'Unit Type (35)'!C9)",B2214*'Summary Sheet'!$C$37
2215,"IF(ISBLANK('Unit Type (35)'!B10), "" "", 'Unit Type (35)'!B10)","IF(ISBLANK('Unit Type (35)'!C10), "" "", 'Unit Type (35)'!C10)",B2215*'Summary Sheet'!$C$37
2216,"IF(ISBLANK('Unit Type (35)'!B11), "" "", 'Unit Type (35)'!B11)","IF(ISBLANK('Unit Type (35)'!C11), "" "", 'Unit Type (35)'!C11)",B2216*'Summary Sheet'!$C$37
2217,"IF(ISBLANK('Unit Type (35)'!B12), "" "", 'Unit Type (35)'!B12)","IF(ISBLANK('Unit Type (35)'!C12), "" "", 'Unit Type (35)'!C12)",B2217*'Summary Sheet'!$C$37
2218,"IF(ISBLANK('Unit Type (35)'!B13), "" "", 'Unit Type (35)'!B13)","IF(ISBLANK('Unit Type (35)'!C13), "" "", 'Unit Type (35)'!C13)",B2218*'Summary Sheet'!$C$37
2219,"IF(ISBLANK('Unit Type (35)'!B14), "" "", 'Unit Type (35)'!B14)","IF(ISBLANK('Unit Type (35)'!C14), "" "", 'Unit Type (35)'!C14)",B2219*'Summary Sheet'!$C$37
2220,"IF(ISBLANK('Unit Type (35)'!B15), "" "", 'Unit Type (35)'!B15)","IF(ISBLANK('Unit Type (35)'!C15), "" "", 'Unit Type (35)'!C15)",B2220*'Summary Sheet'!$C$37
2221,"IF(ISBLANK('Unit Type (35)'!B16), "" "", 'Unit Type (35)'!B16)","IF(ISBLANK('Unit Type (35)'!C16), "" "", 'Unit Type (35)'!C16)",B2221*'Summary Sheet'!$C$37
2222,"IF(ISBLANK('Unit Type (35)'!B17), "" "", 'Unit Type (35)'!B17)","IF(ISBLANK('Unit Type (35)'!C17), "" "", 'Unit Type (35)'!C17)",B2222*'Summary Sheet'!$C$37
2223,"IF(ISBLANK('Unit Type (35)'!B18), "" "", 'Unit Type (35)'!B18)","IF(ISBLANK('Unit Type (35)'!C18), "" "", 'Unit Type (35)'!C18)",B2223*'Summary Sheet'!$C$37
2224,"IF(ISBLANK('Unit Type (35)'!B19), "" "", 'Unit Type (35)'!B19)","IF(ISBLANK('Unit Type (35)'!C19), "" "", 'Unit Type (35)'!C19)",B2224*'Summary Sheet'!$C$37
2225,"IF(ISBLANK('Unit Type (35)'!B20), "" "", 'Unit Type (35)'!B20)","IF(ISBLANK('Unit Type (35)'!C20), "" "", 'Unit Type (35)'!C20)",B2225*'Summary Sheet'!$C$37
2226,"IF(ISBLANK('Unit Type (35)'!B21), "" "", 'Unit Type (35)'!B21)","IF(ISBLANK('Unit Type (35)'!C21), "" "", 'Unit Type (35)'!C21)",B2226*'Summary Sheet'!$C$37
2227,"IF(ISBLANK('Unit Type (35)'!B22), "" "", 'Unit Type (35)'!B22)","IF(ISBLANK('Unit Type (35)'!C22), "" "", 'Unit Type (35)'!C22)",B2227*'Summary Sheet'!$C$37
2228,"IF(ISBLANK('Unit Type (35)'!B23), "" "", 'Unit Type (35)'!B23)","IF(ISBLANK('Unit Type (35)'!C23), "" "", 'Unit Type (35)'!C23)",B2228*'Summary Sheet'!$C$37
2229,"IF(ISBLANK('Unit Type (35)'!B24), "" "", 'Unit Type (35)'!B24)","IF(ISBLANK('Unit Type (35)'!C24), "" "", 'Unit Type (35)'!C24)",B2229*'Summary Sheet'!$C$37
2230,"IF(ISBLANK('Unit Type (35)'!B25), "" "", 'Unit Type (35)'!B25)","IF(ISBLANK('Unit Type (35)'!C25), "" "", 'Unit Type (35)'!C25)",B2230*'Summary Sheet'!$C$37
2231,"IF(ISBLANK('Unit Type (35)'!B26), "" "", 'Unit Type (35)'!B26)","IF(ISBLANK('Unit Type (35)'!C26), "" "", 'Unit Type (35)'!C26)",B2231*'Summary Sheet'!$C$37
2232,"IF(ISBLANK('Unit Type (35)'!B27), "" "", 'Unit Type (35)'!B27)","IF(ISBLANK('Unit Type (35)'!C27), "" "", 'Unit Type (35)'!C27)",B2232*'Summary Sheet'!$C$37
2233,"IF(ISBLANK('Unit Type (35)'!B28), "" "", 'Unit Type (35)'!B28)","IF(ISBLANK('Unit Type (35)'!C28), "" "", 'Unit Type (35)'!C28)",B2233*'Summary Sheet'!$C$37
2234,"IF(ISBLANK('Unit Type (35)'!B29), "" "", 'Unit Type (35)'!B29)","IF(ISBLANK('Unit Type (35)'!C29), "" "", 'Unit Type (35)'!C29)",B2234*'Summary Sheet'!$C$37
2235,"IF(ISBLANK('Unit Type (35)'!B30), "" "", 'Unit Type (35)'!B30)","IF(ISBLANK('Unit Type (35)'!C30), "" "", 'Unit Type (35)'!C30)",B2235*'Summary Sheet'!$C$37
2236,"IF(ISBLANK('Unit Type (35)'!B31), "" "", 'Unit Type (35)'!B31)","IF(ISBLANK('Unit Type (35)'!C31), "" "", 'Unit Type (35)'!C31)",B2236*'Summary Sheet'!$C$37
2237,"IF(ISBLANK('Unit Type (35)'!B32), "" "", 'Unit Type (35)'!B32)","IF(ISBLANK('Unit Type (35)'!C32), "" "", 'Unit Type (35)'!C32)",B2237*'Summary Sheet'!$C$37
2238,"IF(ISBLANK('Unit Type (35)'!B33), "" "", 'Unit Type (35)'!B33)","IF(ISBLANK('Unit Type (35)'!C33), "" "", 'Unit Type (35)'!C33)",B2238*'Summary Sheet'!$C$37
2239,"IF(ISBLANK('Unit Type (35)'!B34), "" "", 'Unit Type (35)'!B34)","IF(ISBLANK('Unit Type (35)'!C34), "" "", 'Unit Type (35)'!C34)",B2239*'Summary Sheet'!$C$37
2240,"IF(ISBLANK('Unit Type (35)'!B35), "" "", 'Unit Type (35)'!B35)","IF(ISBLANK('Unit Type (35)'!C35), "" "", 'Unit Type (35)'!C35)",B2240*'Summary Sheet'!$C$37
2241,"IF(ISBLANK('Unit Type (35)'!B36), "" "", 'Unit Type (35)'!B36)","IF(ISBLANK('Unit Type (35)'!C36), "" "", 'Unit Type (35)'!C36)",B2241*'Summary Sheet'!$C$37
2242,"IF(ISBLANK('Unit Type (35)'!B37), "" "", 'Unit Type (35)'!B37)","IF(ISBLANK('Unit Type (35)'!C37), "" "", 'Unit Type (35)'!C37)",B2242*'Summary Sheet'!$C$37
2243,"IF(ISBLANK('Unit Type (35)'!B38), "" "", 'Unit Type (35)'!B38)","IF(ISBLANK('Unit Type (35)'!C38), "" "", 'Unit Type (35)'!C38)",B2243*'Summary Sheet'!$C$37
2244,"IF(ISBLANK('Unit Type (35)'!B39), "" "", 'Unit Type (35)'!B39)","IF(ISBLANK('Unit Type (35)'!C39), "" "", 'Unit Type (35)'!C39)",B2244*'Summary Sheet'!$C$37
2245,"IF(ISBLANK('Unit Type (35)'!B40), "" "", 'Unit Type (35)'!B40)","IF(ISBLANK('Unit Type (35)'!C40), "" "", 'Unit Type (35)'!C40)",B2245*'Summary Sheet'!$C$37
2246,"IF(ISBLANK('Unit Type (35)'!B41), "" "", 'Unit Type (35)'!B41)","IF(ISBLANK('Unit Type (35)'!C41), "" "", 'Unit Type (35)'!C41)",B2246*'Summary Sheet'!$C$37
2247,"IF(ISBLANK('Unit Type (35)'!B42), "" "", 'Unit Type (35)'!B42)","IF(ISBLANK('Unit Type (35)'!C42), "" "", 'Unit Type (35)'!C42)",B2247*'Summary Sheet'!$C$37
2248,"IF(ISBLANK('Unit Type (35)'!B43), "" "", 'Unit Type (35)'!B43)","IF(ISBLANK('Unit Type (35)'!C43), "" "", 'Unit Type (35)'!C43)",B2248*'Summary Sheet'!$C$37
2249,"IF(ISBLANK('Unit Type (35)'!B44), "" "", 'Unit Type (35)'!B44)","IF(ISBLANK('Unit Type (35)'!C44), "" "", 'Unit Type (35)'!C44)",B2249*'Summary Sheet'!$C$37
2250,"IF(ISBLANK('Unit Type (35)'!B45), "" "", 'Unit Type (35)'!B45)","IF(ISBLANK('Unit Type (35)'!C45), "" "", 'Unit Type (35)'!C45)",B2250*'Summary Sheet'!$C$37
2251,"IF(ISBLANK('Unit Type (35)'!B46), "" "", 'Unit Type (35)'!B46)","IF(ISBLANK('Unit Type (35)'!C46), "" "", 'Unit Type (35)'!C46)",B2251*'Summary Sheet'!$C$37
2252,"IF(ISBLANK('Unit Type (35)'!B47), "" "", 'Unit Type (35)'!B47)","IF(ISBLANK('Unit Type (35)'!C47), "" "", 'Unit Type (35)'!C47)",B2252*'Summary Sheet'!$C$37
2253,"IF(ISBLANK('Unit Type (35)'!B48), "" "", 'Unit Type (35)'!B48)","IF(ISBLANK('Unit Type (35)'!C48), "" "", 'Unit Type (35)'!C48)",B2253*'Summary Sheet'!$C$37
2254,"IF(ISBLANK('Unit Type (35)'!B49), "" "", 'Unit Type (35)'!B49)","IF(ISBLANK('Unit Type (35)'!C49), "" "", 'Unit Type (35)'!C49)",B2254*'Summary Sheet'!$C$37
2255,"IF(ISBLANK('Unit Type (35)'!B50), "" "", 'Unit Type (35)'!B50)","IF(ISBLANK('Unit Type (35)'!C50), "" "", 'Unit Type (35)'!C50)",B2255*'Summary Sheet'!$C$37
2256,"IF(ISBLANK('Unit Type (35)'!B51), "" "", 'Unit Type (35)'!B51)","IF(ISBLANK('Unit Type (35)'!C51), "" "", 'Unit Type (35)'!C51)",B2256*'Summary Sheet'!$C$37
2257,"IF(ISBLANK('Unit Type (35)'!B52), "" "", 'Unit Type (35)'!B52)","IF(ISBLANK('Unit Type (35)'!C52), "" "", 'Unit Type (35)'!C52)",B2257*'Summary Sheet'!$C$37
2258,"IF(ISBLANK('Unit Type (35)'!B53), "" "", 'Unit Type (35)'!B53)","IF(ISBLANK('Unit Type (35)'!C53), "" "", 'Unit Type (35)'!C53)",B2258*'Summary Sheet'!$C$37
2259,"IF(ISBLANK('Unit Type (35)'!B54), "" "", 'Unit Type (35)'!B54)","IF(ISBLANK('Unit Type (35)'!C54), "" "", 'Unit Type (35)'!C54)",B2259*'Summary Sheet'!$C$37
2260,"IF(ISBLANK('Unit Type (35)'!B55), "" "", 'Unit Type (35)'!B55)","IF(ISBLANK('Unit Type (35)'!C55), "" "", 'Unit Type (35)'!C55)",B2260*'Summary Sheet'!$C$37
2261,"IF(ISBLANK('Unit Type (35)'!B56), "" "", 'Unit Type (35)'!B56)","IF(ISBLANK('Unit Type (35)'!C56), "" "", 'Unit Type (35)'!C56)",B2261*'Summary Sheet'!$C$37
2262,"IF(ISBLANK('Unit Type (35)'!B57), "" "", 'Unit Type (35)'!B57)","IF(ISBLANK('Unit Type (35)'!C57), "" "", 'Unit Type (35)'!C57)",B2262*'Summary Sheet'!$C$37
2263,"IF(ISBLANK('Unit Type (35)'!B58), "" "", 'Unit Type (35)'!B58)","IF(ISBLANK('Unit Type (35)'!C58), "" "", 'Unit Type (35)'!C58)",B2263*'Summary Sheet'!$C$37
2264,"IF(ISBLANK('Unit Type (35)'!B59), "" "", 'Unit Type (35)'!B59)","IF(ISBLANK('Unit Type (35)'!C59), "" "", 'Unit Type (35)'!C59)",B2264*'Summary Sheet'!$C$37
2265,"IF(ISBLANK('Unit Type (35)'!B60), "" "", 'Unit Type (35)'!B60)","IF(ISBLANK('Unit Type (35)'!C60), "" "", 'Unit Type (35)'!C60)",B2265*'Summary Sheet'!$C$37
2266,"IF(ISBLANK('Unit Type (35)'!B61), "" "", 'Unit Type (35)'!B61)","IF(ISBLANK('Unit Type (35)'!C61), "" "", 'Unit Type (35)'!C61)",B2266*'Summary Sheet'!$C$37
2267,"IF(ISBLANK('Unit Type (35)'!B62), "" "", 'Unit Type (35)'!B62)","IF(ISBLANK('Unit Type (35)'!C62), "" "", 'Unit Type (35)'!C62)",B2267*'Summary Sheet'!$C$37
2268,"IF(ISBLANK('Unit Type (35)'!B63), "" "", 'Unit Type (35)'!B63)","IF(ISBLANK('Unit Type (35)'!C63), "" "", 'Unit Type (35)'!C63)",B2268*'Summary Sheet'!$C$37
2269,"IF(ISBLANK('Unit Type (35)'!B64), "" "", 'Unit Type (35)'!B64)","IF(ISBLANK('Unit Type (35)'!C64), "" "", 'Unit Type (35)'!C64)",B2269*'Summary Sheet'!$C$37
2270,"IF(ISBLANK('Unit Type (35)'!B65), "" "", 'Unit Type (35)'!B65)","IF(ISBLANK('Unit Type (35)'!C65), "" "", 'Unit Type (35)'!C65)",B2270*'Summary Sheet'!$C$37
2271,"IF(ISBLANK('Unit Type (35)'!B66), "" "", 'Unit Type (35)'!B66)","IF(ISBLANK('Unit Type (35)'!C66), "" "", 'Unit Type (35)'!C66)",B2271*'Summary Sheet'!$C$37
2272,"IF(ISBLANK('Unit Type (35)'!B67), "" "", 'Unit Type (35)'!B67)","IF(ISBLANK('Unit Type (35)'!C67), "" "", 'Unit Type (35)'!C67)",B2272*'Summary Sheet'!$C$37
2273,"IF(ISBLANK('Unit Type (35)'!B68), "" "", 'Unit Type (35)'!B68)","IF(ISBLANK('Unit Type (35)'!C68), "" "", 'Unit Type (35)'!C68)",B2273*'Summary Sheet'!$C$37
2274,"IF(ISBLANK('Unit Type (35)'!B69), "" "", 'Unit Type (35)'!B69)","IF(ISBLANK('Unit Type (35)'!C69), "" "", 'Unit Type (35)'!C69)",B2274*'Summary Sheet'!$C$37
2275,"IF(ISBLANK('Unit Type (35)'!B70), "" "", 'Unit Type (35)'!B70)","IF(ISBLANK('Unit Type (35)'!C70), "" "", 'Unit Type (35)'!C70)",B2275*'Summary Sheet'!$C$37
2276,"IF(ISBLANK('Unit Type (36)'!B6), "" "", 'Unit Type (36)'!B6)","IF(ISBLANK('Unit Type (36)'!C6), "" "", 'Unit Type (36)'!C6)",B2276*'Summary Sheet'!$C$38
2277,"IF(ISBLANK('Unit Type (36)'!B7), "" "", 'Unit Type (36)'!B7)","IF(ISBLANK('Unit Type (36)'!C7), "" "", 'Unit Type (36)'!C7)",B2277*'Summary Sheet'!$C$38
2278,"IF(ISBLANK('Unit Type (36)'!B8), "" "", 'Unit Type (36)'!B8)","IF(ISBLANK('Unit Type (36)'!C8), "" "", 'Unit Type (36)'!C8)",B2278*'Summary Sheet'!$C$38
2279,"IF(ISBLANK('Unit Type (36)'!B9), "" "", 'Unit Type (36)'!B9)","IF(ISBLANK('Unit Type (36)'!C9), "" "", 'Unit Type (36)'!C9)",B2279*'Summary Sheet'!$C$38
2280,"IF(ISBLANK('Unit Type (36)'!B10), "" "", 'Unit Type (36)'!B10)","IF(ISBLANK('Unit Type (36)'!C10), "" "", 'Unit Type (36)'!C10)",B2280*'Summary Sheet'!$C$38
2281,"IF(ISBLANK('Unit Type (36)'!B11), "" "", 'Unit Type (36)'!B11)","IF(ISBLANK('Unit Type (36)'!C11), "" "", 'Unit Type (36)'!C11)",B2281*'Summary Sheet'!$C$38
2282,"IF(ISBLANK('Unit Type (36)'!B12), "" "", 'Unit Type (36)'!B12)","IF(ISBLANK('Unit Type (36)'!C12), "" "", 'Unit Type (36)'!C12)",B2282*'Summary Sheet'!$C$38
2283,"IF(ISBLANK('Unit Type (36)'!B13), "" "", 'Unit Type (36)'!B13)","IF(ISBLANK('Unit Type (36)'!C13), "" "", 'Unit Type (36)'!C13)",B2283*'Summary Sheet'!$C$38
2284,"IF(ISBLANK('Unit Type (36)'!B14), "" "", 'Unit Type (36)'!B14)","IF(ISBLANK('Unit Type (36)'!C14), "" "", 'Unit Type (36)'!C14)",B2284*'Summary Sheet'!$C$38
2285,"IF(ISBLANK('Unit Type (36)'!B15), "" "", 'Unit Type (36)'!B15)","IF(ISBLANK('Unit Type (36)'!C15), "" "", 'Unit Type (36)'!C15)",B2285*'Summary Sheet'!$C$38
2286,"IF(ISBLANK('Unit Type (36)'!B16), "" "", 'Unit Type (36)'!B16)","IF(ISBLANK('Unit Type (36)'!C16), "" "", 'Unit Type (36)'!C16)",B2286*'Summary Sheet'!$C$38
2287,"IF(ISBLANK('Unit Type (36)'!B17), "" "", 'Unit Type (36)'!B17)","IF(ISBLANK('Unit Type (36)'!C17), "" "", 'Unit Type (36)'!C17)",B2287*'Summary Sheet'!$C$38
2288,"IF(ISBLANK('Unit Type (36)'!B18), "" "", 'Unit Type (36)'!B18)","IF(ISBLANK('Unit Type (36)'!C18), "" "", 'Unit Type (36)'!C18)",B2288*'Summary Sheet'!$C$38
2289,"IF(ISBLANK('Unit Type (36)'!B19), "" "", 'Unit Type (36)'!B19)","IF(ISBLANK('Unit Type (36)'!C19), "" "", 'Unit Type (36)'!C19)",B2289*'Summary Sheet'!$C$38
2290,"IF(ISBLANK('Unit Type (36)'!B20), "" "", 'Unit Type (36)'!B20)","IF(ISBLANK('Unit Type (36)'!C20), "" "", 'Unit Type (36)'!C20)",B2290*'Summary Sheet'!$C$38
2291,"IF(ISBLANK('Unit Type (36)'!B21), "" "", 'Unit Type (36)'!B21)","IF(ISBLANK('Unit Type (36)'!C21), "" "", 'Unit Type (36)'!C21)",B2291*'Summary Sheet'!$C$38
2292,"IF(ISBLANK('Unit Type (36)'!B22), "" "", 'Unit Type (36)'!B22)","IF(ISBLANK('Unit Type (36)'!C22), "" "", 'Unit Type (36)'!C22)",B2292*'Summary Sheet'!$C$38
2293,"IF(ISBLANK('Unit Type (36)'!B23), "" "", 'Unit Type (36)'!B23)","IF(ISBLANK('Unit Type (36)'!C23), "" "", 'Unit Type (36)'!C23)",B2293*'Summary Sheet'!$C$38
2294,"IF(ISBLANK('Unit Type (36)'!B24), "" "", 'Unit Type (36)'!B24)","IF(ISBLANK('Unit Type (36)'!C24), "" "", 'Unit Type (36)'!C24)",B2294*'Summary Sheet'!$C$38
2295,"IF(ISBLANK('Unit Type (36)'!B25), "" "", 'Unit Type (36)'!B25)","IF(ISBLANK('Unit Type (36)'!C25), "" "", 'Unit Type (36)'!C25)",B2295*'Summary Sheet'!$C$38
2296,"IF(ISBLANK('Unit Type (36)'!B26), "" "", 'Unit Type (36)'!B26)","IF(ISBLANK('Unit Type (36)'!C26), "" "", 'Unit Type (36)'!C26)",B2296*'Summary Sheet'!$C$38
2297,"IF(ISBLANK('Unit Type (36)'!B27), "" "", 'Unit Type (36)'!B27)","IF(ISBLANK('Unit Type (36)'!C27), "" "", 'Unit Type (36)'!C27)",B2297*'Summary Sheet'!$C$38
2298,"IF(ISBLANK('Unit Type (36)'!B28), "" "", 'Unit Type (36)'!B28)","IF(ISBLANK('Unit Type (36)'!C28), "" "", 'Unit Type (36)'!C28)",B2298*'Summary Sheet'!$C$38
2299,"IF(ISBLANK('Unit Type (36)'!B29), "" "", 'Unit Type (36)'!B29)","IF(ISBLANK('Unit Type (36)'!C29), "" "", 'Unit Type (36)'!C29)",B2299*'Summary Sheet'!$C$38
2300,"IF(ISBLANK('Unit Type (36)'!B30), "" "", 'Unit Type (36)'!B30)","IF(ISBLANK('Unit Type (36)'!C30), "" "", 'Unit Type (36)'!C30)",B2300*'Summary Sheet'!$C$38
2301,"IF(ISBLANK('Unit Type (36)'!B31), "" "", 'Unit Type (36)'!B31)","IF(ISBLANK('Unit Type (36)'!C31), "" "", 'Unit Type (36)'!C31)",B2301*'Summary Sheet'!$C$38
2302,"IF(ISBLANK('Unit Type (36)'!B32), "" "", 'Unit Type (36)'!B32)","IF(ISBLANK('Unit Type (36)'!C32), "" "", 'Unit Type (36)'!C32)",B2302*'Summary Sheet'!$C$38
2303,"IF(ISBLANK('Unit Type (36)'!B33), "" "", 'Unit Type (36)'!B33)","IF(ISBLANK('Unit Type (36)'!C33), "" "", 'Unit Type (36)'!C33)",B2303*'Summary Sheet'!$C$38
2304,"IF(ISBLANK('Unit Type (36)'!B34), "" "", 'Unit Type (36)'!B34)","IF(ISBLANK('Unit Type (36)'!C34), "" "", 'Unit Type (36)'!C34)",B2304*'Summary Sheet'!$C$38
2305,"IF(ISBLANK('Unit Type (36)'!B35), "" "", 'Unit Type (36)'!B35)","IF(ISBLANK('Unit Type (36)'!C35), "" "", 'Unit Type (36)'!C35)",B2305*'Summary Sheet'!$C$38
2306,"IF(ISBLANK('Unit Type (36)'!B36), "" "", 'Unit Type (36)'!B36)","IF(ISBLANK('Unit Type (36)'!C36), "" "", 'Unit Type (36)'!C36)",B2306*'Summary Sheet'!$C$38
2307,"IF(ISBLANK('Unit Type (36)'!B37), "" "", 'Unit Type (36)'!B37)","IF(ISBLANK('Unit Type (36)'!C37), "" "", 'Unit Type (36)'!C37)",B2307*'Summary Sheet'!$C$38
2308,"IF(ISBLANK('Unit Type (36)'!B38), "" "", 'Unit Type (36)'!B38)","IF(ISBLANK('Unit Type (36)'!C38), "" "", 'Unit Type (36)'!C38)",B2308*'Summary Sheet'!$C$38
2309,"IF(ISBLANK('Unit Type (36)'!B39), "" "", 'Unit Type (36)'!B39)","IF(ISBLANK('Unit Type (36)'!C39), "" "", 'Unit Type (36)'!C39)",B2309*'Summary Sheet'!$C$38
2310,"IF(ISBLANK('Unit Type (36)'!B40), "" "", 'Unit Type (36)'!B40)","IF(ISBLANK('Unit Type (36)'!C40), "" "", 'Unit Type (36)'!C40)",B2310*'Summary Sheet'!$C$38
2311,"IF(ISBLANK('Unit Type (36)'!B41), "" "", 'Unit Type (36)'!B41)","IF(ISBLANK('Unit Type (36)'!C41), "" "", 'Unit Type (36)'!C41)",B2311*'Summary Sheet'!$C$38
2312,"IF(ISBLANK('Unit Type (36)'!B42), "" "", 'Unit Type (36)'!B42)","IF(ISBLANK('Unit Type (36)'!C42), "" "", 'Unit Type (36)'!C42)",B2312*'Summary Sheet'!$C$38
2313,"IF(ISBLANK('Unit Type (36)'!B43), "" "", 'Unit Type (36)'!B43)","IF(ISBLANK('Unit Type (36)'!C43), "" "", 'Unit Type (36)'!C43)",B2313*'Summary Sheet'!$C$38
2314,"IF(ISBLANK('Unit Type (36)'!B44), "" "", 'Unit Type (36)'!B44)","IF(ISBLANK('Unit Type (36)'!C44), "" "", 'Unit Type (36)'!C44)",B2314*'Summary Sheet'!$C$38
2315,"IF(ISBLANK('Unit Type (36)'!B45), "" "", 'Unit Type (36)'!B45)","IF(ISBLANK('Unit Type (36)'!C45), "" "", 'Unit Type (36)'!C45)",B2315*'Summary Sheet'!$C$38
2316,"IF(ISBLANK('Unit Type (36)'!B46), "" "", 'Unit Type (36)'!B46)","IF(ISBLANK('Unit Type (36)'!C46), "" "", 'Unit Type (36)'!C46)",B2316*'Summary Sheet'!$C$38
2317,"IF(ISBLANK('Unit Type (36)'!B47), "" "", 'Unit Type (36)'!B47)","IF(ISBLANK('Unit Type (36)'!C47), "" "", 'Unit Type (36)'!C47)",B2317*'Summary Sheet'!$C$38
2318,"IF(ISBLANK('Unit Type (36)'!B48), "" "", 'Unit Type (36)'!B48)","IF(ISBLANK('Unit Type (36)'!C48), "" "", 'Unit Type (36)'!C48)",B2318*'Summary Sheet'!$C$38
2319,"IF(ISBLANK('Unit Type (36)'!B49), "" "", 'Unit Type (36)'!B49)","IF(ISBLANK('Unit Type (36)'!C49), "" "", 'Unit Type (36)'!C49)",B2319*'Summary Sheet'!$C$38
2320,"IF(ISBLANK('Unit Type (36)'!B50), "" "", 'Unit Type (36)'!B50)","IF(ISBLANK('Unit Type (36)'!C50), "" "", 'Unit Type (36)'!C50)",B2320*'Summary Sheet'!$C$38
2321,"IF(ISBLANK('Unit Type (36)'!B51), "" "", 'Unit Type (36)'!B51)","IF(ISBLANK('Unit Type (36)'!C51), "" "", 'Unit Type (36)'!C51)",B2321*'Summary Sheet'!$C$38
2322,"IF(ISBLANK('Unit Type (36)'!B52), "" "", 'Unit Type (36)'!B52)","IF(ISBLANK('Unit Type (36)'!C52), "" "", 'Unit Type (36)'!C52)",B2322*'Summary Sheet'!$C$38
2323,"IF(ISBLANK('Unit Type (36)'!B53), "" "", 'Unit Type (36)'!B53)","IF(ISBLANK('Unit Type (36)'!C53), "" "", 'Unit Type (36)'!C53)",B2323*'Summary Sheet'!$C$38
2324,"IF(ISBLANK('Unit Type (36)'!B54), "" "", 'Unit Type (36)'!B54)","IF(ISBLANK('Unit Type (36)'!C54), "" "", 'Unit Type (36)'!C54)",B2324*'Summary Sheet'!$C$38
2325,"IF(ISBLANK('Unit Type (36)'!B55), "" "", 'Unit Type (36)'!B55)","IF(ISBLANK('Unit Type (36)'!C55), "" "", 'Unit Type (36)'!C55)",B2325*'Summary Sheet'!$C$38
2326,"IF(ISBLANK('Unit Type (36)'!B56), "" "", 'Unit Type (36)'!B56)","IF(ISBLANK('Unit Type (36)'!C56), "" "", 'Unit Type (36)'!C56)",B2326*'Summary Sheet'!$C$38
2327,"IF(ISBLANK('Unit Type (36)'!B57), "" "", 'Unit Type (36)'!B57)","IF(ISBLANK('Unit Type (36)'!C57), "" "", 'Unit Type (36)'!C57)",B2327*'Summary Sheet'!$C$38
2328,"IF(ISBLANK('Unit Type (36)'!B58), "" "", 'Unit Type (36)'!B58)","IF(ISBLANK('Unit Type (36)'!C58), "" "", 'Unit Type (36)'!C58)",B2328*'Summary Sheet'!$C$38
2329,"IF(ISBLANK('Unit Type (36)'!B59), "" "", 'Unit Type (36)'!B59)","IF(ISBLANK('Unit Type (36)'!C59), "" "", 'Unit Type (36)'!C59)",B2329*'Summary Sheet'!$C$38
2330,"IF(ISBLANK('Unit Type (36)'!B60), "" "", 'Unit Type (36)'!B60)","IF(ISBLANK('Unit Type (36)'!C60), "" "", 'Unit Type (36)'!C60)",B2330*'Summary Sheet'!$C$38
2331,"IF(ISBLANK('Unit Type (36)'!B61), "" "", 'Unit Type (36)'!B61)","IF(ISBLANK('Unit Type (36)'!C61), "" "", 'Unit Type (36)'!C61)",B2331*'Summary Sheet'!$C$38
2332,"IF(ISBLANK('Unit Type (36)'!B62), "" "", 'Unit Type (36)'!B62)","IF(ISBLANK('Unit Type (36)'!C62), "" "", 'Unit Type (36)'!C62)",B2332*'Summary Sheet'!$C$38
2333,"IF(ISBLANK('Unit Type (36)'!B63), "" "", 'Unit Type (36)'!B63)","IF(ISBLANK('Unit Type (36)'!C63), "" "", 'Unit Type (36)'!C63)",B2333*'Summary Sheet'!$C$38
2334,"IF(ISBLANK('Unit Type (36)'!B64), "" "", 'Unit Type (36)'!B64)","IF(ISBLANK('Unit Type (36)'!C64), "" "", 'Unit Type (36)'!C64)",B2334*'Summary Sheet'!$C$38
2335,"IF(ISBLANK('Unit Type (36)'!B65), "" "", 'Unit Type (36)'!B65)","IF(ISBLANK('Unit Type (36)'!C65), "" "", 'Unit Type (36)'!C65)",B2335*'Summary Sheet'!$C$38
2336,"IF(ISBLANK('Unit Type (36)'!B66), "" "", 'Unit Type (36)'!B66)","IF(ISBLANK('Unit Type (36)'!C66), "" "", 'Unit Type (36)'!C66)",B2336*'Summary Sheet'!$C$38
2337,"IF(ISBLANK('Unit Type (36)'!B67), "" "", 'Unit Type (36)'!B67)","IF(ISBLANK('Unit Type (36)'!C67), "" "", 'Unit Type (36)'!C67)",B2337*'Summary Sheet'!$C$38
2338,"IF(ISBLANK('Unit Type (36)'!B68), "" "", 'Unit Type (36)'!B68)","IF(ISBLANK('Unit Type (36)'!C68), "" "", 'Unit Type (36)'!C68)",B2338*'Summary Sheet'!$C$38
2339,"IF(ISBLANK('Unit Type (36)'!B69), "" "", 'Unit Type (36)'!B69)","IF(ISBLANK('Unit Type (36)'!C69), "" "", 'Unit Type (36)'!C69)",B2339*'Summary Sheet'!$C$38
2340,"IF(ISBLANK('Unit Type (36)'!B70), "" "", 'Unit Type (36)'!B70)","IF(ISBLANK('Unit Type (36)'!C70), "" "", 'Unit Type (36)'!C70)",B2340*'Summary Sheet'!$C$38
2341,"IF(ISBLANK('Unit Type (37)'!B6), "" "", 'Unit Type (37)'!B6)","IF(ISBLANK('Unit Type (37)'!C6), "" "", 'Unit Type (37)'!C6)",B2341*'Summary Sheet'!$C$39
2342,"IF(ISBLANK('Unit Type (37)'!B7), "" "", 'Unit Type (37)'!B7)","IF(ISBLANK('Unit Type (37)'!C7), "" "", 'Unit Type (37)'!C7)",B2342*'Summary Sheet'!$C$39
2343,"IF(ISBLANK('Unit Type (37)'!B8), "" "", 'Unit Type (37)'!B8)","IF(ISBLANK('Unit Type (37)'!C8), "" "", 'Unit Type (37)'!C8)",B2343*'Summary Sheet'!$C$39
2344,"IF(ISBLANK('Unit Type (37)'!B9), "" "", 'Unit Type (37)'!B9)","IF(ISBLANK('Unit Type (37)'!C9), "" "", 'Unit Type (37)'!C9)",B2344*'Summary Sheet'!$C$39
2345,"IF(ISBLANK('Unit Type (37)'!B10), "" "", 'Unit Type (37)'!B10)","IF(ISBLANK('Unit Type (37)'!C10), "" "", 'Unit Type (37)'!C10)",B2345*'Summary Sheet'!$C$39
2346,"IF(ISBLANK('Unit Type (37)'!B11), "" "", 'Unit Type (37)'!B11)","IF(ISBLANK('Unit Type (37)'!C11), "" "", 'Unit Type (37)'!C11)",B2346*'Summary Sheet'!$C$39
2347,"IF(ISBLANK('Unit Type (37)'!B12), "" "", 'Unit Type (37)'!B12)","IF(ISBLANK('Unit Type (37)'!C12), "" "", 'Unit Type (37)'!C12)",B2347*'Summary Sheet'!$C$39
2348,"IF(ISBLANK('Unit Type (37)'!B13), "" "", 'Unit Type (37)'!B13)","IF(ISBLANK('Unit Type (37)'!C13), "" "", 'Unit Type (37)'!C13)",B2348*'Summary Sheet'!$C$39
2349,"IF(ISBLANK('Unit Type (37)'!B14), "" "", 'Unit Type (37)'!B14)","IF(ISBLANK('Unit Type (37)'!C14), "" "", 'Unit Type (37)'!C14)",B2349*'Summary Sheet'!$C$39
2350,"IF(ISBLANK('Unit Type (37)'!B15), "" "", 'Unit Type (37)'!B15)","IF(ISBLANK('Unit Type (37)'!C15), "" "", 'Unit Type (37)'!C15)",B2350*'Summary Sheet'!$C$39
2351,"IF(ISBLANK('Unit Type (37)'!B16), "" "", 'Unit Type (37)'!B16)","IF(ISBLANK('Unit Type (37)'!C16), "" "", 'Unit Type (37)'!C16)",B2351*'Summary Sheet'!$C$39
2352,"IF(ISBLANK('Unit Type (37)'!B17), "" "", 'Unit Type (37)'!B17)","IF(ISBLANK('Unit Type (37)'!C17), "" "", 'Unit Type (37)'!C17)",B2352*'Summary Sheet'!$C$39
2353,"IF(ISBLANK('Unit Type (37)'!B18), "" "", 'Unit Type (37)'!B18)","IF(ISBLANK('Unit Type (37)'!C18), "" "", 'Unit Type (37)'!C18)",B2353*'Summary Sheet'!$C$39
2354,"IF(ISBLANK('Unit Type (37)'!B19), "" "", 'Unit Type (37)'!B19)","IF(ISBLANK('Unit Type (37)'!C19), "" "", 'Unit Type (37)'!C19)",B2354*'Summary Sheet'!$C$39
2355,"IF(ISBLANK('Unit Type (37)'!B20), "" "", 'Unit Type (37)'!B20)","IF(ISBLANK('Unit Type (37)'!C20), "" "", 'Unit Type (37)'!C20)",B2355*'Summary Sheet'!$C$39
2356,"IF(ISBLANK('Unit Type (37)'!B21), "" "", 'Unit Type (37)'!B21)","IF(ISBLANK('Unit Type (37)'!C21), "" "", 'Unit Type (37)'!C21)",B2356*'Summary Sheet'!$C$39
2357,"IF(ISBLANK('Unit Type (37)'!B22), "" "", 'Unit Type (37)'!B22)","IF(ISBLANK('Unit Type (37)'!C22), "" "", 'Unit Type (37)'!C22)",B2357*'Summary Sheet'!$C$39
2358,"IF(ISBLANK('Unit Type (37)'!B23), "" "", 'Unit Type (37)'!B23)","IF(ISBLANK('Unit Type (37)'!C23), "" "", 'Unit Type (37)'!C23)",B2358*'Summary Sheet'!$C$39
2359,"IF(ISBLANK('Unit Type (37)'!B24), "" "", 'Unit Type (37)'!B24)","IF(ISBLANK('Unit Type (37)'!C24), "" "", 'Unit Type (37)'!C24)",B2359*'Summary Sheet'!$C$39
2360,"IF(ISBLANK('Unit Type (37)'!B25), "" "", 'Unit Type (37)'!B25)","IF(ISBLANK('Unit Type (37)'!C25), "" "", 'Unit Type (37)'!C25)",B2360*'Summary Sheet'!$C$39
2361,"IF(ISBLANK('Unit Type (37)'!B26), "" "", 'Unit Type (37)'!B26)","IF(ISBLANK('Unit Type (37)'!C26), "" "", 'Unit Type (37)'!C26)",B2361*'Summary Sheet'!$C$39
2362,"IF(ISBLANK('Unit Type (37)'!B27), "" "", 'Unit Type (37)'!B27)","IF(ISBLANK('Unit Type (37)'!C27), "" "", 'Unit Type (37)'!C27)",B2362*'Summary Sheet'!$C$39
2363,"IF(ISBLANK('Unit Type (37)'!B28), "" "", 'Unit Type (37)'!B28)","IF(ISBLANK('Unit Type (37)'!C28), "" "", 'Unit Type (37)'!C28)",B2363*'Summary Sheet'!$C$39
2364,"IF(ISBLANK('Unit Type (37)'!B29), "" "", 'Unit Type (37)'!B29)","IF(ISBLANK('Unit Type (37)'!C29), "" "", 'Unit Type (37)'!C29)",B2364*'Summary Sheet'!$C$39
2365,"IF(ISBLANK('Unit Type (37)'!B30), "" "", 'Unit Type (37)'!B30)","IF(ISBLANK('Unit Type (37)'!C30), "" "", 'Unit Type (37)'!C30)",B2365*'Summary Sheet'!$C$39
2366,"IF(ISBLANK('Unit Type (37)'!B31), "" "", 'Unit Type (37)'!B31)","IF(ISBLANK('Unit Type (37)'!C31), "" "", 'Unit Type (37)'!C31)",B2366*'Summary Sheet'!$C$39
2367,"IF(ISBLANK('Unit Type (37)'!B32), "" "", 'Unit Type (37)'!B32)","IF(ISBLANK('Unit Type (37)'!C32), "" "", 'Unit Type (37)'!C32)",B2367*'Summary Sheet'!$C$39
2368,"IF(ISBLANK('Unit Type (37)'!B33), "" "", 'Unit Type (37)'!B33)","IF(ISBLANK('Unit Type (37)'!C33), "" "", 'Unit Type (37)'!C33)",B2368*'Summary Sheet'!$C$39
2369,"IF(ISBLANK('Unit Type (37)'!B34), "" "", 'Unit Type (37)'!B34)","IF(ISBLANK('Unit Type (37)'!C34), "" "", 'Unit Type (37)'!C34)",B2369*'Summary Sheet'!$C$39
2370,"IF(ISBLANK('Unit Type (37)'!B35), "" "", 'Unit Type (37)'!B35)","IF(ISBLANK('Unit Type (37)'!C35), "" "", 'Unit Type (37)'!C35)",B2370*'Summary Sheet'!$C$39
2371,"IF(ISBLANK('Unit Type (37)'!B36), "" "", 'Unit Type (37)'!B36)","IF(ISBLANK('Unit Type (37)'!C36), "" "", 'Unit Type (37)'!C36)",B2371*'Summary Sheet'!$C$39
2372,"IF(ISBLANK('Unit Type (37)'!B37), "" "", 'Unit Type (37)'!B37)","IF(ISBLANK('Unit Type (37)'!C37), "" "", 'Unit Type (37)'!C37)",B2372*'Summary Sheet'!$C$39
2373,"IF(ISBLANK('Unit Type (37)'!B38), "" "", 'Unit Type (37)'!B38)","IF(ISBLANK('Unit Type (37)'!C38), "" "", 'Unit Type (37)'!C38)",B2373*'Summary Sheet'!$C$39
2374,"IF(ISBLANK('Unit Type (37)'!B39), "" "", 'Unit Type (37)'!B39)","IF(ISBLANK('Unit Type (37)'!C39), "" "", 'Unit Type (37)'!C39)",B2374*'Summary Sheet'!$C$39
2375,"IF(ISBLANK('Unit Type (37)'!B40), "" "", 'Unit Type (37)'!B40)","IF(ISBLANK('Unit Type (37)'!C40), "" "", 'Unit Type (37)'!C40)",B2375*'Summary Sheet'!$C$39
2376,"IF(ISBLANK('Unit Type (37)'!B41), "" "", 'Unit Type (37)'!B41)","IF(ISBLANK('Unit Type (37)'!C41), "" "", 'Unit Type (37)'!C41)",B2376*'Summary Sheet'!$C$39
2377,"IF(ISBLANK('Unit Type (37)'!B42), "" "", 'Unit Type (37)'!B42)","IF(ISBLANK('Unit Type (37)'!C42), "" "", 'Unit Type (37)'!C42)",B2377*'Summary Sheet'!$C$39
2378,"IF(ISBLANK('Unit Type (37)'!B43), "" "", 'Unit Type (37)'!B43)","IF(ISBLANK('Unit Type (37)'!C43), "" "", 'Unit Type (37)'!C43)",B2378*'Summary Sheet'!$C$39
2379,"IF(ISBLANK('Unit Type (37)'!B44), "" "", 'Unit Type (37)'!B44)","IF(ISBLANK('Unit Type (37)'!C44), "" "", 'Unit Type (37)'!C44)",B2379*'Summary Sheet'!$C$39
2380,"IF(ISBLANK('Unit Type (37)'!B45), "" "", 'Unit Type (37)'!B45)","IF(ISBLANK('Unit Type (37)'!C45), "" "", 'Unit Type (37)'!C45)",B2380*'Summary Sheet'!$C$39
2381,"IF(ISBLANK('Unit Type (37)'!B46), "" "", 'Unit Type (37)'!B46)","IF(ISBLANK('Unit Type (37)'!C46), "" "", 'Unit Type (37)'!C46)",B2381*'Summary Sheet'!$C$39
2382,"IF(ISBLANK('Unit Type (37)'!B47), "" "", 'Unit Type (37)'!B47)","IF(ISBLANK('Unit Type (37)'!C47), "" "", 'Unit Type (37)'!C47)",B2382*'Summary Sheet'!$C$39
2383,"IF(ISBLANK('Unit Type (37)'!B48), "" "", 'Unit Type (37)'!B48)","IF(ISBLANK('Unit Type (37)'!C48), "" "", 'Unit Type (37)'!C48)",B2383*'Summary Sheet'!$C$39
2384,"IF(ISBLANK('Unit Type (37)'!B49), "" "", 'Unit Type (37)'!B49)","IF(ISBLANK('Unit Type (37)'!C49), "" "", 'Unit Type (37)'!C49)",B2384*'Summary Sheet'!$C$39
2385,"IF(ISBLANK('Unit Type (37)'!B50), "" "", 'Unit Type (37)'!B50)","IF(ISBLANK('Unit Type (37)'!C50), "" "", 'Unit Type (37)'!C50)",B2385*'Summary Sheet'!$C$39
2386,"IF(ISBLANK('Unit Type (37)'!B51), "" "", 'Unit Type (37)'!B51)","IF(ISBLANK('Unit Type (37)'!C51), "" "", 'Unit Type (37)'!C51)",B2386*'Summary Sheet'!$C$39
2387,"IF(ISBLANK('Unit Type (37)'!B52), "" "", 'Unit Type (37)'!B52)","IF(ISBLANK('Unit Type (37)'!C52), "" "", 'Unit Type (37)'!C52)",B2387*'Summary Sheet'!$C$39
2388,"IF(ISBLANK('Unit Type (37)'!B53), "" "", 'Unit Type (37)'!B53)","IF(ISBLANK('Unit Type (37)'!C53), "" "", 'Unit Type (37)'!C53)",B2388*'Summary Sheet'!$C$39
2389,"IF(ISBLANK('Unit Type (37)'!B54), "" "", 'Unit Type (37)'!B54)","IF(ISBLANK('Unit Type (37)'!C54), "" "", 'Unit Type (37)'!C54)",B2389*'Summary Sheet'!$C$39
2390,"IF(ISBLANK('Unit Type (37)'!B55), "" "", 'Unit Type (37)'!B55)","IF(ISBLANK('Unit Type (37)'!C55), "" "", 'Unit Type (37)'!C55)",B2390*'Summary Sheet'!$C$39
2391,"IF(ISBLANK('Unit Type (37)'!B56), "" "", 'Unit Type (37)'!B56)","IF(ISBLANK('Unit Type (37)'!C56), "" "", 'Unit Type (37)'!C56)",B2391*'Summary Sheet'!$C$39
2392,"IF(ISBLANK('Unit Type (37)'!B57), "" "", 'Unit Type (37)'!B57)","IF(ISBLANK('Unit Type (37)'!C57), "" "", 'Unit Type (37)'!C57)",B2392*'Summary Sheet'!$C$39
2393,"IF(ISBLANK('Unit Type (37)'!B58), "" "", 'Unit Type (37)'!B58)","IF(ISBLANK('Unit Type (37)'!C58), "" "", 'Unit Type (37)'!C58)",B2393*'Summary Sheet'!$C$39
2394,"IF(ISBLANK('Unit Type (37)'!B59), "" "", 'Unit Type (37)'!B59)","IF(ISBLANK('Unit Type (37)'!C59), "" "", 'Unit Type (37)'!C59)",B2394*'Summary Sheet'!$C$39
2395,"IF(ISBLANK('Unit Type (37)'!B60), "" "", 'Unit Type (37)'!B60)","IF(ISBLANK('Unit Type (37)'!C60), "" "", 'Unit Type (37)'!C60)",B2395*'Summary Sheet'!$C$39
2396,"IF(ISBLANK('Unit Type (37)'!B61), "" "", 'Unit Type (37)'!B61)","IF(ISBLANK('Unit Type (37)'!C61), "" "", 'Unit Type (37)'!C61)",B2396*'Summary Sheet'!$C$39
2397,"IF(ISBLANK('Unit Type (37)'!B62), "" "", 'Unit Type (37)'!B62)","IF(ISBLANK('Unit Type (37)'!C62), "" "", 'Unit Type (37)'!C62)",B2397*'Summary Sheet'!$C$39
2398,"IF(ISBLANK('Unit Type (37)'!B63), "" "", 'Unit Type (37)'!B63)","IF(ISBLANK('Unit Type (37)'!C63), "" "", 'Unit Type (37)'!C63)",B2398*'Summary Sheet'!$C$39
2399,"IF(ISBLANK('Unit Type (37)'!B64), "" "", 'Unit Type (37)'!B64)","IF(ISBLANK('Unit Type (37)'!C64), "" "", 'Unit Type (37)'!C64)",B2399*'Summary Sheet'!$C$39
2400,"IF(ISBLANK('Unit Type (37)'!B65), "" "", 'Unit Type (37)'!B65)","IF(ISBLANK('Unit Type (37)'!C65), "" "", 'Unit Type (37)'!C65)",B2400*'Summary Sheet'!$C$39
2401,"IF(ISBLANK('Unit Type (37)'!B66), "" "", 'Unit Type (37)'!B66)","IF(ISBLANK('Unit Type (37)'!C66), "" "", 'Unit Type (37)'!C66)",B2401*'Summary Sheet'!$C$39
2402,"IF(ISBLANK('Unit Type (37)'!B67), "" "", 'Unit Type (37)'!B67)","IF(ISBLANK('Unit Type (37)'!C67), "" "", 'Unit Type (37)'!C67)",B2402*'Summary Sheet'!$C$39
2403,"IF(ISBLANK('Unit Type (37)'!B68), "" "", 'Unit Type (37)'!B68)","IF(ISBLANK('Unit Type (37)'!C68), "" "", 'Unit Type (37)'!C68)",B2403*'Summary Sheet'!$C$39
2404,"IF(ISBLANK('Unit Type (37)'!B69), "" "", 'Unit Type (37)'!B69)","IF(ISBLANK('Unit Type (37)'!C69), "" "", 'Unit Type (37)'!C69)",B2404*'Summary Sheet'!$C$39
2405,"IF(ISBLANK('Unit Type (37)'!B70), "" "", 'Unit Type (37)'!B70)","IF(ISBLANK('Unit Type (37)'!C70), "" "", 'Unit Type (37)'!C70)",B2405*'Summary Sheet'!$C$39
2406,"IF(ISBLANK('Unit Type (38)'!B6), "" "", 'Unit Type (38)'!B6)","IF(ISBLANK('Unit Type (38)'!C6), "" "", 'Unit Type (38)'!C6)",B2406*'Summary Sheet'!$C$40
2407,"IF(ISBLANK('Unit Type (38)'!B7), "" "", 'Unit Type (38)'!B7)","IF(ISBLANK('Unit Type (38)'!C7), "" "", 'Unit Type (38)'!C7)",B2407*'Summary Sheet'!$C$40
2408,"IF(ISBLANK('Unit Type (38)'!B8), "" "", 'Unit Type (38)'!B8)","IF(ISBLANK('Unit Type (38)'!C8), "" "", 'Unit Type (38)'!C8)",B2408*'Summary Sheet'!$C$40
2409,"IF(ISBLANK('Unit Type (38)'!B9), "" "", 'Unit Type (38)'!B9)","IF(ISBLANK('Unit Type (38)'!C9), "" "", 'Unit Type (38)'!C9)",B2409*'Summary Sheet'!$C$40
2410,"IF(ISBLANK('Unit Type (38)'!B10), "" "", 'Unit Type (38)'!B10)","IF(ISBLANK('Unit Type (38)'!C10), "" "", 'Unit Type (38)'!C10)",B2410*'Summary Sheet'!$C$40
2411,"IF(ISBLANK('Unit Type (38)'!B11), "" "", 'Unit Type (38)'!B11)","IF(ISBLANK('Unit Type (38)'!C11), "" "", 'Unit Type (38)'!C11)",B2411*'Summary Sheet'!$C$40
2412,"IF(ISBLANK('Unit Type (38)'!B12), "" "", 'Unit Type (38)'!B12)","IF(ISBLANK('Unit Type (38)'!C12), "" "", 'Unit Type (38)'!C12)",B2412*'Summary Sheet'!$C$40
2413,"IF(ISBLANK('Unit Type (38)'!B13), "" "", 'Unit Type (38)'!B13)","IF(ISBLANK('Unit Type (38)'!C13), "" "", 'Unit Type (38)'!C13)",B2413*'Summary Sheet'!$C$40
2414,"IF(ISBLANK('Unit Type (38)'!B14), "" "", 'Unit Type (38)'!B14)","IF(ISBLANK('Unit Type (38)'!C14), "" "", 'Unit Type (38)'!C14)",B2414*'Summary Sheet'!$C$40
2415,"IF(ISBLANK('Unit Type (38)'!B15), "" "", 'Unit Type (38)'!B15)","IF(ISBLANK('Unit Type (38)'!C15), "" "", 'Unit Type (38)'!C15)",B2415*'Summary Sheet'!$C$40
2416,"IF(ISBLANK('Unit Type (38)'!B16), "" "", 'Unit Type (38)'!B16)","IF(ISBLANK('Unit Type (38)'!C16), "" "", 'Unit Type (38)'!C16)",B2416*'Summary Sheet'!$C$40
2417,"IF(ISBLANK('Unit Type (38)'!B17), "" "", 'Unit Type (38)'!B17)","IF(ISBLANK('Unit Type (38)'!C17), "" "", 'Unit Type (38)'!C17)",B2417*'Summary Sheet'!$C$40
2418,"IF(ISBLANK('Unit Type (38)'!B18), "" "", 'Unit Type (38)'!B18)","IF(ISBLANK('Unit Type (38)'!C18), "" "", 'Unit Type (38)'!C18)",B2418*'Summary Sheet'!$C$40
2419,"IF(ISBLANK('Unit Type (38)'!B19), "" "", 'Unit Type (38)'!B19)","IF(ISBLANK('Unit Type (38)'!C19), "" "", 'Unit Type (38)'!C19)",B2419*'Summary Sheet'!$C$40
2420,"IF(ISBLANK('Unit Type (38)'!B20), "" "", 'Unit Type (38)'!B20)","IF(ISBLANK('Unit Type (38)'!C20), "" "", 'Unit Type (38)'!C20)",B2420*'Summary Sheet'!$C$40
2421,"IF(ISBLANK('Unit Type (38)'!B21), "" "", 'Unit Type (38)'!B21)","IF(ISBLANK('Unit Type (38)'!C21), "" "", 'Unit Type (38)'!C21)",B2421*'Summary Sheet'!$C$40
2422,"IF(ISBLANK('Unit Type (38)'!B22), "" "", 'Unit Type (38)'!B22)","IF(ISBLANK('Unit Type (38)'!C22), "" "", 'Unit Type (38)'!C22)",B2422*'Summary Sheet'!$C$40
2423,"IF(ISBLANK('Unit Type (38)'!B23), "" "", 'Unit Type (38)'!B23)","IF(ISBLANK('Unit Type (38)'!C23), "" "", 'Unit Type (38)'!C23)",B2423*'Summary Sheet'!$C$40
2424,"IF(ISBLANK('Unit Type (38)'!B24), "" "", 'Unit Type (38)'!B24)","IF(ISBLANK('Unit Type (38)'!C24), "" "", 'Unit Type (38)'!C24)",B2424*'Summary Sheet'!$C$40
2425,"IF(ISBLANK('Unit Type (38)'!B25), "" "", 'Unit Type (38)'!B25)","IF(ISBLANK('Unit Type (38)'!C25), "" "", 'Unit Type (38)'!C25)",B2425*'Summary Sheet'!$C$40
2426,"IF(ISBLANK('Unit Type (38)'!B26), "" "", 'Unit Type (38)'!B26)","IF(ISBLANK('Unit Type (38)'!C26), "" "", 'Unit Type (38)'!C26)",B2426*'Summary Sheet'!$C$40
2427,"IF(ISBLANK('Unit Type (38)'!B27), "" "", 'Unit Type (38)'!B27)","IF(ISBLANK('Unit Type (38)'!C27), "" "", 'Unit Type (38)'!C27)",B2427*'Summary Sheet'!$C$40
2428,"IF(ISBLANK('Unit Type (38)'!B28), "" "", 'Unit Type (38)'!B28)","IF(ISBLANK('Unit Type (38)'!C28), "" "", 'Unit Type (38)'!C28)",B2428*'Summary Sheet'!$C$40
2429,"IF(ISBLANK('Unit Type (38)'!B29), "" "", 'Unit Type (38)'!B29)","IF(ISBLANK('Unit Type (38)'!C29), "" "", 'Unit Type (38)'!C29)",B2429*'Summary Sheet'!$C$40
2430,"IF(ISBLANK('Unit Type (38)'!B30), "" "", 'Unit Type (38)'!B30)","IF(ISBLANK('Unit Type (38)'!C30), "" "", 'Unit Type (38)'!C30)",B2430*'Summary Sheet'!$C$40
2431,"IF(ISBLANK('Unit Type (38)'!B31), "" "", 'Unit Type (38)'!B31)","IF(ISBLANK('Unit Type (38)'!C31), "" "", 'Unit Type (38)'!C31)",B2431*'Summary Sheet'!$C$40
2432,"IF(ISBLANK('Unit Type (38)'!B32), "" "", 'Unit Type (38)'!B32)","IF(ISBLANK('Unit Type (38)'!C32), "" "", 'Unit Type (38)'!C32)",B2432*'Summary Sheet'!$C$40
2433,"IF(ISBLANK('Unit Type (38)'!B33), "" "", 'Unit Type (38)'!B33)","IF(ISBLANK('Unit Type (38)'!C33), "" "", 'Unit Type (38)'!C33)",B2433*'Summary Sheet'!$C$40
2434,"IF(ISBLANK('Unit Type (38)'!B34), "" "", 'Unit Type (38)'!B34)","IF(ISBLANK('Unit Type (38)'!C34), "" "", 'Unit Type (38)'!C34)",B2434*'Summary Sheet'!$C$40
2435,"IF(ISBLANK('Unit Type (38)'!B35), "" "", 'Unit Type (38)'!B35)","IF(ISBLANK('Unit Type (38)'!C35), "" "", 'Unit Type (38)'!C35)",B2435*'Summary Sheet'!$C$40
2436,"IF(ISBLANK('Unit Type (38)'!B36), "" "", 'Unit Type (38)'!B36)","IF(ISBLANK('Unit Type (38)'!C36), "" "", 'Unit Type (38)'!C36)",B2436*'Summary Sheet'!$C$40
2437,"IF(ISBLANK('Unit Type (38)'!B37), "" "", 'Unit Type (38)'!B37)","IF(ISBLANK('Unit Type (38)'!C37), "" "", 'Unit Type (38)'!C37)",B2437*'Summary Sheet'!$C$40
2438,"IF(ISBLANK('Unit Type (38)'!B38), "" "", 'Unit Type (38)'!B38)","IF(ISBLANK('Unit Type (38)'!C38), "" "", 'Unit Type (38)'!C38)",B2438*'Summary Sheet'!$C$40
2439,"IF(ISBLANK('Unit Type (38)'!B39), "" "", 'Unit Type (38)'!B39)","IF(ISBLANK('Unit Type (38)'!C39), "" "", 'Unit Type (38)'!C39)",B2439*'Summary Sheet'!$C$40
2440,"IF(ISBLANK('Unit Type (38)'!B40), "" "", 'Unit Type (38)'!B40)","IF(ISBLANK('Unit Type (38)'!C40), "" "", 'Unit Type (38)'!C40)",B2440*'Summary Sheet'!$C$40
2441,"IF(ISBLANK('Unit Type (38)'!B41), "" "", 'Unit Type (38)'!B41)","IF(ISBLANK('Unit Type (38)'!C41), "" "", 'Unit Type (38)'!C41)",B2441*'Summary Sheet'!$C$40
2442,"IF(ISBLANK('Unit Type (38)'!B42), "" "", 'Unit Type (38)'!B42)","IF(ISBLANK('Unit Type (38)'!C42), "" "", 'Unit Type (38)'!C42)",B2442*'Summary Sheet'!$C$40
2443,"IF(ISBLANK('Unit Type (38)'!B43), "" "", 'Unit Type (38)'!B43)","IF(ISBLANK('Unit Type (38)'!C43), "" "", 'Unit Type (38)'!C43)",B2443*'Summary Sheet'!$C$40
2444,"IF(ISBLANK('Unit Type (38)'!B44), "" "", 'Unit Type (38)'!B44)","IF(ISBLANK('Unit Type (38)'!C44), "" "", 'Unit Type (38)'!C44)",B2444*'Summary Sheet'!$C$40
2445,"IF(ISBLANK('Unit Type (38)'!B45), "" "", 'Unit Type (38)'!B45)","IF(ISBLANK('Unit Type (38)'!C45), "" "", 'Unit Type (38)'!C45)",B2445*'Summary Sheet'!$C$40
2446,"IF(ISBLANK('Unit Type (38)'!B46), "" "", 'Unit Type (38)'!B46)","IF(ISBLANK('Unit Type (38)'!C46), "" "", 'Unit Type (38)'!C46)",B2446*'Summary Sheet'!$C$40
2447,"IF(ISBLANK('Unit Type (38)'!B47), "" "", 'Unit Type (38)'!B47)","IF(ISBLANK('Unit Type (38)'!C47), "" "", 'Unit Type (38)'!C47)",B2447*'Summary Sheet'!$C$40
2448,"IF(ISBLANK('Unit Type (38)'!B48), "" "", 'Unit Type (38)'!B48)","IF(ISBLANK('Unit Type (38)'!C48), "" "", 'Unit Type (38)'!C48)",B2448*'Summary Sheet'!$C$40
2449,"IF(ISBLANK('Unit Type (38)'!B49), "" "", 'Unit Type (38)'!B49)","IF(ISBLANK('Unit Type (38)'!C49), "" "", 'Unit Type (38)'!C49)",B2449*'Summary Sheet'!$C$40
2450,"IF(ISBLANK('Unit Type (38)'!B50), "" "", 'Unit Type (38)'!B50)","IF(ISBLANK('Unit Type (38)'!C50), "" "", 'Unit Type (38)'!C50)",B2450*'Summary Sheet'!$C$40
2451,"IF(ISBLANK('Unit Type (38)'!B51), "" "", 'Unit Type (38)'!B51)","IF(ISBLANK('Unit Type (38)'!C51), "" "", 'Unit Type (38)'!C51)",B2451*'Summary Sheet'!$C$40
2452,"IF(ISBLANK('Unit Type (38)'!B52), "" "", 'Unit Type (38)'!B52)","IF(ISBLANK('Unit Type (38)'!C52), "" "", 'Unit Type (38)'!C52)",B2452*'Summary Sheet'!$C$40
2453,"IF(ISBLANK('Unit Type (38)'!B53), "" "", 'Unit Type (38)'!B53)","IF(ISBLANK('Unit Type (38)'!C53), "" "", 'Unit Type (38)'!C53)",B2453*'Summary Sheet'!$C$40
2454,"IF(ISBLANK('Unit Type (38)'!B54), "" "", 'Unit Type (38)'!B54)","IF(ISBLANK('Unit Type (38)'!C54), "" "", 'Unit Type (38)'!C54)",B2454*'Summary Sheet'!$C$40
2455,"IF(ISBLANK('Unit Type (38)'!B55), "" "", 'Unit Type (38)'!B55)","IF(ISBLANK('Unit Type (38)'!C55), "" "", 'Unit Type (38)'!C55)",B2455*'Summary Sheet'!$C$40
2456,"IF(ISBLANK('Unit Type (38)'!B56), "" "", 'Unit Type (38)'!B56)","IF(ISBLANK('Unit Type (38)'!C56), "" "", 'Unit Type (38)'!C56)",B2456*'Summary Sheet'!$C$40
2457,"IF(ISBLANK('Unit Type (38)'!B57), "" "", 'Unit Type (38)'!B57)","IF(ISBLANK('Unit Type (38)'!C57), "" "", 'Unit Type (38)'!C57)",B2457*'Summary Sheet'!$C$40
2458,"IF(ISBLANK('Unit Type (38)'!B58), "" "", 'Unit Type (38)'!B58)","IF(ISBLANK('Unit Type (38)'!C58), "" "", 'Unit Type (38)'!C58)",B2458*'Summary Sheet'!$C$40
2459,"IF(ISBLANK('Unit Type (38)'!B59), "" "", 'Unit Type (38)'!B59)","IF(ISBLANK('Unit Type (38)'!C59), "" "", 'Unit Type (38)'!C59)",B2459*'Summary Sheet'!$C$40
2460,"IF(ISBLANK('Unit Type (38)'!B60), "" "", 'Unit Type (38)'!B60)","IF(ISBLANK('Unit Type (38)'!C60), "" "", 'Unit Type (38)'!C60)",B2460*'Summary Sheet'!$C$40
2461,"IF(ISBLANK('Unit Type (38)'!B61), "" "", 'Unit Type (38)'!B61)","IF(ISBLANK('Unit Type (38)'!C61), "" "", 'Unit Type (38)'!C61)",B2461*'Summary Sheet'!$C$40
2462,"IF(ISBLANK('Unit Type (38)'!B62), "" "", 'Unit Type (38)'!B62)","IF(ISBLANK('Unit Type (38)'!C62), "" "", 'Unit Type (38)'!C62)",B2462*'Summary Sheet'!$C$40
2463,"IF(ISBLANK('Unit Type (38)'!B63), "" "", 'Unit Type (38)'!B63)","IF(ISBLANK('Unit Type (38)'!C63), "" "", 'Unit Type (38)'!C63)",B2463*'Summary Sheet'!$C$40
2464,"IF(ISBLANK('Unit Type (38)'!B64), "" "", 'Unit Type (38)'!B64)","IF(ISBLANK('Unit Type (38)'!C64), "" "", 'Unit Type (38)'!C64)",B2464*'Summary Sheet'!$C$40
2465,"IF(ISBLANK('Unit Type (38)'!B65), "" "", 'Unit Type (38)'!B65)","IF(ISBLANK('Unit Type (38)'!C65), "" "", 'Unit Type (38)'!C65)",B2465*'Summary Sheet'!$C$40
2466,"IF(ISBLANK('Unit Type (38)'!B66), "" "", 'Unit Type (38)'!B66)","IF(ISBLANK('Unit Type (38)'!C66), "" "", 'Unit Type (38)'!C66)",B2466*'Summary Sheet'!$C$40
2467,"IF(ISBLANK('Unit Type (38)'!B67), "" "", 'Unit Type (38)'!B67)","IF(ISBLANK('Unit Type (38)'!C67), "" "", 'Unit Type (38)'!C67)",B2467*'Summary Sheet'!$C$40
2468,"IF(ISBLANK('Unit Type (38)'!B68), "" "", 'Unit Type (38)'!B68)","IF(ISBLANK('Unit Type (38)'!C68), "" "", 'Unit Type (38)'!C68)",B2468*'Summary Sheet'!$C$40
2469,"IF(ISBLANK('Unit Type (38)'!B69), "" "", 'Unit Type (38)'!B69)","IF(ISBLANK('Unit Type (38)'!C69), "" "", 'Unit Type (38)'!C69)",B2469*'Summary Sheet'!$C$40
2470,"IF(ISBLANK('Unit Type (38)'!B70), "" "", 'Unit Type (38)'!B70)","IF(ISBLANK('Unit Type (38)'!C70), "" "", 'Unit Type (38)'!C70)",B2470*'Summary Sheet'!$C$40
2471,"IF(ISBLANK('Unit Type (39)'!B6), "" "", 'Unit Type (39)'!B6)","IF(ISBLANK('Unit Type (39)'!C6), "" "", 'Unit Type (39)'!C6)",B2471*'Summary Sheet'!$C$41
2472,"IF(ISBLANK('Unit Type (39)'!B7), "" "", 'Unit Type (39)'!B7)","IF(ISBLANK('Unit Type (39)'!C7), "" "", 'Unit Type (39)'!C7)",B2472*'Summary Sheet'!$C$41
2473,"IF(ISBLANK('Unit Type (39)'!B8), "" "", 'Unit Type (39)'!B8)","IF(ISBLANK('Unit Type (39)'!C8), "" "", 'Unit Type (39)'!C8)",B2473*'Summary Sheet'!$C$41
2474,"IF(ISBLANK('Unit Type (39)'!B9), "" "", 'Unit Type (39)'!B9)","IF(ISBLANK('Unit Type (39)'!C9), "" "", 'Unit Type (39)'!C9)",B2474*'Summary Sheet'!$C$41
2475,"IF(ISBLANK('Unit Type (39)'!B10), "" "", 'Unit Type (39)'!B10)","IF(ISBLANK('Unit Type (39)'!C10), "" "", 'Unit Type (39)'!C10)",B2475*'Summary Sheet'!$C$41
2476,"IF(ISBLANK('Unit Type (39)'!B11), "" "", 'Unit Type (39)'!B11)","IF(ISBLANK('Unit Type (39)'!C11), "" "", 'Unit Type (39)'!C11)",B2476*'Summary Sheet'!$C$41
2477,"IF(ISBLANK('Unit Type (39)'!B12), "" "", 'Unit Type (39)'!B12)","IF(ISBLANK('Unit Type (39)'!C12), "" "", 'Unit Type (39)'!C12)",B2477*'Summary Sheet'!$C$41
2478,"IF(ISBLANK('Unit Type (39)'!B13), "" "", 'Unit Type (39)'!B13)","IF(ISBLANK('Unit Type (39)'!C13), "" "", 'Unit Type (39)'!C13)",B2478*'Summary Sheet'!$C$41
2479,"IF(ISBLANK('Unit Type (39)'!B14), "" "", 'Unit Type (39)'!B14)","IF(ISBLANK('Unit Type (39)'!C14), "" "", 'Unit Type (39)'!C14)",B2479*'Summary Sheet'!$C$41
2480,"IF(ISBLANK('Unit Type (39)'!B15), "" "", 'Unit Type (39)'!B15)","IF(ISBLANK('Unit Type (39)'!C15), "" "", 'Unit Type (39)'!C15)",B2480*'Summary Sheet'!$C$41
2481,"IF(ISBLANK('Unit Type (39)'!B16), "" "", 'Unit Type (39)'!B16)","IF(ISBLANK('Unit Type (39)'!C16), "" "", 'Unit Type (39)'!C16)",B2481*'Summary Sheet'!$C$41
2482,"IF(ISBLANK('Unit Type (39)'!B17), "" "", 'Unit Type (39)'!B17)","IF(ISBLANK('Unit Type (39)'!C17), "" "", 'Unit Type (39)'!C17)",B2482*'Summary Sheet'!$C$41
2483,"IF(ISBLANK('Unit Type (39)'!B18), "" "", 'Unit Type (39)'!B18)","IF(ISBLANK('Unit Type (39)'!C18), "" "", 'Unit Type (39)'!C18)",B2483*'Summary Sheet'!$C$41
2484,"IF(ISBLANK('Unit Type (39)'!B19), "" "", 'Unit Type (39)'!B19)","IF(ISBLANK('Unit Type (39)'!C19), "" "", 'Unit Type (39)'!C19)",B2484*'Summary Sheet'!$C$41
2485,"IF(ISBLANK('Unit Type (39)'!B20), "" "", 'Unit Type (39)'!B20)","IF(ISBLANK('Unit Type (39)'!C20), "" "", 'Unit Type (39)'!C20)",B2485*'Summary Sheet'!$C$41
2486,"IF(ISBLANK('Unit Type (39)'!B21), "" "", 'Unit Type (39)'!B21)","IF(ISBLANK('Unit Type (39)'!C21), "" "", 'Unit Type (39)'!C21)",B2486*'Summary Sheet'!$C$41
2487,"IF(ISBLANK('Unit Type (39)'!B22), "" "", 'Unit Type (39)'!B22)","IF(ISBLANK('Unit Type (39)'!C22), "" "", 'Unit Type (39)'!C22)",B2487*'Summary Sheet'!$C$41
2488,"IF(ISBLANK('Unit Type (39)'!B23), "" "", 'Unit Type (39)'!B23)","IF(ISBLANK('Unit Type (39)'!C23), "" "", 'Unit Type (39)'!C23)",B2488*'Summary Sheet'!$C$41
2489,"IF(ISBLANK('Unit Type (39)'!B24), "" "", 'Unit Type (39)'!B24)","IF(ISBLANK('Unit Type (39)'!C24), "" "", 'Unit Type (39)'!C24)",B2489*'Summary Sheet'!$C$41
2490,"IF(ISBLANK('Unit Type (39)'!B25), "" "", 'Unit Type (39)'!B25)","IF(ISBLANK('Unit Type (39)'!C25), "" "", 'Unit Type (39)'!C25)",B2490*'Summary Sheet'!$C$41
2491,"IF(ISBLANK('Unit Type (39)'!B26), "" "", 'Unit Type (39)'!B26)","IF(ISBLANK('Unit Type (39)'!C26), "" "", 'Unit Type (39)'!C26)",B2491*'Summary Sheet'!$C$41
2492,"IF(ISBLANK('Unit Type (39)'!B27), "" "", 'Unit Type (39)'!B27)","IF(ISBLANK('Unit Type (39)'!C27), "" "", 'Unit Type (39)'!C27)",B2492*'Summary Sheet'!$C$41
2493,"IF(ISBLANK('Unit Type (39)'!B28), "" "", 'Unit Type (39)'!B28)","IF(ISBLANK('Unit Type (39)'!C28), "" "", 'Unit Type (39)'!C28)",B2493*'Summary Sheet'!$C$41
2494,"IF(ISBLANK('Unit Type (39)'!B29), "" "", 'Unit Type (39)'!B29)","IF(ISBLANK('Unit Type (39)'!C29), "" "", 'Unit Type (39)'!C29)",B2494*'Summary Sheet'!$C$41
2495,"IF(ISBLANK('Unit Type (39)'!B30), "" "", 'Unit Type (39)'!B30)","IF(ISBLANK('Unit Type (39)'!C30), "" "", 'Unit Type (39)'!C30)",B2495*'Summary Sheet'!$C$41
2496,"IF(ISBLANK('Unit Type (39)'!B31), "" "", 'Unit Type (39)'!B31)","IF(ISBLANK('Unit Type (39)'!C31), "" "", 'Unit Type (39)'!C31)",B2496*'Summary Sheet'!$C$41
2497,"IF(ISBLANK('Unit Type (39)'!B32), "" "", 'Unit Type (39)'!B32)","IF(ISBLANK('Unit Type (39)'!C32), "" "", 'Unit Type (39)'!C32)",B2497*'Summary Sheet'!$C$41
2498,"IF(ISBLANK('Unit Type (39)'!B33), "" "", 'Unit Type (39)'!B33)","IF(ISBLANK('Unit Type (39)'!C33), "" "", 'Unit Type (39)'!C33)",B2498*'Summary Sheet'!$C$41
2499,"IF(ISBLANK('Unit Type (39)'!B34), "" "", 'Unit Type (39)'!B34)","IF(ISBLANK('Unit Type (39)'!C34), "" "", 'Unit Type (39)'!C34)",B2499*'Summary Sheet'!$C$41
2500,"IF(ISBLANK('Unit Type (39)'!B35), "" "", 'Unit Type (39)'!B35)","IF(ISBLANK('Unit Type (39)'!C35), "" "", 'Unit Type (39)'!C35)",B2500*'Summary Sheet'!$C$41
2501,"IF(ISBLANK('Unit Type (39)'!B36), "" "", 'Unit Type (39)'!B36)","IF(ISBLANK('Unit Type (39)'!C36), "" "", 'Unit Type (39)'!C36)",B2501*'Summary Sheet'!$C$41
2502,"IF(ISBLANK('Unit Type (39)'!B37), "" "", 'Unit Type (39)'!B37)","IF(ISBLANK('Unit Type (39)'!C37), "" "", 'Unit Type (39)'!C37)",B2502*'Summary Sheet'!$C$41
2503,"IF(ISBLANK('Unit Type (39)'!B38), "" "", 'Unit Type (39)'!B38)","IF(ISBLANK('Unit Type (39)'!C38), "" "", 'Unit Type (39)'!C38)",B2503*'Summary Sheet'!$C$41
2504,"IF(ISBLANK('Unit Type (39)'!B39), "" "", 'Unit Type (39)'!B39)","IF(ISBLANK('Unit Type (39)'!C39), "" "", 'Unit Type (39)'!C39)",B2504*'Summary Sheet'!$C$41
2505,"IF(ISBLANK('Unit Type (39)'!B40), "" "", 'Unit Type (39)'!B40)","IF(ISBLANK('Unit Type (39)'!C40), "" "", 'Unit Type (39)'!C40)",B2505*'Summary Sheet'!$C$41
2506,"IF(ISBLANK('Unit Type (39)'!B41), "" "", 'Unit Type (39)'!B41)","IF(ISBLANK('Unit Type (39)'!C41), "" "", 'Unit Type (39)'!C41)",B2506*'Summary Sheet'!$C$41
2507,"IF(ISBLANK('Unit Type (39)'!B42), "" "", 'Unit Type (39)'!B42)","IF(ISBLANK('Unit Type (39)'!C42), "" "", 'Unit Type (39)'!C42)",B2507*'Summary Sheet'!$C$41
2508,"IF(ISBLANK('Unit Type (39)'!B43), "" "", 'Unit Type (39)'!B43)","IF(ISBLANK('Unit Type (39)'!C43), "" "", 'Unit Type (39)'!C43)",B2508*'Summary Sheet'!$C$41
2509,"IF(ISBLANK('Unit Type (39)'!B44), "" "", 'Unit Type (39)'!B44)","IF(ISBLANK('Unit Type (39)'!C44), "" "", 'Unit Type (39)'!C44)",B2509*'Summary Sheet'!$C$41
2510,"IF(ISBLANK('Unit Type (39)'!B45), "" "", 'Unit Type (39)'!B45)","IF(ISBLANK('Unit Type (39)'!C45), "" "", 'Unit Type (39)'!C45)",B2510*'Summary Sheet'!$C$41
2511,"IF(ISBLANK('Unit Type (39)'!B46), "" "", 'Unit Type (39)'!B46)","IF(ISBLANK('Unit Type (39)'!C46), "" "", 'Unit Type (39)'!C46)",B2511*'Summary Sheet'!$C$41
2512,"IF(ISBLANK('Unit Type (39)'!B47), "" "", 'Unit Type (39)'!B47)","IF(ISBLANK('Unit Type (39)'!C47), "" "", 'Unit Type (39)'!C47)",B2512*'Summary Sheet'!$C$41
2513,"IF(ISBLANK('Unit Type (39)'!B48), "" "", 'Unit Type (39)'!B48)","IF(ISBLANK('Unit Type (39)'!C48), "" "", 'Unit Type (39)'!C48)",B2513*'Summary Sheet'!$C$41
2514,"IF(ISBLANK('Unit Type (39)'!B49), "" "", 'Unit Type (39)'!B49)","IF(ISBLANK('Unit Type (39)'!C49), "" "", 'Unit Type (39)'!C49)",B2514*'Summary Sheet'!$C$41
2515,"IF(ISBLANK('Unit Type (39)'!B50), "" "", 'Unit Type (39)'!B50)","IF(ISBLANK('Unit Type (39)'!C50), "" "", 'Unit Type (39)'!C50)",B2515*'Summary Sheet'!$C$41
2516,"IF(ISBLANK('Unit Type (39)'!B51), "" "", 'Unit Type (39)'!B51)","IF(ISBLANK('Unit Type (39)'!C51), "" "", 'Unit Type (39)'!C51)",B2516*'Summary Sheet'!$C$41
2517,"IF(ISBLANK('Unit Type (39)'!B52), "" "", 'Unit Type (39)'!B52)","IF(ISBLANK('Unit Type (39)'!C52), "" "", 'Unit Type (39)'!C52)",B2517*'Summary Sheet'!$C$41
2518,"IF(ISBLANK('Unit Type (39)'!B53), "" "", 'Unit Type (39)'!B53)","IF(ISBLANK('Unit Type (39)'!C53), "" "", 'Unit Type (39)'!C53)",B2518*'Summary Sheet'!$C$41
2519,"IF(ISBLANK('Unit Type (39)'!B54), "" "", 'Unit Type (39)'!B54)","IF(ISBLANK('Unit Type (39)'!C54), "" "", 'Unit Type (39)'!C54)",B2519*'Summary Sheet'!$C$41
2520,"IF(ISBLANK('Unit Type (39)'!B55), "" "", 'Unit Type (39)'!B55)","IF(ISBLANK('Unit Type (39)'!C55), "" "", 'Unit Type (39)'!C55)",B2520*'Summary Sheet'!$C$41
2521,"IF(ISBLANK('Unit Type (39)'!B56), "" "", 'Unit Type (39)'!B56)","IF(ISBLANK('Unit Type (39)'!C56), "" "", 'Unit Type (39)'!C56)",B2521*'Summary Sheet'!$C$41
2522,"IF(ISBLANK('Unit Type (39)'!B57), "" "", 'Unit Type (39)'!B57)","IF(ISBLANK('Unit Type (39)'!C57), "" "", 'Unit Type (39)'!C57)",B2522*'Summary Sheet'!$C$41
2523,"IF(ISBLANK('Unit Type (39)'!B58), "" "", 'Unit Type (39)'!B58)","IF(ISBLANK('Unit Type (39)'!C58), "" "", 'Unit Type (39)'!C58)",B2523*'Summary Sheet'!$C$41
2524,"IF(ISBLANK('Unit Type (39)'!B59), "" "", 'Unit Type (39)'!B59)","IF(ISBLANK('Unit Type (39)'!C59), "" "", 'Unit Type (39)'!C59)",B2524*'Summary Sheet'!$C$41
2525,"IF(ISBLANK('Unit Type (39)'!B60), "" "", 'Unit Type (39)'!B60)","IF(ISBLANK('Unit Type (39)'!C60), "" "", 'Unit Type (39)'!C60)",B2525*'Summary Sheet'!$C$41
2526,"IF(ISBLANK('Unit Type (39)'!B61), "" "", 'Unit Type (39)'!B61)","IF(ISBLANK('Unit Type (39)'!C61), "" "", 'Unit Type (39)'!C61)",B2526*'Summary Sheet'!$C$41
2527,"IF(ISBLANK('Unit Type (39)'!B62), "" "", 'Unit Type (39)'!B62)","IF(ISBLANK('Unit Type (39)'!C62), "" "", 'Unit Type (39)'!C62)",B2527*'Summary Sheet'!$C$41
2528,"IF(ISBLANK('Unit Type (39)'!B63), "" "", 'Unit Type (39)'!B63)","IF(ISBLANK('Unit Type (39)'!C63), "" "", 'Unit Type (39)'!C63)",B2528*'Summary Sheet'!$C$41
2529,"IF(ISBLANK('Unit Type (39)'!B64), "" "", 'Unit Type (39)'!B64)","IF(ISBLANK('Unit Type (39)'!C64), "" "", 'Unit Type (39)'!C64)",B2529*'Summary Sheet'!$C$41
2530,"IF(ISBLANK('Unit Type (39)'!B65), "" "", 'Unit Type (39)'!B65)","IF(ISBLANK('Unit Type (39)'!C65), "" "", 'Unit Type (39)'!C65)",B2530*'Summary Sheet'!$C$41
2531,"IF(ISBLANK('Unit Type (39)'!B66), "" "", 'Unit Type (39)'!B66)","IF(ISBLANK('Unit Type (39)'!C66), "" "", 'Unit Type (39)'!C66)",B2531*'Summary Sheet'!$C$41
2532,"IF(ISBLANK('Unit Type (39)'!B67), "" "", 'Unit Type (39)'!B67)","IF(ISBLANK('Unit Type (39)'!C67), "" "", 'Unit Type (39)'!C67)",B2532*'Summary Sheet'!$C$41
2533,"IF(ISBLANK('Unit Type (39)'!B68), "" "", 'Unit Type (39)'!B68)","IF(ISBLANK('Unit Type (39)'!C68), "" "", 'Unit Type (39)'!C68)",B2533*'Summary Sheet'!$C$41
2534,"IF(ISBLANK('Unit Type (39)'!B69), "" "", 'Unit Type (39)'!B69)","IF(ISBLANK('Unit Type (39)'!C69), "" "", 'Unit Type (39)'!C69)",B2534*'Summary Sheet'!$C$41
2535,"IF(ISBLANK('Unit Type (39)'!B70), "" "", 'Unit Type (39)'!B70)","IF(ISBLANK('Unit Type (39)'!C70), "" "", 'Unit Type (39)'!C70)",B2535*'Summary Sheet'!$C$41
2536,"IF(ISBLANK('Unit Type (40)'!B6), "" "", 'Unit Type (40)'!B6)","IF(ISBLANK('Unit Type (40)'!C6), "" "", 'Unit Type (40)'!C6)",B2536*'Summary Sheet'!$C$42
2537,"IF(ISBLANK('Unit Type (40)'!B7), "" "", 'Unit Type (40)'!B7)","IF(ISBLANK('Unit Type (40)'!C7), "" "", 'Unit Type (40)'!C7)",B2537*'Summary Sheet'!$C$42
2538,"IF(ISBLANK('Unit Type (40)'!B8), "" "", 'Unit Type (40)'!B8)","IF(ISBLANK('Unit Type (40)'!C8), "" "", 'Unit Type (40)'!C8)",B2538*'Summary Sheet'!$C$42
2539,"IF(ISBLANK('Unit Type (40)'!B9), "" "", 'Unit Type (40)'!B9)","IF(ISBLANK('Unit Type (40)'!C9), "" "", 'Unit Type (40)'!C9)",B2539*'Summary Sheet'!$C$42
2540,"IF(ISBLANK('Unit Type (40)'!B10), "" "", 'Unit Type (40)'!B10)","IF(ISBLANK('Unit Type (40)'!C10), "" "", 'Unit Type (40)'!C10)",B2540*'Summary Sheet'!$C$42
2541,"IF(ISBLANK('Unit Type (40)'!B11), "" "", 'Unit Type (40)'!B11)","IF(ISBLANK('Unit Type (40)'!C11), "" "", 'Unit Type (40)'!C11)",B2541*'Summary Sheet'!$C$42
2542,"IF(ISBLANK('Unit Type (40)'!B12), "" "", 'Unit Type (40)'!B12)","IF(ISBLANK('Unit Type (40)'!C12), "" "", 'Unit Type (40)'!C12)",B2542*'Summary Sheet'!$C$42
2543,"IF(ISBLANK('Unit Type (40)'!B13), "" "", 'Unit Type (40)'!B13)","IF(ISBLANK('Unit Type (40)'!C13), "" "", 'Unit Type (40)'!C13)",B2543*'Summary Sheet'!$C$42
2544,"IF(ISBLANK('Unit Type (40)'!B14), "" "", 'Unit Type (40)'!B14)","IF(ISBLANK('Unit Type (40)'!C14), "" "", 'Unit Type (40)'!C14)",B2544*'Summary Sheet'!$C$42
2545,"IF(ISBLANK('Unit Type (40)'!B15), "" "", 'Unit Type (40)'!B15)","IF(ISBLANK('Unit Type (40)'!C15), "" "", 'Unit Type (40)'!C15)",B2545*'Summary Sheet'!$C$42
2546,"IF(ISBLANK('Unit Type (40)'!B16), "" "", 'Unit Type (40)'!B16)","IF(ISBLANK('Unit Type (40)'!C16), "" "", 'Unit Type (40)'!C16)",B2546*'Summary Sheet'!$C$42
2547,"IF(ISBLANK('Unit Type (40)'!B17), "" "", 'Unit Type (40)'!B17)","IF(ISBLANK('Unit Type (40)'!C17), "" "", 'Unit Type (40)'!C17)",B2547*'Summary Sheet'!$C$42
2548,"IF(ISBLANK('Unit Type (40)'!B18), "" "", 'Unit Type (40)'!B18)","IF(ISBLANK('Unit Type (40)'!C18), "" "", 'Unit Type (40)'!C18)",B2548*'Summary Sheet'!$C$42
2549,"IF(ISBLANK('Unit Type (40)'!B19), "" "", 'Unit Type (40)'!B19)","IF(ISBLANK('Unit Type (40)'!C19), "" "", 'Unit Type (40)'!C19)",B2549*'Summary Sheet'!$C$42
2550,"IF(ISBLANK('Unit Type (40)'!B20), "" "", 'Unit Type (40)'!B20)","IF(ISBLANK('Unit Type (40)'!C20), "" "", 'Unit Type (40)'!C20)",B2550*'Summary Sheet'!$C$42
2551,"IF(ISBLANK('Unit Type (40)'!B21), "" "", 'Unit Type (40)'!B21)","IF(ISBLANK('Unit Type (40)'!C21), "" "", 'Unit Type (40)'!C21)",B2551*'Summary Sheet'!$C$42
2552,"IF(ISBLANK('Unit Type (40)'!B22), "" "", 'Unit Type (40)'!B22)","IF(ISBLANK('Unit Type (40)'!C22), "" "", 'Unit Type (40)'!C22)",B2552*'Summary Sheet'!$C$42
2553,"IF(ISBLANK('Unit Type (40)'!B23), "" "", 'Unit Type (40)'!B23)","IF(ISBLANK('Unit Type (40)'!C23), "" "", 'Unit Type (40)'!C23)",B2553*'Summary Sheet'!$C$42
2554,"IF(ISBLANK('Unit Type (40)'!B24), "" "", 'Unit Type (40)'!B24)","IF(ISBLANK('Unit Type (40)'!C24), "" "", 'Unit Type (40)'!C24)",B2554*'Summary Sheet'!$C$42
2555,"IF(ISBLANK('Unit Type (40)'!B25), "" "", 'Unit Type (40)'!B25)","IF(ISBLANK('Unit Type (40)'!C25), "" "", 'Unit Type (40)'!C25)",B2555*'Summary Sheet'!$C$42
2556,"IF(ISBLANK('Unit Type (40)'!B26), "" "", 'Unit Type (40)'!B26)","IF(ISBLANK('Unit Type (40)'!C26), "" "", 'Unit Type (40)'!C26)",B2556*'Summary Sheet'!$C$42
2557,"IF(ISBLANK('Unit Type (40)'!B27), "" "", 'Unit Type (40)'!B27)","IF(ISBLANK('Unit Type (40)'!C27), "" "", 'Unit Type (40)'!C27)",B2557*'Summary Sheet'!$C$42
2558,"IF(ISBLANK('Unit Type (40)'!B28), "" "", 'Unit Type (40)'!B28)","IF(ISBLANK('Unit Type (40)'!C28), "" "", 'Unit Type (40)'!C28)",B2558*'Summary Sheet'!$C$42
2559,"IF(ISBLANK('Unit Type (40)'!B29), "" "", 'Unit Type (40)'!B29)","IF(ISBLANK('Unit Type (40)'!C29), "" "", 'Unit Type (40)'!C29)",B2559*'Summary Sheet'!$C$42
2560,"IF(ISBLANK('Unit Type (40)'!B30), "" "", 'Unit Type (40)'!B30)","IF(ISBLANK('Unit Type (40)'!C30), "" "", 'Unit Type (40)'!C30)",B2560*'Summary Sheet'!$C$42
2561,"IF(ISBLANK('Unit Type (40)'!B31), "" "", 'Unit Type (40)'!B31)","IF(ISBLANK('Unit Type (40)'!C31), "" "", 'Unit Type (40)'!C31)",B2561*'Summary Sheet'!$C$42
2562,"IF(ISBLANK('Unit Type (40)'!B32), "" "", 'Unit Type (40)'!B32)","IF(ISBLANK('Unit Type (40)'!C32), "" "", 'Unit Type (40)'!C32)",B2562*'Summary Sheet'!$C$42
2563,"IF(ISBLANK('Unit Type (40)'!B33), "" "", 'Unit Type (40)'!B33)","IF(ISBLANK('Unit Type (40)'!C33), "" "", 'Unit Type (40)'!C33)",B2563*'Summary Sheet'!$C$42
2564,"IF(ISBLANK('Unit Type (40)'!B34), "" "", 'Unit Type (40)'!B34)","IF(ISBLANK('Unit Type (40)'!C34), "" "", 'Unit Type (40)'!C34)",B2564*'Summary Sheet'!$C$42
2565,"IF(ISBLANK('Unit Type (40)'!B35), "" "", 'Unit Type (40)'!B35)","IF(ISBLANK('Unit Type (40)'!C35), "" "", 'Unit Type (40)'!C35)",B2565*'Summary Sheet'!$C$42
2566,"IF(ISBLANK('Unit Type (40)'!B36), "" "", 'Unit Type (40)'!B36)","IF(ISBLANK('Unit Type (40)'!C36), "" "", 'Unit Type (40)'!C36)",B2566*'Summary Sheet'!$C$42
2567,"IF(ISBLANK('Unit Type (40)'!B37), "" "", 'Unit Type (40)'!B37)","IF(ISBLANK('Unit Type (40)'!C37), "" "", 'Unit Type (40)'!C37)",B2567*'Summary Sheet'!$C$42
2568,"IF(ISBLANK('Unit Type (40)'!B38), "" "", 'Unit Type (40)'!B38)","IF(ISBLANK('Unit Type (40)'!C38), "" "", 'Unit Type (40)'!C38)",B2568*'Summary Sheet'!$C$42
2569,"IF(ISBLANK('Unit Type (40)'!B39), "" "", 'Unit Type (40)'!B39)","IF(ISBLANK('Unit Type (40)'!C39), "" "", 'Unit Type (40)'!C39)",B2569*'Summary Sheet'!$C$42
2570,"IF(ISBLANK('Unit Type (40)'!B40), "" "", 'Unit Type (40)'!B40)","IF(ISBLANK('Unit Type (40)'!C40), "" "", 'Unit Type (40)'!C40)",B2570*'Summary Sheet'!$C$42
2571,"IF(ISBLANK('Unit Type (40)'!B41), "" "", 'Unit Type (40)'!B41)","IF(ISBLANK('Unit Type (40)'!C41), "" "", 'Unit Type (40)'!C41)",B2571*'Summary Sheet'!$C$42
2572,"IF(ISBLANK('Unit Type (40)'!B42), "" "", 'Unit Type (40)'!B42)","IF(ISBLANK('Unit Type (40)'!C42), "" "", 'Unit Type (40)'!C42)",B2572*'Summary Sheet'!$C$42
2573,"IF(ISBLANK('Unit Type (40)'!B43), "" "", 'Unit Type (40)'!B43)","IF(ISBLANK('Unit Type (40)'!C43), "" "", 'Unit Type (40)'!C43)",B2573*'Summary Sheet'!$C$42
2574,"IF(ISBLANK('Unit Type (40)'!B44), "" "", 'Unit Type (40)'!B44)","IF(ISBLANK('Unit Type (40)'!C44), "" "", 'Unit Type (40)'!C44)",B2574*'Summary Sheet'!$C$42
2575,"IF(ISBLANK('Unit Type (40)'!B45), "" "", 'Unit Type (40)'!B45)","IF(ISBLANK('Unit Type (40)'!C45), "" "", 'Unit Type (40)'!C45)",B2575*'Summary Sheet'!$C$42
2576,"IF(ISBLANK('Unit Type (40)'!B46), "" "", 'Unit Type (40)'!B46)","IF(ISBLANK('Unit Type (40)'!C46), "" "", 'Unit Type (40)'!C46)",B2576*'Summary Sheet'!$C$42
2577,"IF(ISBLANK('Unit Type (40)'!B47), "" "", 'Unit Type (40)'!B47)","IF(ISBLANK('Unit Type (40)'!C47), "" "", 'Unit Type (40)'!C47)",B2577*'Summary Sheet'!$C$42
2578,"IF(ISBLANK('Unit Type (40)'!B48), "" "", 'Unit Type (40)'!B48)","IF(ISBLANK('Unit Type (40)'!C48), "" "", 'Unit Type (40)'!C48)",B2578*'Summary Sheet'!$C$42
2579,"IF(ISBLANK('Unit Type (40)'!B49), "" "", 'Unit Type (40)'!B49)","IF(ISBLANK('Unit Type (40)'!C49), "" "", 'Unit Type (40)'!C49)",B2579*'Summary Sheet'!$C$42
2580,"IF(ISBLANK('Unit Type (40)'!B50), "" "", 'Unit Type (40)'!B50)","IF(ISBLANK('Unit Type (40)'!C50), "" "", 'Unit Type (40)'!C50)",B2580*'Summary Sheet'!$C$42
2581,"IF(ISBLANK('Unit Type (40)'!B51), "" "", 'Unit Type (40)'!B51)","IF(ISBLANK('Unit Type (40)'!C51), "" "", 'Unit Type (40)'!C51)",B2581*'Summary Sheet'!$C$42
2582,"IF(ISBLANK('Unit Type (40)'!B52), "" "", 'Unit Type (40)'!B52)","IF(ISBLANK('Unit Type (40)'!C52), "" "", 'Unit Type (40)'!C52)",B2582*'Summary Sheet'!$C$42
2583,"IF(ISBLANK('Unit Type (40)'!B53), "" "", 'Unit Type (40)'!B53)","IF(ISBLANK('Unit Type (40)'!C53), "" "", 'Unit Type (40)'!C53)",B2583*'Summary Sheet'!$C$42
2584,"IF(ISBLANK('Unit Type (40)'!B54), "" "", 'Unit Type (40)'!B54)","IF(ISBLANK('Unit Type (40)'!C54), "" "", 'Unit Type (40)'!C54)",B2584*'Summary Sheet'!$C$42
2585,"IF(ISBLANK('Unit Type (40)'!B55), "" "", 'Unit Type (40)'!B55)","IF(ISBLANK('Unit Type (40)'!C55), "" "", 'Unit Type (40)'!C55)",B2585*'Summary Sheet'!$C$42
2586,"IF(ISBLANK('Unit Type (40)'!B56), "" "", 'Unit Type (40)'!B56)","IF(ISBLANK('Unit Type (40)'!C56), "" "", 'Unit Type (40)'!C56)",B2586*'Summary Sheet'!$C$42
2587,"IF(ISBLANK('Unit Type (40)'!B57), "" "", 'Unit Type (40)'!B57)","IF(ISBLANK('Unit Type (40)'!C57), "" "", 'Unit Type (40)'!C57)",B2587*'Summary Sheet'!$C$42
2588,"IF(ISBLANK('Unit Type (40)'!B58), "" "", 'Unit Type (40)'!B58)","IF(ISBLANK('Unit Type (40)'!C58), "" "", 'Unit Type (40)'!C58)",B2588*'Summary Sheet'!$C$42
2589,"IF(ISBLANK('Unit Type (40)'!B59), "" "", 'Unit Type (40)'!B59)","IF(ISBLANK('Unit Type (40)'!C59), "" "", 'Unit Type (40)'!C59)",B2589*'Summary Sheet'!$C$42
2590,"IF(ISBLANK('Unit Type (40)'!B60), "" "", 'Unit Type (40)'!B60)","IF(ISBLANK('Unit Type (40)'!C60), "" "", 'Unit Type (40)'!C60)",B2590*'Summary Sheet'!$C$42
2591,"IF(ISBLANK('Unit Type (40)'!B61), "" "", 'Unit Type (40)'!B61)","IF(ISBLANK('Unit Type (40)'!C61), "" "", 'Unit Type (40)'!C61)",B2591*'Summary Sheet'!$C$42
2592,"IF(ISBLANK('Unit Type (40)'!B62), "" "", 'Unit Type (40)'!B62)","IF(ISBLANK('Unit Type (40)'!C62), "" "", 'Unit Type (40)'!C62)",B2592*'Summary Sheet'!$C$42
2593,"IF(ISBLANK('Unit Type (40)'!B63), "" "", 'Unit Type (40)'!B63)","IF(ISBLANK('Unit Type (40)'!C63), "" "", 'Unit Type (40)'!C63)",B2593*'Summary Sheet'!$C$42
2594,"IF(ISBLANK('Unit Type (40)'!B64), "" "", 'Unit Type (40)'!B64)","IF(ISBLANK('Unit Type (40)'!C64), "" "", 'Unit Type (40)'!C64)",B2594*'Summary Sheet'!$C$42
2595,"IF(ISBLANK('Unit Type (40)'!B65), "" "", 'Unit Type (40)'!B65)","IF(ISBLANK('Unit Type (40)'!C65), "" "", 'Unit Type (40)'!C65)",B2595*'Summary Sheet'!$C$42
2596,"IF(ISBLANK('Unit Type (40)'!B66), "" "", 'Unit Type (40)'!B66)","IF(ISBLANK('Unit Type (40)'!C66), "" "", 'Unit Type (40)'!C66)",B2596*'Summary Sheet'!$C$42
2597,"IF(ISBLANK('Unit Type (40)'!B67), "" "", 'Unit Type (40)'!B67)","IF(ISBLANK('Unit Type (40)'!C67), "" "", 'Unit Type (40)'!C67)",B2597*'Summary Sheet'!$C$42
2598,"IF(ISBLANK('Unit Type (40)'!B68), "" "", 'Unit Type (40)'!B68)","IF(ISBLANK('Unit Type (40)'!C68), "" "", 'Unit Type (40)'!C68)",B2598*'Summary Sheet'!$C$42
2599,"IF(ISBLANK('Unit Type (40)'!B69), "" "", 'Unit Type (40)'!B69)","IF(ISBLANK('Unit Type (40)'!C69), "" "", 'Unit Type (40)'!C69)",B2599*'Summary Sheet'!$C$42
2600,"IF(ISBLANK('Unit Type (40)'!B70), "" "", 'Unit Type (40)'!B70)","IF(ISBLANK('Unit Type (40)'!C70), "" "", 'Unit Type (40)'!C70)",B2600*'Summary Sheet'!$C$42
2601,"IF(ISBLANK('Unit Type (41)'!B6), "" "", 'Unit Type (41)'!B6)","IF(ISBLANK('Unit Type (41)'!C6), "" "", 'Unit Type (41)'!C6)",B2601*'Summary Sheet'!$C$43
2602,"IF(ISBLANK('Unit Type (41)'!B7), "" "", 'Unit Type (41)'!B7)","IF(ISBLANK('Unit Type (41)'!C7), "" "", 'Unit Type (41)'!C7)",B2602*'Summary Sheet'!$C$43
2603,"IF(ISBLANK('Unit Type (41)'!B8), "" "", 'Unit Type (41)'!B8)","IF(ISBLANK('Unit Type (41)'!C8), "" "", 'Unit Type (41)'!C8)",B2603*'Summary Sheet'!$C$43
2604,"IF(ISBLANK('Unit Type (41)'!B9), "" "", 'Unit Type (41)'!B9)","IF(ISBLANK('Unit Type (41)'!C9), "" "", 'Unit Type (41)'!C9)",B2604*'Summary Sheet'!$C$43
2605,"IF(ISBLANK('Unit Type (41)'!B10), "" "", 'Unit Type (41)'!B10)","IF(ISBLANK('Unit Type (41)'!C10), "" "", 'Unit Type (41)'!C10)",B2605*'Summary Sheet'!$C$43
2606,"IF(ISBLANK('Unit Type (41)'!B11), "" "", 'Unit Type (41)'!B11)","IF(ISBLANK('Unit Type (41)'!C11), "" "", 'Unit Type (41)'!C11)",B2606*'Summary Sheet'!$C$43
2607,"IF(ISBLANK('Unit Type (41)'!B12), "" "", 'Unit Type (41)'!B12)","IF(ISBLANK('Unit Type (41)'!C12), "" "", 'Unit Type (41)'!C12)",B2607*'Summary Sheet'!$C$43
2608,"IF(ISBLANK('Unit Type (41)'!B13), "" "", 'Unit Type (41)'!B13)","IF(ISBLANK('Unit Type (41)'!C13), "" "", 'Unit Type (41)'!C13)",B2608*'Summary Sheet'!$C$43
2609,"IF(ISBLANK('Unit Type (41)'!B14), "" "", 'Unit Type (41)'!B14)","IF(ISBLANK('Unit Type (41)'!C14), "" "", 'Unit Type (41)'!C14)",B2609*'Summary Sheet'!$C$43
2610,"IF(ISBLANK('Unit Type (41)'!B15), "" "", 'Unit Type (41)'!B15)","IF(ISBLANK('Unit Type (41)'!C15), "" "", 'Unit Type (41)'!C15)",B2610*'Summary Sheet'!$C$43
2611,"IF(ISBLANK('Unit Type (41)'!B16), "" "", 'Unit Type (41)'!B16)","IF(ISBLANK('Unit Type (41)'!C16), "" "", 'Unit Type (41)'!C16)",B2611*'Summary Sheet'!$C$43
2612,"IF(ISBLANK('Unit Type (41)'!B17), "" "", 'Unit Type (41)'!B17)","IF(ISBLANK('Unit Type (41)'!C17), "" "", 'Unit Type (41)'!C17)",B2612*'Summary Sheet'!$C$43
2613,"IF(ISBLANK('Unit Type (41)'!B18), "" "", 'Unit Type (41)'!B18)","IF(ISBLANK('Unit Type (41)'!C18), "" "", 'Unit Type (41)'!C18)",B2613*'Summary Sheet'!$C$43
2614,"IF(ISBLANK('Unit Type (41)'!B19), "" "", 'Unit Type (41)'!B19)","IF(ISBLANK('Unit Type (41)'!C19), "" "", 'Unit Type (41)'!C19)",B2614*'Summary Sheet'!$C$43
2615,"IF(ISBLANK('Unit Type (41)'!B20), "" "", 'Unit Type (41)'!B20)","IF(ISBLANK('Unit Type (41)'!C20), "" "", 'Unit Type (41)'!C20)",B2615*'Summary Sheet'!$C$43
2616,"IF(ISBLANK('Unit Type (41)'!B21), "" "", 'Unit Type (41)'!B21)","IF(ISBLANK('Unit Type (41)'!C21), "" "", 'Unit Type (41)'!C21)",B2616*'Summary Sheet'!$C$43
2617,"IF(ISBLANK('Unit Type (41)'!B22), "" "", 'Unit Type (41)'!B22)","IF(ISBLANK('Unit Type (41)'!C22), "" "", 'Unit Type (41)'!C22)",B2617*'Summary Sheet'!$C$43
2618,"IF(ISBLANK('Unit Type (41)'!B23), "" "", 'Unit Type (41)'!B23)","IF(ISBLANK('Unit Type (41)'!C23), "" "", 'Unit Type (41)'!C23)",B2618*'Summary Sheet'!$C$43
2619,"IF(ISBLANK('Unit Type (41)'!B24), "" "", 'Unit Type (41)'!B24)","IF(ISBLANK('Unit Type (41)'!C24), "" "", 'Unit Type (41)'!C24)",B2619*'Summary Sheet'!$C$43
2620,"IF(ISBLANK('Unit Type (41)'!B25), "" "", 'Unit Type (41)'!B25)","IF(ISBLANK('Unit Type (41)'!C25), "" "", 'Unit Type (41)'!C25)",B2620*'Summary Sheet'!$C$43
2621,"IF(ISBLANK('Unit Type (41)'!B26), "" "", 'Unit Type (41)'!B26)","IF(ISBLANK('Unit Type (41)'!C26), "" "", 'Unit Type (41)'!C26)",B2621*'Summary Sheet'!$C$43
2622,"IF(ISBLANK('Unit Type (41)'!B27), "" "", 'Unit Type (41)'!B27)","IF(ISBLANK('Unit Type (41)'!C27), "" "", 'Unit Type (41)'!C27)",B2622*'Summary Sheet'!$C$43
2623,"IF(ISBLANK('Unit Type (41)'!B28), "" "", 'Unit Type (41)'!B28)","IF(ISBLANK('Unit Type (41)'!C28), "" "", 'Unit Type (41)'!C28)",B2623*'Summary Sheet'!$C$43
2624,"IF(ISBLANK('Unit Type (41)'!B29), "" "", 'Unit Type (41)'!B29)","IF(ISBLANK('Unit Type (41)'!C29), "" "", 'Unit Type (41)'!C29)",B2624*'Summary Sheet'!$C$43
2625,"IF(ISBLANK('Unit Type (41)'!B30), "" "", 'Unit Type (41)'!B30)","IF(ISBLANK('Unit Type (41)'!C30), "" "", 'Unit Type (41)'!C30)",B2625*'Summary Sheet'!$C$43
2626,"IF(ISBLANK('Unit Type (41)'!B31), "" "", 'Unit Type (41)'!B31)","IF(ISBLANK('Unit Type (41)'!C31), "" "", 'Unit Type (41)'!C31)",B2626*'Summary Sheet'!$C$43
2627,"IF(ISBLANK('Unit Type (41)'!B32), "" "", 'Unit Type (41)'!B32)","IF(ISBLANK('Unit Type (41)'!C32), "" "", 'Unit Type (41)'!C32)",B2627*'Summary Sheet'!$C$43
2628,"IF(ISBLANK('Unit Type (41)'!B33), "" "", 'Unit Type (41)'!B33)","IF(ISBLANK('Unit Type (41)'!C33), "" "", 'Unit Type (41)'!C33)",B2628*'Summary Sheet'!$C$43
2629,"IF(ISBLANK('Unit Type (41)'!B34), "" "", 'Unit Type (41)'!B34)","IF(ISBLANK('Unit Type (41)'!C34), "" "", 'Unit Type (41)'!C34)",B2629*'Summary Sheet'!$C$43
2630,"IF(ISBLANK('Unit Type (41)'!B35), "" "", 'Unit Type (41)'!B35)","IF(ISBLANK('Unit Type (41)'!C35), "" "", 'Unit Type (41)'!C35)",B2630*'Summary Sheet'!$C$43
2631,"IF(ISBLANK('Unit Type (41)'!B36), "" "", 'Unit Type (41)'!B36)","IF(ISBLANK('Unit Type (41)'!C36), "" "", 'Unit Type (41)'!C36)",B2631*'Summary Sheet'!$C$43
2632,"IF(ISBLANK('Unit Type (41)'!B37), "" "", 'Unit Type (41)'!B37)","IF(ISBLANK('Unit Type (41)'!C37), "" "", 'Unit Type (41)'!C37)",B2632*'Summary Sheet'!$C$43
2633,"IF(ISBLANK('Unit Type (41)'!B38), "" "", 'Unit Type (41)'!B38)","IF(ISBLANK('Unit Type (41)'!C38), "" "", 'Unit Type (41)'!C38)",B2633*'Summary Sheet'!$C$43
2634,"IF(ISBLANK('Unit Type (41)'!B39), "" "", 'Unit Type (41)'!B39)","IF(ISBLANK('Unit Type (41)'!C39), "" "", 'Unit Type (41)'!C39)",B2634*'Summary Sheet'!$C$43
2635,"IF(ISBLANK('Unit Type (41)'!B40), "" "", 'Unit Type (41)'!B40)","IF(ISBLANK('Unit Type (41)'!C40), "" "", 'Unit Type (41)'!C40)",B2635*'Summary Sheet'!$C$43
2636,"IF(ISBLANK('Unit Type (41)'!B41), "" "", 'Unit Type (41)'!B41)","IF(ISBLANK('Unit Type (41)'!C41), "" "", 'Unit Type (41)'!C41)",B2636*'Summary Sheet'!$C$43
2637,"IF(ISBLANK('Unit Type (41)'!B42), "" "", 'Unit Type (41)'!B42)","IF(ISBLANK('Unit Type (41)'!C42), "" "", 'Unit Type (41)'!C42)",B2637*'Summary Sheet'!$C$43
2638,"IF(ISBLANK('Unit Type (41)'!B43), "" "", 'Unit Type (41)'!B43)","IF(ISBLANK('Unit Type (41)'!C43), "" "", 'Unit Type (41)'!C43)",B2638*'Summary Sheet'!$C$43
2639,"IF(ISBLANK('Unit Type (41)'!B44), "" "", 'Unit Type (41)'!B44)","IF(ISBLANK('Unit Type (41)'!C44), "" "", 'Unit Type (41)'!C44)",B2639*'Summary Sheet'!$C$43
2640,"IF(ISBLANK('Unit Type (41)'!B45), "" "", 'Unit Type (41)'!B45)","IF(ISBLANK('Unit Type (41)'!C45), "" "", 'Unit Type (41)'!C45)",B2640*'Summary Sheet'!$C$43
2641,"IF(ISBLANK('Unit Type (41)'!B46), "" "", 'Unit Type (41)'!B46)","IF(ISBLANK('Unit Type (41)'!C46), "" "", 'Unit Type (41)'!C46)",B2641*'Summary Sheet'!$C$43
2642,"IF(ISBLANK('Unit Type (41)'!B47), "" "", 'Unit Type (41)'!B47)","IF(ISBLANK('Unit Type (41)'!C47), "" "", 'Unit Type (41)'!C47)",B2642*'Summary Sheet'!$C$43
2643,"IF(ISBLANK('Unit Type (41)'!B48), "" "", 'Unit Type (41)'!B48)","IF(ISBLANK('Unit Type (41)'!C48), "" "", 'Unit Type (41)'!C48)",B2643*'Summary Sheet'!$C$43
2644,"IF(ISBLANK('Unit Type (41)'!B49), "" "", 'Unit Type (41)'!B49)","IF(ISBLANK('Unit Type (41)'!C49), "" "", 'Unit Type (41)'!C49)",B2644*'Summary Sheet'!$C$43
2645,"IF(ISBLANK('Unit Type (41)'!B50), "" "", 'Unit Type (41)'!B50)","IF(ISBLANK('Unit Type (41)'!C50), "" "", 'Unit Type (41)'!C50)",B2645*'Summary Sheet'!$C$43
2646,"IF(ISBLANK('Unit Type (41)'!B51), "" "", 'Unit Type (41)'!B51)","IF(ISBLANK('Unit Type (41)'!C51), "" "", 'Unit Type (41)'!C51)",B2646*'Summary Sheet'!$C$43
2647,"IF(ISBLANK('Unit Type (41)'!B52), "" "", 'Unit Type (41)'!B52)","IF(ISBLANK('Unit Type (41)'!C52), "" "", 'Unit Type (41)'!C52)",B2647*'Summary Sheet'!$C$43
2648,"IF(ISBLANK('Unit Type (41)'!B53), "" "", 'Unit Type (41)'!B53)","IF(ISBLANK('Unit Type (41)'!C53), "" "", 'Unit Type (41)'!C53)",B2648*'Summary Sheet'!$C$43
2649,"IF(ISBLANK('Unit Type (41)'!B54), "" "", 'Unit Type (41)'!B54)","IF(ISBLANK('Unit Type (41)'!C54), "" "", 'Unit Type (41)'!C54)",B2649*'Summary Sheet'!$C$43
2650,"IF(ISBLANK('Unit Type (41)'!B55), "" "", 'Unit Type (41)'!B55)","IF(ISBLANK('Unit Type (41)'!C55), "" "", 'Unit Type (41)'!C55)",B2650*'Summary Sheet'!$C$43
2651,"IF(ISBLANK('Unit Type (41)'!B56), "" "", 'Unit Type (41)'!B56)","IF(ISBLANK('Unit Type (41)'!C56), "" "", 'Unit Type (41)'!C56)",B2651*'Summary Sheet'!$C$43
2652,"IF(ISBLANK('Unit Type (41)'!B57), "" "", 'Unit Type (41)'!B57)","IF(ISBLANK('Unit Type (41)'!C57), "" "", 'Unit Type (41)'!C57)",B2652*'Summary Sheet'!$C$43
2653,"IF(ISBLANK('Unit Type (41)'!B58), "" "", 'Unit Type (41)'!B58)","IF(ISBLANK('Unit Type (41)'!C58), "" "", 'Unit Type (41)'!C58)",B2653*'Summary Sheet'!$C$43
2654,"IF(ISBLANK('Unit Type (41)'!B59), "" "", 'Unit Type (41)'!B59)","IF(ISBLANK('Unit Type (41)'!C59), "" "", 'Unit Type (41)'!C59)",B2654*'Summary Sheet'!$C$43
2655,"IF(ISBLANK('Unit Type (41)'!B60), "" "", 'Unit Type (41)'!B60)","IF(ISBLANK('Unit Type (41)'!C60), "" "", 'Unit Type (41)'!C60)",B2655*'Summary Sheet'!$C$43
2656,"IF(ISBLANK('Unit Type (41)'!B61), "" "", 'Unit Type (41)'!B61)","IF(ISBLANK('Unit Type (41)'!C61), "" "", 'Unit Type (41)'!C61)",B2656*'Summary Sheet'!$C$43
2657,"IF(ISBLANK('Unit Type (41)'!B62), "" "", 'Unit Type (41)'!B62)","IF(ISBLANK('Unit Type (41)'!C62), "" "", 'Unit Type (41)'!C62)",B2657*'Summary Sheet'!$C$43
2658,"IF(ISBLANK('Unit Type (41)'!B63), "" "", 'Unit Type (41)'!B63)","IF(ISBLANK('Unit Type (41)'!C63), "" "", 'Unit Type (41)'!C63)",B2658*'Summary Sheet'!$C$43
2659,"IF(ISBLANK('Unit Type (41)'!B64), "" "", 'Unit Type (41)'!B64)","IF(ISBLANK('Unit Type (41)'!C64), "" "", 'Unit Type (41)'!C64)",B2659*'Summary Sheet'!$C$43
2660,"IF(ISBLANK('Unit Type (41)'!B65), "" "", 'Unit Type (41)'!B65)","IF(ISBLANK('Unit Type (41)'!C65), "" "", 'Unit Type (41)'!C65)",B2660*'Summary Sheet'!$C$43
2661,"IF(ISBLANK('Unit Type (41)'!B66), "" "", 'Unit Type (41)'!B66)","IF(ISBLANK('Unit Type (41)'!C66), "" "", 'Unit Type (41)'!C66)",B2661*'Summary Sheet'!$C$43
2662,"IF(ISBLANK('Unit Type (41)'!B67), "" "", 'Unit Type (41)'!B67)","IF(ISBLANK('Unit Type (41)'!C67), "" "", 'Unit Type (41)'!C67)",B2662*'Summary Sheet'!$C$43
2663,"IF(ISBLANK('Unit Type (41)'!B68), "" "", 'Unit Type (41)'!B68)","IF(ISBLANK('Unit Type (41)'!C68), "" "", 'Unit Type (41)'!C68)",B2663*'Summary Sheet'!$C$43
2664,"IF(ISBLANK('Unit Type (41)'!B69), "" "", 'Unit Type (41)'!B69)","IF(ISBLANK('Unit Type (41)'!C69), "" "", 'Unit Type (41)'!C69)",B2664*'Summary Sheet'!$C$43
2665,"IF(ISBLANK('Unit Type (41)'!B70), "" "", 'Unit Type (41)'!B70)","IF(ISBLANK('Unit Type (41)'!C70), "" "", 'Unit Type (41)'!C70)",B2665*'Summary Sheet'!$C$43
2666,"IF(ISBLANK('Unit Type (42)'!B6), "" "", 'Unit Type (42)'!B6)","IF(ISBLANK('Unit Type (42)'!C6), "" "", 'Unit Type (42)'!C6)",B2666*'Summary Sheet'!$C$44
2667,"IF(ISBLANK('Unit Type (42)'!B7), "" "", 'Unit Type (42)'!B7)","IF(ISBLANK('Unit Type (42)'!C7), "" "", 'Unit Type (42)'!C7)",B2667*'Summary Sheet'!$C$44
2668,"IF(ISBLANK('Unit Type (42)'!B8), "" "", 'Unit Type (42)'!B8)","IF(ISBLANK('Unit Type (42)'!C8), "" "", 'Unit Type (42)'!C8)",B2668*'Summary Sheet'!$C$44
2669,"IF(ISBLANK('Unit Type (42)'!B9), "" "", 'Unit Type (42)'!B9)","IF(ISBLANK('Unit Type (42)'!C9), "" "", 'Unit Type (42)'!C9)",B2669*'Summary Sheet'!$C$44
2670,"IF(ISBLANK('Unit Type (42)'!B10), "" "", 'Unit Type (42)'!B10)","IF(ISBLANK('Unit Type (42)'!C10), "" "", 'Unit Type (42)'!C10)",B2670*'Summary Sheet'!$C$44
2671,"IF(ISBLANK('Unit Type (42)'!B11), "" "", 'Unit Type (42)'!B11)","IF(ISBLANK('Unit Type (42)'!C11), "" "", 'Unit Type (42)'!C11)",B2671*'Summary Sheet'!$C$44
2672,"IF(ISBLANK('Unit Type (42)'!B12), "" "", 'Unit Type (42)'!B12)","IF(ISBLANK('Unit Type (42)'!C12), "" "", 'Unit Type (42)'!C12)",B2672*'Summary Sheet'!$C$44
2673,"IF(ISBLANK('Unit Type (42)'!B13), "" "", 'Unit Type (42)'!B13)","IF(ISBLANK('Unit Type (42)'!C13), "" "", 'Unit Type (42)'!C13)",B2673*'Summary Sheet'!$C$44
2674,"IF(ISBLANK('Unit Type (42)'!B14), "" "", 'Unit Type (42)'!B14)","IF(ISBLANK('Unit Type (42)'!C14), "" "", 'Unit Type (42)'!C14)",B2674*'Summary Sheet'!$C$44
2675,"IF(ISBLANK('Unit Type (42)'!B15), "" "", 'Unit Type (42)'!B15)","IF(ISBLANK('Unit Type (42)'!C15), "" "", 'Unit Type (42)'!C15)",B2675*'Summary Sheet'!$C$44
2676,"IF(ISBLANK('Unit Type (42)'!B16), "" "", 'Unit Type (42)'!B16)","IF(ISBLANK('Unit Type (42)'!C16), "" "", 'Unit Type (42)'!C16)",B2676*'Summary Sheet'!$C$44
2677,"IF(ISBLANK('Unit Type (42)'!B17), "" "", 'Unit Type (42)'!B17)","IF(ISBLANK('Unit Type (42)'!C17), "" "", 'Unit Type (42)'!C17)",B2677*'Summary Sheet'!$C$44
2678,"IF(ISBLANK('Unit Type (42)'!B18), "" "", 'Unit Type (42)'!B18)","IF(ISBLANK('Unit Type (42)'!C18), "" "", 'Unit Type (42)'!C18)",B2678*'Summary Sheet'!$C$44
2679,"IF(ISBLANK('Unit Type (42)'!B19), "" "", 'Unit Type (42)'!B19)","IF(ISBLANK('Unit Type (42)'!C19), "" "", 'Unit Type (42)'!C19)",B2679*'Summary Sheet'!$C$44
2680,"IF(ISBLANK('Unit Type (42)'!B20), "" "", 'Unit Type (42)'!B20)","IF(ISBLANK('Unit Type (42)'!C20), "" "", 'Unit Type (42)'!C20)",B2680*'Summary Sheet'!$C$44
2681,"IF(ISBLANK('Unit Type (42)'!B21), "" "", 'Unit Type (42)'!B21)","IF(ISBLANK('Unit Type (42)'!C21), "" "", 'Unit Type (42)'!C21)",B2681*'Summary Sheet'!$C$44
2682,"IF(ISBLANK('Unit Type (42)'!B22), "" "", 'Unit Type (42)'!B22)","IF(ISBLANK('Unit Type (42)'!C22), "" "", 'Unit Type (42)'!C22)",B2682*'Summary Sheet'!$C$44
2683,"IF(ISBLANK('Unit Type (42)'!B23), "" "", 'Unit Type (42)'!B23)","IF(ISBLANK('Unit Type (42)'!C23), "" "", 'Unit Type (42)'!C23)",B2683*'Summary Sheet'!$C$44
2684,"IF(ISBLANK('Unit Type (42)'!B24), "" "", 'Unit Type (42)'!B24)","IF(ISBLANK('Unit Type (42)'!C24), "" "", 'Unit Type (42)'!C24)",B2684*'Summary Sheet'!$C$44
2685,"IF(ISBLANK('Unit Type (42)'!B25), "" "", 'Unit Type (42)'!B25)","IF(ISBLANK('Unit Type (42)'!C25), "" "", 'Unit Type (42)'!C25)",B2685*'Summary Sheet'!$C$44
2686,"IF(ISBLANK('Unit Type (42)'!B26), "" "", 'Unit Type (42)'!B26)","IF(ISBLANK('Unit Type (42)'!C26), "" "", 'Unit Type (42)'!C26)",B2686*'Summary Sheet'!$C$44
2687,"IF(ISBLANK('Unit Type (42)'!B27), "" "", 'Unit Type (42)'!B27)","IF(ISBLANK('Unit Type (42)'!C27), "" "", 'Unit Type (42)'!C27)",B2687*'Summary Sheet'!$C$44
2688,"IF(ISBLANK('Unit Type (42)'!B28), "" "", 'Unit Type (42)'!B28)","IF(ISBLANK('Unit Type (42)'!C28), "" "", 'Unit Type (42)'!C28)",B2688*'Summary Sheet'!$C$44
2689,"IF(ISBLANK('Unit Type (42)'!B29), "" "", 'Unit Type (42)'!B29)","IF(ISBLANK('Unit Type (42)'!C29), "" "", 'Unit Type (42)'!C29)",B2689*'Summary Sheet'!$C$44
2690,"IF(ISBLANK('Unit Type (42)'!B30), "" "", 'Unit Type (42)'!B30)","IF(ISBLANK('Unit Type (42)'!C30), "" "", 'Unit Type (42)'!C30)",B2690*'Summary Sheet'!$C$44
2691,"IF(ISBLANK('Unit Type (42)'!B31), "" "", 'Unit Type (42)'!B31)","IF(ISBLANK('Unit Type (42)'!C31), "" "", 'Unit Type (42)'!C31)",B2691*'Summary Sheet'!$C$44
2692,"IF(ISBLANK('Unit Type (42)'!B32), "" "", 'Unit Type (42)'!B32)","IF(ISBLANK('Unit Type (42)'!C32), "" "", 'Unit Type (42)'!C32)",B2692*'Summary Sheet'!$C$44
2693,"IF(ISBLANK('Unit Type (42)'!B33), "" "", 'Unit Type (42)'!B33)","IF(ISBLANK('Unit Type (42)'!C33), "" "", 'Unit Type (42)'!C33)",B2693*'Summary Sheet'!$C$44
2694,"IF(ISBLANK('Unit Type (42)'!B34), "" "", 'Unit Type (42)'!B34)","IF(ISBLANK('Unit Type (42)'!C34), "" "", 'Unit Type (42)'!C34)",B2694*'Summary Sheet'!$C$44
2695,"IF(ISBLANK('Unit Type (42)'!B35), "" "", 'Unit Type (42)'!B35)","IF(ISBLANK('Unit Type (42)'!C35), "" "", 'Unit Type (42)'!C35)",B2695*'Summary Sheet'!$C$44
2696,"IF(ISBLANK('Unit Type (42)'!B36), "" "", 'Unit Type (42)'!B36)","IF(ISBLANK('Unit Type (42)'!C36), "" "", 'Unit Type (42)'!C36)",B2696*'Summary Sheet'!$C$44
2697,"IF(ISBLANK('Unit Type (42)'!B37), "" "", 'Unit Type (42)'!B37)","IF(ISBLANK('Unit Type (42)'!C37), "" "", 'Unit Type (42)'!C37)",B2697*'Summary Sheet'!$C$44
2698,"IF(ISBLANK('Unit Type (42)'!B38), "" "", 'Unit Type (42)'!B38)","IF(ISBLANK('Unit Type (42)'!C38), "" "", 'Unit Type (42)'!C38)",B2698*'Summary Sheet'!$C$44
2699,"IF(ISBLANK('Unit Type (42)'!B39), "" "", 'Unit Type (42)'!B39)","IF(ISBLANK('Unit Type (42)'!C39), "" "", 'Unit Type (42)'!C39)",B2699*'Summary Sheet'!$C$44
2700,"IF(ISBLANK('Unit Type (42)'!B40), "" "", 'Unit Type (42)'!B40)","IF(ISBLANK('Unit Type (42)'!C40), "" "", 'Unit Type (42)'!C40)",B2700*'Summary Sheet'!$C$44
2701,"IF(ISBLANK('Unit Type (42)'!B41), "" "", 'Unit Type (42)'!B41)","IF(ISBLANK('Unit Type (42)'!C41), "" "", 'Unit Type (42)'!C41)",B2701*'Summary Sheet'!$C$44
2702,"IF(ISBLANK('Unit Type (42)'!B42), "" "", 'Unit Type (42)'!B42)","IF(ISBLANK('Unit Type (42)'!C42), "" "", 'Unit Type (42)'!C42)",B2702*'Summary Sheet'!$C$44
2703,"IF(ISBLANK('Unit Type (42)'!B43), "" "", 'Unit Type (42)'!B43)","IF(ISBLANK('Unit Type (42)'!C43), "" "", 'Unit Type (42)'!C43)",B2703*'Summary Sheet'!$C$44
2704,"IF(ISBLANK('Unit Type (42)'!B44), "" "", 'Unit Type (42)'!B44)","IF(ISBLANK('Unit Type (42)'!C44), "" "", 'Unit Type (42)'!C44)",B2704*'Summary Sheet'!$C$44
2705,"IF(ISBLANK('Unit Type (42)'!B45), "" "", 'Unit Type (42)'!B45)","IF(ISBLANK('Unit Type (42)'!C45), "" "", 'Unit Type (42)'!C45)",B2705*'Summary Sheet'!$C$44
2706,"IF(ISBLANK('Unit Type (42)'!B46), "" "", 'Unit Type (42)'!B46)","IF(ISBLANK('Unit Type (42)'!C46), "" "", 'Unit Type (42)'!C46)",B2706*'Summary Sheet'!$C$44
2707,"IF(ISBLANK('Unit Type (42)'!B47), "" "", 'Unit Type (42)'!B47)","IF(ISBLANK('Unit Type (42)'!C47), "" "", 'Unit Type (42)'!C47)",B2707*'Summary Sheet'!$C$44
2708,"IF(ISBLANK('Unit Type (42)'!B48), "" "", 'Unit Type (42)'!B48)","IF(ISBLANK('Unit Type (42)'!C48), "" "", 'Unit Type (42)'!C48)",B2708*'Summary Sheet'!$C$44
2709,"IF(ISBLANK('Unit Type (42)'!B49), "" "", 'Unit Type (42)'!B49)","IF(ISBLANK('Unit Type (42)'!C49), "" "", 'Unit Type (42)'!C49)",B2709*'Summary Sheet'!$C$44
2710,"IF(ISBLANK('Unit Type (42)'!B50), "" "", 'Unit Type (42)'!B50)","IF(ISBLANK('Unit Type (42)'!C50), "" "", 'Unit Type (42)'!C50)",B2710*'Summary Sheet'!$C$44
2711,"IF(ISBLANK('Unit Type (42)'!B51), "" "", 'Unit Type (42)'!B51)","IF(ISBLANK('Unit Type (42)'!C51), "" "", 'Unit Type (42)'!C51)",B2711*'Summary Sheet'!$C$44
2712,"IF(ISBLANK('Unit Type (42)'!B52), "" "", 'Unit Type (42)'!B52)","IF(ISBLANK('Unit Type (42)'!C52), "" "", 'Unit Type (42)'!C52)",B2712*'Summary Sheet'!$C$44
2713,"IF(ISBLANK('Unit Type (42)'!B53), "" "", 'Unit Type (42)'!B53)","IF(ISBLANK('Unit Type (42)'!C53), "" "", 'Unit Type (42)'!C53)",B2713*'Summary Sheet'!$C$44
2714,"IF(ISBLANK('Unit Type (42)'!B54), "" "", 'Unit Type (42)'!B54)","IF(ISBLANK('Unit Type (42)'!C54), "" "", 'Unit Type (42)'!C54)",B2714*'Summary Sheet'!$C$44
2715,"IF(ISBLANK('Unit Type (42)'!B55), "" "", 'Unit Type (42)'!B55)","IF(ISBLANK('Unit Type (42)'!C55), "" "", 'Unit Type (42)'!C55)",B2715*'Summary Sheet'!$C$44
2716,"IF(ISBLANK('Unit Type (42)'!B56), "" "", 'Unit Type (42)'!B56)","IF(ISBLANK('Unit Type (42)'!C56), "" "", 'Unit Type (42)'!C56)",B2716*'Summary Sheet'!$C$44
2717,"IF(ISBLANK('Unit Type (42)'!B57), "" "", 'Unit Type (42)'!B57)","IF(ISBLANK('Unit Type (42)'!C57), "" "", 'Unit Type (42)'!C57)",B2717*'Summary Sheet'!$C$44
2718,"IF(ISBLANK('Unit Type (42)'!B58), "" "", 'Unit Type (42)'!B58)","IF(ISBLANK('Unit Type (42)'!C58), "" "", 'Unit Type (42)'!C58)",B2718*'Summary Sheet'!$C$44
2719,"IF(ISBLANK('Unit Type (42)'!B59), "" "", 'Unit Type (42)'!B59)","IF(ISBLANK('Unit Type (42)'!C59), "" "", 'Unit Type (42)'!C59)",B2719*'Summary Sheet'!$C$44
2720,"IF(ISBLANK('Unit Type (42)'!B60), "" "", 'Unit Type (42)'!B60)","IF(ISBLANK('Unit Type (42)'!C60), "" "", 'Unit Type (42)'!C60)",B2720*'Summary Sheet'!$C$44
2721,"IF(ISBLANK('Unit Type (42)'!B61), "" "", 'Unit Type (42)'!B61)","IF(ISBLANK('Unit Type (42)'!C61), "" "", 'Unit Type (42)'!C61)",B2721*'Summary Sheet'!$C$44
2722,"IF(ISBLANK('Unit Type (42)'!B62), "" "", 'Unit Type (42)'!B62)","IF(ISBLANK('Unit Type (42)'!C62), "" "", 'Unit Type (42)'!C62)",B2722*'Summary Sheet'!$C$44
2723,"IF(ISBLANK('Unit Type (42)'!B63), "" "", 'Unit Type (42)'!B63)","IF(ISBLANK('Unit Type (42)'!C63), "" "", 'Unit Type (42)'!C63)",B2723*'Summary Sheet'!$C$44
2724,"IF(ISBLANK('Unit Type (42)'!B64), "" "", 'Unit Type (42)'!B64)","IF(ISBLANK('Unit Type (42)'!C64), "" "", 'Unit Type (42)'!C64)",B2724*'Summary Sheet'!$C$44
2725,"IF(ISBLANK('Unit Type (42)'!B65), "" "", 'Unit Type (42)'!B65)","IF(ISBLANK('Unit Type (42)'!C65), "" "", 'Unit Type (42)'!C65)",B2725*'Summary Sheet'!$C$44
2726,"IF(ISBLANK('Unit Type (42)'!B66), "" "", 'Unit Type (42)'!B66)","IF(ISBLANK('Unit Type (42)'!C66), "" "", 'Unit Type (42)'!C66)",B2726*'Summary Sheet'!$C$44
2727,"IF(ISBLANK('Unit Type (42)'!B67), "" "", 'Unit Type (42)'!B67)","IF(ISBLANK('Unit Type (42)'!C67), "" "", 'Unit Type (42)'!C67)",B2727*'Summary Sheet'!$C$44
2728,"IF(ISBLANK('Unit Type (42)'!B68), "" "", 'Unit Type (42)'!B68)","IF(ISBLANK('Unit Type (42)'!C68), "" "", 'Unit Type (42)'!C68)",B2728*'Summary Sheet'!$C$44
2729,"IF(ISBLANK('Unit Type (42)'!B69), "" "", 'Unit Type (42)'!B69)","IF(ISBLANK('Unit Type (42)'!C69), "" "", 'Unit Type (42)'!C69)",B2729*'Summary Sheet'!$C$44
2730,"IF(ISBLANK('Unit Type (42)'!B70), "" "", 'Unit Type (42)'!B70)","IF(ISBLANK('Unit Type (42)'!C70), "" "", 'Unit Type (42)'!C70)",B2730*'Summary Sheet'!$C$44
2731,"IF(ISBLANK('Unit Type (43)'!B6), "" "", 'Unit Type (43)'!B6)","IF(ISBLANK('Unit Type (43)'!C6), "" "", 'Unit Type (43)'!C6)",B2731*'Summary Sheet'!$C$45
2732,"IF(ISBLANK('Unit Type (43)'!B7), "" "", 'Unit Type (43)'!B7)","IF(ISBLANK('Unit Type (43)'!C7), "" "", 'Unit Type (43)'!C7)",B2732*'Summary Sheet'!$C$45
2733,"IF(ISBLANK('Unit Type (43)'!B8), "" "", 'Unit Type (43)'!B8)","IF(ISBLANK('Unit Type (43)'!C8), "" "", 'Unit Type (43)'!C8)",B2733*'Summary Sheet'!$C$45
2734,"IF(ISBLANK('Unit Type (43)'!B9), "" "", 'Unit Type (43)'!B9)","IF(ISBLANK('Unit Type (43)'!C9), "" "", 'Unit Type (43)'!C9)",B2734*'Summary Sheet'!$C$45
2735,"IF(ISBLANK('Unit Type (43)'!B10), "" "", 'Unit Type (43)'!B10)","IF(ISBLANK('Unit Type (43)'!C10), "" "", 'Unit Type (43)'!C10)",B2735*'Summary Sheet'!$C$45
2736,"IF(ISBLANK('Unit Type (43)'!B11), "" "", 'Unit Type (43)'!B11)","IF(ISBLANK('Unit Type (43)'!C11), "" "", 'Unit Type (43)'!C11)",B2736*'Summary Sheet'!$C$45
2737,"IF(ISBLANK('Unit Type (43)'!B12), "" "", 'Unit Type (43)'!B12)","IF(ISBLANK('Unit Type (43)'!C12), "" "", 'Unit Type (43)'!C12)",B2737*'Summary Sheet'!$C$45
2738,"IF(ISBLANK('Unit Type (43)'!B13), "" "", 'Unit Type (43)'!B13)","IF(ISBLANK('Unit Type (43)'!C13), "" "", 'Unit Type (43)'!C13)",B2738*'Summary Sheet'!$C$45
2739,"IF(ISBLANK('Unit Type (43)'!B14), "" "", 'Unit Type (43)'!B14)","IF(ISBLANK('Unit Type (43)'!C14), "" "", 'Unit Type (43)'!C14)",B2739*'Summary Sheet'!$C$45
2740,"IF(ISBLANK('Unit Type (43)'!B15), "" "", 'Unit Type (43)'!B15)","IF(ISBLANK('Unit Type (43)'!C15), "" "", 'Unit Type (43)'!C15)",B2740*'Summary Sheet'!$C$45
2741,"IF(ISBLANK('Unit Type (43)'!B16), "" "", 'Unit Type (43)'!B16)","IF(ISBLANK('Unit Type (43)'!C16), "" "", 'Unit Type (43)'!C16)",B2741*'Summary Sheet'!$C$45
2742,"IF(ISBLANK('Unit Type (43)'!B17), "" "", 'Unit Type (43)'!B17)","IF(ISBLANK('Unit Type (43)'!C17), "" "", 'Unit Type (43)'!C17)",B2742*'Summary Sheet'!$C$45
2743,"IF(ISBLANK('Unit Type (43)'!B18), "" "", 'Unit Type (43)'!B18)","IF(ISBLANK('Unit Type (43)'!C18), "" "", 'Unit Type (43)'!C18)",B2743*'Summary Sheet'!$C$45
2744,"IF(ISBLANK('Unit Type (43)'!B19), "" "", 'Unit Type (43)'!B19)","IF(ISBLANK('Unit Type (43)'!C19), "" "", 'Unit Type (43)'!C19)",B2744*'Summary Sheet'!$C$45
2745,"IF(ISBLANK('Unit Type (43)'!B20), "" "", 'Unit Type (43)'!B20)","IF(ISBLANK('Unit Type (43)'!C20), "" "", 'Unit Type (43)'!C20)",B2745*'Summary Sheet'!$C$45
2746,"IF(ISBLANK('Unit Type (43)'!B21), "" "", 'Unit Type (43)'!B21)","IF(ISBLANK('Unit Type (43)'!C21), "" "", 'Unit Type (43)'!C21)",B2746*'Summary Sheet'!$C$45
2747,"IF(ISBLANK('Unit Type (43)'!B22), "" "", 'Unit Type (43)'!B22)","IF(ISBLANK('Unit Type (43)'!C22), "" "", 'Unit Type (43)'!C22)",B2747*'Summary Sheet'!$C$45
2748,"IF(ISBLANK('Unit Type (43)'!B23), "" "", 'Unit Type (43)'!B23)","IF(ISBLANK('Unit Type (43)'!C23), "" "", 'Unit Type (43)'!C23)",B2748*'Summary Sheet'!$C$45
2749,"IF(ISBLANK('Unit Type (43)'!B24), "" "", 'Unit Type (43)'!B24)","IF(ISBLANK('Unit Type (43)'!C24), "" "", 'Unit Type (43)'!C24)",B2749*'Summary Sheet'!$C$45
2750,"IF(ISBLANK('Unit Type (43)'!B25), "" "", 'Unit Type (43)'!B25)","IF(ISBLANK('Unit Type (43)'!C25), "" "", 'Unit Type (43)'!C25)",B2750*'Summary Sheet'!$C$45
2751,"IF(ISBLANK('Unit Type (43)'!B26), "" "", 'Unit Type (43)'!B26)","IF(ISBLANK('Unit Type (43)'!C26), "" "", 'Unit Type (43)'!C26)",B2751*'Summary Sheet'!$C$45
2752,"IF(ISBLANK('Unit Type (43)'!B27), "" "", 'Unit Type (43)'!B27)","IF(ISBLANK('Unit Type (43)'!C27), "" "", 'Unit Type (43)'!C27)",B2752*'Summary Sheet'!$C$45
2753,"IF(ISBLANK('Unit Type (43)'!B28), "" "", 'Unit Type (43)'!B28)","IF(ISBLANK('Unit Type (43)'!C28), "" "", 'Unit Type (43)'!C28)",B2753*'Summary Sheet'!$C$45
2754,"IF(ISBLANK('Unit Type (43)'!B29), "" "", 'Unit Type (43)'!B29)","IF(ISBLANK('Unit Type (43)'!C29), "" "", 'Unit Type (43)'!C29)",B2754*'Summary Sheet'!$C$45
2755,"IF(ISBLANK('Unit Type (43)'!B30), "" "", 'Unit Type (43)'!B30)","IF(ISBLANK('Unit Type (43)'!C30), "" "", 'Unit Type (43)'!C30)",B2755*'Summary Sheet'!$C$45
2756,"IF(ISBLANK('Unit Type (43)'!B31), "" "", 'Unit Type (43)'!B31)","IF(ISBLANK('Unit Type (43)'!C31), "" "", 'Unit Type (43)'!C31)",B2756*'Summary Sheet'!$C$45
2757,"IF(ISBLANK('Unit Type (43)'!B32), "" "", 'Unit Type (43)'!B32)","IF(ISBLANK('Unit Type (43)'!C32), "" "", 'Unit Type (43)'!C32)",B2757*'Summary Sheet'!$C$45
2758,"IF(ISBLANK('Unit Type (43)'!B33), "" "", 'Unit Type (43)'!B33)","IF(ISBLANK('Unit Type (43)'!C33), "" "", 'Unit Type (43)'!C33)",B2758*'Summary Sheet'!$C$45
2759,"IF(ISBLANK('Unit Type (43)'!B34), "" "", 'Unit Type (43)'!B34)","IF(ISBLANK('Unit Type (43)'!C34), "" "", 'Unit Type (43)'!C34)",B2759*'Summary Sheet'!$C$45
2760,"IF(ISBLANK('Unit Type (43)'!B35), "" "", 'Unit Type (43)'!B35)","IF(ISBLANK('Unit Type (43)'!C35), "" "", 'Unit Type (43)'!C35)",B2760*'Summary Sheet'!$C$45
2761,"IF(ISBLANK('Unit Type (43)'!B36), "" "", 'Unit Type (43)'!B36)","IF(ISBLANK('Unit Type (43)'!C36), "" "", 'Unit Type (43)'!C36)",B2761*'Summary Sheet'!$C$45
2762,"IF(ISBLANK('Unit Type (43)'!B37), "" "", 'Unit Type (43)'!B37)","IF(ISBLANK('Unit Type (43)'!C37), "" "", 'Unit Type (43)'!C37)",B2762*'Summary Sheet'!$C$45
2763,"IF(ISBLANK('Unit Type (43)'!B38), "" "", 'Unit Type (43)'!B38)","IF(ISBLANK('Unit Type (43)'!C38), "" "", 'Unit Type (43)'!C38)",B2763*'Summary Sheet'!$C$45
2764,"IF(ISBLANK('Unit Type (43)'!B39), "" "", 'Unit Type (43)'!B39)","IF(ISBLANK('Unit Type (43)'!C39), "" "", 'Unit Type (43)'!C39)",B2764*'Summary Sheet'!$C$45
2765,"IF(ISBLANK('Unit Type (43)'!B40), "" "", 'Unit Type (43)'!B40)","IF(ISBLANK('Unit Type (43)'!C40), "" "", 'Unit Type (43)'!C40)",B2765*'Summary Sheet'!$C$45
2766,"IF(ISBLANK('Unit Type (43)'!B41), "" "", 'Unit Type (43)'!B41)","IF(ISBLANK('Unit Type (43)'!C41), "" "", 'Unit Type (43)'!C41)",B2766*'Summary Sheet'!$C$45
2767,"IF(ISBLANK('Unit Type (43)'!B42), "" "", 'Unit Type (43)'!B42)","IF(ISBLANK('Unit Type (43)'!C42), "" "", 'Unit Type (43)'!C42)",B2767*'Summary Sheet'!$C$45
2768,"IF(ISBLANK('Unit Type (43)'!B43), "" "", 'Unit Type (43)'!B43)","IF(ISBLANK('Unit Type (43)'!C43), "" "", 'Unit Type (43)'!C43)",B2768*'Summary Sheet'!$C$45
2769,"IF(ISBLANK('Unit Type (43)'!B44), "" "", 'Unit Type (43)'!B44)","IF(ISBLANK('Unit Type (43)'!C44), "" "", 'Unit Type (43)'!C44)",B2769*'Summary Sheet'!$C$45
2770,"IF(ISBLANK('Unit Type (43)'!B45), "" "", 'Unit Type (43)'!B45)","IF(ISBLANK('Unit Type (43)'!C45), "" "", 'Unit Type (43)'!C45)",B2770*'Summary Sheet'!$C$45
2771,"IF(ISBLANK('Unit Type (43)'!B46), "" "", 'Unit Type (43)'!B46)","IF(ISBLANK('Unit Type (43)'!C46), "" "", 'Unit Type (43)'!C46)",B2771*'Summary Sheet'!$C$45
2772,"IF(ISBLANK('Unit Type (43)'!B47), "" "", 'Unit Type (43)'!B47)","IF(ISBLANK('Unit Type (43)'!C47), "" "", 'Unit Type (43)'!C47)",B2772*'Summary Sheet'!$C$45
2773,"IF(ISBLANK('Unit Type (43)'!B48), "" "", 'Unit Type (43)'!B48)","IF(ISBLANK('Unit Type (43)'!C48), "" "", 'Unit Type (43)'!C48)",B2773*'Summary Sheet'!$C$45
2774,"IF(ISBLANK('Unit Type (43)'!B49), "" "", 'Unit Type (43)'!B49)","IF(ISBLANK('Unit Type (43)'!C49), "" "", 'Unit Type (43)'!C49)",B2774*'Summary Sheet'!$C$45
2775,"IF(ISBLANK('Unit Type (43)'!B50), "" "", 'Unit Type (43)'!B50)","IF(ISBLANK('Unit Type (43)'!C50), "" "", 'Unit Type (43)'!C50)",B2775*'Summary Sheet'!$C$45
2776,"IF(ISBLANK('Unit Type (43)'!B51), "" "", 'Unit Type (43)'!B51)","IF(ISBLANK('Unit Type (43)'!C51), "" "", 'Unit Type (43)'!C51)",B2776*'Summary Sheet'!$C$45
2777,"IF(ISBLANK('Unit Type (43)'!B52), "" "", 'Unit Type (43)'!B52)","IF(ISBLANK('Unit Type (43)'!C52), "" "", 'Unit Type (43)'!C52)",B2777*'Summary Sheet'!$C$45
2778,"IF(ISBLANK('Unit Type (43)'!B53), "" "", 'Unit Type (43)'!B53)","IF(ISBLANK('Unit Type (43)'!C53), "" "", 'Unit Type (43)'!C53)",B2778*'Summary Sheet'!$C$45
2779,"IF(ISBLANK('Unit Type (43)'!B54), "" "", 'Unit Type (43)'!B54)","IF(ISBLANK('Unit Type (43)'!C54), "" "", 'Unit Type (43)'!C54)",B2779*'Summary Sheet'!$C$45
2780,"IF(ISBLANK('Unit Type (43)'!B55), "" "", 'Unit Type (43)'!B55)","IF(ISBLANK('Unit Type (43)'!C55), "" "", 'Unit Type (43)'!C55)",B2780*'Summary Sheet'!$C$45
2781,"IF(ISBLANK('Unit Type (43)'!B56), "" "", 'Unit Type (43)'!B56)","IF(ISBLANK('Unit Type (43)'!C56), "" "", 'Unit Type (43)'!C56)",B2781*'Summary Sheet'!$C$45
2782,"IF(ISBLANK('Unit Type (43)'!B57), "" "", 'Unit Type (43)'!B57)","IF(ISBLANK('Unit Type (43)'!C57), "" "", 'Unit Type (43)'!C57)",B2782*'Summary Sheet'!$C$45
2783,"IF(ISBLANK('Unit Type (43)'!B58), "" "", 'Unit Type (43)'!B58)","IF(ISBLANK('Unit Type (43)'!C58), "" "", 'Unit Type (43)'!C58)",B2783*'Summary Sheet'!$C$45
2784,"IF(ISBLANK('Unit Type (43)'!B59), "" "", 'Unit Type (43)'!B59)","IF(ISBLANK('Unit Type (43)'!C59), "" "", 'Unit Type (43)'!C59)",B2784*'Summary Sheet'!$C$45
2785,"IF(ISBLANK('Unit Type (43)'!B60), "" "", 'Unit Type (43)'!B60)","IF(ISBLANK('Unit Type (43)'!C60), "" "", 'Unit Type (43)'!C60)",B2785*'Summary Sheet'!$C$45
2786,"IF(ISBLANK('Unit Type (43)'!B61), "" "", 'Unit Type (43)'!B61)","IF(ISBLANK('Unit Type (43)'!C61), "" "", 'Unit Type (43)'!C61)",B2786*'Summary Sheet'!$C$45
2787,"IF(ISBLANK('Unit Type (43)'!B62), "" "", 'Unit Type (43)'!B62)","IF(ISBLANK('Unit Type (43)'!C62), "" "", 'Unit Type (43)'!C62)",B2787*'Summary Sheet'!$C$45
2788,"IF(ISBLANK('Unit Type (43)'!B63), "" "", 'Unit Type (43)'!B63)","IF(ISBLANK('Unit Type (43)'!C63), "" "", 'Unit Type (43)'!C63)",B2788*'Summary Sheet'!$C$45
2789,"IF(ISBLANK('Unit Type (43)'!B64), "" "", 'Unit Type (43)'!B64)","IF(ISBLANK('Unit Type (43)'!C64), "" "", 'Unit Type (43)'!C64)",B2789*'Summary Sheet'!$C$45
2790,"IF(ISBLANK('Unit Type (43)'!B65), "" "", 'Unit Type (43)'!B65)","IF(ISBLANK('Unit Type (43)'!C65), "" "", 'Unit Type (43)'!C65)",B2790*'Summary Sheet'!$C$45
2791,"IF(ISBLANK('Unit Type (43)'!B66), "" "", 'Unit Type (43)'!B66)","IF(ISBLANK('Unit Type (43)'!C66), "" "", 'Unit Type (43)'!C66)",B2791*'Summary Sheet'!$C$45
2792,"IF(ISBLANK('Unit Type (43)'!B67), "" "", 'Unit Type (43)'!B67)","IF(ISBLANK('Unit Type (43)'!C67), "" "", 'Unit Type (43)'!C67)",B2792*'Summary Sheet'!$C$45
2793,"IF(ISBLANK('Unit Type (43)'!B68), "" "", 'Unit Type (43)'!B68)","IF(ISBLANK('Unit Type (43)'!C68), "" "", 'Unit Type (43)'!C68)",B2793*'Summary Sheet'!$C$45
2794,"IF(ISBLANK('Unit Type (43)'!B69), "" "", 'Unit Type (43)'!B69)","IF(ISBLANK('Unit Type (43)'!C69), "" "", 'Unit Type (43)'!C69)",B2794*'Summary Sheet'!$C$45
2795,"IF(ISBLANK('Unit Type (43)'!B70), "" "", 'Unit Type (43)'!B70)","IF(ISBLANK('Unit Type (43)'!C70), "" "", 'Unit Type (43)'!C70)",B2795*'Summary Sheet'!$C$45
2796,"IF(ISBLANK('Unit Type (44)'!B6), "" "", 'Unit Type (44)'!B6)","IF(ISBLANK('Unit Type (44)'!C6), "" "", 'Unit Type (44)'!C6)",B2796*'Summary Sheet'!$C$46
2797,"IF(ISBLANK('Unit Type (44)'!B7), "" "", 'Unit Type (44)'!B7)","IF(ISBLANK('Unit Type (44)'!C7), "" "", 'Unit Type (44)'!C7)",B2797*'Summary Sheet'!$C$46
2798,"IF(ISBLANK('Unit Type (44)'!B8), "" "", 'Unit Type (44)'!B8)","IF(ISBLANK('Unit Type (44)'!C8), "" "", 'Unit Type (44)'!C8)",B2798*'Summary Sheet'!$C$46
2799,"IF(ISBLANK('Unit Type (44)'!B9), "" "", 'Unit Type (44)'!B9)","IF(ISBLANK('Unit Type (44)'!C9), "" "", 'Unit Type (44)'!C9)",B2799*'Summary Sheet'!$C$46
2800,"IF(ISBLANK('Unit Type (44)'!B10), "" "", 'Unit Type (44)'!B10)","IF(ISBLANK('Unit Type (44)'!C10), "" "", 'Unit Type (44)'!C10)",B2800*'Summary Sheet'!$C$46
2801,"IF(ISBLANK('Unit Type (44)'!B11), "" "", 'Unit Type (44)'!B11)","IF(ISBLANK('Unit Type (44)'!C11), "" "", 'Unit Type (44)'!C11)",B2801*'Summary Sheet'!$C$46
2802,"IF(ISBLANK('Unit Type (44)'!B12), "" "", 'Unit Type (44)'!B12)","IF(ISBLANK('Unit Type (44)'!C12), "" "", 'Unit Type (44)'!C12)",B2802*'Summary Sheet'!$C$46
2803,"IF(ISBLANK('Unit Type (44)'!B13), "" "", 'Unit Type (44)'!B13)","IF(ISBLANK('Unit Type (44)'!C13), "" "", 'Unit Type (44)'!C13)",B2803*'Summary Sheet'!$C$46
2804,"IF(ISBLANK('Unit Type (44)'!B14), "" "", 'Unit Type (44)'!B14)","IF(ISBLANK('Unit Type (44)'!C14), "" "", 'Unit Type (44)'!C14)",B2804*'Summary Sheet'!$C$46
2805,"IF(ISBLANK('Unit Type (44)'!B15), "" "", 'Unit Type (44)'!B15)","IF(ISBLANK('Unit Type (44)'!C15), "" "", 'Unit Type (44)'!C15)",B2805*'Summary Sheet'!$C$46
2806,"IF(ISBLANK('Unit Type (44)'!B16), "" "", 'Unit Type (44)'!B16)","IF(ISBLANK('Unit Type (44)'!C16), "" "", 'Unit Type (44)'!C16)",B2806*'Summary Sheet'!$C$46
2807,"IF(ISBLANK('Unit Type (44)'!B17), "" "", 'Unit Type (44)'!B17)","IF(ISBLANK('Unit Type (44)'!C17), "" "", 'Unit Type (44)'!C17)",B2807*'Summary Sheet'!$C$46
2808,"IF(ISBLANK('Unit Type (44)'!B18), "" "", 'Unit Type (44)'!B18)","IF(ISBLANK('Unit Type (44)'!C18), "" "", 'Unit Type (44)'!C18)",B2808*'Summary Sheet'!$C$46
2809,"IF(ISBLANK('Unit Type (44)'!B19), "" "", 'Unit Type (44)'!B19)","IF(ISBLANK('Unit Type (44)'!C19), "" "", 'Unit Type (44)'!C19)",B2809*'Summary Sheet'!$C$46
2810,"IF(ISBLANK('Unit Type (44)'!B20), "" "", 'Unit Type (44)'!B20)","IF(ISBLANK('Unit Type (44)'!C20), "" "", 'Unit Type (44)'!C20)",B2810*'Summary Sheet'!$C$46
2811,"IF(ISBLANK('Unit Type (44)'!B21), "" "", 'Unit Type (44)'!B21)","IF(ISBLANK('Unit Type (44)'!C21), "" "", 'Unit Type (44)'!C21)",B2811*'Summary Sheet'!$C$46
2812,"IF(ISBLANK('Unit Type (44)'!B22), "" "", 'Unit Type (44)'!B22)","IF(ISBLANK('Unit Type (44)'!C22), "" "", 'Unit Type (44)'!C22)",B2812*'Summary Sheet'!$C$46
2813,"IF(ISBLANK('Unit Type (44)'!B23), "" "", 'Unit Type (44)'!B23)","IF(ISBLANK('Unit Type (44)'!C23), "" "", 'Unit Type (44)'!C23)",B2813*'Summary Sheet'!$C$46
2814,"IF(ISBLANK('Unit Type (44)'!B24), "" "", 'Unit Type (44)'!B24)","IF(ISBLANK('Unit Type (44)'!C24), "" "", 'Unit Type (44)'!C24)",B2814*'Summary Sheet'!$C$46
2815,"IF(ISBLANK('Unit Type (44)'!B25), "" "", 'Unit Type (44)'!B25)","IF(ISBLANK('Unit Type (44)'!C25), "" "", 'Unit Type (44)'!C25)",B2815*'Summary Sheet'!$C$46
2816,"IF(ISBLANK('Unit Type (44)'!B26), "" "", 'Unit Type (44)'!B26)","IF(ISBLANK('Unit Type (44)'!C26), "" "", 'Unit Type (44)'!C26)",B2816*'Summary Sheet'!$C$46
2817,"IF(ISBLANK('Unit Type (44)'!B27), "" "", 'Unit Type (44)'!B27)","IF(ISBLANK('Unit Type (44)'!C27), "" "", 'Unit Type (44)'!C27)",B2817*'Summary Sheet'!$C$46
2818,"IF(ISBLANK('Unit Type (44)'!B28), "" "", 'Unit Type (44)'!B28)","IF(ISBLANK('Unit Type (44)'!C28), "" "", 'Unit Type (44)'!C28)",B2818*'Summary Sheet'!$C$46
2819,"IF(ISBLANK('Unit Type (44)'!B29), "" "", 'Unit Type (44)'!B29)","IF(ISBLANK('Unit Type (44)'!C29), "" "", 'Unit Type (44)'!C29)",B2819*'Summary Sheet'!$C$46
2820,"IF(ISBLANK('Unit Type (44)'!B30), "" "", 'Unit Type (44)'!B30)","IF(ISBLANK('Unit Type (44)'!C30), "" "", 'Unit Type (44)'!C30)",B2820*'Summary Sheet'!$C$46
2821,"IF(ISBLANK('Unit Type (44)'!B31), "" "", 'Unit Type (44)'!B31)","IF(ISBLANK('Unit Type (44)'!C31), "" "", 'Unit Type (44)'!C31)",B2821*'Summary Sheet'!$C$46
2822,"IF(ISBLANK('Unit Type (44)'!B32), "" "", 'Unit Type (44)'!B32)","IF(ISBLANK('Unit Type (44)'!C32), "" "", 'Unit Type (44)'!C32)",B2822*'Summary Sheet'!$C$46
2823,"IF(ISBLANK('Unit Type (44)'!B33), "" "", 'Unit Type (44)'!B33)","IF(ISBLANK('Unit Type (44)'!C33), "" "", 'Unit Type (44)'!C33)",B2823*'Summary Sheet'!$C$46
2824,"IF(ISBLANK('Unit Type (44)'!B34), "" "", 'Unit Type (44)'!B34)","IF(ISBLANK('Unit Type (44)'!C34), "" "", 'Unit Type (44)'!C34)",B2824*'Summary Sheet'!$C$46
2825,"IF(ISBLANK('Unit Type (44)'!B35), "" "", 'Unit Type (44)'!B35)","IF(ISBLANK('Unit Type (44)'!C35), "" "", 'Unit Type (44)'!C35)",B2825*'Summary Sheet'!$C$46
2826,"IF(ISBLANK('Unit Type (44)'!B36), "" "", 'Unit Type (44)'!B36)","IF(ISBLANK('Unit Type (44)'!C36), "" "", 'Unit Type (44)'!C36)",B2826*'Summary Sheet'!$C$46
2827,"IF(ISBLANK('Unit Type (44)'!B37), "" "", 'Unit Type (44)'!B37)","IF(ISBLANK('Unit Type (44)'!C37), "" "", 'Unit Type (44)'!C37)",B2827*'Summary Sheet'!$C$46
2828,"IF(ISBLANK('Unit Type (44)'!B38), "" "", 'Unit Type (44)'!B38)","IF(ISBLANK('Unit Type (44)'!C38), "" "", 'Unit Type (44)'!C38)",B2828*'Summary Sheet'!$C$46
2829,"IF(ISBLANK('Unit Type (44)'!B39), "" "", 'Unit Type (44)'!B39)","IF(ISBLANK('Unit Type (44)'!C39), "" "", 'Unit Type (44)'!C39)",B2829*'Summary Sheet'!$C$46
2830,"IF(ISBLANK('Unit Type (44)'!B40), "" "", 'Unit Type (44)'!B40)","IF(ISBLANK('Unit Type (44)'!C40), "" "", 'Unit Type (44)'!C40)",B2830*'Summary Sheet'!$C$46
2831,"IF(ISBLANK('Unit Type (44)'!B41), "" "", 'Unit Type (44)'!B41)","IF(ISBLANK('Unit Type (44)'!C41), "" "", 'Unit Type (44)'!C41)",B2831*'Summary Sheet'!$C$46
2832,"IF(ISBLANK('Unit Type (44)'!B42), "" "", 'Unit Type (44)'!B42)","IF(ISBLANK('Unit Type (44)'!C42), "" "", 'Unit Type (44)'!C42)",B2832*'Summary Sheet'!$C$46
2833,"IF(ISBLANK('Unit Type (44)'!B43), "" "", 'Unit Type (44)'!B43)","IF(ISBLANK('Unit Type (44)'!C43), "" "", 'Unit Type (44)'!C43)",B2833*'Summary Sheet'!$C$46
2834,"IF(ISBLANK('Unit Type (44)'!B44), "" "", 'Unit Type (44)'!B44)","IF(ISBLANK('Unit Type (44)'!C44), "" "", 'Unit Type (44)'!C44)",B2834*'Summary Sheet'!$C$46
2835,"IF(ISBLANK('Unit Type (44)'!B45), "" "", 'Unit Type (44)'!B45)","IF(ISBLANK('Unit Type (44)'!C45), "" "", 'Unit Type (44)'!C45)",B2835*'Summary Sheet'!$C$46
2836,"IF(ISBLANK('Unit Type (44)'!B46), "" "", 'Unit Type (44)'!B46)","IF(ISBLANK('Unit Type (44)'!C46), "" "", 'Unit Type (44)'!C46)",B2836*'Summary Sheet'!$C$46
2837,"IF(ISBLANK('Unit Type (44)'!B47), "" "", 'Unit Type (44)'!B47)","IF(ISBLANK('Unit Type (44)'!C47), "" "", 'Unit Type (44)'!C47)",B2837*'Summary Sheet'!$C$46
2838,"IF(ISBLANK('Unit Type (44)'!B48), "" "", 'Unit Type (44)'!B48)","IF(ISBLANK('Unit Type (44)'!C48), "" "", 'Unit Type (44)'!C48)",B2838*'Summary Sheet'!$C$46
2839,"IF(ISBLANK('Unit Type (44)'!B49), "" "", 'Unit Type (44)'!B49)","IF(ISBLANK('Unit Type (44)'!C49), "" "", 'Unit Type (44)'!C49)",B2839*'Summary Sheet'!$C$46
2840,"IF(ISBLANK('Unit Type (44)'!B50), "" "", 'Unit Type (44)'!B50)","IF(ISBLANK('Unit Type (44)'!C50), "" "", 'Unit Type (44)'!C50)",B2840*'Summary Sheet'!$C$46
2841,"IF(ISBLANK('Unit Type (44)'!B51), "" "", 'Unit Type (44)'!B51)","IF(ISBLANK('Unit Type (44)'!C51), "" "", 'Unit Type (44)'!C51)",B2841*'Summary Sheet'!$C$46
2842,"IF(ISBLANK('Unit Type (44)'!B52), "" "", 'Unit Type (44)'!B52)","IF(ISBLANK('Unit Type (44)'!C52), "" "", 'Unit Type (44)'!C52)",B2842*'Summary Sheet'!$C$46
2843,"IF(ISBLANK('Unit Type (44)'!B53), "" "", 'Unit Type (44)'!B53)","IF(ISBLANK('Unit Type (44)'!C53), "" "", 'Unit Type (44)'!C53)",B2843*'Summary Sheet'!$C$46
2844,"IF(ISBLANK('Unit Type (44)'!B54), "" "", 'Unit Type (44)'!B54)","IF(ISBLANK('Unit Type (44)'!C54), "" "", 'Unit Type (44)'!C54)",B2844*'Summary Sheet'!$C$46
2845,"IF(ISBLANK('Unit Type (44)'!B55), "" "", 'Unit Type (44)'!B55)","IF(ISBLANK('Unit Type (44)'!C55), "" "", 'Unit Type (44)'!C55)",B2845*'Summary Sheet'!$C$46
2846,"IF(ISBLANK('Unit Type (44)'!B56), "" "", 'Unit Type (44)'!B56)","IF(ISBLANK('Unit Type (44)'!C56), "" "", 'Unit Type (44)'!C56)",B2846*'Summary Sheet'!$C$46
2847,"IF(ISBLANK('Unit Type (44)'!B57), "" "", 'Unit Type (44)'!B57)","IF(ISBLANK('Unit Type (44)'!C57), "" "", 'Unit Type (44)'!C57)",B2847*'Summary Sheet'!$C$46
2848,"IF(ISBLANK('Unit Type (44)'!B58), "" "", 'Unit Type (44)'!B58)","IF(ISBLANK('Unit Type (44)'!C58), "" "", 'Unit Type (44)'!C58)",B2848*'Summary Sheet'!$C$46
2849,"IF(ISBLANK('Unit Type (44)'!B59), "" "", 'Unit Type (44)'!B59)","IF(ISBLANK('Unit Type (44)'!C59), "" "", 'Unit Type (44)'!C59)",B2849*'Summary Sheet'!$C$46
2850,"IF(ISBLANK('Unit Type (44)'!B60), "" "", 'Unit Type (44)'!B60)","IF(ISBLANK('Unit Type (44)'!C60), "" "", 'Unit Type (44)'!C60)",B2850*'Summary Sheet'!$C$46
2851,"IF(ISBLANK('Unit Type (44)'!B61), "" "", 'Unit Type (44)'!B61)","IF(ISBLANK('Unit Type (44)'!C61), "" "", 'Unit Type (44)'!C61)",B2851*'Summary Sheet'!$C$46
2852,"IF(ISBLANK('Unit Type (44)'!B62), "" "", 'Unit Type (44)'!B62)","IF(ISBLANK('Unit Type (44)'!C62), "" "", 'Unit Type (44)'!C62)",B2852*'Summary Sheet'!$C$46
2853,"IF(ISBLANK('Unit Type (44)'!B63), "" "", 'Unit Type (44)'!B63)","IF(ISBLANK('Unit Type (44)'!C63), "" "", 'Unit Type (44)'!C63)",B2853*'Summary Sheet'!$C$46
2854,"IF(ISBLANK('Unit Type (44)'!B64), "" "", 'Unit Type (44)'!B64)","IF(ISBLANK('Unit Type (44)'!C64), "" "", 'Unit Type (44)'!C64)",B2854*'Summary Sheet'!$C$46
2855,"IF(ISBLANK('Unit Type (44)'!B65), "" "", 'Unit Type (44)'!B65)","IF(ISBLANK('Unit Type (44)'!C65), "" "", 'Unit Type (44)'!C65)",B2855*'Summary Sheet'!$C$46
2856,"IF(ISBLANK('Unit Type (44)'!B66), "" "", 'Unit Type (44)'!B66)","IF(ISBLANK('Unit Type (44)'!C66), "" "", 'Unit Type (44)'!C66)",B2856*'Summary Sheet'!$C$46
2857,"IF(ISBLANK('Unit Type (44)'!B67), "" "", 'Unit Type (44)'!B67)","IF(ISBLANK('Unit Type (44)'!C67), "" "", 'Unit Type (44)'!C67)",B2857*'Summary Sheet'!$C$46
2858,"IF(ISBLANK('Unit Type (44)'!B68), "" "", 'Unit Type (44)'!B68)","IF(ISBLANK('Unit Type (44)'!C68), "" "", 'Unit Type (44)'!C68)",B2858*'Summary Sheet'!$C$46
2859,"IF(ISBLANK('Unit Type (44)'!B69), "" "", 'Unit Type (44)'!B69)","IF(ISBLANK('Unit Type (44)'!C69), "" "", 'Unit Type (44)'!C69)",B2859*'Summary Sheet'!$C$46
2860,"IF(ISBLANK('Unit Type (44)'!B70), "" "", 'Unit Type (44)'!B70)","IF(ISBLANK('Unit Type (44)'!C70), "" "", 'Unit Type (44)'!C70)",B2860*'Summary Sheet'!$C$46
2861,"IF(ISBLANK('Unit Type (45)'!B6), "" "", 'Unit Type (45)'!B6)","IF(ISBLANK('Unit Type (45)'!C6), "" "", 'Unit Type (45)'!C6)",B2861*'Summary Sheet'!$C$47
2862,"IF(ISBLANK('Unit Type (45)'!B7), "" "", 'Unit Type (45)'!B7)","IF(ISBLANK('Unit Type (45)'!C7), "" "", 'Unit Type (45)'!C7)",B2862*'Summary Sheet'!$C$47
2863,"IF(ISBLANK('Unit Type (45)'!B8), "" "", 'Unit Type (45)'!B8)","IF(ISBLANK('Unit Type (45)'!C8), "" "", 'Unit Type (45)'!C8)",B2863*'Summary Sheet'!$C$47
2864,"IF(ISBLANK('Unit Type (45)'!B9), "" "", 'Unit Type (45)'!B9)","IF(ISBLANK('Unit Type (45)'!C9), "" "", 'Unit Type (45)'!C9)",B2864*'Summary Sheet'!$C$47
2865,"IF(ISBLANK('Unit Type (45)'!B10), "" "", 'Unit Type (45)'!B10)","IF(ISBLANK('Unit Type (45)'!C10), "" "", 'Unit Type (45)'!C10)",B2865*'Summary Sheet'!$C$47
2866,"IF(ISBLANK('Unit Type (45)'!B11), "" "", 'Unit Type (45)'!B11)","IF(ISBLANK('Unit Type (45)'!C11), "" "", 'Unit Type (45)'!C11)",B2866*'Summary Sheet'!$C$47
2867,"IF(ISBLANK('Unit Type (45)'!B12), "" "", 'Unit Type (45)'!B12)","IF(ISBLANK('Unit Type (45)'!C12), "" "", 'Unit Type (45)'!C12)",B2867*'Summary Sheet'!$C$47
2868,"IF(ISBLANK('Unit Type (45)'!B13), "" "", 'Unit Type (45)'!B13)","IF(ISBLANK('Unit Type (45)'!C13), "" "", 'Unit Type (45)'!C13)",B2868*'Summary Sheet'!$C$47
2869,"IF(ISBLANK('Unit Type (45)'!B14), "" "", 'Unit Type (45)'!B14)","IF(ISBLANK('Unit Type (45)'!C14), "" "", 'Unit Type (45)'!C14)",B2869*'Summary Sheet'!$C$47
2870,"IF(ISBLANK('Unit Type (45)'!B15), "" "", 'Unit Type (45)'!B15)","IF(ISBLANK('Unit Type (45)'!C15), "" "", 'Unit Type (45)'!C15)",B2870*'Summary Sheet'!$C$47
2871,"IF(ISBLANK('Unit Type (45)'!B16), "" "", 'Unit Type (45)'!B16)","IF(ISBLANK('Unit Type (45)'!C16), "" "", 'Unit Type (45)'!C16)",B2871*'Summary Sheet'!$C$47
2872,"IF(ISBLANK('Unit Type (45)'!B17), "" "", 'Unit Type (45)'!B17)","IF(ISBLANK('Unit Type (45)'!C17), "" "", 'Unit Type (45)'!C17)",B2872*'Summary Sheet'!$C$47
2873,"IF(ISBLANK('Unit Type (45)'!B18), "" "", 'Unit Type (45)'!B18)","IF(ISBLANK('Unit Type (45)'!C18), "" "", 'Unit Type (45)'!C18)",B2873*'Summary Sheet'!$C$47
2874,"IF(ISBLANK('Unit Type (45)'!B19), "" "", 'Unit Type (45)'!B19)","IF(ISBLANK('Unit Type (45)'!C19), "" "", 'Unit Type (45)'!C19)",B2874*'Summary Sheet'!$C$47
2875,"IF(ISBLANK('Unit Type (45)'!B20), "" "", 'Unit Type (45)'!B20)","IF(ISBLANK('Unit Type (45)'!C20), "" "", 'Unit Type (45)'!C20)",B2875*'Summary Sheet'!$C$47
2876,"IF(ISBLANK('Unit Type (45)'!B21), "" "", 'Unit Type (45)'!B21)","IF(ISBLANK('Unit Type (45)'!C21), "" "", 'Unit Type (45)'!C21)",B2876*'Summary Sheet'!$C$47
2877,"IF(ISBLANK('Unit Type (45)'!B22), "" "", 'Unit Type (45)'!B22)","IF(ISBLANK('Unit Type (45)'!C22), "" "", 'Unit Type (45)'!C22)",B2877*'Summary Sheet'!$C$47
2878,"IF(ISBLANK('Unit Type (45)'!B23), "" "", 'Unit Type (45)'!B23)","IF(ISBLANK('Unit Type (45)'!C23), "" "", 'Unit Type (45)'!C23)",B2878*'Summary Sheet'!$C$47
2879,"IF(ISBLANK('Unit Type (45)'!B24), "" "", 'Unit Type (45)'!B24)","IF(ISBLANK('Unit Type (45)'!C24), "" "", 'Unit Type (45)'!C24)",B2879*'Summary Sheet'!$C$47
2880,"IF(ISBLANK('Unit Type (45)'!B25), "" "", 'Unit Type (45)'!B25)","IF(ISBLANK('Unit Type (45)'!C25), "" "", 'Unit Type (45)'!C25)",B2880*'Summary Sheet'!$C$47
2881,"IF(ISBLANK('Unit Type (45)'!B26), "" "", 'Unit Type (45)'!B26)","IF(ISBLANK('Unit Type (45)'!C26), "" "", 'Unit Type (45)'!C26)",B2881*'Summary Sheet'!$C$47
2882,"IF(ISBLANK('Unit Type (45)'!B27), "" "", 'Unit Type (45)'!B27)","IF(ISBLANK('Unit Type (45)'!C27), "" "", 'Unit Type (45)'!C27)",B2882*'Summary Sheet'!$C$47
2883,"IF(ISBLANK('Unit Type (45)'!B28), "" "", 'Unit Type (45)'!B28)","IF(ISBLANK('Unit Type (45)'!C28), "" "", 'Unit Type (45)'!C28)",B2883*'Summary Sheet'!$C$47
2884,"IF(ISBLANK('Unit Type (45)'!B29), "" "", 'Unit Type (45)'!B29)","IF(ISBLANK('Unit Type (45)'!C29), "" "", 'Unit Type (45)'!C29)",B2884*'Summary Sheet'!$C$47
2885,"IF(ISBLANK('Unit Type (45)'!B30), "" "", 'Unit Type (45)'!B30)","IF(ISBLANK('Unit Type (45)'!C30), "" "", 'Unit Type (45)'!C30)",B2885*'Summary Sheet'!$C$47
2886,"IF(ISBLANK('Unit Type (45)'!B31), "" "", 'Unit Type (45)'!B31)","IF(ISBLANK('Unit Type (45)'!C31), "" "", 'Unit Type (45)'!C31)",B2886*'Summary Sheet'!$C$47
2887,"IF(ISBLANK('Unit Type (45)'!B32), "" "", 'Unit Type (45)'!B32)","IF(ISBLANK('Unit Type (45)'!C32), "" "", 'Unit Type (45)'!C32)",B2887*'Summary Sheet'!$C$47
2888,"IF(ISBLANK('Unit Type (45)'!B33), "" "", 'Unit Type (45)'!B33)","IF(ISBLANK('Unit Type (45)'!C33), "" "", 'Unit Type (45)'!C33)",B2888*'Summary Sheet'!$C$47
2889,"IF(ISBLANK('Unit Type (45)'!B34), "" "", 'Unit Type (45)'!B34)","IF(ISBLANK('Unit Type (45)'!C34), "" "", 'Unit Type (45)'!C34)",B2889*'Summary Sheet'!$C$47
2890,"IF(ISBLANK('Unit Type (45)'!B35), "" "", 'Unit Type (45)'!B35)","IF(ISBLANK('Unit Type (45)'!C35), "" "", 'Unit Type (45)'!C35)",B2890*'Summary Sheet'!$C$47
2891,"IF(ISBLANK('Unit Type (45)'!B36), "" "", 'Unit Type (45)'!B36)","IF(ISBLANK('Unit Type (45)'!C36), "" "", 'Unit Type (45)'!C36)",B2891*'Summary Sheet'!$C$47
2892,"IF(ISBLANK('Unit Type (45)'!B37), "" "", 'Unit Type (45)'!B37)","IF(ISBLANK('Unit Type (45)'!C37), "" "", 'Unit Type (45)'!C37)",B2892*'Summary Sheet'!$C$47
2893,"IF(ISBLANK('Unit Type (45)'!B38), "" "", 'Unit Type (45)'!B38)","IF(ISBLANK('Unit Type (45)'!C38), "" "", 'Unit Type (45)'!C38)",B2893*'Summary Sheet'!$C$47
2894,"IF(ISBLANK('Unit Type (45)'!B39), "" "", 'Unit Type (45)'!B39)","IF(ISBLANK('Unit Type (45)'!C39), "" "", 'Unit Type (45)'!C39)",B2894*'Summary Sheet'!$C$47
2895,"IF(ISBLANK('Unit Type (45)'!B40), "" "", 'Unit Type (45)'!B40)","IF(ISBLANK('Unit Type (45)'!C40), "" "", 'Unit Type (45)'!C40)",B2895*'Summary Sheet'!$C$47
2896,"IF(ISBLANK('Unit Type (45)'!B41), "" "", 'Unit Type (45)'!B41)","IF(ISBLANK('Unit Type (45)'!C41), "" "", 'Unit Type (45)'!C41)",B2896*'Summary Sheet'!$C$47
2897,"IF(ISBLANK('Unit Type (45)'!B42), "" "", 'Unit Type (45)'!B42)","IF(ISBLANK('Unit Type (45)'!C42), "" "", 'Unit Type (45)'!C42)",B2897*'Summary Sheet'!$C$47
2898,"IF(ISBLANK('Unit Type (45)'!B43), "" "", 'Unit Type (45)'!B43)","IF(ISBLANK('Unit Type (45)'!C43), "" "", 'Unit Type (45)'!C43)",B2898*'Summary Sheet'!$C$47
2899,"IF(ISBLANK('Unit Type (45)'!B44), "" "", 'Unit Type (45)'!B44)","IF(ISBLANK('Unit Type (45)'!C44), "" "", 'Unit Type (45)'!C44)",B2899*'Summary Sheet'!$C$47
2900,"IF(ISBLANK('Unit Type (45)'!B45), "" "", 'Unit Type (45)'!B45)","IF(ISBLANK('Unit Type (45)'!C45), "" "", 'Unit Type (45)'!C45)",B2900*'Summary Sheet'!$C$47
2901,"IF(ISBLANK('Unit Type (45)'!B46), "" "", 'Unit Type (45)'!B46)","IF(ISBLANK('Unit Type (45)'!C46), "" "", 'Unit Type (45)'!C46)",B2901*'Summary Sheet'!$C$47
2902,"IF(ISBLANK('Unit Type (45)'!B47), "" "", 'Unit Type (45)'!B47)","IF(ISBLANK('Unit Type (45)'!C47), "" "", 'Unit Type (45)'!C47)",B2902*'Summary Sheet'!$C$47
2903,"IF(ISBLANK('Unit Type (45)'!B48), "" "", 'Unit Type (45)'!B48)","IF(ISBLANK('Unit Type (45)'!C48), "" "", 'Unit Type (45)'!C48)",B2903*'Summary Sheet'!$C$47
2904,"IF(ISBLANK('Unit Type (45)'!B49), "" "", 'Unit Type (45)'!B49)","IF(ISBLANK('Unit Type (45)'!C49), "" "", 'Unit Type (45)'!C49)",B2904*'Summary Sheet'!$C$47
2905,"IF(ISBLANK('Unit Type (45)'!B50), "" "", 'Unit Type (45)'!B50)","IF(ISBLANK('Unit Type (45)'!C50), "" "", 'Unit Type (45)'!C50)",B2905*'Summary Sheet'!$C$47
2906,"IF(ISBLANK('Unit Type (45)'!B51), "" "", 'Unit Type (45)'!B51)","IF(ISBLANK('Unit Type (45)'!C51), "" "", 'Unit Type (45)'!C51)",B2906*'Summary Sheet'!$C$47
2907,"IF(ISBLANK('Unit Type (45)'!B52), "" "", 'Unit Type (45)'!B52)","IF(ISBLANK('Unit Type (45)'!C52), "" "", 'Unit Type (45)'!C52)",B2907*'Summary Sheet'!$C$47
2908,"IF(ISBLANK('Unit Type (45)'!B53), "" "", 'Unit Type (45)'!B53)","IF(ISBLANK('Unit Type (45)'!C53), "" "", 'Unit Type (45)'!C53)",B2908*'Summary Sheet'!$C$47
2909,"IF(ISBLANK('Unit Type (45)'!B54), "" "", 'Unit Type (45)'!B54)","IF(ISBLANK('Unit Type (45)'!C54), "" "", 'Unit Type (45)'!C54)",B2909*'Summary Sheet'!$C$47
2910,"IF(ISBLANK('Unit Type (45)'!B55), "" "", 'Unit Type (45)'!B55)","IF(ISBLANK('Unit Type (45)'!C55), "" "", 'Unit Type (45)'!C55)",B2910*'Summary Sheet'!$C$47
2911,"IF(ISBLANK('Unit Type (45)'!B56), "" "", 'Unit Type (45)'!B56)","IF(ISBLANK('Unit Type (45)'!C56), "" "", 'Unit Type (45)'!C56)",B2911*'Summary Sheet'!$C$47
2912,"IF(ISBLANK('Unit Type (45)'!B57), "" "", 'Unit Type (45)'!B57)","IF(ISBLANK('Unit Type (45)'!C57), "" "", 'Unit Type (45)'!C57)",B2912*'Summary Sheet'!$C$47
2913,"IF(ISBLANK('Unit Type (45)'!B58), "" "", 'Unit Type (45)'!B58)","IF(ISBLANK('Unit Type (45)'!C58), "" "", 'Unit Type (45)'!C58)",B2913*'Summary Sheet'!$C$47
2914,"IF(ISBLANK('Unit Type (45)'!B59), "" "", 'Unit Type (45)'!B59)","IF(ISBLANK('Unit Type (45)'!C59), "" "", 'Unit Type (45)'!C59)",B2914*'Summary Sheet'!$C$47
2915,"IF(ISBLANK('Unit Type (45)'!B60), "" "", 'Unit Type (45)'!B60)","IF(ISBLANK('Unit Type (45)'!C60), "" "", 'Unit Type (45)'!C60)",B2915*'Summary Sheet'!$C$47
2916,"IF(ISBLANK('Unit Type (45)'!B61), "" "", 'Unit Type (45)'!B61)","IF(ISBLANK('Unit Type (45)'!C61), "" "", 'Unit Type (45)'!C61)",B2916*'Summary Sheet'!$C$47
2917,"IF(ISBLANK('Unit Type (45)'!B62), "" "", 'Unit Type (45)'!B62)","IF(ISBLANK('Unit Type (45)'!C62), "" "", 'Unit Type (45)'!C62)",B2917*'Summary Sheet'!$C$47
2918,"IF(ISBLANK('Unit Type (45)'!B63), "" "", 'Unit Type (45)'!B63)","IF(ISBLANK('Unit Type (45)'!C63), "" "", 'Unit Type (45)'!C63)",B2918*'Summary Sheet'!$C$47
2919,"IF(ISBLANK('Unit Type (45)'!B64), "" "", 'Unit Type (45)'!B64)","IF(ISBLANK('Unit Type (45)'!C64), "" "", 'Unit Type (45)'!C64)",B2919*'Summary Sheet'!$C$47
2920,"IF(ISBLANK('Unit Type (45)'!B65), "" "", 'Unit Type (45)'!B65)","IF(ISBLANK('Unit Type (45)'!C65), "" "", 'Unit Type (45)'!C65)",B2920*'Summary Sheet'!$C$47
2921,"IF(ISBLANK('Unit Type (45)'!B66), "" "", 'Unit Type (45)'!B66)","IF(ISBLANK('Unit Type (45)'!C66), "" "", 'Unit Type (45)'!C66)",B2921*'Summary Sheet'!$C$47
2922,"IF(ISBLANK('Unit Type (45)'!B67), "" "", 'Unit Type (45)'!B67)","IF(ISBLANK('Unit Type (45)'!C67), "" "", 'Unit Type (45)'!C67)",B2922*'Summary Sheet'!$C$47
2923,"IF(ISBLANK('Unit Type (45)'!B68), "" "", 'Unit Type (45)'!B68)","IF(ISBLANK('Unit Type (45)'!C68), "" "", 'Unit Type (45)'!C68)",B2923*'Summary Sheet'!$C$47
2924,"IF(ISBLANK('Unit Type (45)'!B69), "" "", 'Unit Type (45)'!B69)","IF(ISBLANK('Unit Type (45)'!C69), "" "", 'Unit Type (45)'!C69)",B2924*'Summary Sheet'!$C$47
2925,"IF(ISBLANK('Unit Type (45)'!B70), "" "", 'Unit Type (45)'!B70)","IF(ISBLANK('Unit Type (45)'!C70), "" "", 'Unit Type (45)'!C70)",B2925*'Summary Sheet'!$C$47
2926,"IF(ISBLANK('Unit Type (46)'!B6), "" "", 'Unit Type (46)'!B6)","IF(ISBLANK('Unit Type (46)'!C6), "" "", 'Unit Type (46)'!C6)",B2926*'Summary Sheet'!$C$48
2927,"IF(ISBLANK('Unit Type (46)'!B7), "" "", 'Unit Type (46)'!B7)","IF(ISBLANK('Unit Type (46)'!C7), "" "", 'Unit Type (46)'!C7)",B2927*'Summary Sheet'!$C$48
2928,"IF(ISBLANK('Unit Type (46)'!B8), "" "", 'Unit Type (46)'!B8)","IF(ISBLANK('Unit Type (46)'!C8), "" "", 'Unit Type (46)'!C8)",B2928*'Summary Sheet'!$C$48
2929,"IF(ISBLANK('Unit Type (46)'!B9), "" "", 'Unit Type (46)'!B9)","IF(ISBLANK('Unit Type (46)'!C9), "" "", 'Unit Type (46)'!C9)",B2929*'Summary Sheet'!$C$48
2930,"IF(ISBLANK('Unit Type (46)'!B10), "" "", 'Unit Type (46)'!B10)","IF(ISBLANK('Unit Type (46)'!C10), "" "", 'Unit Type (46)'!C10)",B2930*'Summary Sheet'!$C$48
2931,"IF(ISBLANK('Unit Type (46)'!B11), "" "", 'Unit Type (46)'!B11)","IF(ISBLANK('Unit Type (46)'!C11), "" "", 'Unit Type (46)'!C11)",B2931*'Summary Sheet'!$C$48
2932,"IF(ISBLANK('Unit Type (46)'!B12), "" "", 'Unit Type (46)'!B12)","IF(ISBLANK('Unit Type (46)'!C12), "" "", 'Unit Type (46)'!C12)",B2932*'Summary Sheet'!$C$48
2933,"IF(ISBLANK('Unit Type (46)'!B13), "" "", 'Unit Type (46)'!B13)","IF(ISBLANK('Unit Type (46)'!C13), "" "", 'Unit Type (46)'!C13)",B2933*'Summary Sheet'!$C$48
2934,"IF(ISBLANK('Unit Type (46)'!B14), "" "", 'Unit Type (46)'!B14)","IF(ISBLANK('Unit Type (46)'!C14), "" "", 'Unit Type (46)'!C14)",B2934*'Summary Sheet'!$C$48
2935,"IF(ISBLANK('Unit Type (46)'!B15), "" "", 'Unit Type (46)'!B15)","IF(ISBLANK('Unit Type (46)'!C15), "" "", 'Unit Type (46)'!C15)",B2935*'Summary Sheet'!$C$48
2936,"IF(ISBLANK('Unit Type (46)'!B16), "" "", 'Unit Type (46)'!B16)","IF(ISBLANK('Unit Type (46)'!C16), "" "", 'Unit Type (46)'!C16)",B2936*'Summary Sheet'!$C$48
2937,"IF(ISBLANK('Unit Type (46)'!B17), "" "", 'Unit Type (46)'!B17)","IF(ISBLANK('Unit Type (46)'!C17), "" "", 'Unit Type (46)'!C17)",B2937*'Summary Sheet'!$C$48
2938,"IF(ISBLANK('Unit Type (46)'!B18), "" "", 'Unit Type (46)'!B18)","IF(ISBLANK('Unit Type (46)'!C18), "" "", 'Unit Type (46)'!C18)",B2938*'Summary Sheet'!$C$48
2939,"IF(ISBLANK('Unit Type (46)'!B19), "" "", 'Unit Type (46)'!B19)","IF(ISBLANK('Unit Type (46)'!C19), "" "", 'Unit Type (46)'!C19)",B2939*'Summary Sheet'!$C$48
2940,"IF(ISBLANK('Unit Type (46)'!B20), "" "", 'Unit Type (46)'!B20)","IF(ISBLANK('Unit Type (46)'!C20), "" "", 'Unit Type (46)'!C20)",B2940*'Summary Sheet'!$C$48
2941,"IF(ISBLANK('Unit Type (46)'!B21), "" "", 'Unit Type (46)'!B21)","IF(ISBLANK('Unit Type (46)'!C21), "" "", 'Unit Type (46)'!C21)",B2941*'Summary Sheet'!$C$48
2942,"IF(ISBLANK('Unit Type (46)'!B22), "" "", 'Unit Type (46)'!B22)","IF(ISBLANK('Unit Type (46)'!C22), "" "", 'Unit Type (46)'!C22)",B2942*'Summary Sheet'!$C$48
2943,"IF(ISBLANK('Unit Type (46)'!B23), "" "", 'Unit Type (46)'!B23)","IF(ISBLANK('Unit Type (46)'!C23), "" "", 'Unit Type (46)'!C23)",B2943*'Summary Sheet'!$C$48
2944,"IF(ISBLANK('Unit Type (46)'!B24), "" "", 'Unit Type (46)'!B24)","IF(ISBLANK('Unit Type (46)'!C24), "" "", 'Unit Type (46)'!C24)",B2944*'Summary Sheet'!$C$48
2945,"IF(ISBLANK('Unit Type (46)'!B25), "" "", 'Unit Type (46)'!B25)","IF(ISBLANK('Unit Type (46)'!C25), "" "", 'Unit Type (46)'!C25)",B2945*'Summary Sheet'!$C$48
2946,"IF(ISBLANK('Unit Type (46)'!B26), "" "", 'Unit Type (46)'!B26)","IF(ISBLANK('Unit Type (46)'!C26), "" "", 'Unit Type (46)'!C26)",B2946*'Summary Sheet'!$C$48
2947,"IF(ISBLANK('Unit Type (46)'!B27), "" "", 'Unit Type (46)'!B27)","IF(ISBLANK('Unit Type (46)'!C27), "" "", 'Unit Type (46)'!C27)",B2947*'Summary Sheet'!$C$48
2948,"IF(ISBLANK('Unit Type (46)'!B28), "" "", 'Unit Type (46)'!B28)","IF(ISBLANK('Unit Type (46)'!C28), "" "", 'Unit Type (46)'!C28)",B2948*'Summary Sheet'!$C$48
2949,"IF(ISBLANK('Unit Type (46)'!B29), "" "", 'Unit Type (46)'!B29)","IF(ISBLANK('Unit Type (46)'!C29), "" "", 'Unit Type (46)'!C29)",B2949*'Summary Sheet'!$C$48
2950,"IF(ISBLANK('Unit Type (46)'!B30), "" "", 'Unit Type (46)'!B30)","IF(ISBLANK('Unit Type (46)'!C30), "" "", 'Unit Type (46)'!C30)",B2950*'Summary Sheet'!$C$48
2951,"IF(ISBLANK('Unit Type (46)'!B31), "" "", 'Unit Type (46)'!B31)","IF(ISBLANK('Unit Type (46)'!C31), "" "", 'Unit Type (46)'!C31)",B2951*'Summary Sheet'!$C$48
2952,"IF(ISBLANK('Unit Type (46)'!B32), "" "", 'Unit Type (46)'!B32)","IF(ISBLANK('Unit Type (46)'!C32), "" "", 'Unit Type (46)'!C32)",B2952*'Summary Sheet'!$C$48
2953,"IF(ISBLANK('Unit Type (46)'!B33), "" "", 'Unit Type (46)'!B33)","IF(ISBLANK('Unit Type (46)'!C33), "" "", 'Unit Type (46)'!C33)",B2953*'Summary Sheet'!$C$48
2954,"IF(ISBLANK('Unit Type (46)'!B34), "" "", 'Unit Type (46)'!B34)","IF(ISBLANK('Unit Type (46)'!C34), "" "", 'Unit Type (46)'!C34)",B2954*'Summary Sheet'!$C$48
2955,"IF(ISBLANK('Unit Type (46)'!B35), "" "", 'Unit Type (46)'!B35)","IF(ISBLANK('Unit Type (46)'!C35), "" "", 'Unit Type (46)'!C35)",B2955*'Summary Sheet'!$C$48
2956,"IF(ISBLANK('Unit Type (46)'!B36), "" "", 'Unit Type (46)'!B36)","IF(ISBLANK('Unit Type (46)'!C36), "" "", 'Unit Type (46)'!C36)",B2956*'Summary Sheet'!$C$48
2957,"IF(ISBLANK('Unit Type (46)'!B37), "" "", 'Unit Type (46)'!B37)","IF(ISBLANK('Unit Type (46)'!C37), "" "", 'Unit Type (46)'!C37)",B2957*'Summary Sheet'!$C$48
2958,"IF(ISBLANK('Unit Type (46)'!B38), "" "", 'Unit Type (46)'!B38)","IF(ISBLANK('Unit Type (46)'!C38), "" "", 'Unit Type (46)'!C38)",B2958*'Summary Sheet'!$C$48
2959,"IF(ISBLANK('Unit Type (46)'!B39), "" "", 'Unit Type (46)'!B39)","IF(ISBLANK('Unit Type (46)'!C39), "" "", 'Unit Type (46)'!C39)",B2959*'Summary Sheet'!$C$48
2960,"IF(ISBLANK('Unit Type (46)'!B40), "" "", 'Unit Type (46)'!B40)","IF(ISBLANK('Unit Type (46)'!C40), "" "", 'Unit Type (46)'!C40)",B2960*'Summary Sheet'!$C$48
2961,"IF(ISBLANK('Unit Type (46)'!B41), "" "", 'Unit Type (46)'!B41)","IF(ISBLANK('Unit Type (46)'!C41), "" "", 'Unit Type (46)'!C41)",B2961*'Summary Sheet'!$C$48
2962,"IF(ISBLANK('Unit Type (46)'!B42), "" "", 'Unit Type (46)'!B42)","IF(ISBLANK('Unit Type (46)'!C42), "" "", 'Unit Type (46)'!C42)",B2962*'Summary Sheet'!$C$48
2963,"IF(ISBLANK('Unit Type (46)'!B43), "" "", 'Unit Type (46)'!B43)","IF(ISBLANK('Unit Type (46)'!C43), "" "", 'Unit Type (46)'!C43)",B2963*'Summary Sheet'!$C$48
2964,"IF(ISBLANK('Unit Type (46)'!B44), "" "", 'Unit Type (46)'!B44)","IF(ISBLANK('Unit Type (46)'!C44), "" "", 'Unit Type (46)'!C44)",B2964*'Summary Sheet'!$C$48
2965,"IF(ISBLANK('Unit Type (46)'!B45), "" "", 'Unit Type (46)'!B45)","IF(ISBLANK('Unit Type (46)'!C45), "" "", 'Unit Type (46)'!C45)",B2965*'Summary Sheet'!$C$48
2966,"IF(ISBLANK('Unit Type (46)'!B46), "" "", 'Unit Type (46)'!B46)","IF(ISBLANK('Unit Type (46)'!C46), "" "", 'Unit Type (46)'!C46)",B2966*'Summary Sheet'!$C$48
2967,"IF(ISBLANK('Unit Type (46)'!B47), "" "", 'Unit Type (46)'!B47)","IF(ISBLANK('Unit Type (46)'!C47), "" "", 'Unit Type (46)'!C47)",B2967*'Summary Sheet'!$C$48
2968,"IF(ISBLANK('Unit Type (46)'!B48), "" "", 'Unit Type (46)'!B48)","IF(ISBLANK('Unit Type (46)'!C48), "" "", 'Unit Type (46)'!C48)",B2968*'Summary Sheet'!$C$48
2969,"IF(ISBLANK('Unit Type (46)'!B49), "" "", 'Unit Type (46)'!B49)","IF(ISBLANK('Unit Type (46)'!C49), "" "", 'Unit Type (46)'!C49)",B2969*'Summary Sheet'!$C$48
2970,"IF(ISBLANK('Unit Type (46)'!B50), "" "", 'Unit Type (46)'!B50)","IF(ISBLANK('Unit Type (46)'!C50), "" "", 'Unit Type (46)'!C50)",B2970*'Summary Sheet'!$C$48
2971,"IF(ISBLANK('Unit Type (46)'!B51), "" "", 'Unit Type (46)'!B51)","IF(ISBLANK('Unit Type (46)'!C51), "" "", 'Unit Type (46)'!C51)",B2971*'Summary Sheet'!$C$48
2972,"IF(ISBLANK('Unit Type (46)'!B52), "" "", 'Unit Type (46)'!B52)","IF(ISBLANK('Unit Type (46)'!C52), "" "", 'Unit Type (46)'!C52)",B2972*'Summary Sheet'!$C$48
2973,"IF(ISBLANK('Unit Type (46)'!B53), "" "", 'Unit Type (46)'!B53)","IF(ISBLANK('Unit Type (46)'!C53), "" "", 'Unit Type (46)'!C53)",B2973*'Summary Sheet'!$C$48
2974,"IF(ISBLANK('Unit Type (46)'!B54), "" "", 'Unit Type (46)'!B54)","IF(ISBLANK('Unit Type (46)'!C54), "" "", 'Unit Type (46)'!C54)",B2974*'Summary Sheet'!$C$48
2975,"IF(ISBLANK('Unit Type (46)'!B55), "" "", 'Unit Type (46)'!B55)","IF(ISBLANK('Unit Type (46)'!C55), "" "", 'Unit Type (46)'!C55)",B2975*'Summary Sheet'!$C$48
2976,"IF(ISBLANK('Unit Type (46)'!B56), "" "", 'Unit Type (46)'!B56)","IF(ISBLANK('Unit Type (46)'!C56), "" "", 'Unit Type (46)'!C56)",B2976*'Summary Sheet'!$C$48
2977,"IF(ISBLANK('Unit Type (46)'!B57), "" "", 'Unit Type (46)'!B57)","IF(ISBLANK('Unit Type (46)'!C57), "" "", 'Unit Type (46)'!C57)",B2977*'Summary Sheet'!$C$48
2978,"IF(ISBLANK('Unit Type (46)'!B58), "" "", 'Unit Type (46)'!B58)","IF(ISBLANK('Unit Type (46)'!C58), "" "", 'Unit Type (46)'!C58)",B2978*'Summary Sheet'!$C$48
2979,"IF(ISBLANK('Unit Type (46)'!B59), "" "", 'Unit Type (46)'!B59)","IF(ISBLANK('Unit Type (46)'!C59), "" "", 'Unit Type (46)'!C59)",B2979*'Summary Sheet'!$C$48
2980,"IF(ISBLANK('Unit Type (46)'!B60), "" "", 'Unit Type (46)'!B60)","IF(ISBLANK('Unit Type (46)'!C60), "" "", 'Unit Type (46)'!C60)",B2980*'Summary Sheet'!$C$48
2981,"IF(ISBLANK('Unit Type (46)'!B61), "" "", 'Unit Type (46)'!B61)","IF(ISBLANK('Unit Type (46)'!C61), "" "", 'Unit Type (46)'!C61)",B2981*'Summary Sheet'!$C$48
2982,"IF(ISBLANK('Unit Type (46)'!B62), "" "", 'Unit Type (46)'!B62)","IF(ISBLANK('Unit Type (46)'!C62), "" "", 'Unit Type (46)'!C62)",B2982*'Summary Sheet'!$C$48
2983,"IF(ISBLANK('Unit Type (46)'!B63), "" "", 'Unit Type (46)'!B63)","IF(ISBLANK('Unit Type (46)'!C63), "" "", 'Unit Type (46)'!C63)",B2983*'Summary Sheet'!$C$48
2984,"IF(ISBLANK('Unit Type (46)'!B64), "" "", 'Unit Type (46)'!B64)","IF(ISBLANK('Unit Type (46)'!C64), "" "", 'Unit Type (46)'!C64)",B2984*'Summary Sheet'!$C$48
2985,"IF(ISBLANK('Unit Type (46)'!B65), "" "", 'Unit Type (46)'!B65)","IF(ISBLANK('Unit Type (46)'!C65), "" "", 'Unit Type (46)'!C65)",B2985*'Summary Sheet'!$C$48
2986,"IF(ISBLANK('Unit Type (46)'!B66), "" "", 'Unit Type (46)'!B66)","IF(ISBLANK('Unit Type (46)'!C66), "" "", 'Unit Type (46)'!C66)",B2986*'Summary Sheet'!$C$48
2987,"IF(ISBLANK('Unit Type (46)'!B67), "" "", 'Unit Type (46)'!B67)","IF(ISBLANK('Unit Type (46)'!C67), "" "", 'Unit Type (46)'!C67)",B2987*'Summary Sheet'!$C$48
2988,"IF(ISBLANK('Unit Type (46)'!B68), "" "", 'Unit Type (46)'!B68)","IF(ISBLANK('Unit Type (46)'!C68), "" "", 'Unit Type (46)'!C68)",B2988*'Summary Sheet'!$C$48
2989,"IF(ISBLANK('Unit Type (46)'!B69), "" "", 'Unit Type (46)'!B69)","IF(ISBLANK('Unit Type (46)'!C69), "" "", 'Unit Type (46)'!C69)",B2989*'Summary Sheet'!$C$48
2990,"IF(ISBLANK('Unit Type (46)'!B70), "" "", 'Unit Type (46)'!B70)","IF(ISBLANK('Unit Type (46)'!C70), "" "", 'Unit Type (46)'!C70)",B2990*'Summary Sheet'!$C$48
2991,"IF(ISBLANK('Unit Type (47)'!B6), "" "", 'Unit Type (47)'!B6)","IF(ISBLANK('Unit Type (47)'!C6), "" "", 'Unit Type (47)'!C6)",B2991*'Summary Sheet'!$C$49
2992,"IF(ISBLANK('Unit Type (47)'!B7), "" "", 'Unit Type (47)'!B7)","IF(ISBLANK('Unit Type (47)'!C7), "" "", 'Unit Type (47)'!C7)",B2992*'Summary Sheet'!$C$49
2993,"IF(ISBLANK('Unit Type (47)'!B8), "" "", 'Unit Type (47)'!B8)","IF(ISBLANK('Unit Type (47)'!C8), "" "", 'Unit Type (47)'!C8)",B2993*'Summary Sheet'!$C$49
2994,"IF(ISBLANK('Unit Type (47)'!B9), "" "", 'Unit Type (47)'!B9)","IF(ISBLANK('Unit Type (47)'!C9), "" "", 'Unit Type (47)'!C9)",B2994*'Summary Sheet'!$C$49
2995,"IF(ISBLANK('Unit Type (47)'!B10), "" "", 'Unit Type (47)'!B10)","IF(ISBLANK('Unit Type (47)'!C10), "" "", 'Unit Type (47)'!C10)",B2995*'Summary Sheet'!$C$49
2996,"IF(ISBLANK('Unit Type (47)'!B11), "" "", 'Unit Type (47)'!B11)","IF(ISBLANK('Unit Type (47)'!C11), "" "", 'Unit Type (47)'!C11)",B2996*'Summary Sheet'!$C$49
2997,"IF(ISBLANK('Unit Type (47)'!B12), "" "", 'Unit Type (47)'!B12)","IF(ISBLANK('Unit Type (47)'!C12), "" "", 'Unit Type (47)'!C12)",B2997*'Summary Sheet'!$C$49
2998,"IF(ISBLANK('Unit Type (47)'!B13), "" "", 'Unit Type (47)'!B13)","IF(ISBLANK('Unit Type (47)'!C13), "" "", 'Unit Type (47)'!C13)",B2998*'Summary Sheet'!$C$49
2999,"IF(ISBLANK('Unit Type (47)'!B14), "" "", 'Unit Type (47)'!B14)","IF(ISBLANK('Unit Type (47)'!C14), "" "", 'Unit Type (47)'!C14)",B2999*'Summary Sheet'!$C$49
3000,"IF(ISBLANK('Unit Type (47)'!B15), "" "", 'Unit Type (47)'!B15)","IF(ISBLANK('Unit Type (47)'!C15), "" "", 'Unit Type (47)'!C15)",B3000*'Summary Sheet'!$C$49
3001,"IF(ISBLANK('Unit Type (47)'!B16), "" "", 'Unit Type (47)'!B16)","IF(ISBLANK('Unit Type (47)'!C16), "" "", 'Unit Type (47)'!C16)",B3001*'Summary Sheet'!$C$49
3002,"IF(ISBLANK('Unit Type (47)'!B17), "" "", 'Unit Type (47)'!B17)","IF(ISBLANK('Unit Type (47)'!C17), "" "", 'Unit Type (47)'!C17)",B3002*'Summary Sheet'!$C$49
3003,"IF(ISBLANK('Unit Type (47)'!B18), "" "", 'Unit Type (47)'!B18)","IF(ISBLANK('Unit Type (47)'!C18), "" "", 'Unit Type (47)'!C18)",B3003*'Summary Sheet'!$C$49
3004,"IF(ISBLANK('Unit Type (47)'!B19), "" "", 'Unit Type (47)'!B19)","IF(ISBLANK('Unit Type (47)'!C19), "" "", 'Unit Type (47)'!C19)",B3004*'Summary Sheet'!$C$49
3005,"IF(ISBLANK('Unit Type (47)'!B20), "" "", 'Unit Type (47)'!B20)","IF(ISBLANK('Unit Type (47)'!C20), "" "", 'Unit Type (47)'!C20)",B3005*'Summary Sheet'!$C$49
3006,"IF(ISBLANK('Unit Type (47)'!B21), "" "", 'Unit Type (47)'!B21)","IF(ISBLANK('Unit Type (47)'!C21), "" "", 'Unit Type (47)'!C21)",B3006*'Summary Sheet'!$C$49
3007,"IF(ISBLANK('Unit Type (47)'!B22), "" "", 'Unit Type (47)'!B22)","IF(ISBLANK('Unit Type (47)'!C22), "" "", 'Unit Type (47)'!C22)",B3007*'Summary Sheet'!$C$49
3008,"IF(ISBLANK('Unit Type (47)'!B23), "" "", 'Unit Type (47)'!B23)","IF(ISBLANK('Unit Type (47)'!C23), "" "", 'Unit Type (47)'!C23)",B3008*'Summary Sheet'!$C$49
3009,"IF(ISBLANK('Unit Type (47)'!B24), "" "", 'Unit Type (47)'!B24)","IF(ISBLANK('Unit Type (47)'!C24), "" "", 'Unit Type (47)'!C24)",B3009*'Summary Sheet'!$C$49
3010,"IF(ISBLANK('Unit Type (47)'!B25), "" "", 'Unit Type (47)'!B25)","IF(ISBLANK('Unit Type (47)'!C25), "" "", 'Unit Type (47)'!C25)",B3010*'Summary Sheet'!$C$49
3011,"IF(ISBLANK('Unit Type (47)'!B26), "" "", 'Unit Type (47)'!B26)","IF(ISBLANK('Unit Type (47)'!C26), "" "", 'Unit Type (47)'!C26)",B3011*'Summary Sheet'!$C$49
3012,"IF(ISBLANK('Unit Type (47)'!B27), "" "", 'Unit Type (47)'!B27)","IF(ISBLANK('Unit Type (47)'!C27), "" "", 'Unit Type (47)'!C27)",B3012*'Summary Sheet'!$C$49
3013,"IF(ISBLANK('Unit Type (47)'!B28), "" "", 'Unit Type (47)'!B28)","IF(ISBLANK('Unit Type (47)'!C28), "" "", 'Unit Type (47)'!C28)",B3013*'Summary Sheet'!$C$49
3014,"IF(ISBLANK('Unit Type (47)'!B29), "" "", 'Unit Type (47)'!B29)","IF(ISBLANK('Unit Type (47)'!C29), "" "", 'Unit Type (47)'!C29)",B3014*'Summary Sheet'!$C$49
3015,"IF(ISBLANK('Unit Type (47)'!B30), "" "", 'Unit Type (47)'!B30)","IF(ISBLANK('Unit Type (47)'!C30), "" "", 'Unit Type (47)'!C30)",B3015*'Summary Sheet'!$C$49
3016,"IF(ISBLANK('Unit Type (47)'!B31), "" "", 'Unit Type (47)'!B31)","IF(ISBLANK('Unit Type (47)'!C31), "" "", 'Unit Type (47)'!C31)",B3016*'Summary Sheet'!$C$49
3017,"IF(ISBLANK('Unit Type (47)'!B32), "" "", 'Unit Type (47)'!B32)","IF(ISBLANK('Unit Type (47)'!C32), "" "", 'Unit Type (47)'!C32)",B3017*'Summary Sheet'!$C$49
3018,"IF(ISBLANK('Unit Type (47)'!B33), "" "", 'Unit Type (47)'!B33)","IF(ISBLANK('Unit Type (47)'!C33), "" "", 'Unit Type (47)'!C33)",B3018*'Summary Sheet'!$C$49
3019,"IF(ISBLANK('Unit Type (47)'!B34), "" "", 'Unit Type (47)'!B34)","IF(ISBLANK('Unit Type (47)'!C34), "" "", 'Unit Type (47)'!C34)",B3019*'Summary Sheet'!$C$49
3020,"IF(ISBLANK('Unit Type (47)'!B35), "" "", 'Unit Type (47)'!B35)","IF(ISBLANK('Unit Type (47)'!C35), "" "", 'Unit Type (47)'!C35)",B3020*'Summary Sheet'!$C$49
3021,"IF(ISBLANK('Unit Type (47)'!B36), "" "", 'Unit Type (47)'!B36)","IF(ISBLANK('Unit Type (47)'!C36), "" "", 'Unit Type (47)'!C36)",B3021*'Summary Sheet'!$C$49
3022,"IF(ISBLANK('Unit Type (47)'!B37), "" "", 'Unit Type (47)'!B37)","IF(ISBLANK('Unit Type (47)'!C37), "" "", 'Unit Type (47)'!C37)",B3022*'Summary Sheet'!$C$49
3023,"IF(ISBLANK('Unit Type (47)'!B38), "" "", 'Unit Type (47)'!B38)","IF(ISBLANK('Unit Type (47)'!C38), "" "", 'Unit Type (47)'!C38)",B3023*'Summary Sheet'!$C$49
3024,"IF(ISBLANK('Unit Type (47)'!B39), "" "", 'Unit Type (47)'!B39)","IF(ISBLANK('Unit Type (47)'!C39), "" "", 'Unit Type (47)'!C39)",B3024*'Summary Sheet'!$C$49
3025,"IF(ISBLANK('Unit Type (47)'!B40), "" "", 'Unit Type (47)'!B40)","IF(ISBLANK('Unit Type (47)'!C40), "" "", 'Unit Type (47)'!C40)",B3025*'Summary Sheet'!$C$49
3026,"IF(ISBLANK('Unit Type (47)'!B41), "" "", 'Unit Type (47)'!B41)","IF(ISBLANK('Unit Type (47)'!C41), "" "", 'Unit Type (47)'!C41)",B3026*'Summary Sheet'!$C$49
3027,"IF(ISBLANK('Unit Type (47)'!B42), "" "", 'Unit Type (47)'!B42)","IF(ISBLANK('Unit Type (47)'!C42), "" "", 'Unit Type (47)'!C42)",B3027*'Summary Sheet'!$C$49
3028,"IF(ISBLANK('Unit Type (47)'!B43), "" "", 'Unit Type (47)'!B43)","IF(ISBLANK('Unit Type (47)'!C43), "" "", 'Unit Type (47)'!C43)",B3028*'Summary Sheet'!$C$49
3029,"IF(ISBLANK('Unit Type (47)'!B44), "" "", 'Unit Type (47)'!B44)","IF(ISBLANK('Unit Type (47)'!C44), "" "", 'Unit Type (47)'!C44)",B3029*'Summary Sheet'!$C$49
3030,"IF(ISBLANK('Unit Type (47)'!B45), "" "", 'Unit Type (47)'!B45)","IF(ISBLANK('Unit Type (47)'!C45), "" "", 'Unit Type (47)'!C45)",B3030*'Summary Sheet'!$C$49
3031,"IF(ISBLANK('Unit Type (47)'!B46), "" "", 'Unit Type (47)'!B46)","IF(ISBLANK('Unit Type (47)'!C46), "" "", 'Unit Type (47)'!C46)",B3031*'Summary Sheet'!$C$49
3032,"IF(ISBLANK('Unit Type (47)'!B47), "" "", 'Unit Type (47)'!B47)","IF(ISBLANK('Unit Type (47)'!C47), "" "", 'Unit Type (47)'!C47)",B3032*'Summary Sheet'!$C$49
3033,"IF(ISBLANK('Unit Type (47)'!B48), "" "", 'Unit Type (47)'!B48)","IF(ISBLANK('Unit Type (47)'!C48), "" "", 'Unit Type (47)'!C48)",B3033*'Summary Sheet'!$C$49
3034,"IF(ISBLANK('Unit Type (47)'!B49), "" "", 'Unit Type (47)'!B49)","IF(ISBLANK('Unit Type (47)'!C49), "" "", 'Unit Type (47)'!C49)",B3034*'Summary Sheet'!$C$49
3035,"IF(ISBLANK('Unit Type (47)'!B50), "" "", 'Unit Type (47)'!B50)","IF(ISBLANK('Unit Type (47)'!C50), "" "", 'Unit Type (47)'!C50)",B3035*'Summary Sheet'!$C$49
3036,"IF(ISBLANK('Unit Type (47)'!B51), "" "", 'Unit Type (47)'!B51)","IF(ISBLANK('Unit Type (47)'!C51), "" "", 'Unit Type (47)'!C51)",B3036*'Summary Sheet'!$C$49
3037,"IF(ISBLANK('Unit Type (47)'!B52), "" "", 'Unit Type (47)'!B52)","IF(ISBLANK('Unit Type (47)'!C52), "" "", 'Unit Type (47)'!C52)",B3037*'Summary Sheet'!$C$49
3038,"IF(ISBLANK('Unit Type (47)'!B53), "" "", 'Unit Type (47)'!B53)","IF(ISBLANK('Unit Type (47)'!C53), "" "", 'Unit Type (47)'!C53)",B3038*'Summary Sheet'!$C$49
3039,"IF(ISBLANK('Unit Type (47)'!B54), "" "", 'Unit Type (47)'!B54)","IF(ISBLANK('Unit Type (47)'!C54), "" "", 'Unit Type (47)'!C54)",B3039*'Summary Sheet'!$C$49
3040,"IF(ISBLANK('Unit Type (47)'!B55), "" "", 'Unit Type (47)'!B55)","IF(ISBLANK('Unit Type (47)'!C55), "" "", 'Unit Type (47)'!C55)",B3040*'Summary Sheet'!$C$49
3041,"IF(ISBLANK('Unit Type (47)'!B56), "" "", 'Unit Type (47)'!B56)","IF(ISBLANK('Unit Type (47)'!C56), "" "", 'Unit Type (47)'!C56)",B3041*'Summary Sheet'!$C$49
3042,"IF(ISBLANK('Unit Type (47)'!B57), "" "", 'Unit Type (47)'!B57)","IF(ISBLANK('Unit Type (47)'!C57), "" "", 'Unit Type (47)'!C57)",B3042*'Summary Sheet'!$C$49
3043,"IF(ISBLANK('Unit Type (47)'!B58), "" "", 'Unit Type (47)'!B58)","IF(ISBLANK('Unit Type (47)'!C58), "" "", 'Unit Type (47)'!C58)",B3043*'Summary Sheet'!$C$49
3044,"IF(ISBLANK('Unit Type (47)'!B59), "" "", 'Unit Type (47)'!B59)","IF(ISBLANK('Unit Type (47)'!C59), "" "", 'Unit Type (47)'!C59)",B3044*'Summary Sheet'!$C$49
3045,"IF(ISBLANK('Unit Type (47)'!B60), "" "", 'Unit Type (47)'!B60)","IF(ISBLANK('Unit Type (47)'!C60), "" "", 'Unit Type (47)'!C60)",B3045*'Summary Sheet'!$C$49
3046,"IF(ISBLANK('Unit Type (47)'!B61), "" "", 'Unit Type (47)'!B61)","IF(ISBLANK('Unit Type (47)'!C61), "" "", 'Unit Type (47)'!C61)",B3046*'Summary Sheet'!$C$49
3047,"IF(ISBLANK('Unit Type (47)'!B62), "" "", 'Unit Type (47)'!B62)","IF(ISBLANK('Unit Type (47)'!C62), "" "", 'Unit Type (47)'!C62)",B3047*'Summary Sheet'!$C$49
3048,"IF(ISBLANK('Unit Type (47)'!B63), "" "", 'Unit Type (47)'!B63)","IF(ISBLANK('Unit Type (47)'!C63), "" "", 'Unit Type (47)'!C63)",B3048*'Summary Sheet'!$C$49
3049,"IF(ISBLANK('Unit Type (47)'!B64), "" "", 'Unit Type (47)'!B64)","IF(ISBLANK('Unit Type (47)'!C64), "" "", 'Unit Type (47)'!C64)",B3049*'Summary Sheet'!$C$49
3050,"IF(ISBLANK('Unit Type (47)'!B65), "" "", 'Unit Type (47)'!B65)","IF(ISBLANK('Unit Type (47)'!C65), "" "", 'Unit Type (47)'!C65)",B3050*'Summary Sheet'!$C$49
3051,"IF(ISBLANK('Unit Type (47)'!B66), "" "", 'Unit Type (47)'!B66)","IF(ISBLANK('Unit Type (47)'!C66), "" "", 'Unit Type (47)'!C66)",B3051*'Summary Sheet'!$C$49
3052,"IF(ISBLANK('Unit Type (47)'!B67), "" "", 'Unit Type (47)'!B67)","IF(ISBLANK('Unit Type (47)'!C67), "" "", 'Unit Type (47)'!C67)",B3052*'Summary Sheet'!$C$49
3053,"IF(ISBLANK('Unit Type (47)'!B68), "" "", 'Unit Type (47)'!B68)","IF(ISBLANK('Unit Type (47)'!C68), "" "", 'Unit Type (47)'!C68)",B3053*'Summary Sheet'!$C$49
3054,"IF(ISBLANK('Unit Type (47)'!B69), "" "", 'Unit Type (47)'!B69)","IF(ISBLANK('Unit Type (47)'!C69), "" "", 'Unit Type (47)'!C69)",B3054*'Summary Sheet'!$C$49
3055,"IF(ISBLANK('Unit Type (47)'!B70), "" "", 'Unit Type (47)'!B70)","IF(ISBLANK('Unit Type (47)'!C70), "" "", 'Unit Type (47)'!C70)",B3055*'Summary Sheet'!$C$49
3056,"IF(ISBLANK('Unit Type (48)'!B6), "" "", 'Unit Type (48)'!B6)","IF(ISBLANK('Unit Type (48)'!C6), "" "", 'Unit Type (48)'!C6)",B3056*'Summary Sheet'!$C$50
3057,"IF(ISBLANK('Unit Type (48)'!B7), "" "", 'Unit Type (48)'!B7)","IF(ISBLANK('Unit Type (48)'!C7), "" "", 'Unit Type (48)'!C7)",B3057*'Summary Sheet'!$C$50
3058,"IF(ISBLANK('Unit Type (48)'!B8), "" "", 'Unit Type (48)'!B8)","IF(ISBLANK('Unit Type (48)'!C8), "" "", 'Unit Type (48)'!C8)",B3058*'Summary Sheet'!$C$50
3059,"IF(ISBLANK('Unit Type (48)'!B9), "" "", 'Unit Type (48)'!B9)","IF(ISBLANK('Unit Type (48)'!C9), "" "", 'Unit Type (48)'!C9)",B3059*'Summary Sheet'!$C$50
3060,"IF(ISBLANK('Unit Type (48)'!B10), "" "", 'Unit Type (48)'!B10)","IF(ISBLANK('Unit Type (48)'!C10), "" "", 'Unit Type (48)'!C10)",B3060*'Summary Sheet'!$C$50
3061,"IF(ISBLANK('Unit Type (48)'!B11), "" "", 'Unit Type (48)'!B11)","IF(ISBLANK('Unit Type (48)'!C11), "" "", 'Unit Type (48)'!C11)",B3061*'Summary Sheet'!$C$50
3062,"IF(ISBLANK('Unit Type (48)'!B12), "" "", 'Unit Type (48)'!B12)","IF(ISBLANK('Unit Type (48)'!C12), "" "", 'Unit Type (48)'!C12)",B3062*'Summary Sheet'!$C$50
3063,"IF(ISBLANK('Unit Type (48)'!B13), "" "", 'Unit Type (48)'!B13)","IF(ISBLANK('Unit Type (48)'!C13), "" "", 'Unit Type (48)'!C13)",B3063*'Summary Sheet'!$C$50
3064,"IF(ISBLANK('Unit Type (48)'!B14), "" "", 'Unit Type (48)'!B14)","IF(ISBLANK('Unit Type (48)'!C14), "" "", 'Unit Type (48)'!C14)",B3064*'Summary Sheet'!$C$50
3065,"IF(ISBLANK('Unit Type (48)'!B15), "" "", 'Unit Type (48)'!B15)","IF(ISBLANK('Unit Type (48)'!C15), "" "", 'Unit Type (48)'!C15)",B3065*'Summary Sheet'!$C$50
3066,"IF(ISBLANK('Unit Type (48)'!B16), "" "", 'Unit Type (48)'!B16)","IF(ISBLANK('Unit Type (48)'!C16), "" "", 'Unit Type (48)'!C16)",B3066*'Summary Sheet'!$C$50
3067,"IF(ISBLANK('Unit Type (48)'!B17), "" "", 'Unit Type (48)'!B17)","IF(ISBLANK('Unit Type (48)'!C17), "" "", 'Unit Type (48)'!C17)",B3067*'Summary Sheet'!$C$50
3068,"IF(ISBLANK('Unit Type (48)'!B18), "" "", 'Unit Type (48)'!B18)","IF(ISBLANK('Unit Type (48)'!C18), "" "", 'Unit Type (48)'!C18)",B3068*'Summary Sheet'!$C$50
3069,"IF(ISBLANK('Unit Type (48)'!B19), "" "", 'Unit Type (48)'!B19)","IF(ISBLANK('Unit Type (48)'!C19), "" "", 'Unit Type (48)'!C19)",B3069*'Summary Sheet'!$C$50
3070,"IF(ISBLANK('Unit Type (48)'!B20), "" "", 'Unit Type (48)'!B20)","IF(ISBLANK('Unit Type (48)'!C20), "" "", 'Unit Type (48)'!C20)",B3070*'Summary Sheet'!$C$50
3071,"IF(ISBLANK('Unit Type (48)'!B21), "" "", 'Unit Type (48)'!B21)","IF(ISBLANK('Unit Type (48)'!C21), "" "", 'Unit Type (48)'!C21)",B3071*'Summary Sheet'!$C$50
3072,"IF(ISBLANK('Unit Type (48)'!B22), "" "", 'Unit Type (48)'!B22)","IF(ISBLANK('Unit Type (48)'!C22), "" "", 'Unit Type (48)'!C22)",B3072*'Summary Sheet'!$C$50
3073,"IF(ISBLANK('Unit Type (48)'!B23), "" "", 'Unit Type (48)'!B23)","IF(ISBLANK('Unit Type (48)'!C23), "" "", 'Unit Type (48)'!C23)",B3073*'Summary Sheet'!$C$50
3074,"IF(ISBLANK('Unit Type (48)'!B24), "" "", 'Unit Type (48)'!B24)","IF(ISBLANK('Unit Type (48)'!C24), "" "", 'Unit Type (48)'!C24)",B3074*'Summary Sheet'!$C$50
3075,"IF(ISBLANK('Unit Type (48)'!B25), "" "", 'Unit Type (48)'!B25)","IF(ISBLANK('Unit Type (48)'!C25), "" "", 'Unit Type (48)'!C25)",B3075*'Summary Sheet'!$C$50
3076,"IF(ISBLANK('Unit Type (48)'!B26), "" "", 'Unit Type (48)'!B26)","IF(ISBLANK('Unit Type (48)'!C26), "" "", 'Unit Type (48)'!C26)",B3076*'Summary Sheet'!$C$50
3077,"IF(ISBLANK('Unit Type (48)'!B27), "" "", 'Unit Type (48)'!B27)","IF(ISBLANK('Unit Type (48)'!C27), "" "", 'Unit Type (48)'!C27)",B3077*'Summary Sheet'!$C$50
3078,"IF(ISBLANK('Unit Type (48)'!B28), "" "", 'Unit Type (48)'!B28)","IF(ISBLANK('Unit Type (48)'!C28), "" "", 'Unit Type (48)'!C28)",B3078*'Summary Sheet'!$C$50
3079,"IF(ISBLANK('Unit Type (48)'!B29), "" "", 'Unit Type (48)'!B29)","IF(ISBLANK('Unit Type (48)'!C29), "" "", 'Unit Type (48)'!C29)",B3079*'Summary Sheet'!$C$50
3080,"IF(ISBLANK('Unit Type (48)'!B30), "" "", 'Unit Type (48)'!B30)","IF(ISBLANK('Unit Type (48)'!C30), "" "", 'Unit Type (48)'!C30)",B3080*'Summary Sheet'!$C$50
3081,"IF(ISBLANK('Unit Type (48)'!B31), "" "", 'Unit Type (48)'!B31)","IF(ISBLANK('Unit Type (48)'!C31), "" "", 'Unit Type (48)'!C31)",B3081*'Summary Sheet'!$C$50
3082,"IF(ISBLANK('Unit Type (48)'!B32), "" "", 'Unit Type (48)'!B32)","IF(ISBLANK('Unit Type (48)'!C32), "" "", 'Unit Type (48)'!C32)",B3082*'Summary Sheet'!$C$50
3083,"IF(ISBLANK('Unit Type (48)'!B33), "" "", 'Unit Type (48)'!B33)","IF(ISBLANK('Unit Type (48)'!C33), "" "", 'Unit Type (48)'!C33)",B3083*'Summary Sheet'!$C$50
3084,"IF(ISBLANK('Unit Type (48)'!B34), "" "", 'Unit Type (48)'!B34)","IF(ISBLANK('Unit Type (48)'!C34), "" "", 'Unit Type (48)'!C34)",B3084*'Summary Sheet'!$C$50
3085,"IF(ISBLANK('Unit Type (48)'!B35), "" "", 'Unit Type (48)'!B35)","IF(ISBLANK('Unit Type (48)'!C35), "" "", 'Unit Type (48)'!C35)",B3085*'Summary Sheet'!$C$50
3086,"IF(ISBLANK('Unit Type (48)'!B36), "" "", 'Unit Type (48)'!B36)","IF(ISBLANK('Unit Type (48)'!C36), "" "", 'Unit Type (48)'!C36)",B3086*'Summary Sheet'!$C$50
3087,"IF(ISBLANK('Unit Type (48)'!B37), "" "", 'Unit Type (48)'!B37)","IF(ISBLANK('Unit Type (48)'!C37), "" "", 'Unit Type (48)'!C37)",B3087*'Summary Sheet'!$C$50
3088,"IF(ISBLANK('Unit Type (48)'!B38), "" "", 'Unit Type (48)'!B38)","IF(ISBLANK('Unit Type (48)'!C38), "" "", 'Unit Type (48)'!C38)",B3088*'Summary Sheet'!$C$50
3089,"IF(ISBLANK('Unit Type (48)'!B39), "" "", 'Unit Type (48)'!B39)","IF(ISBLANK('Unit Type (48)'!C39), "" "", 'Unit Type (48)'!C39)",B3089*'Summary Sheet'!$C$50
3090,"IF(ISBLANK('Unit Type (48)'!B40), "" "", 'Unit Type (48)'!B40)","IF(ISBLANK('Unit Type (48)'!C40), "" "", 'Unit Type (48)'!C40)",B3090*'Summary Sheet'!$C$50
3091,"IF(ISBLANK('Unit Type (48)'!B41), "" "", 'Unit Type (48)'!B41)","IF(ISBLANK('Unit Type (48)'!C41), "" "", 'Unit Type (48)'!C41)",B3091*'Summary Sheet'!$C$50
3092,"IF(ISBLANK('Unit Type (48)'!B42), "" "", 'Unit Type (48)'!B42)","IF(ISBLANK('Unit Type (48)'!C42), "" "", 'Unit Type (48)'!C42)",B3092*'Summary Sheet'!$C$50
3093,"IF(ISBLANK('Unit Type (48)'!B43), "" "", 'Unit Type (48)'!B43)","IF(ISBLANK('Unit Type (48)'!C43), "" "", 'Unit Type (48)'!C43)",B3093*'Summary Sheet'!$C$50
3094,"IF(ISBLANK('Unit Type (48)'!B44), "" "", 'Unit Type (48)'!B44)","IF(ISBLANK('Unit Type (48)'!C44), "" "", 'Unit Type (48)'!C44)",B3094*'Summary Sheet'!$C$50
3095,"IF(ISBLANK('Unit Type (48)'!B45), "" "", 'Unit Type (48)'!B45)","IF(ISBLANK('Unit Type (48)'!C45), "" "", 'Unit Type (48)'!C45)",B3095*'Summary Sheet'!$C$50
3096,"IF(ISBLANK('Unit Type (48)'!B46), "" "", 'Unit Type (48)'!B46)","IF(ISBLANK('Unit Type (48)'!C46), "" "", 'Unit Type (48)'!C46)",B3096*'Summary Sheet'!$C$50
3097,"IF(ISBLANK('Unit Type (48)'!B47), "" "", 'Unit Type (48)'!B47)","IF(ISBLANK('Unit Type (48)'!C47), "" "", 'Unit Type (48)'!C47)",B3097*'Summary Sheet'!$C$50
3098,"IF(ISBLANK('Unit Type (48)'!B48), "" "", 'Unit Type (48)'!B48)","IF(ISBLANK('Unit Type (48)'!C48), "" "", 'Unit Type (48)'!C48)",B3098*'Summary Sheet'!$C$50
3099,"IF(ISBLANK('Unit Type (48)'!B49), "" "", 'Unit Type (48)'!B49)","IF(ISBLANK('Unit Type (48)'!C49), "" "", 'Unit Type (48)'!C49)",B3099*'Summary Sheet'!$C$50
3100,"IF(ISBLANK('Unit Type (48)'!B50), "" "", 'Unit Type (48)'!B50)","IF(ISBLANK('Unit Type (48)'!C50), "" "", 'Unit Type (48)'!C50)",B3100*'Summary Sheet'!$C$50
3101,"IF(ISBLANK('Unit Type (48)'!B51), "" "", 'Unit Type (48)'!B51)","IF(ISBLANK('Unit Type (48)'!C51), "" "", 'Unit Type (48)'!C51)",B3101*'Summary Sheet'!$C$50
3102,"IF(ISBLANK('Unit Type (48)'!B52), "" "", 'Unit Type (48)'!B52)","IF(ISBLANK('Unit Type (48)'!C52), "" "", 'Unit Type (48)'!C52)",B3102*'Summary Sheet'!$C$50
3103,"IF(ISBLANK('Unit Type (48)'!B53), "" "", 'Unit Type (48)'!B53)","IF(ISBLANK('Unit Type (48)'!C53), "" "", 'Unit Type (48)'!C53)",B3103*'Summary Sheet'!$C$50
3104,"IF(ISBLANK('Unit Type (48)'!B54), "" "", 'Unit Type (48)'!B54)","IF(ISBLANK('Unit Type (48)'!C54), "" "", 'Unit Type (48)'!C54)",B3104*'Summary Sheet'!$C$50
3105,"IF(ISBLANK('Unit Type (48)'!B55), "" "", 'Unit Type (48)'!B55)","IF(ISBLANK('Unit Type (48)'!C55), "" "", 'Unit Type (48)'!C55)",B3105*'Summary Sheet'!$C$50
3106,"IF(ISBLANK('Unit Type (48)'!B56), "" "", 'Unit Type (48)'!B56)","IF(ISBLANK('Unit Type (48)'!C56), "" "", 'Unit Type (48)'!C56)",B3106*'Summary Sheet'!$C$50
3107,"IF(ISBLANK('Unit Type (48)'!B57), "" "", 'Unit Type (48)'!B57)","IF(ISBLANK('Unit Type (48)'!C57), "" "", 'Unit Type (48)'!C57)",B3107*'Summary Sheet'!$C$50
3108,"IF(ISBLANK('Unit Type (48)'!B58), "" "", 'Unit Type (48)'!B58)","IF(ISBLANK('Unit Type (48)'!C58), "" "", 'Unit Type (48)'!C58)",B3108*'Summary Sheet'!$C$50
3109,"IF(ISBLANK('Unit Type (48)'!B59), "" "", 'Unit Type (48)'!B59)","IF(ISBLANK('Unit Type (48)'!C59), "" "", 'Unit Type (48)'!C59)",B3109*'Summary Sheet'!$C$50
3110,"IF(ISBLANK('Unit Type (48)'!B60), "" "", 'Unit Type (48)'!B60)","IF(ISBLANK('Unit Type (48)'!C60), "" "", 'Unit Type (48)'!C60)",B3110*'Summary Sheet'!$C$50
3111,"IF(ISBLANK('Unit Type (48)'!B61), "" "", 'Unit Type (48)'!B61)","IF(ISBLANK('Unit Type (48)'!C61), "" "", 'Unit Type (48)'!C61)",B3111*'Summary Sheet'!$C$50
3112,"IF(ISBLANK('Unit Type (48)'!B62), "" "", 'Unit Type (48)'!B62)","IF(ISBLANK('Unit Type (48)'!C62), "" "", 'Unit Type (48)'!C62)",B3112*'Summary Sheet'!$C$50
3113,"IF(ISBLANK('Unit Type (48)'!B63), "" "", 'Unit Type (48)'!B63)","IF(ISBLANK('Unit Type (48)'!C63), "" "", 'Unit Type (48)'!C63)",B3113*'Summary Sheet'!$C$50
3114,"IF(ISBLANK('Unit Type (48)'!B64), "" "", 'Unit Type (48)'!B64)","IF(ISBLANK('Unit Type (48)'!C64), "" "", 'Unit Type (48)'!C64)",B3114*'Summary Sheet'!$C$50
3115,"IF(ISBLANK('Unit Type (48)'!B65), "" "", 'Unit Type (48)'!B65)","IF(ISBLANK('Unit Type (48)'!C65), "" "", 'Unit Type (48)'!C65)",B3115*'Summary Sheet'!$C$50
3116,"IF(ISBLANK('Unit Type (48)'!B66), "" "", 'Unit Type (48)'!B66)","IF(ISBLANK('Unit Type (48)'!C66), "" "", 'Unit Type (48)'!C66)",B3116*'Summary Sheet'!$C$50
3117,"IF(ISBLANK('Unit Type (48)'!B67), "" "", 'Unit Type (48)'!B67)","IF(ISBLANK('Unit Type (48)'!C67), "" "", 'Unit Type (48)'!C67)",B3117*'Summary Sheet'!$C$50
3118,"IF(ISBLANK('Unit Type (48)'!B68), "" "", 'Unit Type (48)'!B68)","IF(ISBLANK('Unit Type (48)'!C68), "" "", 'Unit Type (48)'!C68)",B3118*'Summary Sheet'!$C$50
3119,"IF(ISBLANK('Unit Type (48)'!B69), "" "", 'Unit Type (48)'!B69)","IF(ISBLANK('Unit Type (48)'!C69), "" "", 'Unit Type (48)'!C69)",B3119*'Summary Sheet'!$C$50
3120,"IF(ISBLANK('Unit Type (48)'!B70), "" "", 'Unit Type (48)'!B70)","IF(ISBLANK('Unit Type (48)'!C70), "" "", 'Unit Type (48)'!C70)",B3120*'Summary Sheet'!$C$50
3121,"IF(ISBLANK('Unit Type (49)'!B6), "" "", 'Unit Type (49)'!B6)","IF(ISBLANK('Unit Type (49)'!C6), "" "", 'Unit Type (49)'!C6)",B3121*'Summary Sheet'!$C$51
3122,"IF(ISBLANK('Unit Type (49)'!B7), "" "", 'Unit Type (49)'!B7)","IF(ISBLANK('Unit Type (49)'!C7), "" "", 'Unit Type (49)'!C7)",B3122*'Summary Sheet'!$C$51
3123,"IF(ISBLANK('Unit Type (49)'!B8), "" "", 'Unit Type (49)'!B8)","IF(ISBLANK('Unit Type (49)'!C8), "" "", 'Unit Type (49)'!C8)",B3123*'Summary Sheet'!$C$51
3124,"IF(ISBLANK('Unit Type (49)'!B9), "" "", 'Unit Type (49)'!B9)","IF(ISBLANK('Unit Type (49)'!C9), "" "", 'Unit Type (49)'!C9)",B3124*'Summary Sheet'!$C$51
3125,"IF(ISBLANK('Unit Type (49)'!B10), "" "", 'Unit Type (49)'!B10)","IF(ISBLANK('Unit Type (49)'!C10), "" "", 'Unit Type (49)'!C10)",B3125*'Summary Sheet'!$C$51
3126,"IF(ISBLANK('Unit Type (49)'!B11), "" "", 'Unit Type (49)'!B11)","IF(ISBLANK('Unit Type (49)'!C11), "" "", 'Unit Type (49)'!C11)",B3126*'Summary Sheet'!$C$51
3127,"IF(ISBLANK('Unit Type (49)'!B12), "" "", 'Unit Type (49)'!B12)","IF(ISBLANK('Unit Type (49)'!C12), "" "", 'Unit Type (49)'!C12)",B3127*'Summary Sheet'!$C$51
3128,"IF(ISBLANK('Unit Type (49)'!B13), "" "", 'Unit Type (49)'!B13)","IF(ISBLANK('Unit Type (49)'!C13), "" "", 'Unit Type (49)'!C13)",B3128*'Summary Sheet'!$C$51
3129,"IF(ISBLANK('Unit Type (49)'!B14), "" "", 'Unit Type (49)'!B14)","IF(ISBLANK('Unit Type (49)'!C14), "" "", 'Unit Type (49)'!C14)",B3129*'Summary Sheet'!$C$51
3130,"IF(ISBLANK('Unit Type (49)'!B15), "" "", 'Unit Type (49)'!B15)","IF(ISBLANK('Unit Type (49)'!C15), "" "", 'Unit Type (49)'!C15)",B3130*'Summary Sheet'!$C$51
3131,"IF(ISBLANK('Unit Type (49)'!B16), "" "", 'Unit Type (49)'!B16)","IF(ISBLANK('Unit Type (49)'!C16), "" "", 'Unit Type (49)'!C16)",B3131*'Summary Sheet'!$C$51
3132,"IF(ISBLANK('Unit Type (49)'!B17), "" "", 'Unit Type (49)'!B17)","IF(ISBLANK('Unit Type (49)'!C17), "" "", 'Unit Type (49)'!C17)",B3132*'Summary Sheet'!$C$51
3133,"IF(ISBLANK('Unit Type (49)'!B18), "" "", 'Unit Type (49)'!B18)","IF(ISBLANK('Unit Type (49)'!C18), "" "", 'Unit Type (49)'!C18)",B3133*'Summary Sheet'!$C$51
3134,"IF(ISBLANK('Unit Type (49)'!B19), "" "", 'Unit Type (49)'!B19)","IF(ISBLANK('Unit Type (49)'!C19), "" "", 'Unit Type (49)'!C19)",B3134*'Summary Sheet'!$C$51
3135,"IF(ISBLANK('Unit Type (49)'!B20), "" "", 'Unit Type (49)'!B20)","IF(ISBLANK('Unit Type (49)'!C20), "" "", 'Unit Type (49)'!C20)",B3135*'Summary Sheet'!$C$51
3136,"IF(ISBLANK('Unit Type (49)'!B21), "" "", 'Unit Type (49)'!B21)","IF(ISBLANK('Unit Type (49)'!C21), "" "", 'Unit Type (49)'!C21)",B3136*'Summary Sheet'!$C$51
3137,"IF(ISBLANK('Unit Type (49)'!B22), "" "", 'Unit Type (49)'!B22)","IF(ISBLANK('Unit Type (49)'!C22), "" "", 'Unit Type (49)'!C22)",B3137*'Summary Sheet'!$C$51
3138,"IF(ISBLANK('Unit Type (49)'!B23), "" "", 'Unit Type (49)'!B23)","IF(ISBLANK('Unit Type (49)'!C23), "" "", 'Unit Type (49)'!C23)",B3138*'Summary Sheet'!$C$51
3139,"IF(ISBLANK('Unit Type (49)'!B24), "" "", 'Unit Type (49)'!B24)","IF(ISBLANK('Unit Type (49)'!C24), "" "", 'Unit Type (49)'!C24)",B3139*'Summary Sheet'!$C$51
3140,"IF(ISBLANK('Unit Type (49)'!B25), "" "", 'Unit Type (49)'!B25)","IF(ISBLANK('Unit Type (49)'!C25), "" "", 'Unit Type (49)'!C25)",B3140*'Summary Sheet'!$C$51
3141,"IF(ISBLANK('Unit Type (49)'!B26), "" "", 'Unit Type (49)'!B26)","IF(ISBLANK('Unit Type (49)'!C26), "" "", 'Unit Type (49)'!C26)",B3141*'Summary Sheet'!$C$51
3142,"IF(ISBLANK('Unit Type (49)'!B27), "" "", 'Unit Type (49)'!B27)","IF(ISBLANK('Unit Type (49)'!C27), "" "", 'Unit Type (49)'!C27)",B3142*'Summary Sheet'!$C$51
3143,"IF(ISBLANK('Unit Type (49)'!B28), "" "", 'Unit Type (49)'!B28)","IF(ISBLANK('Unit Type (49)'!C28), "" "", 'Unit Type (49)'!C28)",B3143*'Summary Sheet'!$C$51
3144,"IF(ISBLANK('Unit Type (49)'!B29), "" "", 'Unit Type (49)'!B29)","IF(ISBLANK('Unit Type (49)'!C29), "" "", 'Unit Type (49)'!C29)",B3144*'Summary Sheet'!$C$51
3145,"IF(ISBLANK('Unit Type (49)'!B30), "" "", 'Unit Type (49)'!B30)","IF(ISBLANK('Unit Type (49)'!C30), "" "", 'Unit Type (49)'!C30)",B3145*'Summary Sheet'!$C$51
3146,"IF(ISBLANK('Unit Type (49)'!B31), "" "", 'Unit Type (49)'!B31)","IF(ISBLANK('Unit Type (49)'!C31), "" "", 'Unit Type (49)'!C31)",B3146*'Summary Sheet'!$C$51
3147,"IF(ISBLANK('Unit Type (49)'!B32), "" "", 'Unit Type (49)'!B32)","IF(ISBLANK('Unit Type (49)'!C32), "" "", 'Unit Type (49)'!C32)",B3147*'Summary Sheet'!$C$51
3148,"IF(ISBLANK('Unit Type (49)'!B33), "" "", 'Unit Type (49)'!B33)","IF(ISBLANK('Unit Type (49)'!C33), "" "", 'Unit Type (49)'!C33)",B3148*'Summary Sheet'!$C$51
3149,"IF(ISBLANK('Unit Type (49)'!B34), "" "", 'Unit Type (49)'!B34)","IF(ISBLANK('Unit Type (49)'!C34), "" "", 'Unit Type (49)'!C34)",B3149*'Summary Sheet'!$C$51
3150,"IF(ISBLANK('Unit Type (49)'!B35), "" "", 'Unit Type (49)'!B35)","IF(ISBLANK('Unit Type (49)'!C35), "" "", 'Unit Type (49)'!C35)",B3150*'Summary Sheet'!$C$51
3151,"IF(ISBLANK('Unit Type (49)'!B36), "" "", 'Unit Type (49)'!B36)","IF(ISBLANK('Unit Type (49)'!C36), "" "", 'Unit Type (49)'!C36)",B3151*'Summary Sheet'!$C$51
3152,"IF(ISBLANK('Unit Type (49)'!B37), "" "", 'Unit Type (49)'!B37)","IF(ISBLANK('Unit Type (49)'!C37), "" "", 'Unit Type (49)'!C37)",B3152*'Summary Sheet'!$C$51
3153,"IF(ISBLANK('Unit Type (49)'!B38), "" "", 'Unit Type (49)'!B38)","IF(ISBLANK('Unit Type (49)'!C38), "" "", 'Unit Type (49)'!C38)",B3153*'Summary Sheet'!$C$51
3154,"IF(ISBLANK('Unit Type (49)'!B39), "" "", 'Unit Type (49)'!B39)","IF(ISBLANK('Unit Type (49)'!C39), "" "", 'Unit Type (49)'!C39)",B3154*'Summary Sheet'!$C$51
3155,"IF(ISBLANK('Unit Type (49)'!B40), "" "", 'Unit Type (49)'!B40)","IF(ISBLANK('Unit Type (49)'!C40), "" "", 'Unit Type (49)'!C40)",B3155*'Summary Sheet'!$C$51
3156,"IF(ISBLANK('Unit Type (49)'!B41), "" "", 'Unit Type (49)'!B41)","IF(ISBLANK('Unit Type (49)'!C41), "" "", 'Unit Type (49)'!C41)",B3156*'Summary Sheet'!$C$51
3157,"IF(ISBLANK('Unit Type (49)'!B42), "" "", 'Unit Type (49)'!B42)","IF(ISBLANK('Unit Type (49)'!C42), "" "", 'Unit Type (49)'!C42)",B3157*'Summary Sheet'!$C$51
3158,"IF(ISBLANK('Unit Type (49)'!B43), "" "", 'Unit Type (49)'!B43)","IF(ISBLANK('Unit Type (49)'!C43), "" "", 'Unit Type (49)'!C43)",B3158*'Summary Sheet'!$C$51
3159,"IF(ISBLANK('Unit Type (49)'!B44), "" "", 'Unit Type (49)'!B44)","IF(ISBLANK('Unit Type (49)'!C44), "" "", 'Unit Type (49)'!C44)",B3159*'Summary Sheet'!$C$51
3160,"IF(ISBLANK('Unit Type (49)'!B45), "" "", 'Unit Type (49)'!B45)","IF(ISBLANK('Unit Type (49)'!C45), "" "", 'Unit Type (49)'!C45)",B3160*'Summary Sheet'!$C$51
3161,"IF(ISBLANK('Unit Type (49)'!B46), "" "", 'Unit Type (49)'!B46)","IF(ISBLANK('Unit Type (49)'!C46), "" "", 'Unit Type (49)'!C46)",B3161*'Summary Sheet'!$C$51
3162,"IF(ISBLANK('Unit Type (49)'!B47), "" "", 'Unit Type (49)'!B47)","IF(ISBLANK('Unit Type (49)'!C47), "" "", 'Unit Type (49)'!C47)",B3162*'Summary Sheet'!$C$51
3163,"IF(ISBLANK('Unit Type (49)'!B48), "" "", 'Unit Type (49)'!B48)","IF(ISBLANK('Unit Type (49)'!C48), "" "", 'Unit Type (49)'!C48)",B3163*'Summary Sheet'!$C$51
3164,"IF(ISBLANK('Unit Type (49)'!B49), "" "", 'Unit Type (49)'!B49)","IF(ISBLANK('Unit Type (49)'!C49), "" "", 'Unit Type (49)'!C49)",B3164*'Summary Sheet'!$C$51
3165,"IF(ISBLANK('Unit Type (49)'!B50), "" "", 'Unit Type (49)'!B50)","IF(ISBLANK('Unit Type (49)'!C50), "" "", 'Unit Type (49)'!C50)",B3165*'Summary Sheet'!$C$51
3166,"IF(ISBLANK('Unit Type (49)'!B51), "" "", 'Unit Type (49)'!B51)","IF(ISBLANK('Unit Type (49)'!C51), "" "", 'Unit Type (49)'!C51)",B3166*'Summary Sheet'!$C$51
3167,"IF(ISBLANK('Unit Type (49)'!B52), "" "", 'Unit Type (49)'!B52)","IF(ISBLANK('Unit Type (49)'!C52), "" "", 'Unit Type (49)'!C52)",B3167*'Summary Sheet'!$C$51
3168,"IF(ISBLANK('Unit Type (49)'!B53), "" "", 'Unit Type (49)'!B53)","IF(ISBLANK('Unit Type (49)'!C53), "" "", 'Unit Type (49)'!C53)",B3168*'Summary Sheet'!$C$51
3169,"IF(ISBLANK('Unit Type (49)'!B54), "" "", 'Unit Type (49)'!B54)","IF(ISBLANK('Unit Type (49)'!C54), "" "", 'Unit Type (49)'!C54)",B3169*'Summary Sheet'!$C$51
3170,"IF(ISBLANK('Unit Type (49)'!B55), "" "", 'Unit Type (49)'!B55)","IF(ISBLANK('Unit Type (49)'!C55), "" "", 'Unit Type (49)'!C55)",B3170*'Summary Sheet'!$C$51
3171,"IF(ISBLANK('Unit Type (49)'!B56), "" "", 'Unit Type (49)'!B56)","IF(ISBLANK('Unit Type (49)'!C56), "" "", 'Unit Type (49)'!C56)",B3171*'Summary Sheet'!$C$51
3172,"IF(ISBLANK('Unit Type (49)'!B57), "" "", 'Unit Type (49)'!B57)","IF(ISBLANK('Unit Type (49)'!C57), "" "", 'Unit Type (49)'!C57)",B3172*'Summary Sheet'!$C$51
3173,"IF(ISBLANK('Unit Type (49)'!B58), "" "", 'Unit Type (49)'!B58)","IF(ISBLANK('Unit Type (49)'!C58), "" "", 'Unit Type (49)'!C58)",B3173*'Summary Sheet'!$C$51
3174,"IF(ISBLANK('Unit Type (49)'!B59), "" "", 'Unit Type (49)'!B59)","IF(ISBLANK('Unit Type (49)'!C59), "" "", 'Unit Type (49)'!C59)",B3174*'Summary Sheet'!$C$51
3175,"IF(ISBLANK('Unit Type (49)'!B60), "" "", 'Unit Type (49)'!B60)","IF(ISBLANK('Unit Type (49)'!C60), "" "", 'Unit Type (49)'!C60)",B3175*'Summary Sheet'!$C$51
3176,"IF(ISBLANK('Unit Type (49)'!B61), "" "", 'Unit Type (49)'!B61)","IF(ISBLANK('Unit Type (49)'!C61), "" "", 'Unit Type (49)'!C61)",B3176*'Summary Sheet'!$C$51
3177,"IF(ISBLANK('Unit Type (49)'!B62), "" "", 'Unit Type (49)'!B62)","IF(ISBLANK('Unit Type (49)'!C62), "" "", 'Unit Type (49)'!C62)",B3177*'Summary Sheet'!$C$51
3178,"IF(ISBLANK('Unit Type (49)'!B63), "" "", 'Unit Type (49)'!B63)","IF(ISBLANK('Unit Type (49)'!C63), "" "", 'Unit Type (49)'!C63)",B3178*'Summary Sheet'!$C$51
3179,"IF(ISBLANK('Unit Type (49)'!B64), "" "", 'Unit Type (49)'!B64)","IF(ISBLANK('Unit Type (49)'!C64), "" "", 'Unit Type (49)'!C64)",B3179*'Summary Sheet'!$C$51
3180,"IF(ISBLANK('Unit Type (49)'!B65), "" "", 'Unit Type (49)'!B65)","IF(ISBLANK('Unit Type (49)'!C65), "" "", 'Unit Type (49)'!C65)",B3180*'Summary Sheet'!$C$51
3181,"IF(ISBLANK('Unit Type (49)'!B66), "" "", 'Unit Type (49)'!B66)","IF(ISBLANK('Unit Type (49)'!C66), "" "", 'Unit Type (49)'!C66)",B3181*'Summary Sheet'!$C$51
3182,"IF(ISBLANK('Unit Type (49)'!B67), "" "", 'Unit Type (49)'!B67)","IF(ISBLANK('Unit Type (49)'!C67), "" "", 'Unit Type (49)'!C67)",B3182*'Summary Sheet'!$C$51
3183,"IF(ISBLANK('Unit Type (49)'!B68), "" "", 'Unit Type (49)'!B68)","IF(ISBLANK('Unit Type (49)'!C68), "" "", 'Unit Type (49)'!C68)",B3183*'Summary Sheet'!$C$51
3184,"IF(ISBLANK('Unit Type (49)'!B69), "" "", 'Unit Type (49)'!B69)","IF(ISBLANK('Unit Type (49)'!C69), "" "", 'Unit Type (49)'!C69)",B3184*'Summary Sheet'!$C$51
3185,"IF(ISBLANK('Unit Type (49)'!B70), "" "", 'Unit Type (49)'!B70)","IF(ISBLANK('Unit Type (49)'!C70), "" "", 'Unit Type (49)'!C70)",B3185*'Summary Sheet'!$C$51
3186,"IF(ISBLANK('Unit Type (50)'!B6), "" "", 'Unit Type (50)'!B6)","IF(ISBLANK('Unit Type (50)'!C6), "" "", 'Unit Type (50)'!C6)",B3186*'Summary Sheet'!$C$52
3187,"IF(ISBLANK('Unit Type (50)'!B7), "" "", 'Unit Type (50)'!B7)","IF(ISBLANK('Unit Type (50)'!C7), "" "", 'Unit Type (50)'!C7)",B3187*'Summary Sheet'!$C$52
3188,"IF(ISBLANK('Unit Type (50)'!B8), "" "", 'Unit Type (50)'!B8)","IF(ISBLANK('Unit Type (50)'!C8), "" "", 'Unit Type (50)'!C8)",B3188*'Summary Sheet'!$C$52
3189,"IF(ISBLANK('Unit Type (50)'!B9), "" "", 'Unit Type (50)'!B9)","IF(ISBLANK('Unit Type (50)'!C9), "" "", 'Unit Type (50)'!C9)",B3189*'Summary Sheet'!$C$52
3190,"IF(ISBLANK('Unit Type (50)'!B10), "" "", 'Unit Type (50)'!B10)","IF(ISBLANK('Unit Type (50)'!C10), "" "", 'Unit Type (50)'!C10)",B3190*'Summary Sheet'!$C$52
3191,"IF(ISBLANK('Unit Type (50)'!B11), "" "", 'Unit Type (50)'!B11)","IF(ISBLANK('Unit Type (50)'!C11), "" "", 'Unit Type (50)'!C11)",B3191*'Summary Sheet'!$C$52
3192,"IF(ISBLANK('Unit Type (50)'!B12), "" "", 'Unit Type (50)'!B12)","IF(ISBLANK('Unit Type (50)'!C12), "" "", 'Unit Type (50)'!C12)",B3192*'Summary Sheet'!$C$52
3193,"IF(ISBLANK('Unit Type (50)'!B13), "" "", 'Unit Type (50)'!B13)","IF(ISBLANK('Unit Type (50)'!C13), "" "", 'Unit Type (50)'!C13)",B3193*'Summary Sheet'!$C$52
3194,"IF(ISBLANK('Unit Type (50)'!B14), "" "", 'Unit Type (50)'!B14)","IF(ISBLANK('Unit Type (50)'!C14), "" "", 'Unit Type (50)'!C14)",B3194*'Summary Sheet'!$C$52
3195,"IF(ISBLANK('Unit Type (50)'!B15), "" "", 'Unit Type (50)'!B15)","IF(ISBLANK('Unit Type (50)'!C15), "" "", 'Unit Type (50)'!C15)",B3195*'Summary Sheet'!$C$52
3196,"IF(ISBLANK('Unit Type (50)'!B16), "" "", 'Unit Type (50)'!B16)","IF(ISBLANK('Unit Type (50)'!C16), "" "", 'Unit Type (50)'!C16)",B3196*'Summary Sheet'!$C$52
3197,"IF(ISBLANK('Unit Type (50)'!B17), "" "", 'Unit Type (50)'!B17)","IF(ISBLANK('Unit Type (50)'!C17), "" "", 'Unit Type (50)'!C17)",B3197*'Summary Sheet'!$C$52
3198,"IF(ISBLANK('Unit Type (50)'!B18), "" "", 'Unit Type (50)'!B18)","IF(ISBLANK('Unit Type (50)'!C18), "" "", 'Unit Type (50)'!C18)",B3198*'Summary Sheet'!$C$52
3199,"IF(ISBLANK('Unit Type (50)'!B19), "" "", 'Unit Type (50)'!B19)","IF(ISBLANK('Unit Type (50)'!C19), "" "", 'Unit Type (50)'!C19)",B3199*'Summary Sheet'!$C$52
3200,"IF(ISBLANK('Unit Type (50)'!B20), "" "", 'Unit Type (50)'!B20)","IF(ISBLANK('Unit Type (50)'!C20), "" "", 'Unit Type (50)'!C20)",B3200*'Summary Sheet'!$C$52
3201,"IF(ISBLANK('Unit Type (50)'!B21), "" "", 'Unit Type (50)'!B21)","IF(ISBLANK('Unit Type (50)'!C21), "" "", 'Unit Type (50)'!C21)",B3201*'Summary Sheet'!$C$52
3202,"IF(ISBLANK('Unit Type (50)'!B22), "" "", 'Unit Type (50)'!B22)","IF(ISBLANK('Unit Type (50)'!C22), "" "", 'Unit Type (50)'!C22)",B3202*'Summary Sheet'!$C$52
3203,"IF(ISBLANK('Unit Type (50)'!B23), "" "", 'Unit Type (50)'!B23)","IF(ISBLANK('Unit Type (50)'!C23), "" "", 'Unit Type (50)'!C23)",B3203*'Summary Sheet'!$C$52
3204,"IF(ISBLANK('Unit Type (50)'!B24), "" "", 'Unit Type (50)'!B24)","IF(ISBLANK('Unit Type (50)'!C24), "" "", 'Unit Type (50)'!C24)",B3204*'Summary Sheet'!$C$52
3205,"IF(ISBLANK('Unit Type (50)'!B25), "" "", 'Unit Type (50)'!B25)","IF(ISBLANK('Unit Type (50)'!C25), "" "", 'Unit Type (50)'!C25)",B3205*'Summary Sheet'!$C$52
3206,"IF(ISBLANK('Unit Type (50)'!B26), "" "", 'Unit Type (50)'!B26)","IF(ISBLANK('Unit Type (50)'!C26), "" "", 'Unit Type (50)'!C26)",B3206*'Summary Sheet'!$C$52
3207,"IF(ISBLANK('Unit Type (50)'!B27), "" "", 'Unit Type (50)'!B27)","IF(ISBLANK('Unit Type (50)'!C27), "" "", 'Unit Type (50)'!C27)",B3207*'Summary Sheet'!$C$52
3208,"IF(ISBLANK('Unit Type (50)'!B28), "" "", 'Unit Type (50)'!B28)","IF(ISBLANK('Unit Type (50)'!C28), "" "", 'Unit Type (50)'!C28)",B3208*'Summary Sheet'!$C$52
3209,"IF(ISBLANK('Unit Type (50)'!B29), "" "", 'Unit Type (50)'!B29)","IF(ISBLANK('Unit Type (50)'!C29), "" "", 'Unit Type (50)'!C29)",B3209*'Summary Sheet'!$C$52
3210,"IF(ISBLANK('Unit Type (50)'!B30), "" "", 'Unit Type (50)'!B30)","IF(ISBLANK('Unit Type (50)'!C30), "" "", 'Unit Type (50)'!C30)",B3210*'Summary Sheet'!$C$52
3211,"IF(ISBLANK('Unit Type (50)'!B31), "" "", 'Unit Type (50)'!B31)","IF(ISBLANK('Unit Type (50)'!C31), "" "", 'Unit Type (50)'!C31)",B3211*'Summary Sheet'!$C$52
3212,"IF(ISBLANK('Unit Type (50)'!B32), "" "", 'Unit Type (50)'!B32)","IF(ISBLANK('Unit Type (50)'!C32), "" "", 'Unit Type (50)'!C32)",B3212*'Summary Sheet'!$C$52
3213,"IF(ISBLANK('Unit Type (50)'!B33), "" "", 'Unit Type (50)'!B33)","IF(ISBLANK('Unit Type (50)'!C33), "" "", 'Unit Type (50)'!C33)",B3213*'Summary Sheet'!$C$52
3214,"IF(ISBLANK('Unit Type (50)'!B34), "" "", 'Unit Type (50)'!B34)","IF(ISBLANK('Unit Type (50)'!C34), "" "", 'Unit Type (50)'!C34)",B3214*'Summary Sheet'!$C$52
3215,"IF(ISBLANK('Unit Type (50)'!B35), "" "", 'Unit Type (50)'!B35)","IF(ISBLANK('Unit Type (50)'!C35), "" "", 'Unit Type (50)'!C35)",B3215*'Summary Sheet'!$C$52
3216,"IF(ISBLANK('Unit Type (50)'!B36), "" "", 'Unit Type (50)'!B36)","IF(ISBLANK('Unit Type (50)'!C36), "" "", 'Unit Type (50)'!C36)",B3216*'Summary Sheet'!$C$52
3217,"IF(ISBLANK('Unit Type (50)'!B37), "" "", 'Unit Type (50)'!B37)","IF(ISBLANK('Unit Type (50)'!C37), "" "", 'Unit Type (50)'!C37)",B3217*'Summary Sheet'!$C$52
3218,"IF(ISBLANK('Unit Type (50)'!B38), "" "", 'Unit Type (50)'!B38)","IF(ISBLANK('Unit Type (50)'!C38), "" "", 'Unit Type (50)'!C38)",B3218*'Summary Sheet'!$C$52
3219,"IF(ISBLANK('Unit Type (50)'!B39), "" "", 'Unit Type (50)'!B39)","IF(ISBLANK('Unit Type (50)'!C39), "" "", 'Unit Type (50)'!C39)",B3219*'Summary Sheet'!$C$52
3220,"IF(ISBLANK('Unit Type (50)'!B40), "" "", 'Unit Type (50)'!B40)","IF(ISBLANK('Unit Type (50)'!C40), "" "", 'Unit Type (50)'!C40)",B3220*'Summary Sheet'!$C$52
3221,"IF(ISBLANK('Unit Type (50)'!B41), "" "", 'Unit Type (50)'!B41)","IF(ISBLANK('Unit Type (50)'!C41), "" "", 'Unit Type (50)'!C41)",B3221*'Summary Sheet'!$C$52
3222,"IF(ISBLANK('Unit Type (50)'!B42), "" "", 'Unit Type (50)'!B42)","IF(ISBLANK('Unit Type (50)'!C42), "" "", 'Unit Type (50)'!C42)",B3222*'Summary Sheet'!$C$52
3223,"IF(ISBLANK('Unit Type (50)'!B43), "" "", 'Unit Type (50)'!B43)","IF(ISBLANK('Unit Type (50)'!C43), "" "", 'Unit Type (50)'!C43)",B3223*'Summary Sheet'!$C$52
3224,"IF(ISBLANK('Unit Type (50)'!B44), "" "", 'Unit Type (50)'!B44)","IF(ISBLANK('Unit Type (50)'!C44), "" "", 'Unit Type (50)'!C44)",B3224*'Summary Sheet'!$C$52
3225,"IF(ISBLANK('Unit Type (50)'!B45), "" "", 'Unit Type (50)'!B45)","IF(ISBLANK('Unit Type (50)'!C45), "" "", 'Unit Type (50)'!C45)",B3225*'Summary Sheet'!$C$52
3226,"IF(ISBLANK('Unit Type (50)'!B46), "" "", 'Unit Type (50)'!B46)","IF(ISBLANK('Unit Type (50)'!C46), "" "", 'Unit Type (50)'!C46)",B3226*'Summary Sheet'!$C$52
3227,"IF(ISBLANK('Unit Type (50)'!B47), "" "", 'Unit Type (50)'!B47)","IF(ISBLANK('Unit Type (50)'!C47), "" "", 'Unit Type (50)'!C47)",B3227*'Summary Sheet'!$C$52
3228,"IF(ISBLANK('Unit Type (50)'!B48), "" "", 'Unit Type (50)'!B48)","IF(ISBLANK('Unit Type (50)'!C48), "" "", 'Unit Type (50)'!C48)",B3228*'Summary Sheet'!$C$52
3229,"IF(ISBLANK('Unit Type (50)'!B49), "" "", 'Unit Type (50)'!B49)","IF(ISBLANK('Unit Type (50)'!C49), "" "", 'Unit Type (50)'!C49)",B3229*'Summary Sheet'!$C$52
3230,"IF(ISBLANK('Unit Type (50)'!B50), "" "", 'Unit Type (50)'!B50)","IF(ISBLANK('Unit Type (50)'!C50), "" "", 'Unit Type (50)'!C50)",B3230*'Summary Sheet'!$C$52
3231,"IF(ISBLANK('Unit Type (50)'!B51), "" "", 'Unit Type (50)'!B51)","IF(ISBLANK('Unit Type (50)'!C51), "" "", 'Unit Type (50)'!C51)",B3231*'Summary Sheet'!$C$52
3232,"IF(ISBLANK('Unit Type (50)'!B52), "" "", 'Unit Type (50)'!B52)","IF(ISBLANK('Unit Type (50)'!C52), "" "", 'Unit Type (50)'!C52)",B3232*'Summary Sheet'!$C$52
3233,"IF(ISBLANK('Unit Type (50)'!B53), "" "", 'Unit Type (50)'!B53)","IF(ISBLANK('Unit Type (50)'!C53), "" "", 'Unit Type (50)'!C53)",B3233*'Summary Sheet'!$C$52
3234,"IF(ISBLANK('Unit Type (50)'!B54), "" "", 'Unit Type (50)'!B54)","IF(ISBLANK('Unit Type (50)'!C54), "" "", 'Unit Type (50)'!C54)",B3234*'Summary Sheet'!$C$52
3235,"IF(ISBLANK('Unit Type (50)'!B55), "" "", 'Unit Type (50)'!B55)","IF(ISBLANK('Unit Type (50)'!C55), "" "", 'Unit Type (50)'!C55)",B3235*'Summary Sheet'!$C$52
3236,"IF(ISBLANK('Unit Type (50)'!B56), "" "", 'Unit Type (50)'!B56)","IF(ISBLANK('Unit Type (50)'!C56), "" "", 'Unit Type (50)'!C56)",B3236*'Summary Sheet'!$C$52
3237,"IF(ISBLANK('Unit Type (50)'!B57), "" "", 'Unit Type (50)'!B57)","IF(ISBLANK('Unit Type (50)'!C57), "" "", 'Unit Type (50)'!C57)",B3237*'Summary Sheet'!$C$52
3238,"IF(ISBLANK('Unit Type (50)'!B58), "" "", 'Unit Type (50)'!B58)","IF(ISBLANK('Unit Type (50)'!C58), "" "", 'Unit Type (50)'!C58)",B3238*'Summary Sheet'!$C$52
3239,"IF(ISBLANK('Unit Type (50)'!B59), "" "", 'Unit Type (50)'!B59)","IF(ISBLANK('Unit Type (50)'!C59), "" "", 'Unit Type (50)'!C59)",B3239*'Summary Sheet'!$C$52
3240,"IF(ISBLANK('Unit Type (50)'!B60), "" "", 'Unit Type (50)'!B60)","IF(ISBLANK('Unit Type (50)'!C60), "" "", 'Unit Type (50)'!C60)",B3240*'Summary Sheet'!$C$52
3241,"IF(ISBLANK('Unit Type (50)'!B61), "" "", 'Unit Type (50)'!B61)","IF(ISBLANK('Unit Type (50)'!C61), "" "", 'Unit Type (50)'!C61)",B3241*'Summary Sheet'!$C$52
3242,"IF(ISBLANK('Unit Type (50)'!B62), "" "", 'Unit Type (50)'!B62)","IF(ISBLANK('Unit Type (50)'!C62), "" "", 'Unit Type (50)'!C62)",B3242*'Summary Sheet'!$C$52
3243,"IF(ISBLANK('Unit Type (50)'!B63), "" "", 'Unit Type (50)'!B63)","IF(ISBLANK('Unit Type (50)'!C63), "" "", 'Unit Type (50)'!C63)",B3243*'Summary Sheet'!$C$52
3244,"IF(ISBLANK('Unit Type (50)'!B64), "" "", 'Unit Type (50)'!B64)","IF(ISBLANK('Unit Type (50)'!C64), "" "", 'Unit Type (50)'!C64)",B3244*'Summary Sheet'!$C$52
3245,"IF(ISBLANK('Unit Type (50)'!B65), "" "", 'Unit Type (50)'!B65)","IF(ISBLANK('Unit Type (50)'!C65), "" "", 'Unit Type (50)'!C65)",B3245*'Summary Sheet'!$C$52
3246,"IF(ISBLANK('Unit Type (50)'!B66), "" "", 'Unit Type (50)'!B66)","IF(ISBLANK('Unit Type (50)'!C66), "" "", 'Unit Type (50)'!C66)",B3246*'Summary Sheet'!$C$52
3247,"IF(ISBLANK('Unit Type (50)'!B67), "" "", 'Unit Type (50)'!B67)","IF(ISBLANK('Unit Type (50)'!C67), "" "", 'Unit Type (50)'!C67)",B3247*'Summary Sheet'!$C$52
3248,"IF(ISBLANK('Unit Type (50)'!B68), "" "", 'Unit Type (50)'!B68)","IF(ISBLANK('Unit Type (50)'!C68), "" "", 'Unit Type (50)'!C68)",B3248*'Summary Sheet'!$C$52
3249,"IF(ISBLANK('Unit Type (50)'!B69), "" "", 'Unit Type (50)'!B69)","IF(ISBLANK('Unit Type (50)'!C69), "" "", 'Unit Type (50)'!C69)",B3249*'Summary Sheet'!$C$52
3250,"IF(ISBLANK('Unit Type (50)'!B70), "" "", 'Unit Type (50)'!B70)","IF(ISBLANK('Unit Type (50)'!C70), "" "", 'Unit Type (50)'!C70)",B3250*'Summary Sheet'!$C$52
